iso3,year0,year1,broad_sector,employment_share_0,employment_share_1,productivity_0,productivity_1,within,structural_change,short_series,country_productivity_0,country_productivity_1,country_actual_change,country_decomposed_change,country,country_exists_pre,depth_score_pre,agreement_type_pre,reciprocal_pre,fta_or_deeper_pre,nonreciprocal_only_pre,reciprocal_trade_share_pre,reciprocal_gdp_share_pre,gdp_african_pre,gdpcap_african_pre,pop_african_pre,wto_african_pre,gatt_african_pre,reciprocal_post,country_exists_post,treatment_status,reciprocal_interval
AGO,2005,2010,Agriculture,0.3841255029278994,0.4872619910766173,131.68126797322097,112.15594142867714,-7.500175878754364,11.567369923967052,True,825.6386403722568,888.1044397258872,62.46579935363047,62.4657993536305,Angola,True,1.0,1_nonreciprocal,0.0,0.0,1.0,0.0,0.0,28233699.328,1.707,16544.376,1.0,1.0,0.0,True,never_reciprocal,0
AGO,2005,2010,Manufacturing,0.0862784409742909,0.0785766698430173,5061.84945665711,5831.331541949219,66.38971467664958,-44.91158092666966,True,825.6386403722568,888.1044397258872,62.46579935363047,62.4657993536305,Angola,True,1.0,1_nonreciprocal,0.0,0.0,1.0,0.0,0.0,28233699.328,1.707,16544.376,1.0,1.0,0.0,True,never_reciprocal,0
AGO,2005,2010,Services,0.5295960560978096,0.4341613390803654,638.8416673866577,864.3065729256472,119.405324761914,-82.4848532034761,True,825.6386403722568,888.1044397258872,62.46579935363047,62.4657993536305,Angola,True,1.0,1_nonreciprocal,0.0,0.0,1.0,0.0,0.0,28233699.328,1.707,16544.376,1.0,1.0,0.0,True,never_reciprocal,0
AGO,2010,2015,Agriculture,0.4872619910766173,0.4938854503129491,112.15594142867714,142.4206623959554,14.746848197894249,0.9433174517909896,True,888.1044397258872,930.689088405614,42.5846486797268,42.58464867972685,Angola,True,1.0,1_nonreciprocal,0.0,0.0,1.0,0.0,0.0,82470895.616,4.219,19549.124,1.0,1.0,0.0,True,never_reciprocal,0
AGO,2010,2015,Manufacturing,0.0785766698430173,0.0787708821615671,5831.331541949219,5742.98993509166,-6.941589275448041,1.1153593907022188,True,888.1044397258872,930.689088405614,42.5846486797268,42.58464867972685,Angola,True,1.0,1_nonreciprocal,0.0,0.0,1.0,0.0,0.0,82470895.616,4.219,19549.124,1.0,1.0,0.0,True,never_reciprocal,0
AGO,2010,2015,Services,0.4341613390803654,0.4273436675254837,864.3065729256472,954.6630569126652,39.229292082397336,-6.508579167609907,True,888.1044397258872,930.689088405614,42.5846486797268,42.58464867972685,Angola,True,1.0,1_nonreciprocal,0.0,0.0,1.0,0.0,0.0,82470895.616,4.219,19549.124,1.0,1.0,0.0,True,never_reciprocal,0
BFA,1970,1975,Agriculture,0.8837119511980641,0.8841272045052694,68.13530337523022,90.53802474045024,19.797552609805127,0.0375962142013041,False,203.323380018644,235.39856134564732,32.07518132700338,32.07518132700334,Burkina Faso,True,1.0,1_nonreciprocal,0.0,0.0,1.0,0.0,0.0,458404.256,0.081,5624.597,0.0,1.0,0.0,True,never_reciprocal,0
BFA,1970,1975,Manufacturing,0.0353481505227567,0.0352219262164131,1983.5761230469595,2135.6012240533605,5.373806153611569,-0.2695647831327769,False,203.323380018644,235.39856134564732,32.07518132700338,32.07518132700334,Burkina Faso,True,1.0,1_nonreciprocal,0.0,0.0,1.0,0.0,0.0,458404.256,0.081,5624.597,0.0,1.0,0.0,True,never_reciprocal,0
BFA,1970,1975,Services,0.080939898279179,0.0806508692783175,901.850043162389,993.5595562228866,7.422958658349719,-0.2871675258315943,False,203.323380018644,235.39856134564732,32.07518132700338,32.07518132700334,Burkina Faso,True,1.0,1_nonreciprocal,0.0,0.0,1.0,0.0,0.0,458404.256,0.081,5624.597,0.0,1.0,0.0,True,never_reciprocal,0
BFA,1975,1980,Agriculture,0.8841272045052694,0.8845195917202507,90.53802474045024,142.11508338296468,45.60068067421065,0.0557641417754852,False,235.39856134564732,409.3853939549839,173.98683260933657,173.98683260933652,Burkina Faso,True,1.0,1_nonreciprocal,0.0,0.0,1.0,0.0,0.0,939972.672,0.153,6154.548,0.0,1.0,0.0,True,never_reciprocal,0
BFA,1975,1980,Manufacturing,0.0352219262164131,0.0351026508852568,2135.6012240533605,3216.733308341444,38.07955450299178,-0.3836769305937439,False,235.39856134564732,409.3853939549839,173.98683260933657,173.98683260933652,Burkina Faso,True,1.0,1_nonreciprocal,0.0,0.0,1.0,0.0,0.0,939972.672,0.153,6154.548,0.0,1.0,0.0,True,never_reciprocal,0
BFA,1975,1980,Services,0.0806508692783175,0.0803777573944924,993.5595562228866,2124.542381445052,91.21474799301504,-0.5802377720626989,False,235.39856134564732,409.3853939549839,173.98683260933657,173.98683260933652,Burkina Faso,True,1.0,1_nonreciprocal,0.0,0.0,1.0,0.0,0.0,939972.672,0.153,6154.548,0.0,1.0,0.0,True,never_reciprocal,0
BFA,1980,1985,Agriculture,0.8845195917202507,0.885590956399527,142.11508338296468,152.58984696326198,9.265133605410712,0.1634793724526096,False,409.3853939549839,417.939268934364,8.553874979380112,8.55387497938014,Burkina Faso,True,1.0,1_nonreciprocal,0.0,0.0,1.0,0.0,0.0,1928719.872,0.283,6822.84,0.0,1.0,0.0,True,never_reciprocal,0
BFA,1980,1985,Manufacturing,0.0351026508852568,0.0347769875744528,3216.733308341444,2451.095004095547,-26.875934098323786,-0.7982317141289277,False,409.3853939549839,417.939268934364,8.553874979380112,8.55387497938014,Burkina Faso,True,1.0,1_nonreciprocal,0.0,0.0,1.0,0.0,0.0,1928719.872,0.283,6822.84,0.0,1.0,0.0,True,never_reciprocal,0
BFA,1980,1985,Services,0.0803777573944924,0.0796320560260201,2124.542381445052,2480.9780104072884,28.649496511479956,-1.850068697510423,False,409.3853939549839,417.939268934364,8.553874979380112,8.55387497938014,Burkina Faso,True,1.0,1_nonreciprocal,0.0,0.0,1.0,0.0,0.0,1928719.872,0.283,6822.84,0.0,1.0,0.0,True,never_reciprocal,0
BFA,1985,1990,Agriculture,0.885590956399527,0.8865498746748641,152.58984696326198,138.6434826636213,-12.350774098414997,0.1329477692825312,False,417.939268934364,393.7262958317308,-24.21297310263321,-24.212973102633217,Burkina Faso,True,1.0,1_nonreciprocal,0.0,0.0,1.0,0.0,0.0,1552493.184,0.201,7727.912,0.0,1.0,0.0,True,never_reciprocal,0
BFA,1985,1990,Manufacturing,0.0347769875744528,0.0344855051983257,2451.095004095547,2298.723777364972,-5.299012258713346,-0.6700374686861351,False,417.939268934364,393.7262958317308,-24.21297310263321,-24.212973102633217,Burkina Faso,True,1.0,1_nonreciprocal,0.0,0.0,1.0,0.0,0.0,1552493.184,0.201,7727.912,0.0,1.0,0.0,True,never_reciprocal,0
BFA,1985,1990,Services,0.0796320560260201,0.0789646201268101,2480.9780104072884,2425.634196306913,-4.407141705134728,-1.6189553409665438,False,417.939268934364,393.7262958317308,-24.21297310263321,-24.212973102633217,Burkina Faso,True,1.0,1_nonreciprocal,0.0,0.0,1.0,0.0,0.0,1552493.184,0.201,7727.912,0.0,1.0,0.0,True,never_reciprocal,0
BFA,1990,1995,Agriculture,0.8865498746748641,0.8858534049465296,138.6434826636213,171.0873063353266,28.7630678101237,-0.119157129764843,False,393.7262958317308,395.76629712547617,2.0400012937453766,2.040001293745425,Burkina Faso,True,1.0,1_nonreciprocal,0.0,0.0,1.0,0.0,0.0,3101300.736,0.352,8811.033,0.0,1.0,0.0,True,never_reciprocal,0
BFA,1990,1995,Manufacturing,0.0344855051983257,0.0343027462669801,2298.723777364972,2325.703326267092,0.9304033739125236,-0.4250430545355685,False,393.7262958317308,395.76629712547617,2.0400012937453766,2.040001293745425,Burkina Faso,True,1.0,1_nonreciprocal,0.0,0.0,1.0,0.0,0.0,3101300.736,0.352,8811.033,0.0,1.0,0.0,True,never_reciprocal,0
BFA,1990,1995,Services,0.0789646201268101,0.0798438487864902,2425.634196306913,2059.394877264576,-28.91994870367978,1.8106789976893929,False,393.7262958317308,395.76629712547617,2.0400012937453766,2.040001293745425,Burkina Faso,True,1.0,1_nonreciprocal,0.0,0.0,1.0,0.0,0.0,3101300.736,0.352,8811.033,0.0,1.0,0.0,True,never_reciprocal,0
BFA,1995,2000,Agriculture,0.8858534049465296,0.8538025276087523,171.0873063353266,232.82536614903063,54.69087050076224,-7.462257251565677,False,395.76629712547617,518.4911675787555,122.72487045327932,122.7248704532793,Burkina Faso,True,1.0,1_nonreciprocal,0.0,0.0,1.0,0.0,0.0,2379517.952,0.236,10089.876,1.0,1.0,0.0,True,never_reciprocal,0
BFA,1995,2000,Manufacturing,0.0343027462669801,0.0416919160095129,2325.703326267092,2573.390234012865,8.496341150056193,19.015217252897248,False,395.76629712547617,518.4911675787555,122.72487045327932,122.7248704532793,Burkina Faso,True,1.0,1_nonreciprocal,0.0,0.0,1.0,0.0,0.0,2379517.952,0.236,10089.876,1.0,1.0,0.0,True,never_reciprocal,0
BFA,1995,2000,Services,0.0798438487864902,0.1045055563817347,2059.394877264576,2032.5685956564128,-2.141913572225976,50.12661237335528,False,395.76629712547617,518.4911675787555,122.72487045327932,122.7248704532793,Burkina Faso,True,1.0,1_nonreciprocal,0.0,0.0,1.0,0.0,0.0,2379517.952,0.236,10089.876,1.0,1.0,0.0,True,never_reciprocal,0
BFA,2000,2005,Agriculture,0.8538025276087523,0.8124062103093621,232.82536614903063,300.3840770554704,57.68179813390722,-12.434794565472725,False,518.4911675787555,632.2321413056129,113.74097372685742,113.74097372685743,Burkina Faso,True,1.0,1_nonreciprocal,0.0,0.0,1.0,0.0,0.0,2610959.104,0.225,11607.944,1.0,1.0,0.0,True,never_reciprocal,0
BFA,2000,2005,Manufacturing,0.0416919160095129,0.051307706320657,2573.390234012865,2244.0501984108105,-13.730817102890867,21.578316155599705,False,518.4911675787555,632.2321413056129,113.74097372685742,113.74097372685743,Burkina Faso,True,1.0,1_nonreciprocal,0.0,0.0,1.0,0.0,0.0,2610959.104,0.225,11607.944,1.0,1.0,0.0,True,never_reciprocal,0
BFA,2000,2005,Services,0.1045055563817347,0.1362860833699808,2032.5685956564128,2003.5881604839983,-3.028616501877967,63.67508760759209,False,518.4911675787555,632.2321413056129,113.74097372685742,113.74097372685743,Burkina Faso,True,1.0,1_nonreciprocal,0.0,0.0,1.0,0.0,0.0,2610959.104,0.225,11607.944,1.0,1.0,0.0,True,never_reciprocal,0
BFA,2005,2010,Agriculture,0.8124062103093621,0.681120842679521,300.3840770554704,372.8911080666609,58.90516228458469,-48.95514620843039,False,632.2321413056129,721.1858350631542,88.95369375754126,88.95369375754115,Burkina Faso,True,1.0,1_nonreciprocal,0.0,0.0,1.0,0.0,0.0,5462709.248,0.407,13421.929,1.0,1.0,0.0,True,never_reciprocal,0
BFA,2005,2010,Manufacturing,0.051307706320657,0.1102778671306793,2244.0501984108105,1432.6711900020234,-41.62999587818398,84.48485046230526,False,632.2321413056129,721.1858350631542,88.95369375754126,88.95369375754115,Burkina Faso,True,1.0,1_nonreciprocal,0.0,0.0,1.0,0.0,0.0,5462709.248,0.407,13421.929,1.0,1.0,0.0,True,never_reciprocal,0
BFA,2005,2010,Services,0.1362860833699808,0.2086012901897997,2003.5881604839983,1482.3015039588392,-71.04411673084641,107.192939828112,False,632.2321413056129,721.1858350631542,88.95369375754126,88.95369375754115,Burkina Faso,True,1.0,1_nonreciprocal,0.0,0.0,1.0,0.0,0.0,5462709.248,0.407,13421.929,1.0,1.0,0.0,True,never_reciprocal,0
BFA,2010,2015,Agriculture,0.681120842679521,0.4893321526609062,372.8911080666609,375.359814095153,1.681487130454616,-71.9897670309402,False,721.1858350631542,665.3733538975296,-55.81248116562461,-55.812481165624575,Burkina Faso,True,1.0,1_nonreciprocal,0.0,0.0,1.0,0.0,0.0,9209288.704,0.593,15540.284,1.0,1.0,0.0,True,never_reciprocal,0
BFA,2010,2015,Manufacturing,0.1102778671306793,0.2375531495510467,1432.6711900020234,663.4861153667589,-84.82408945952935,84.4453827152967,False,721.1858350631542,665.3733538975296,-55.81248116562461,-55.812481165624575,Burkina Faso,True,1.0,1_nonreciprocal,0.0,0.0,1.0,0.0,0.0,9209288.704,0.593,15540.284,1.0,1.0,0.0,True,never_reciprocal,0
BFA,2010,2015,Services,0.2086012901897997,0.2731146977880471,1482.3015039588392,1186.624206898951,-61.67866564652539,76.55317112561903,False,721.1858350631542,665.3733538975296,-55.81248116562461,-55.812481165624575,Burkina Faso,True,1.0,1_nonreciprocal,0.0,0.0,1.0,0.0,0.0,9209288.704,0.593,15540.284,1.0,1.0,0.0,True,never_reciprocal,0
BWA,1970,1975,Agriculture,0.5560948709940181,0.3716680636555249,12.700801840221898,21.35545366046408,4.81280748747572,-3.938518137864527,False,30.628418424630517,41.5259242805663,10.897505855935789,10.897505855935783,Botswana,True,1.0,1_nonreciprocal,0.0,0.0,1.0,0.0,0.0,96243.296,0.139,693.176,0.0,0.0,0.0,True,never_reciprocal,0
BWA,1970,1975,Manufacturing,0.1331028713020238,0.1676041271178852,86.99465300952397,101.03941470097476,1.869398107884771,3.485986694083231,False,30.628418424630517,41.5259242805663,10.897505855935789,10.897505855935783,Botswana,True,1.0,1_nonreciprocal,0.0,0.0,1.0,0.0,0.0,96243.296,0.139,693.176,0.0,0.0,0.0,True,never_reciprocal,0
BWA,1970,1975,Services,0.310802257703958,0.4607278092265898,38.56577377793029,36.147506035275526,-0.7516030741497545,5.419434778506344,False,30.628418424630517,41.5259242805663,10.897505855935789,10.897505855935783,Botswana,True,1.0,1_nonreciprocal,0.0,0.0,1.0,0.0,0.0,96243.296,0.139,693.176,0.0,0.0,0.0,True,never_reciprocal,0
BWA,1975,1980,Agriculture,0.3716680636555249,0.2989316916832499,21.35545366046408,20.56815422835718,-0.2926140554482654,-1.49605291673691,False,41.5259242805663,63.03400938367984,21.508085103113537,21.50808510311354,Botswana,True,1.0,1_nonreciprocal,0.0,0.0,1.0,0.0,0.0,355168.704,0.432,822.806,0.0,0.0,0.0,True,never_reciprocal,0
BWA,1975,1980,Manufacturing,0.1676041271178852,0.1804700202991835,101.03941470097476,171.0293997550628,11.730610351984254,2.200445988110204,False,41.5259242805663,63.03400938367984,21.508085103113537,21.50808510311354,Botswana,True,1.0,1_nonreciprocal,0.0,0.0,1.0,0.0,0.0,355168.704,0.432,822.806,0.0,0.0,0.0,True,never_reciprocal,0
BWA,1975,1980,Services,0.4607278092265898,0.5205982880175667,36.147506035275526,49.98068107162828,6.373328429146757,2.992367306057502,False,41.5259242805663,63.03400938367984,21.508085103113537,21.50808510311354,Botswana,True,1.0,1_nonreciprocal,0.0,0.0,1.0,0.0,0.0,355168.704,0.432,822.806,0.0,0.0,0.0,True,never_reciprocal,0
BWA,1980,1985,Agriculture,0.2989316916832499,0.2537203733385509,20.56815422835718,13.241718727701832,-2.1901037582191214,-0.5986755608290892,False,63.03400938367984,80.5450317955289,17.511022411849062,17.511022411849073,Botswana,True,1.0,1_nonreciprocal,0.0,0.0,1.0,0.0,0.0,1060889.728,1.064,997.534,0.0,0.0,0.0,True,never_reciprocal,0
BWA,1980,1985,Manufacturing,0.1804700202991835,0.1722321545726919,171.0293997550628,316.4442672102644,26.24302408144331,-2.6068253831961865,False,63.03400938367984,80.5450317955289,17.511022411849062,17.511022411849073,Botswana,True,1.0,1_nonreciprocal,0.0,0.0,1.0,0.0,0.0,1060889.728,1.064,997.534,0.0,0.0,0.0,True,never_reciprocal,0
BWA,1980,1985,Services,0.5205982880175667,0.5740474720887572,49.98068107162828,39.51495500878124,-5.448439071179001,2.1120421038291584,False,63.03400938367984,80.5450317955289,17.511022411849062,17.511022411849073,Botswana,True,1.0,1_nonreciprocal,0.0,0.0,1.0,0.0,0.0,1060889.728,1.064,997.534,0.0,0.0,0.0,True,never_reciprocal,0
BWA,1985,1990,Agriculture,0.2537203733385509,0.1627442688166654,13.241718727701832,24.062805050902508,2.7455300618511638,-2.1891402674006604,False,80.5450317955289,90.00285389519976,9.457822099670864,9.457822099670864,Botswana,True,1.0,1_nonreciprocal,0.0,0.0,1.0,0.0,0.0,1114783.488,0.941,1184.657,0.0,0.0,0.0,True,never_reciprocal,0
BWA,1985,1990,Manufacturing,0.1722321545726919,0.2950257972169145,316.4442672102644,168.4033489198752,-25.49740632207357,20.67886064735749,False,80.5450317955289,90.00285389519976,9.457822099670864,9.457822099670864,Botswana,True,1.0,1_nonreciprocal,0.0,0.0,1.0,0.0,0.0,1114783.488,0.941,1184.657,0.0,0.0,0.0,True,never_reciprocal,0
BWA,1985,1990,Services,0.5740474720887572,0.54222993396642,39.51495500878124,67.13653328973668,15.856097187284188,-2.136119207347752,False,80.5450317955289,90.00285389519976,9.457822099670864,9.457822099670864,Botswana,True,1.0,1_nonreciprocal,0.0,0.0,1.0,0.0,0.0,1114783.488,0.941,1184.657,0.0,0.0,0.0,True,never_reciprocal,0
BWA,1990,1995,Agriculture,0.1627442688166654,0.1575750980316085,24.062805050902508,25.473581024034328,0.2295957042114577,-0.1316772908202204,False,90.00285389519976,97.3798669340406,7.377013038840843,7.377013038840836,Botswana,True,1.0,1_nonreciprocal,0.0,0.0,1.0,0.0,0.0,3790636.544,2.739,1383.912,0.0,1.0,0.0,True,never_reciprocal,0
BWA,1990,1995,Manufacturing,0.2950257972169145,0.2478425699841286,168.4033489198752,193.8135996361789,7.496679475059179,-9.14475111243802,False,90.00285389519976,97.3798669340406,7.377013038840843,7.377013038840836,Botswana,True,1.0,1_nonreciprocal,0.0,0.0,1.0,0.0,0.0,3790636.544,2.739,1383.912,0.0,1.0,0.0,True,never_reciprocal,0
BWA,1990,1995,Services,0.54222993396642,0.5945823319842629,67.13653328973668,76.23940678488998,4.9358504941816514,3.9913157686467895,False,90.00285389519976,97.3798669340406,7.377013038840843,7.377013038840836,Botswana,True,1.0,1_nonreciprocal,0.0,0.0,1.0,0.0,0.0,3790636.544,2.739,1383.912,0.0,1.0,0.0,True,never_reciprocal,0
BWA,1995,2000,Agriculture,0.1575750980316085,0.199555303790669,25.473581024034328,13.334798910726168,-1.912769781488869,0.5597976020279811,False,97.3798669340406,99.37503699698684,1.9951700629462292,1.9951700629462223,Botswana,True,1.0,1_nonreciprocal,0.0,0.0,1.0,0.0,0.0,4730599.936,2.988,1583.453,1.0,1.0,0.0,True,never_reciprocal,0
BWA,1995,2000,Manufacturing,0.2478425699841286,0.2069457561393559,193.8135996361789,227.23793888878845,8.283974140388137,-9.29330768520461,False,97.3798669340406,99.37503699698684,1.9951700629462292,1.9951700629462223,Botswana,True,1.0,1_nonreciprocal,0.0,0.0,1.0,0.0,0.0,4730599.936,2.988,1583.453,1.0,1.0,0.0,True,never_reciprocal,0
BWA,1995,2000,Services,0.5945823319842629,0.593498940069975,76.23940678488998,83.7205877008339,4.448177994998102,-0.0907022077745201,False,97.3798669340406,99.37503699698684,1.9951700629462292,1.9951700629462223,Botswana,True,1.0,1_nonreciprocal,0.0,0.0,1.0,0.0,0.0,4730599.936,2.988,1583.453,1.0,1.0,0.0,True,never_reciprocal,0
BWA,2000,2005,Agriculture,0.199555303790669,0.2278286650786184,13.334798910726168,10.727951536559107,-0.5202102196878156,0.3033152496727476,False,99.37503699698684,105.53297838900652,6.157941392019694,6.157941392019694,Botswana,True,1.0,1_nonreciprocal,0.0,0.0,1.0,0.0,0.0,5788311.552,3.297,1755.375,1.0,1.0,0.0,True,never_reciprocal,0
BWA,2000,2005,Manufacturing,0.2069457561393559,0.2021390406846353,227.23793888878845,248.31790750526812,4.362410044731285,-1.1935935236894488,False,99.37503699698684,105.53297838900652,6.157941392019694,6.157941392019694,Botswana,True,1.0,1_nonreciprocal,0.0,0.0,1.0,0.0,0.0,5788311.552,3.297,1755.375,1.0,1.0,0.0,True,never_reciprocal,0
BWA,2000,2005,Services,0.593498940069975,0.5700322942367462,83.7205877008339,92.79140925567494,5.383522978362035,-2.17750313736911,False,99.37503699698684,105.53297838900652,6.157941392019694,6.157941392019694,Botswana,True,1.0,1_nonreciprocal,0.0,0.0,1.0,0.0,0.0,5788311.552,3.297,1755.375,1.0,1.0,0.0,True,never_reciprocal,0
BWA,2005,2010,Agriculture,0.2278286650786184,0.2490079970193674,10.727951536559107,12.98675176780328,0.5146194413636342,0.2750507265224142,False,105.53297838900652,116.14249000629448,10.60951161728795,10.60951161728796,Botswana,True,1.0,1_nonreciprocal,0.0,0.0,1.0,0.0,0.0,9931223.04,5.294,1875.805,1.0,1.0,1.0,True,switched_during_interval,1
BWA,2005,2010,Manufacturing,0.2021390406846353,0.1686212497076224,248.31790750526812,241.9335869910024,-1.290520424176914,-8.109079399083388,False,105.53297838900652,116.14249000629448,10.60951161728795,10.60951161728796,Botswana,True,1.0,1_nonreciprocal,0.0,0.0,1.0,0.0,0.0,9931223.04,5.294,1875.805,1.0,1.0,1.0,True,switched_during_interval,1
BWA,2005,2010,Services,0.5700322942367462,0.5823707532730101,92.79140925567494,123.82754589039136,17.691600170132524,1.5278411025296894,False,105.53297838900652,116.14249000629448,10.60951161728795,10.60951161728796,Botswana,True,1.0,1_nonreciprocal,0.0,0.0,1.0,0.0,0.0,9931223.04,5.294,1875.805,1.0,1.0,1.0,True,switched_during_interval,1
BWA,2010,2015,Agriculture,0.2490079970193674,0.2356485436230098,12.98675176780328,9.60710856367271,-0.8415581849006699,-0.1283457191301336,False,116.14249000629448,110.74134984035705,-5.4011401659374485,-5.401140165937458,Botswana,True,3.0,3_fta,1.0,1.0,0.0,0.9082742644830716,0.7508350134914812,13746712.576,6.98,1969.341,1.0,1.0,1.0,True,always_reciprocal,1
BWA,2010,2015,Manufacturing,0.1686212497076224,0.1669123108814862,241.9335869910024,201.46436241151292,-6.823971223291945,-0.3442902710078162,False,116.14249000629448,110.74134984035705,-5.4011401659374485,-5.401140165937458,Botswana,True,3.0,3_fta,1.0,1.0,0.0,0.9082742644830716,0.7508350134914812,13746712.576,6.98,1969.341,1.0,1.0,1.0,True,always_reciprocal,1
BWA,2010,2015,Services,0.5823707532730101,0.597439145495504,123.82754589039136,125.28567465469472,0.849171546836404,1.887853685556703,False,116.14249000629448,110.74134984035705,-5.4011401659374485,-5.401140165937458,Botswana,True,3.0,3_fta,1.0,1.0,0.0,0.9082742644830716,0.7508350134914812,13746712.576,6.98,1969.341,1.0,1.0,1.0,True,always_reciprocal,1
CMR,1965,1970,Agriculture,0.7939581091054317,0.7938728795187062,57.36754574026397,82.22817940414883,19.738301694940866,-0.0070082737478076,False,455.7143268375007,548.3241398297289,92.60981299222816,92.60981299222814,Cameroon,True,1.0,1_nonreciprocal,0.0,0.0,1.0,0.0,0.0,814140.032,0.136,5987.671,0.0,1.0,0.0,True,never_reciprocal,0
CMR,1965,1970,Manufacturing,0.0665013774463986,0.0664942386790439,2047.4206132727109,2330.641503095984,18.834579294842364,-0.0166379074779339,False,455.7143268375007,548.3241398297289,92.60981299222816,92.60981299222814,Cameroon,True,1.0,1_nonreciprocal,0.0,0.0,1.0,0.0,0.0,814140.032,0.136,5987.671,0.0,1.0,0.0,True,never_reciprocal,0
CMR,1965,1970,Services,0.1395405134481695,0.1396328818022498,1963.6634618270443,2349.5267135648305,53.84355626827098,0.217021915399685,False,455.7143268375007,548.3241398297289,92.60981299222816,92.60981299222814,Cameroon,True,1.0,1_nonreciprocal,0.0,0.0,1.0,0.0,0.0,814140.032,0.136,5987.671,0.0,1.0,0.0,True,never_reciprocal,0
CMR,1970,1975,Agriculture,0.7938728795187062,0.7937634542956026,82.22817940414883,153.55634342745444,56.62549496396421,-0.0168029371385288,False,548.3241398297289,794.7085629256292,246.38442309590027,246.3844230959004,Cameroon,True,1.0,1_nonreciprocal,0.0,0.0,1.0,0.0,0.0,1160002.304,0.171,6770.967,0.0,1.0,0.0,True,never_reciprocal,0
CMR,1970,1975,Manufacturing,0.0664942386790439,0.0664850739708967,2330.641503095984,3342.8058818746517,67.30309978493491,-0.0306358403000769,False,548.3241398297289,794.7085629256292,246.38442309590027,246.3844230959004,Cameroon,True,1.0,1_nonreciprocal,0.0,0.0,1.0,0.0,0.0,1160002.304,0.171,6770.967,0.0,1.0,0.0,True,never_reciprocal,0
CMR,1970,1975,Services,0.1396328818022498,0.1397514717335006,2349.5267135648305,3224.112400548383,122.12091985651384,0.3823472679259771,False,548.3241398297289,794.7085629256292,246.38442309590027,246.3844230959004,Cameroon,True,1.0,1_nonreciprocal,0.0,0.0,1.0,0.0,0.0,1160002.304,0.171,6770.967,0.0,1.0,0.0,True,never_reciprocal,0
CMR,1975,1980,Agriculture,0.7937634542956026,0.7910020066730159,153.55634342745444,231.1803564735833,61.61510473178216,-0.638392445772717,False,794.7085629256292,1114.736672194806,320.02810926917687,320.0281092691767,Cameroon,True,1.0,1_nonreciprocal,0.0,0.0,1.0,0.0,0.0,2752770.56,0.356,7740.196,0.0,1.0,0.0,True,never_reciprocal,0
CMR,1975,1980,Manufacturing,0.0664850739708967,0.067436277970065,3342.8058818746517,4623.593829558561,85.15328144279773,4.397980941206049,False,794.7085629256292,1114.736672194806,320.02810926917687,320.0281092691767,Cameroon,True,1.0,1_nonreciprocal,0.0,0.0,1.0,0.0,0.0,2752770.56,0.356,7740.196,0.0,1.0,0.0,True,never_reciprocal,0
CMR,1975,1980,Services,0.1397514717335006,0.141561715356919,3224.112400548383,4380.242115932531,161.57082923976796,7.929305359395538,False,794.7085629256292,1114.736672194806,320.02810926917687,320.0281092691767,Cameroon,True,1.0,1_nonreciprocal,0.0,0.0,1.0,0.0,0.0,2752770.56,0.356,7740.196,0.0,1.0,0.0,True,never_reciprocal,0
CMR,1980,1985,Agriculture,0.7910020066730159,0.7875039219650822,231.1803564735833,370.71066202608296,110.36875168372627,-1.2967772979014074,False,1114.736672194806,1473.5649004949423,358.8282283001365,358.8282283001367,Cameroon,True,1.0,1_nonreciprocal,0.0,0.0,1.0,0.0,0.0,6740757.504,0.755,8932.121,0.0,1.0,0.0,True,never_reciprocal,0
CMR,1980,1985,Manufacturing,0.067436277970065,0.0686411089877458,4623.593829558561,7151.313998143573,170.46003991923854,8.616124922138306,False,1114.736672194806,1473.5649004949423,358.8282283001365,358.8282283001367,Cameroon,True,1.0,1_nonreciprocal,0.0,0.0,1.0,0.0,0.0,6740757.504,0.755,8932.121,0.0,1.0,0.0,True,never_reciprocal,0
CMR,1980,1985,Services,0.141561715356919,0.1438549690471719,4380.242115932531,4801.74359814055,59.66847284685098,11.011616226083946,False,1114.736672194806,1473.5649004949423,358.8282283001365,358.8282283001367,Cameroon,True,1.0,1_nonreciprocal,0.0,0.0,1.0,0.0,0.0,6740757.504,0.755,8932.121,0.0,1.0,0.0,True,never_reciprocal,0
CMR,1985,1990,Agriculture,0.7875039219650822,0.7649751610021525,370.71066202608296,276.77742062933856,-73.97279600282903,-6.235452349294636,False,1473.5649004949423,1463.390240580375,-10.174659914567885,-10.174659914567968,Cameroon,True,1.0,1_nonreciprocal,0.0,0.0,1.0,0.0,0.0,8148223.488,0.785,10381.098,0.0,1.0,0.0,True,never_reciprocal,0
CMR,1985,1990,Manufacturing,0.0686411089877458,0.0756558689745365,7151.313998143573,8004.558400561376,58.567642019544486,56.150055980187645,False,1473.5649004949423,1463.390240580375,-10.174659914567885,-10.174659914567968,Cameroon,True,1.0,1_nonreciprocal,0.0,0.0,1.0,0.0,0.0,8148223.488,0.785,10381.098,0.0,1.0,0.0,True,never_reciprocal,0
CMR,1985,1990,Services,0.1438549690471719,0.159368970023311,4801.74359814055,4053.929488446133,-107.57677560312877,62.89266604095233,False,1473.5649004949423,1463.390240580375,-10.174659914567885,-10.174659914567968,Cameroon,True,1.0,1_nonreciprocal,0.0,0.0,1.0,0.0,0.0,8148223.488,0.785,10381.098,0.0,1.0,0.0,True,never_reciprocal,0
CMR,1990,1995,Agriculture,0.7649751610021525,0.7260968003044412,276.77742062933856,451.0256540546972,133.29557041890433,-17.535138062259637,False,1463.390240580375,1641.7688021744166,178.3785615940419,178.37856159404186,Cameroon,True,1.0,1_nonreciprocal,0.0,0.0,1.0,0.0,0.0,11151579.136,0.924,12070.359,0.0,1.0,0.0,True,never_reciprocal,0
CMR,1990,1995,Manufacturing,0.0756558689745365,0.0841338953320111,8004.558400561376,7806.929701394902,-14.951770969746915,66.18735577937721,False,1463.390240580375,1641.7688021744166,178.3785615940419,178.37856159404186,Cameroon,True,1.0,1_nonreciprocal,0.0,0.0,1.0,0.0,0.0,11151579.136,0.924,12070.359,0.0,1.0,0.0,True,never_reciprocal,0
CMR,1990,1995,Services,0.159368970023311,0.1897693043635476,4053.929488446133,3464.4860703554536,-93.93899042813143,105.3215348558983,False,1463.390240580375,1641.7688021744166,178.3785615940419,178.37856159404186,Cameroon,True,1.0,1_nonreciprocal,0.0,0.0,1.0,0.0,0.0,11151579.136,0.924,12070.359,0.0,1.0,0.0,True,never_reciprocal,0
CMR,1995,2000,Agriculture,0.7260968003044412,0.6717632555051328,451.0256540546972,540.0592561056808,64.64701356879816,-29.34333378589918,False,1641.7688021744166,1764.007127513131,122.2383253387145,122.23832533871465,Cameroon,True,1.0,1_nonreciprocal,0.0,0.0,1.0,0.0,0.0,8733230.08,0.627,13929.575,1.0,1.0,0.0,True,never_reciprocal,0
CMR,1995,2000,Manufacturing,0.0841338953320111,0.0918669213873022,7806.929701394902,7699.083421858088,-9.073527594497136,59.53721270308842,False,1641.7688021744166,1764.007127513131,122.2383253387145,122.23832533871465,Cameroon,True,1.0,1_nonreciprocal,0.0,0.0,1.0,0.0,0.0,8733230.08,0.627,13929.575,1.0,1.0,0.0,True,never_reciprocal,0
CMR,1995,2000,Services,0.1897693043635476,0.2363698231075648,3464.4860703554536,2935.755769804826,-100.3367813314221,136.8077417786465,False,1641.7688021744166,1764.007127513131,122.2383253387145,122.23832533871465,Cameroon,True,1.0,1_nonreciprocal,0.0,0.0,1.0,0.0,0.0,8733230.08,0.627,13929.575,1.0,1.0,0.0,True,never_reciprocal,0
CMR,2000,2005,Agriculture,0.6717632555051328,0.6595434778900586,540.0592561056808,484.7414174526397,-37.160491381074536,-5.9234323220871055,False,1764.007127513131,1523.9379573512429,-240.06917016188825,-240.0691701618881,Cameroon,True,1.0,1_nonreciprocal,0.0,0.0,1.0,0.0,0.0,9287367.68,0.583,15927.713,1.0,1.0,0.0,True,never_reciprocal,0
CMR,2000,2005,Manufacturing,0.0918669213873022,0.0930070200945276,7699.083421858088,5467.191594798482,-205.0370310214473,6.233138069383297,False,1764.007127513131,1523.9379573512429,-240.06917016188825,-240.0691701618881,Cameroon,True,1.0,1_nonreciprocal,0.0,0.0,1.0,0.0,0.0,9287367.68,0.583,15927.713,1.0,1.0,0.0,True,never_reciprocal,0
CMR,2000,2005,Services,0.2363698231075648,0.2474495020154137,2935.755769804826,2811.6553592650957,-29.333592086852285,31.152238580189767,False,1764.007127513131,1523.9379573512429,-240.06917016188825,-240.0691701618881,Cameroon,True,1.0,1_nonreciprocal,0.0,0.0,1.0,0.0,0.0,9287367.68,0.583,15927.713,1.0,1.0,0.0,True,never_reciprocal,0
CMR,2005,2010,Agriculture,0.6595434778900586,0.6588752344038115,484.7414174526397,410.3869378782748,-49.040012055182,-0.2742383980780776,False,1523.9379573512429,1158.2164227438604,-365.7215346073824,-365.7215346073825,Cameroon,True,1.0,1_nonreciprocal,0.0,0.0,1.0,0.0,0.0,16587857.92,0.915,18137.733,1.0,1.0,1.0,True,switched_during_interval,1
CMR,2005,2010,Manufacturing,0.0930070200945276,0.093231351270548,5467.191594798482,3582.830963432659,-175.25876710677795,0.8037406835090548,False,1523.9379573512429,1158.2164227438604,-365.7215346073824,-365.7215346073825,Cameroon,True,1.0,1_nonreciprocal,0.0,0.0,1.0,0.0,0.0,16587857.92,0.915,18137.733,1.0,1.0,1.0,True,switched_during_interval,1
CMR,2005,2010,Services,0.2474495020154137,0.2478934143256404,2811.6553592650957,2233.986176134503,-142.94395169531597,0.99169396446237,False,1523.9379573512429,1158.2164227438604,-365.7215346073824,-365.7215346073825,Cameroon,True,1.0,1_nonreciprocal,0.0,0.0,1.0,0.0,0.0,16587857.92,0.915,18137.733,1.0,1.0,1.0,True,switched_during_interval,1
CMR,2010,2015,Agriculture,0.6588752344038115,0.6588752424275275,410.3869378782748,431.2831748670667,13.768013044147883,3.460493721463434e-06,False,1158.2164227438604,1305.7138161166904,147.49739337282995,147.49739337283,Cameroon,True,2.0,2_reciprocal_pta,1.0,0.0,0.0,0.8482402094500009,0.3763033230185896,23622483.968,1.145,20624.344,1.0,1.0,1.0,True,always_reciprocal,1
CMR,2010,2015,Manufacturing,0.093231351270548,0.0932313438042321,3582.830963432659,4229.919540800615,60.32894245975116,-3.158191534233227e-05,False,1158.2164227438604,1305.7138161166904,147.49739337282995,147.49739337283,Cameroon,True,2.0,2_reciprocal_pta,1.0,0.0,0.0,0.8482402094500009,0.3763033230185896,23622483.968,1.145,20624.344,1.0,1.0,1.0,True,always_reciprocal,1
CMR,2010,2015,Services,0.2478934143256404,0.2478934137682402,2233.986176134503,2530.083059548276,73.40046740062127,-1.4102686865471083e-06,False,1158.2164227438604,1305.7138161166904,147.49739337282995,147.49739337283,Cameroon,True,2.0,2_reciprocal_pta,1.0,0.0,0.0,0.8482402094500009,0.3763033230185896,23622483.968,1.145,20624.344,1.0,1.0,1.0,True,always_reciprocal,1
DZA,2000,2005,Agriculture,0.2204177332743382,0.1865622173199556,377.69622868406304,472.3429892347534,20.86182442234223,-15.991415607977991,False,1228.2910768582933,1150.8089610879988,-77.48211577029451,-77.48211577029467,Algeria,True,2.0,2_reciprocal_pta,1.0,0.0,0.0,0.7537712806024418,0.308600230499488,54790057.984,1.727,31719.448,0.0,0.0,1.0,True,always_reciprocal,1
DZA,2000,2005,Manufacturing,0.2339644615156355,0.2491315800173516,3185.707295898097,2734.8918348496613,-105.47479658712037,41.480428548540495,False,1228.2910768582933,1150.8089610879988,-77.48211577029451,-77.48211577029467,Algeria,True,2.0,2_reciprocal_pta,1.0,0.0,0.0,0.7537712806024418,0.308600230499488,54790057.984,1.727,31719.448,0.0,0.0,1.0,True,always_reciprocal,1
DZA,2000,2005,Services,0.5456178052100261,0.5643062026626928,732.5601078586493,675.7673048582781,-30.98716452478794,12.629007978708888,False,1228.2910768582933,1150.8089610879988,-77.48211577029451,-77.48211577029467,Algeria,True,2.0,2_reciprocal_pta,1.0,0.0,0.0,0.7537712806024418,0.308600230499488,54790057.984,1.727,31719.448,0.0,0.0,1.0,True,always_reciprocal,1
DZA,2005,2010,Agriculture,0.1865622173199556,0.118372573384738,472.3429892347534,855.3460179190483,71.45389427160062,-58.32574040330614,False,1150.8089610879988,1161.7715533421167,10.962592254117908,10.962592254118016,Algeria,True,3.0,3_fta,1.0,1.0,0.0,0.685206761474501,0.3832006040891502,103198646.272,3.039,33960.903,0.0,0.0,1.0,True,always_reciprocal,1
DZA,2005,2010,Manufacturing,0.2491315800173516,0.2907433559524374,2734.8918348496613,2043.054198816802,-172.3586033803357,85.01511354440106,False,1150.8089610879988,1161.7715533421167,10.962592254117908,10.962592254118016,Algeria,True,3.0,3_fta,1.0,1.0,0.0,0.685206761474501,0.3832006040891502,103198646.272,3.039,33960.903,0.0,0.0,1.0,True,always_reciprocal,1
DZA,2005,2010,Services,0.5643062026626928,0.5908840706628246,675.7673048582781,789.5247698700338,64.194043105318,20.983885116440145,False,1150.8089610879988,1161.7715533421167,10.962592254117908,10.962592254118016,Algeria,True,3.0,3_fta,1.0,1.0,0.0,0.685206761474501,0.3832006040891502,103198646.272,3.039,33960.903,0.0,0.0,1.0,True,always_reciprocal,1
DZA,2010,2015,Agriculture,0.118372573384738,0.0865579570448025,855.3460179190483,1575.1795866858756,85.20855194364913,-50.11373421690924,False,1161.7715533421167,1342.10963715759,180.33808381547328,180.3380838154733,Algeria,True,3.0,3_fta,1.0,1.0,0.0,0.6526490769297171,0.3763033230185896,161207304.192,4.35,37062.82,0.0,0.0,1.0,True,always_reciprocal,1
DZA,2010,2015,Manufacturing,0.2907433559524374,0.2979982290600971,2043.054198816802,2009.9309473298365,-9.63036529737698,14.581793978036233,False,1161.7715533421167,1342.10963715759,180.33808381547328,180.3380838154733,Algeria,True,3.0,3_fta,1.0,1.0,0.0,0.6526490769297171,0.3763033230185896,161207304.192,4.35,37062.82,0.0,0.0,1.0,True,always_reciprocal,1
DZA,2010,2015,Services,0.5908840706628246,0.6154438138951004,789.5247698700338,985.9705039157928,116.07665499730469,24.215182410769483,False,1161.7715533421167,1342.10963715759,180.33808381547328,180.3380838154733,Algeria,True,3.0,3_fta,1.0,1.0,0.0,0.6526490769297171,0.3763033230185896,161207304.192,4.35,37062.82,0.0,0.0,1.0,True,always_reciprocal,1
EGY,1960,1965,Agriculture,0.6225084907155941,0.5625405567369143,5.081820153370259,6.667987850042315,0.9874028588771516,-0.3998654551619768,False,9.719706716851212,12.455561642380498,2.735854925529285,2.735854925529285,Egypt,True,1.0,1_nonreciprocal,0.0,0.0,1.0,0.0,0.0,3940000.0,0.141,27997.746,0.0,0.0,0.0,True,never_reciprocal,0
EGY,1960,1965,Manufacturing,0.1004326403215393,0.1520589959676718,38.26627172024988,34.890044935808966,-0.3390833702857013,1.801245868365616,False,9.719706716851212,12.455561642380498,2.735854925529285,2.735854925529285,Egypt,True,1.0,1_nonreciprocal,0.0,0.0,1.0,0.0,0.0,3940000.0,0.141,27997.746,0.0,0.0,0.0,True,never_reciprocal,0
EGY,1960,1965,Services,0.2770588689628665,0.2854004472954138,9.792315362862745,11.910292625358728,0.5868043848362056,0.09935063889799,False,9.719706716851212,12.455561642380498,2.735854925529285,2.735854925529285,Egypt,True,1.0,1_nonreciprocal,0.0,0.0,1.0,0.0,0.0,3940000.0,0.141,27997.746,0.0,0.0,0.0,True,never_reciprocal,0
EGY,1965,1970,Agriculture,0.5625405567369143,0.5864199514095327,6.667987850042315,6.170311065288442,-0.279963375570481,0.1473432931808475,False,12.455561642380498,13.338110334248992,0.882548691868493,0.882548691868493,Egypt,True,1.0,1_nonreciprocal,0.0,0.0,1.0,0.0,0.0,5111621.12,0.159,32083.954,0.0,0.0,0.0,True,never_reciprocal,0
EGY,1965,1970,Manufacturing,0.1520589959676718,0.1452422685007656,34.890044935808966,40.41891707003247,0.8407147455636651,-0.2755247421738943,False,12.455561642380498,13.338110334248992,0.882548691868493,0.882548691868493,Egypt,True,1.0,1_nonreciprocal,0.0,0.0,1.0,0.0,0.0,5111621.12,0.159,32083.954,0.0,0.0,0.0,True,never_reciprocal,0
EGY,1965,1970,Services,0.2854004472954138,0.2683377800897016,11.910292625358728,14.344538485330975,0.694734857263089,-0.2447560863947334,False,12.455561642380498,13.338110334248992,0.882548691868493,0.882548691868493,Egypt,True,1.0,1_nonreciprocal,0.0,0.0,1.0,0.0,0.0,5111621.12,0.159,32083.954,0.0,0.0,0.0,True,never_reciprocal,0
EGY,1970,1975,Agriculture,0.5864199514095327,0.5359094818490683,6.170311065288442,7.409113143329056,0.7264582544106049,-0.3742377838961594,False,13.338110334248992,15.506470568723977,2.168360234474985,2.168360234474985,Egypt,True,1.0,1_nonreciprocal,0.0,0.0,1.0,0.0,0.0,7682491.904,0.211,36342.27,0.0,1.0,0.0,True,never_reciprocal,0
EGY,1970,1975,Manufacturing,0.1452422685007656,0.1639509645636723,40.41891707003247,40.32389661358309,-0.0138009866486866,0.7544075258155978,False,13.338110334248992,15.506470568723977,2.168360234474985,2.168360234474985,Egypt,True,1.0,1_nonreciprocal,0.0,0.0,1.0,0.0,0.0,7682491.904,0.211,36342.27,0.0,1.0,0.0,True,never_reciprocal,0
EGY,1970,1975,Services,0.2683377800897016,0.3001395535872594,14.344538485330975,16.40808343818261,0.5537270717635155,0.5218061530301129,False,13.338110334248992,15.506470568723977,2.168360234474985,2.168360234474985,Egypt,True,1.0,1_nonreciprocal,0.0,0.0,1.0,0.0,0.0,7682491.904,0.211,36342.27,0.0,1.0,0.0,True,never_reciprocal,0
EGY,1975,1980,Agriculture,0.5359094818490683,0.5043994064194016,7.409113143329056,9.36697633368694,1.0492374478760578,-0.2951541308223779,False,15.506470568723977,24.788334171652178,9.2818636029282,9.2818636029282,Egypt,True,1.0,1_nonreciprocal,0.0,0.0,1.0,0.0,0.0,11437965.312,0.283,40359.039,0.0,1.0,1.0,True,switched_during_interval,1
EGY,1975,1980,Manufacturing,0.1639509645636723,0.1691650720792974,40.32389661358309,71.53278039624058,5.116726599122246,0.3729796078775974,False,15.506470568723977,24.788334171652178,9.2818636029282,9.2818636029282,Egypt,True,1.0,1_nonreciprocal,0.0,0.0,1.0,0.0,0.0,11437965.312,0.283,40359.039,0.0,1.0,1.0,True,switched_during_interval,1
EGY,1975,1980,Services,0.3001395535872594,0.3264355215013012,16.40808343818261,24.39314471847872,2.396632728034984,0.6414413508396937,False,15.506470568723977,24.788334171652178,9.2818636029282,9.2818636029282,Egypt,True,1.0,1_nonreciprocal,0.0,0.0,1.0,0.0,0.0,11437965.312,0.283,40359.039,0.0,1.0,1.0,True,switched_during_interval,1
EGY,1980,1985,Agriculture,0.5043994064194016,0.4662202396020179,9.36697633368694,9.5602527716619,0.0974885205894253,-0.3650024853856345,False,24.788334171652178,29.052114249417485,4.263780077765308,4.263780077765307,Egypt,True,2.0,2_reciprocal_pta,1.0,0.0,0.0,0.5217189009894475,0.3579107111333527,22912499.712,0.51,44931.973,0.0,1.0,1.0,True,always_reciprocal,1
EGY,1980,1985,Manufacturing,0.1691650720792974,0.1911239281596262,71.53278039624058,74.20011995112822,0.4512206880625274,1.629349755149964,False,24.788334171652178,29.052114249417485,4.263780077765308,4.263780077765307,Egypt,True,2.0,2_reciprocal_pta,1.0,0.0,0.0,0.5217189009894475,0.3579107111333527,22912499.712,0.51,44931.973,0.0,1.0,1.0,True,always_reciprocal,1
EGY,1980,1985,Services,0.3264355215013012,0.3426558322383558,24.39314471847872,30.390588855754725,1.9577788046266145,0.4929447947224102,False,24.788334171652178,29.052114249417485,4.263780077765308,4.263780077765307,Egypt,True,2.0,2_reciprocal_pta,1.0,0.0,0.0,0.5217189009894475,0.3579107111333527,22912499.712,0.51,44931.973,0.0,1.0,1.0,True,always_reciprocal,1
EGY,1985,1990,Agriculture,0.4662202396020179,0.4176732416542035,9.5602527716619,11.059832792514973,0.6991345566245183,-0.5369216798813943,False,29.052114249417485,31.74312891953001,2.6910146701125264,2.6910146701125277,Egypt,True,2.0,2_reciprocal_pta,1.0,0.0,0.0,0.5420247516113635,0.2841842331802058,34689560.576,0.689,50346.55,0.0,1.0,1.0,True,always_reciprocal,1
EGY,1985,1990,Manufacturing,0.1911239281596262,0.1925549781560949,74.20011995112822,77.35662422279312,0.6032834956532359,0.1107011968208545,False,29.052114249417485,31.74312891953001,2.6910146701125264,2.6910146701125277,Egypt,True,2.0,2_reciprocal_pta,1.0,0.0,0.0,0.5420247516113635,0.2841842331802058,34689560.576,0.689,50346.55,0.0,1.0,1.0,True,always_reciprocal,1
EGY,1985,1990,Services,0.3426558322383558,0.3897717801897015,30.390588855754725,31.37305017701932,0.3366461016799129,1.4781709992153995,False,29.052114249417485,31.74312891953001,2.6910146701125264,2.6910146701125277,Egypt,True,2.0,2_reciprocal_pta,1.0,0.0,0.0,0.5420247516113635,0.2841842331802058,34689560.576,0.689,50346.55,0.0,1.0,1.0,True,always_reciprocal,1
EGY,1990,1995,Agriculture,0.4176732416542035,0.4157495303632554,11.059832792514973,11.542194753634693,0.201469683951553,-0.0222038503698889,False,31.74312891953001,32.805585152299926,1.0624562327699143,1.0624562327699183,Egypt,True,2.0,2_reciprocal_pta,1.0,0.0,0.0,0.5753661817451937,0.3665691638757245,43130417.152,0.766,56336.613,0.0,1.0,1.0,True,always_reciprocal,1
EGY,1990,1995,Manufacturing,0.1925549781560949,0.1879633057419319,77.35662422279312,78.48645576654458,0.2175546882271302,-0.3603840938286695,False,31.74312891953001,32.805585152299926,1.0624562327699143,1.0624562327699183,Egypt,True,2.0,2_reciprocal_pta,1.0,0.0,0.0,0.5753661817451937,0.3665691638757245,43130417.152,0.766,56336.613,0.0,1.0,1.0,True,always_reciprocal,1
EGY,1990,1995,Services,0.3897717801897015,0.3962871638948125,31.37305017701932,33.44632536668681,0.8081041614998391,0.2179156432899541,False,31.74312891953001,32.805585152299926,1.0624562327699143,1.0624562327699183,Egypt,True,2.0,2_reciprocal_pta,1.0,0.0,0.0,0.5753661817451937,0.3665691638757245,43130417.152,0.766,56336.613,0.0,1.0,1.0,True,always_reciprocal,1
EGY,1995,2000,Agriculture,0.4157495303632554,0.369342955190136,11.542194753634693,15.440878823948626,1.620876071267723,-0.7165583038825996,False,32.805585152299926,36.74016638272569,3.934581230425764,3.93458123042576,Egypt,True,2.0,2_reciprocal_pta,1.0,0.0,0.0,0.5670316837493696,0.3655389388199958,60159246.336,0.984,61168.396,1.0,1.0,1.0,True,always_reciprocal,1
EGY,1995,2000,Manufacturing,0.1879633057419319,0.2018583961879506,78.48645576654458,65.71011930238285,-2.4014824370750243,0.913048050925294,False,32.805585152299926,36.74016638272569,3.934581230425764,3.93458123042576,Egypt,True,2.0,2_reciprocal_pta,1.0,0.0,0.0,0.5670316837493696,0.3655389388199958,60159246.336,0.984,61168.396,1.0,1.0,1.0,True,always_reciprocal,1
EGY,1995,2000,Services,0.3962871638948125,0.4287986486219133,33.44632536668681,41.44846847950056,3.171146599257367,1.3475512499329991,False,32.805585152299926,36.74016638272569,3.934581230425764,3.93458123042576,Egypt,True,2.0,2_reciprocal_pta,1.0,0.0,0.0,0.5670316837493696,0.3655389388199958,60159246.336,0.984,61168.396,1.0,1.0,1.0,True,always_reciprocal,1
EGY,2000,2005,Agriculture,0.369342955190136,0.3493004787134796,15.440878823948626,16.750123824166298,0.4835604174483052,-0.3357139627269361,False,36.74016638272569,37.9560972818753,1.2159308991496118,1.2159308991496096,Egypt,True,2.0,2_reciprocal_pta,1.0,0.0,0.0,0.5734451997708376,0.3160179811819349,99838541.824,1.51,66136.589,1.0,1.0,1.0,True,always_reciprocal,1
EGY,2000,2005,Manufacturing,0.2018583961879506,0.1932460913622869,65.71011930238285,71.61039540299907,1.1910202707364863,-0.6167305538969399,False,36.74016638272569,37.9560972818753,1.2159308991496118,1.2159308991496096,Egypt,True,2.0,2_reciprocal_pta,1.0,0.0,0.0,0.5734451997708376,0.3160179811819349,99838541.824,1.51,66136.589,1.0,1.0,1.0,True,always_reciprocal,1
EGY,2000,2005,Services,0.4287986486219133,0.4574534299242334,41.44846847950056,39.931588231991135,-0.6504362002533125,1.1442309278420062,False,36.74016638272569,37.9560972818753,1.2159308991496118,1.2159308991496096,Egypt,True,2.0,2_reciprocal_pta,1.0,0.0,0.0,0.5734451997708376,0.3160179811819349,99838541.824,1.51,66136.589,1.0,1.0,1.0,True,always_reciprocal,1
EGY,2005,2010,Agriculture,0.3493004787134796,0.2827639793119468,16.750123824166298,22.20954312548955,1.9069777754498216,-1.4777452528774506,False,37.9560972818753,44.88903852506108,6.93294124318578,6.93294124318578,Egypt,True,3.0,3_fta,1.0,1.0,0.0,0.6097646923657224,0.3744287677108465,89685721.088,1.249,71777.679,1.0,1.0,1.0,True,always_reciprocal,1
EGY,2005,2010,Manufacturing,0.1932460913622869,0.2363174882739946,71.61039540299907,68.12423511170155,-0.6736868501556579,2.934205969802593,False,37.9560972818753,44.88903852506108,6.93294124318578,6.93294124318578,Egypt,True,3.0,3_fta,1.0,1.0,0.0,0.6097646923657224,0.3744287677108465,89685721.088,1.249,71777.679,1.0,1.0,1.0,True,always_reciprocal,1
EGY,2005,2010,Services,0.4574534299242334,0.4809185324140584,39.931588231991135,46.80633014290333,3.1448742669906613,1.0983153339758132,False,37.9560972818753,44.88903852506108,6.93294124318578,6.93294124318578,Egypt,True,3.0,3_fta,1.0,1.0,0.0,0.6097646923657224,0.3744287677108465,89685721.088,1.249,71777.679,1.0,1.0,1.0,True,always_reciprocal,1
EGY,2010,2015,Agriculture,0.2827639793119468,0.2581510276038044,22.20954312548955,27.348994493704108,1.4532517203565785,-0.6731394807397939,False,44.88903852506108,49.43833757172844,4.5492990466673575,4.549299046667359,Egypt,True,3.0,3_fta,1.0,1.0,0.0,0.598959563407146,0.3894266033239912,218887815.168,2.804,78075.706,1.0,1.0,1.0,True,always_reciprocal,1
EGY,2010,2015,Manufacturing,0.2363174882739946,0.235064973057985,68.12423511170155,69.70838517275945,0.3743623634782976,-0.0873108131123398,False,44.88903852506108,49.43833757172844,4.5492990466673575,4.549299046667359,Egypt,True,3.0,3_fta,1.0,1.0,0.0,0.598959563407146,0.3894266033239912,218887815.168,2.804,78075.706,1.0,1.0,1.0,True,always_reciprocal,1
EGY,2010,2015,Services,0.4809185324140584,0.5067839993382105,46.80633014290333,51.2884520636795,2.155535496240558,1.3265997604440594,False,44.88903852506108,49.43833757172844,4.5492990466673575,4.549299046667359,Egypt,True,3.0,3_fta,1.0,1.0,0.0,0.598959563407146,0.3894266033239912,218887815.168,2.804,78075.706,1.0,1.0,1.0,True,always_reciprocal,1
ETH,1965,1970,Agriculture,0.9360864850453926,0.915648707951992,6.651721954292192,6.685374549400003,0.0315017394671266,-0.1366341948265312,False,7.640392042235614,8.196236480458353,0.5558444382227385,0.5558444382227401,Ethiopia,True,0.0,0_none,0.0,0.0,0.0,0.0,0.0,,,26598.158,0.0,0.0,0.0,True,never_reciprocal,0
ETH,1965,1970,Manufacturing,0.0078690538854655,0.0096996330788397,50.12267986439835,56.36968899154041,0.0491580514444758,0.1031891798048924,False,7.640392042235614,8.196236480458353,0.5558444382227385,0.5558444382227401,Ethiopia,True,0.0,0_none,0.0,0.0,0.0,0.0,0.0,,,26598.158,0.0,0.0,0.0,True,never_reciprocal,0
ETH,1965,1970,Services,0.0560444610691417,0.0746516589691682,18.18889735684076,20.46862230844644,0.1277659562986157,0.3808637060341607,False,7.640392042235614,8.196236480458353,0.5558444382227385,0.5558444382227401,Ethiopia,True,0.0,0_none,0.0,0.0,0.0,0.0,0.0,,,26598.158,0.0,0.0,0.0,True,never_reciprocal,0
ETH,1970,1975,Agriculture,0.915648707951992,0.887470151124612,6.685374549400003,6.114592864293553,-0.5226355124903816,-0.1723004025027875,False,8.196236480458353,7.601811261443071,-0.5944252190152817,-0.5944252190152818,Ethiopia,True,0.0,0_none,0.0,0.0,0.0,0.0,0.0,,,30211.911,0.0,0.0,0.0,True,never_reciprocal,0
ETH,1970,1975,Manufacturing,0.0096996330788397,0.008878707129634,56.36968899154041,59.23140818375294,0.0277576261391353,-0.048624599986042,False,8.196236480458353,7.601811261443071,-0.5944252190152817,-0.5944252190152818,Ethiopia,True,0.0,0_none,0.0,0.0,0.0,0.0,0.0,,,30211.911,0.0,0.0,0.0,True,never_reciprocal,0
ETH,1970,1975,Services,0.0746516589691682,0.1036511417457539,20.46862230844644,15.912938865733382,-0.3400893267369017,0.4614669965616958,False,8.196236480458353,7.601811261443071,-0.5944252190152817,-0.5944252190152818,Ethiopia,True,0.0,0_none,0.0,0.0,0.0,0.0,0.0,,,30211.911,0.0,0.0,0.0,True,never_reciprocal,0
ETH,1975,1980,Agriculture,0.887470151124612,0.8545281595702477,6.114592864293553,5.835598712685767,-0.2475989818902454,-0.1922362435079536,False,7.601811261443071,7.064119667679225,-0.5376915937638467,-0.5376915937638467,Ethiopia,True,1.0,1_nonreciprocal,0.0,0.0,1.0,0.0,0.0,,,34626.601,0.0,0.0,0.0,True,never_reciprocal,0
ETH,1975,1980,Manufacturing,0.008878707129634,0.0084607818642134,59.23140818375294,58.99285165500299,-0.0021180735526329,-0.0246546031858326,False,7.601811261443071,7.064119667679225,-0.5376915937638467,-0.5376915937638467,Ethiopia,True,1.0,1_nonreciprocal,0.0,0.0,1.0,0.0,0.0,,,34626.601,0.0,0.0,0.0,True,never_reciprocal,0
ETH,1975,1980,Services,0.1036511417457539,0.1370110585655388,15.912938865733382,11.519585403257688,-0.455376102478267,0.3842924108510849,False,7.601811261443071,7.064119667679225,-0.5376915937638467,-0.5376915937638467,Ethiopia,True,1.0,1_nonreciprocal,0.0,0.0,1.0,0.0,0.0,,,34626.601,0.0,0.0,0.0,True,never_reciprocal,0
ETH,1980,1985,Agriculture,0.8545281595702477,0.849059238193113,5.835598712685767,3.856147459656349,-1.691496836210249,-0.0210889672754983,False,7.064119667679225,5.28999838721457,-1.7741212804646542,-1.774121280464654,Ethiopia,True,1.0,1_nonreciprocal,0.0,0.0,1.0,0.0,0.0,,,37655.854,0.0,0.0,0.0,True,never_reciprocal,0
ETH,1980,1985,Manufacturing,0.0084607818642134,0.0086357522021751,58.99285165500299,57.63363519885967,-0.0115000339416779,0.0100841766287067,False,7.064119667679225,5.28999838721457,-1.7741212804646542,-1.774121280464654,Ethiopia,True,1.0,1_nonreciprocal,0.0,0.0,1.0,0.0,0.0,,,37655.854,0.0,0.0,0.0,True,never_reciprocal,0
ETH,1980,1985,Services,0.1370110585655388,0.1423050096047117,11.519585403257688,10.668570100853728,-0.1165985074378387,0.0564788877719032,False,7.064119667679225,5.28999838721457,-1.7741212804646542,-1.774121280464654,Ethiopia,True,1.0,1_nonreciprocal,0.0,0.0,1.0,0.0,0.0,,,37655.854,0.0,0.0,0.0,True,never_reciprocal,0
ETH,1985,1990,Agriculture,0.849059238193113,0.8640956181019879,3.856147459656349,4.304533174954453,0.3807060338476821,0.0647245961489704,False,5.28999838721457,5.737119633565675,0.4471212463511049,0.4471212463511041,Ethiopia,True,1.0,1_nonreciprocal,0.0,0.0,1.0,0.0,0.0,,,43609.081,0.0,0.0,0.0,True,never_reciprocal,0
ETH,1985,1990,Manufacturing,0.0086357522021751,0.0096804996468635,57.63363519885967,45.10147744198295,-0.1082246089469548,0.0471196533091799,False,5.28999838721457,5.737119633565675,0.4471212463511049,0.4471212463511041,Ethiopia,True,1.0,1_nonreciprocal,0.0,0.0,1.0,0.0,0.0,,,43609.081,0.0,0.0,0.0,True,never_reciprocal,0
ETH,1985,1990,Services,0.1423050096047117,0.1262238822511486,10.668570100853728,12.525256825147045,0.2642158221335011,-0.2014202501412746,False,5.28999838721457,5.737119633565675,0.4471212463511049,0.4471212463511041,Ethiopia,True,1.0,1_nonreciprocal,0.0,0.0,1.0,0.0,0.0,,,43609.081,0.0,0.0,0.0,True,never_reciprocal,0
ETH,1990,1995,Agriculture,0.8640956181019879,0.8381725209505873,4.304533174954453,4.080201031009428,-0.1938444225823206,-0.1057714477241023,False,5.737119633565675,5.707978582443855,-0.0291410511218206,-0.0291410511218203,Ethiopia,True,1.0,1_nonreciprocal,0.0,0.0,1.0,0.0,0.0,,,51315.318,0.0,0.0,0.0,True,never_reciprocal,0
ETH,1990,1995,Manufacturing,0.0096804996468635,0.0130496148317295,45.10147744198295,35.43360615282323,-0.0935898246006325,0.1193799005440381,False,5.737119633565675,5.707978582443855,-0.0291410511218206,-0.0291410511218203,Ethiopia,True,1.0,1_nonreciprocal,0.0,0.0,1.0,0.0,0.0,,,51315.318,0.0,0.0,0.0,True,never_reciprocal,0
ETH,1990,1995,Services,0.1262238822511486,0.1487778642176832,12.525256825147045,12.27112175257965,-0.032077915475634,0.2767626587168312,False,5.737119633565675,5.707978582443855,-0.0291410511218206,-0.0291410511218203,Ethiopia,True,1.0,1_nonreciprocal,0.0,0.0,1.0,0.0,0.0,,,51315.318,0.0,0.0,0.0,True,never_reciprocal,0
ETH,1995,2000,Agriculture,0.8381725209505873,0.8136828633519573,4.080201031009428,3.732502453982361,-0.2914313928377086,-0.0914077070840741,False,5.707978582443855,5.793166877091486,0.0851882946476312,0.085188294647631,Ethiopia,True,1.0,1_nonreciprocal,0.0,0.0,1.0,0.0,0.0,7663994.88,0.134,57023.518,0.0,0.0,0.0,True,never_reciprocal,0
ETH,1995,2000,Manufacturing,0.0130496148317295,0.0176891227513552,35.43360615282323,30.75900062650813,-0.0610018016086863,0.1427066270064574,False,5.707978582443855,5.793166877091486,0.0851882946476312,0.085188294647631,Ethiopia,True,1.0,1_nonreciprocal,0.0,0.0,1.0,0.0,0.0,7663994.88,0.134,57023.518,0.0,0.0,0.0,True,never_reciprocal,0
ETH,1995,2000,Services,0.1487778642176832,0.1686280138966874,12.27112175257965,13.117594188299034,0.1259363611054701,0.2603862080661724,False,5.707978582443855,5.793166877091486,0.0851882946476312,0.085188294647631,Ethiopia,True,1.0,1_nonreciprocal,0.0,0.0,1.0,0.0,0.0,7663994.88,0.134,57023.518,0.0,0.0,0.0,True,never_reciprocal,0
ETH,2000,2005,Agriculture,0.8136828633519573,0.821280351553044,3.732502453982361,4.266999385656739,0.4349109938176433,0.0324184774865714,False,5.793166877091486,6.975672730055326,1.18250585296384,1.1825058529638408,Ethiopia,True,1.0,1_nonreciprocal,0.0,0.0,1.0,0.0,0.0,8242350.08,0.125,66024.2,0.0,0.0,0.0,True,never_reciprocal,0
ETH,2000,2005,Manufacturing,0.0176891227513552,0.0254382063468595,30.75900062650813,28.563338278955044,-0.0388393407863953,0.22133969609029,False,5.793166877091486,6.975672730055326,1.18250585296384,1.1825058529638408,Ethiopia,True,1.0,1_nonreciprocal,0.0,0.0,1.0,0.0,0.0,8242350.08,0.125,66024.2,0.0,0.0,0.0,True,never_reciprocal,0
ETH,2000,2005,Services,0.1686280138966874,0.1532814421000964,13.117594188299034,17.90608076115955,0.8074729803524247,-0.2747969539966932,False,5.793166877091486,6.975672730055326,1.18250585296384,1.1825058529638408,Ethiopia,True,1.0,1_nonreciprocal,0.0,0.0,1.0,0.0,0.0,8242350.08,0.125,66024.2,0.0,0.0,0.0,True,never_reciprocal,0
ETH,2005,2010,Agriculture,0.821280351553044,0.7688333058125366,4.266999385656739,5.714294279782681,1.1886348594486795,-0.2996978534664821,False,6.975672730055326,9.857665416146126,2.8819926860908005,2.8819926860908005,Ethiopia,True,1.0,1_nonreciprocal,0.0,0.0,1.0,0.0,0.0,12401031.168,0.163,76167.236,0.0,0.0,0.0,True,never_reciprocal,0
ETH,2005,2010,Manufacturing,0.0254382063468595,0.0417971510114791,28.563338278955044,24.178277535309785,-0.1115480800403613,0.3955311042859475,False,6.975672730055326,9.857665416146126,2.8819926860908005,2.8819926860908005,Ethiopia,True,1.0,1_nonreciprocal,0.0,0.0,1.0,0.0,0.0,12401031.168,0.163,76167.236,0.0,0.0,0.0,True,never_reciprocal,0
ETH,2005,2010,Services,0.1532814421000964,0.1893695431759842,17.90608076115955,23.51879010002895,0.8603241815505803,0.8487484743124363,False,6.975672730055326,9.857665416146126,2.8819926860908005,2.8819926860908005,Ethiopia,True,1.0,1_nonreciprocal,0.0,0.0,1.0,0.0,0.0,12401031.168,0.163,76167.236,0.0,0.0,0.0,True,never_reciprocal,0
ETH,2010,2015,Agriculture,0.7688333058125366,0.6889949546700024,5.714294279782681,7.180553342843042,1.1273088026302895,-0.5732835391836008,False,9.857665416146126,13.308681079232464,3.451015663086338,3.4510156630863364,Ethiopia,True,1.0,1_nonreciprocal,0.0,0.0,1.0,0.0,0.0,29933791.232,0.344,87095.284,0.0,0.0,0.0,True,never_reciprocal,0
ETH,2010,2015,Manufacturing,0.0417971510114791,0.0938878488894471,24.178277535309785,23.31314515657454,-0.0361600686789172,1.2143980009363378,False,9.857665416146126,13.308681079232464,3.451015663086338,3.4510156630863364,Ethiopia,True,1.0,1_nonreciprocal,0.0,0.0,1.0,0.0,0.0,29933791.232,0.344,87095.284,0.0,0.0,0.0,True,never_reciprocal,0
ETH,2010,2015,Services,0.1893695431759842,0.2171171964405506,23.51879010002895,28.429323452353422,0.9299054576801205,0.7888470097021065,False,9.857665416146126,13.308681079232464,3.451015663086338,3.4510156630863364,Ethiopia,True,1.0,1_nonreciprocal,0.0,0.0,1.0,0.0,0.0,29933791.232,0.344,87095.284,0.0,0.0,0.0,True,never_reciprocal,0
GHA,1960,1965,Agriculture,0.6805647784747937,0.6834145285893004,1.7540071741390628,1.8873901937627704,0.0907757852025074,0.0053785904207943,False,3.2122795907240174,3.471030338096308,0.2587507473722907,0.2587507473722903,Ghana,True,1.0,1_nonreciprocal,0.0,0.0,1.0,0.0,0.0,1217230.08,0.183,6652.516,0.0,1.0,0.0,True,never_reciprocal,0
GHA,1960,1965,Manufacturing,0.137547849813891,0.1170094903678265,6.622641297711188,8.41218953054833,0.2461485115649973,-0.1727725723068222,False,3.2122795907240174,3.471030338096308,0.2587507473722907,0.2587507473722903,Ghana,True,1.0,1_nonreciprocal,0.0,0.0,1.0,0.0,0.0,1217230.08,0.183,6652.516,0.0,1.0,0.0,True,never_reciprocal,0
GHA,1960,1965,Services,0.1818873717113152,0.1995759810428731,6.089669699455611,5.9969864232195365,-0.0168579175161734,0.106078350006987,False,3.2122795907240174,3.471030338096308,0.2587507473722907,0.2587507473722903,Ghana,True,1.0,1_nonreciprocal,0.0,0.0,1.0,0.0,0.0,1217230.08,0.183,6652.516,0.0,1.0,0.0,True,never_reciprocal,0
GHA,1965,1970,Agriculture,0.6834145285893004,0.6444034326219658,1.8873901937627704,1.9388429818939104,0.0351635829452484,-0.0756363896322566,False,3.471030338096308,3.275490725585377,-0.195539612510931,-0.195539612510931,Ghana,True,1.0,1_nonreciprocal,0.0,0.0,1.0,0.0,0.0,2053462.912,0.266,7710.761,0.0,1.0,0.0,True,never_reciprocal,0
GHA,1965,1970,Manufacturing,0.1170094903678265,0.1372423422176597,8.41218953054833,6.899491621350104,-0.1770000114357612,0.139596391813942,False,3.471030338096308,3.275490725585377,-0.195539612510931,-0.195539612510931,Ghana,True,1.0,1_nonreciprocal,0.0,0.0,1.0,0.0,0.0,2053462.912,0.266,7710.761,0.0,1.0,0.0,True,never_reciprocal,0
GHA,1965,1970,Services,0.1995759810428731,0.2183542251603746,5.9969864232195365,4.942387818326359,-0.2104725511780013,0.0928093649758976,False,3.471030338096308,3.275490725585377,-0.195539612510931,-0.195539612510931,Ghana,True,1.0,1_nonreciprocal,0.0,0.0,1.0,0.0,0.0,2053462.912,0.266,7710.761,0.0,1.0,0.0,True,never_reciprocal,0
GHA,1970,1975,Agriculture,0.6444034326219658,0.612536492129876,1.9388429818939104,1.5082265312730727,-0.2774907189235551,-0.0480625651206698,False,3.275490725585377,2.66570618563886,-0.6097845399465172,-0.6097845399465168,Ghana,True,1.0,1_nonreciprocal,0.0,0.0,1.0,0.0,0.0,2215028.48,0.258,8597.133,0.0,1.0,0.0,True,never_reciprocal,0
GHA,1970,1975,Manufacturing,0.1372423422176597,0.1581080114179806,6.899491621350104,4.775408263783153,-0.2915141750580391,0.0996420891285779,False,3.275490725585377,2.66570618563886,-0.6097845399465172,-0.6097845399465168,Ghana,True,1.0,1_nonreciprocal,0.0,0.0,1.0,0.0,0.0,2215028.48,0.258,8597.133,0.0,1.0,0.0,True,never_reciprocal,0
GHA,1970,1975,Services,0.2183542251603746,0.2293554964521434,4.942387818326359,4.302631102393505,-0.1396935819986641,0.0473344120258334,False,3.275490725585377,2.66570618563886,-0.6097845399465172,-0.6097845399465168,Ghana,True,1.0,1_nonreciprocal,0.0,0.0,1.0,0.0,0.0,2215028.48,0.258,8597.133,0.0,1.0,0.0,True,never_reciprocal,0
GHA,1975,1980,Agriculture,0.612536492129876,0.6366247021975733,1.5082265312730727,1.475724526238857,-0.019908664150846,0.0355475623900945,False,2.66570618563886,2.3543717585956507,-0.3113344270432092,-0.3113344270432092,Ghana,True,1.0,1_nonreciprocal,0.0,0.0,1.0,0.0,0.0,2810106.368,0.286,9831.636,0.0,1.0,0.0,True,never_reciprocal,0
GHA,1975,1980,Manufacturing,0.1581080114179806,0.1531272809195462,4.775408263783153,3.430485610253711,-0.2126430462605337,-0.0170863243034306,False,2.66570618563886,2.3543717585956507,-0.3113344270432092,-0.3113344270432092,Ghana,True,1.0,1_nonreciprocal,0.0,0.0,1.0,0.0,0.0,2810106.368,0.286,9831.636,0.0,1.0,0.0,True,never_reciprocal,0
GHA,1975,1980,Services,0.2293554964521434,0.2102480168828804,4.302631102393505,4.23113687829432,-0.0163975932617293,-0.0808463614567638,False,2.66570618563886,2.3543717585956507,-0.3113344270432092,-0.3113344270432092,Ghana,True,1.0,1_nonreciprocal,0.0,0.0,1.0,0.0,0.0,2810106.368,0.286,9831.636,0.0,1.0,0.0,True,never_reciprocal,0
GHA,1980,1985,Agriculture,0.6366247021975733,0.658230361178051,1.475724526238857,1.1025104114818924,-0.2375973246630834,0.0238204639729039,False,2.3543717585956507,1.928478595196412,-0.4258931633992391,-0.4258931633992392,Ghana,True,1.0,1_nonreciprocal,0.0,0.0,1.0,0.0,0.0,4445228.032,0.412,10802.497,0.0,1.0,0.0,True,never_reciprocal,0
GHA,1980,1985,Manufacturing,0.1531272809195462,0.1272745043950396,3.430485610253711,2.53185202500929,-0.1376053174514615,-0.0654554045956848,False,2.3543717585956507,1.928478595196412,-0.4258931633992391,-0.4258931633992392,Ghana,True,1.0,1_nonreciprocal,0.0,0.0,1.0,0.0,0.0,4445228.032,0.412,10802.497,0.0,1.0,0.0,True,never_reciprocal,0
GHA,1980,1985,Services,0.2102480168828804,0.2144951344269093,4.23113687829432,4.105140004746991,-0.026490592796769,0.0174350121348557,False,2.3543717585956507,1.928478595196412,-0.4258931633992391,-0.4258931633992392,Ghana,True,1.0,1_nonreciprocal,0.0,0.0,1.0,0.0,0.0,4445228.032,0.412,10802.497,0.0,1.0,0.0,True,never_reciprocal,0
GHA,1985,1990,Agriculture,0.658230361178051,0.6114089697030669,1.1025104114818924,1.1708661908016906,0.0449938493102779,-0.0548215842843493,False,1.928478595196412,2.2708188845525425,0.3423402893561309,0.3423402893561307,Ghana,True,1.0,1_nonreciprocal,0.0,0.0,1.0,0.0,0.0,4504342.016,0.354,12716.887,0.0,1.0,0.0,True,never_reciprocal,0
GHA,1985,1990,Manufacturing,0.1272745043950396,0.1406834037476085,2.53185202500929,2.909313316548669,0.048041198808986,0.0390106894466895,False,1.928478595196412,2.2708188845525425,0.3423402893561309,0.3423402893561307,Ghana,True,1.0,1_nonreciprocal,0.0,0.0,1.0,0.0,0.0,4504342.016,0.354,12716.887,0.0,1.0,0.0,True,never_reciprocal,0
GHA,1985,1990,Services,0.2144951344269093,0.2479076265493245,4.105140004746991,4.621272484354464,0.110707905595499,0.1544082304790275,False,1.928478595196412,2.2708188845525425,0.3423402893561309,0.3423402893561307,Ghana,True,1.0,1_nonreciprocal,0.0,0.0,1.0,0.0,0.0,4504342.016,0.354,12716.887,0.0,1.0,0.0,True,never_reciprocal,0
GHA,1990,1995,Agriculture,0.6114089697030669,0.6335164801612331,1.1708661908016906,1.4721881697401304,0.1842309606916407,0.0325464153589184,False,2.2708188845525425,2.644201186787025,0.3733823022344826,0.3733823022344827,Ghana,True,1.0,1_nonreciprocal,0.0,0.0,1.0,0.0,0.0,5889175.04,0.403,14628.693,0.0,1.0,0.0,True,never_reciprocal,0
GHA,1990,1995,Manufacturing,0.1406834037476085,0.1297652949942623,2.909313316548669,3.3881549677066896,0.0673650733410353,-0.0369922444106117,False,2.2708188845525425,2.644201186787025,0.3733823022344826,0.3733823022344827,Ghana,True,1.0,1_nonreciprocal,0.0,0.0,1.0,0.0,0.0,5889175.04,0.403,14628.693,0.0,1.0,0.0,True,never_reciprocal,0
GHA,1990,1995,Services,0.2479076265493245,0.2367182248445045,4.621272484354464,5.372973675022229,0.1863524580527468,-0.0601203607992468,False,2.2708188845525425,2.644201186787025,0.3733823022344826,0.3733823022344827,Ghana,True,1.0,1_nonreciprocal,0.0,0.0,1.0,0.0,0.0,5889175.04,0.403,14628.693,0.0,1.0,0.0,True,never_reciprocal,0
GHA,1995,2000,Agriculture,0.6335164801612331,0.616911241093199,1.4721881697401304,1.6964830036964762,0.1420944737263723,-0.0281705058512366,False,2.644201186787025,3.0854027000994027,0.4412015133123774,0.4412015133123779,Ghana,True,1.0,1_nonreciprocal,0.0,0.0,1.0,0.0,0.0,6464389.632,0.386,16760.925,1.0,1.0,0.0,True,never_reciprocal,0
GHA,1995,2000,Manufacturing,0.1297652949942623,0.1340970999966727,3.3881549677066896,3.7943856491810526,0.0527146442172409,0.0164365387361968,False,2.644201186787025,3.0854027000994027,0.4412015133123774,0.4412015133123779,Ghana,True,1.0,1_nonreciprocal,0.0,0.0,1.0,0.0,0.0,6464389.632,0.386,16760.925,1.0,1.0,0.0,True,never_reciprocal,0
GHA,1995,2000,Services,0.2367182248445045,0.2489916589101283,5.372973675022229,6.14481288115585,0.1827084067413422,0.0754179557424622,False,2.644201186787025,3.0854027000994027,0.4412015133123774,0.4412015133123779,Ghana,True,1.0,1_nonreciprocal,0.0,0.0,1.0,0.0,0.0,6464389.632,0.386,16760.925,1.0,1.0,0.0,True,never_reciprocal,0
GHA,2000,2005,Agriculture,0.616911241093199,0.5629285475295025,1.6964830036964762,2.1231921746073423,0.2632416842124723,-0.1146156325386664,False,3.0854027000994027,3.555428140517489,0.4700254404180866,0.4700254404180862,Ghana,True,1.0,1_nonreciprocal,0.0,0.0,1.0,0.0,0.0,4982849.024,0.265,18825.033,1.0,1.0,0.0,True,never_reciprocal,0
GHA,2000,2005,Manufacturing,0.1340970999966727,0.1391776747464034,3.7943856491810526,4.1631824242243205,0.0494545780214275,0.0211513595030367,False,3.0854027000994027,3.555428140517489,0.4700254404180866,0.4700254404180862,Ghana,True,1.0,1_nonreciprocal,0.0,0.0,1.0,0.0,0.0,4982849.024,0.265,18825.033,1.0,1.0,0.0,True,never_reciprocal,0
GHA,2000,2005,Services,0.2489916589101283,0.297893777724094,6.14481288115585,5.977971805240237,-0.0415420362665789,0.2923354874863949,False,3.0854027000994027,3.555428140517489,0.4700254404180866,0.4700254404180862,Ghana,True,1.0,1_nonreciprocal,0.0,0.0,1.0,0.0,0.0,4982849.024,0.265,18825.033,1.0,1.0,0.0,True,never_reciprocal,0
GHA,2005,2010,Agriculture,0.5629285475295025,0.4986779986268839,2.1231921746073423,2.658552803863828,0.3013697814318338,-0.1708134769348465,False,3.555428140517489,4.455726698869234,0.9002985583517447,0.9002985583517451,Ghana,True,1.0,1_nonreciprocal,0.0,0.0,1.0,0.0,0.0,10731883.52,0.502,21384.033,1.0,1.0,1.0,True,switched_during_interval,1
GHA,2005,2010,Manufacturing,0.1391776747464034,0.1348660446742017,4.1631824242243205,5.83293718375455,0.2323925848281573,-0.0251494673707396,False,3.555428140517489,4.455726698869234,0.9002985583517447,0.9002985583517451,Ghana,True,1.0,1_nonreciprocal,0.0,0.0,1.0,0.0,0.0,10731883.52,0.502,21384.033,1.0,1.0,1.0,True,switched_during_interval,1
GHA,2005,2010,Services,0.297893777724094,0.3664559566989143,5.977971805240237,6.394492155884823,0.1240788207524798,0.4384203156448601,False,3.555428140517489,4.455726698869234,0.9002985583517447,0.9002985583517451,Ghana,True,1.0,1_nonreciprocal,0.0,0.0,1.0,0.0,0.0,10731883.52,0.502,21384.033,1.0,1.0,1.0,True,switched_during_interval,1
GHA,2010,2015,Agriculture,0.4986779986268839,0.3517760827650416,2.658552803863828,3.8963739275769735,0.6172741606313521,-0.5723847948751889,False,4.455726698869234,6.06039215888052,1.6046654600112855,1.6046654600112855,Ghana,True,2.0,2_reciprocal_pta,1.0,0.0,0.0,0.6089445492239156,0.3763033230185896,32174839.808,1.326,24262.901,1.0,1.0,1.0,True,always_reciprocal,1
GHA,2010,2015,Manufacturing,0.1348660446742017,0.1822435921748684,5.83293718375455,6.9418714034566165,0.14955757201509,0.3288888421607856,False,4.455726698869234,6.06039215888052,1.6046654600112855,1.6046654600112855,Ghana,True,2.0,2_reciprocal_pta,1.0,0.0,0.0,0.6089445492239156,0.3763033230185896,32174839.808,1.326,24262.901,1.0,1.0,1.0,True,always_reciprocal,1
GHA,2010,2015,Services,0.3664559566989143,0.4659803250600899,6.394492155884823,7.34930046719484,0.3498951931851873,0.7314344868940594,False,4.455726698869234,6.06039215888052,1.6046654600112855,1.6046654600112855,Ghana,True,2.0,2_reciprocal_pta,1.0,0.0,0.0,0.6089445492239156,0.3763033230185896,32174839.808,1.326,24262.901,1.0,1.0,1.0,True,always_reciprocal,1
KEN,1970,1975,Agriculture,0.8735112438724127,0.861878563463105,70.28130588978593,68.19217757590772,-1.824877072064828,-0.7932578081552977,False,163.37154019348245,170.13653317288924,6.764992979406799,6.764992979406806,Kenya,True,1.0,1_nonreciprocal,0.0,0.0,1.0,0.0,0.0,1603447.296,0.142,11252.466,0.0,1.0,0.0,True,never_reciprocal,0
KEN,1970,1975,Manufacturing,0.0151667908950381,0.0147607460977567,1809.2706325926083,2137.947191964676,4.9849686480967454,-0.8681023341596577,False,163.37154019348245,170.13653317288924,6.764992979406799,6.764992979406806,Kenya,True,1.0,1_nonreciprocal,0.0,0.0,1.0,0.0,0.0,1603447.296,0.142,11252.466,0.0,1.0,0.0,True,never_reciprocal,0
KEN,1970,1975,Services,0.111321965232549,0.1233606904391382,669.5821417807508,646.927811195378,-2.5219246017915435,7.788186147481388,False,163.37154019348245,170.13653317288924,6.764992979406799,6.764992979406806,Kenya,True,1.0,1_nonreciprocal,0.0,0.0,1.0,0.0,0.0,1603447.296,0.142,11252.466,0.0,1.0,0.0,True,never_reciprocal,0
KEN,1975,1980,Agriculture,0.861878563463105,0.8479923144542036,68.19217757590772,60.66946179011733,-6.483667474798244,-0.8424712536535945,False,170.13653317288924,173.15112732335626,3.014594150467019,3.0145941504670235,Kenya,True,1.0,1_nonreciprocal,0.0,0.0,1.0,0.0,0.0,3259344.896,0.242,13486.241,0.0,1.0,0.0,True,never_reciprocal,0
KEN,1975,1980,Manufacturing,0.0147607460977567,0.0162834766653694,2137.947191964676,2079.422229078137,-0.8638721175488339,3.1663997911905017,False,170.13653317288924,173.15112732335626,3.014594150467019,3.0145941504670235,Kenya,True,1.0,1_nonreciprocal,0.0,0.0,1.0,0.0,0.0,3259344.896,0.242,13486.241,0.0,1.0,0.0,True,never_reciprocal,0
KEN,1975,1980,Services,0.1233606904391382,0.1357242088804269,646.927811195378,647.2217991412997,0.0362665559896831,8.001938649287512,False,170.13653317288924,173.15112732335626,3.014594150467019,3.0145941504670235,Kenya,True,1.0,1_nonreciprocal,0.0,0.0,1.0,0.0,0.0,3259344.896,0.242,13486.241,0.0,1.0,0.0,True,never_reciprocal,0
KEN,1980,1985,Agriculture,0.8479923144542036,0.8273296770852454,60.66946179011733,61.96847281225,1.1015513631598013,-1.2804320820276691,False,173.15112732335626,178.3956338631291,5.2445065397728285,5.24450653977282,Kenya,True,1.0,1_nonreciprocal,0.0,0.0,1.0,0.0,0.0,7265315.328,0.447,16267.906,0.0,1.0,0.0,True,never_reciprocal,0
KEN,1980,1985,Manufacturing,0.0162834766653694,0.0170835436699687,2079.422229078137,2003.136243890369,-1.2422010596997388,1.6026432144536915,False,173.15112732335626,178.3956338631291,5.2445065397728285,5.24450653977282,Kenya,True,1.0,1_nonreciprocal,0.0,0.0,1.0,0.0,0.0,7265315.328,0.447,16267.906,0.0,1.0,0.0,True,never_reciprocal,0
KEN,1980,1985,Services,0.1357242088804269,0.155586779244786,647.2217991412997,597.1369303579161,-6.797729192504735,11.86067429639147,False,173.15112732335626,178.3956338631291,5.2445065397728285,5.24450653977282,Kenya,True,1.0,1_nonreciprocal,0.0,0.0,1.0,0.0,0.0,7265315.328,0.447,16267.906,0.0,1.0,0.0,True,never_reciprocal,0
KEN,1985,1990,Agriculture,0.8273296770852454,0.7983510822211832,61.96847281225,68.21262049547232,5.165968686432908,-1.9767058939543167,False,178.3956338631291,196.44355349008612,18.047919626957054,18.047919626957043,Kenya,True,1.0,1_nonreciprocal,0.0,0.0,1.0,0.0,0.0,6135034.368,0.312,19660.019,0.0,1.0,0.0,True,never_reciprocal,0
KEN,1985,1990,Manufacturing,0.0170835436699687,0.0233515540471626,2003.136243890369,1634.025479477181,-6.305719862908237,10.242088661962274,False,178.3956338631291,196.44355349008612,18.047919626957054,18.047919626957043,Kenya,True,1.0,1_nonreciprocal,0.0,0.0,1.0,0.0,0.0,6135034.368,0.312,19660.019,0.0,1.0,0.0,True,never_reciprocal,0
KEN,1985,1990,Services,0.155586779244786,0.178297363731654,597.1369303579161,582.3355860392757,-2.302893491030374,13.22518152645479,False,178.3956338631291,196.44355349008612,18.047919626957054,18.047919626957043,Kenya,True,1.0,1_nonreciprocal,0.0,0.0,1.0,0.0,0.0,6135034.368,0.312,19660.019,0.0,1.0,0.0,True,never_reciprocal,0
KEN,1990,1995,Agriculture,0.7983510822211832,0.7399030718141665,68.21262049547232,61.596013182113445,-5.282375609252655,-3.6001644194989075,False,196.44355349008612,181.76175656117363,-14.68179692891252,-14.681796928912489,Kenya,True,1.0,1_nonreciprocal,0.0,0.0,1.0,0.0,0.0,8572359.168,0.366,23446.44,0.0,1.0,0.0,True,never_reciprocal,0
KEN,1990,1995,Manufacturing,0.0233515540471626,0.0341820168113701,1634.025479477181,1011.0637708366996,-14.547124008631004,10.9502885222861,False,196.44355349008612,181.76175656117363,-14.68179692891252,-14.681796928912489,Kenya,True,1.0,1_nonreciprocal,0.0,0.0,1.0,0.0,0.0,8572359.168,0.366,23446.44,0.0,1.0,0.0,True,never_reciprocal,0
KEN,1990,1995,Services,0.178297363731654,0.2259149113744633,582.3355860392757,449.84404865451546,-23.62289183245663,21.42047041864061,False,196.44355349008612,181.76175656117363,-14.68179692891252,-14.681796928912489,Kenya,True,1.0,1_nonreciprocal,0.0,0.0,1.0,0.0,0.0,8572359.168,0.366,23446.44,0.0,1.0,0.0,True,never_reciprocal,0
KEN,1995,2000,Agriculture,0.7399030718141665,0.6824390786338641,61.596013182113445,65.57172560229598,2.941641832342795,-3.768013192830995,False,181.76175656117363,173.45609135710862,-8.305665204065008,-8.30566520406504,Kenya,True,1.0,1_nonreciprocal,0.0,0.0,1.0,0.0,0.0,9046320.128,0.33,27418.077,1.0,1.0,0.0,True,never_reciprocal,0
KEN,1995,2000,Manufacturing,0.0341820168113701,0.0472099336627446,1011.0637708366996,647.4275109973288,-12.429820747053148,8.434631780565553,False,181.76175656117363,173.45609135710862,-8.305665204065008,-8.30566520406504,Kenya,True,1.0,1_nonreciprocal,0.0,0.0,1.0,0.0,0.0,9046320.128,0.33,27418.077,1.0,1.0,0.0,True,never_reciprocal,0
KEN,1995,2000,Services,0.2259149113744633,0.2703509877033911,449.84404865451546,363.0183649068072,-19.6152166488907,16.131111771801457,False,181.76175656117363,173.45609135710862,-8.305665204065008,-8.30566520406504,Kenya,True,1.0,1_nonreciprocal,0.0,0.0,1.0,0.0,0.0,9046320.128,0.33,27418.077,1.0,1.0,0.0,True,never_reciprocal,0
KEN,2000,2005,Agriculture,0.6824390786338641,0.6534572306196131,65.57172560229598,72.28863966810427,4.583884646333046,-2.095058368017951,False,173.45609135710862,180.673741330996,7.217649973887376,7.217649973887365,Kenya,True,1.0,1_nonreciprocal,0.0,0.0,1.0,0.0,0.0,12705350.656,0.406,31285.049,1.0,1.0,0.0,True,never_reciprocal,0
KEN,2000,2005,Manufacturing,0.0472099336627446,0.0561654526366523,647.4275109973288,571.4772567150892,-3.585606466333121,5.117875415668715,False,173.45609135710862,180.673741330996,7.217649973887376,7.217649973887365,Kenya,True,1.0,1_nonreciprocal,0.0,0.0,1.0,0.0,0.0,12705350.656,0.406,31285.049,1.0,1.0,0.0,True,never_reciprocal,0
KEN,2000,2005,Services,0.2703509877033911,0.2903773167437344,363.0183649068072,348.990511344577,-3.792444065907463,6.988998812144138,False,173.45609135710862,180.673741330996,7.217649973887376,7.217649973887365,Kenya,True,1.0,1_nonreciprocal,0.0,0.0,1.0,0.0,0.0,12705350.656,0.406,31285.049,1.0,1.0,0.0,True,never_reciprocal,0
KEN,2005,2010,Agriculture,0.6534572306196131,0.618291094877178,72.28863966810427,92.28894554546376,13.069344490164507,-3.24544558657798,False,180.673741330996,210.2402751130686,29.56653378207261,29.56653378207264,Kenya,True,1.0,1_nonreciprocal,0.0,0.0,1.0,0.0,0.0,18737895.424,0.524,35785.717,1.0,1.0,1.0,True,switched_during_interval,1
KEN,2005,2010,Manufacturing,0.0561654526366523,0.0617783037828374,571.4772567150892,616.6781244823042,2.5387271977151,3.461322517827724,False,180.673741330996,210.2402751130686,29.56653378207261,29.56653378207264,Kenya,True,1.0,1_nonreciprocal,0.0,0.0,1.0,0.0,0.0,18737895.424,0.524,35785.717,1.0,1.0,1.0,True,switched_during_interval,1
KEN,2005,2010,Services,0.2903773167437344,0.3199306013399846,348.990511344577,359.70773953539464,3.112039964979936,10.630545197963349,False,180.673741330996,210.2402751130686,29.56653378207261,29.56653378207264,Kenya,True,1.0,1_nonreciprocal,0.0,0.0,1.0,0.0,0.0,18737895.424,0.524,35785.717,1.0,1.0,1.0,True,switched_during_interval,1
KEN,2010,2015,Agriculture,0.618291094877178,0.5831117157819289,92.28894554546376,99.43797869277876,4.420183531966635,-3.498166348898572,False,210.2402751130686,227.5314740457737,17.29119893270513,17.291198932705115,Kenya,True,2.0,2_reciprocal_pta,1.0,0.0,0.0,0.5603798215817131,0.3763033230185896,40000114.688,0.978,40909.195,1.0,1.0,1.0,True,always_reciprocal,1
KEN,2010,2015,Manufacturing,0.0617783037828374,0.0707378430812784,616.6781244823042,594.3797880930763,-1.377553399305617,5.325369069618986,False,210.2402751130686,227.5314740457737,17.29119893270513,17.291198932705115,Kenya,True,2.0,2_reciprocal_pta,1.0,0.0,0.0,0.5603798215817131,0.3763033230185896,40000114.688,0.978,40909.195,1.0,1.0,1.0,True,always_reciprocal,1
KEN,2010,2015,Services,0.3199306013399846,0.3461504411367927,359.70773953539464,368.3452751838097,2.763411974092981,9.6579541052307,False,210.2402751130686,227.5314740457737,17.29119893270513,17.291198932705115,Kenya,True,2.0,2_reciprocal_pta,1.0,0.0,0.0,0.5603798215817131,0.3763033230185896,40000114.688,0.978,40909.195,1.0,1.0,1.0,True,always_reciprocal,1
LSO,1970,1975,Agriculture,0.7203628195969979,0.7434798880340051,2.868214309721484,2.76288353649889,-0.075876372788959,0.0638697677967254,False,13.308967651998096,11.598871441923,-1.7100962100750952,-1.7100962100750934,Lesotho,True,1.0,1_nonreciprocal,0.0,0.0,1.0,0.0,0.0,68739.976,0.067,1032.24,0.0,0.0,0.0,True,never_reciprocal,0
LSO,1970,1975,Manufacturing,0.0604731478633266,0.0566321543200743,18.3510836531371,21.162844517323947,0.1700360304962864,-0.0812863491478944,False,13.308967651998096,11.598871441923,-1.7100962100750952,-1.7100962100750934,Lesotho,True,1.0,1_nonreciprocal,0.0,0.0,1.0,0.0,0.0,68739.976,0.067,1032.24,0.0,0.0,0.0,True,never_reciprocal,0
LSO,1970,1975,Services,0.2191640325396754,0.1998879576459205,46.23507238851264,41.754519488279534,-0.9819760416224244,-0.8048632448088274,False,13.308967651998096,11.598871441923,-1.7100962100750952,-1.7100962100750934,Lesotho,True,1.0,1_nonreciprocal,0.0,0.0,1.0,0.0,0.0,68739.976,0.067,1032.24,0.0,0.0,0.0,True,never_reciprocal,0
LSO,1975,1980,Agriculture,0.7434798880340051,0.723262424636851,2.76288353649889,2.7763678189299945,0.010025292792096,-0.0561311147562538,False,11.598871441923,12.10567477753133,0.5068033356083301,0.5068033356083286,Lesotho,True,1.0,1_nonreciprocal,0.0,0.0,1.0,0.0,0.0,149558.944,0.13,1149.09,0.0,0.0,0.0,True,never_reciprocal,0
LSO,1975,1980,Manufacturing,0.0566321543200743,0.0570626834392988,21.162844517323947,22.99468627750006,0.1037411452522501,0.0098998820298958,False,11.598871441923,12.10567477753133,0.5068033356083301,0.5068033356083286,Lesotho,True,1.0,1_nonreciprocal,0.0,0.0,1.0,0.0,0.0,149558.944,0.13,1149.09,0.0,0.0,0.0,True,never_reciprocal,0
LSO,1975,1980,Services,0.1998879576459205,0.2196748919238502,41.754519488279534,39.99316297073583,-0.3520739569781417,0.7913420872684821,False,11.598871441923,12.10567477753133,0.5068033356083301,0.5068033356083286,Lesotho,True,1.0,1_nonreciprocal,0.0,0.0,1.0,0.0,0.0,149558.944,0.13,1149.09,0.0,0.0,0.0,True,never_reciprocal,0
LSO,1980,1985,Agriculture,0.723262424636851,0.6742336683341164,2.7763678189299945,2.9580510921198844,0.1314046846832791,-0.1450295661265838,False,12.10567477753133,11.641124111078897,-0.4645506664524355,-0.4645506664524352,Lesotho,True,1.0,1_nonreciprocal,0.0,0.0,1.0,0.0,0.0,431542.688,0.33,1307.403,0.0,0.0,0.0,True,never_reciprocal,0
LSO,1980,1985,Manufacturing,0.0570626834392988,0.0621326708638701,22.99468627750006,17.58307420366794,-0.3088011066653696,0.0891459650979011,False,12.10567477753133,11.641124111078897,-0.4645506664524355,-0.4645506664524352,Lesotho,True,1.0,1_nonreciprocal,0.0,0.0,1.0,0.0,0.0,431542.688,0.33,1307.403,0.0,0.0,0.0,True,never_reciprocal,0
LSO,1980,1985,Services,0.2196748919238502,0.2636336608020135,39.99316297073583,32.44738583011144,-1.6576177778481218,1.4263471344064598,False,12.10567477753133,11.641124111078897,-0.4645506664524355,-0.4645506664524352,Lesotho,True,1.0,1_nonreciprocal,0.0,0.0,1.0,0.0,0.0,431542.688,0.33,1307.403,0.0,0.0,0.0,True,never_reciprocal,0
LSO,1985,1990,Agriculture,0.6742336683341164,0.6662079390278197,2.9580510921198844,3.2335527157204047,0.1857524703121837,-0.0259516187940123,False,11.641124111078897,16.21321190209231,4.572087791013416,4.572087791013416,Lesotho,True,1.0,1_nonreciprocal,0.0,0.0,1.0,0.0,0.0,247680.8,0.169,1467.856,0.0,0.0,0.0,True,never_reciprocal,0
LSO,1985,1990,Manufacturing,0.0621326708638701,0.0639491423837801,17.58307420366794,40.0905881311676,1.3984519548213104,0.0728234115567065,False,11.641124111078897,16.21321190209231,4.572087791013416,4.572087791013416,Lesotho,True,1.0,1_nonreciprocal,0.0,0.0,1.0,0.0,0.0,247680.8,0.169,1467.856,0.0,0.0,0.0,True,never_reciprocal,0
LSO,1985,1990,Services,0.2636336608020135,0.2698429185884003,32.44738583011144,42.59972706750524,2.6764988861253687,0.2645126869918599,False,11.641124111078897,16.21321190209231,4.572087791013416,4.572087791013416,Lesotho,True,1.0,1_nonreciprocal,0.0,0.0,1.0,0.0,0.0,247680.8,0.169,1467.856,0.0,0.0,0.0,True,never_reciprocal,0
LSO,1990,1995,Agriculture,0.6662079390278197,0.6651740481413725,3.2335527157204047,3.4292523144927367,0.1303766263666865,-0.0035454727152821,False,16.21321190209231,23.88209494506797,7.668883042975658,7.668883042975659,Lesotho,True,1.0,1_nonreciprocal,0.0,0.0,1.0,0.0,0.0,544578.752,0.341,1597.534,0.0,1.0,0.0,True,never_reciprocal,0
LSO,1990,1995,Manufacturing,0.0639491423837801,0.0663721676219872,40.0905881311676,74.19085848987379,2.1806830444943,0.1797663225652179,False,16.21321190209231,23.88209494506797,7.668883042975658,7.668883042975659,Lesotho,True,1.0,1_nonreciprocal,0.0,0.0,1.0,0.0,0.0,544578.752,0.341,1597.534,0.0,1.0,0.0,True,never_reciprocal,0
LSO,1990,1995,Services,0.2698429185884003,0.2684537842366403,42.59972706750524,62.12181829602781,5.26789807405354,-0.0862955517888031,False,16.21321190209231,23.88209494506797,7.668883042975658,7.668883042975659,Lesotho,True,1.0,1_nonreciprocal,0.0,0.0,1.0,0.0,0.0,544578.752,0.341,1597.534,0.0,1.0,0.0,True,never_reciprocal,0
LSO,1995,2000,Agriculture,0.6651740481413725,0.6954768563577195,3.4292523144927367,3.142574618312841,-0.1906905636798236,0.0952288359642939,False,23.88209494506797,23.83129030604548,-0.0508046390224876,-0.0508046390224903,Lesotho,True,1.0,1_nonreciprocal,0.0,0.0,1.0,0.0,0.0,859092.096,0.49,1753.824,1.0,1.0,0.0,True,never_reciprocal,0
LSO,1995,2000,Manufacturing,0.0663721676219872,0.0706710584462331,74.19085848987379,73.9878096119617,-0.013476794160238,0.3180655158469132,False,23.88209494506797,23.83129030604548,-0.0508046390224876,-0.0508046390224903,Lesotho,True,1.0,1_nonreciprocal,0.0,0.0,1.0,0.0,0.0,859092.096,0.49,1753.824,1.0,1.0,0.0,True,never_reciprocal,0
LSO,1995,2000,Services,0.2684537842366403,0.2338520851960474,62.12181829602781,70.20209188416281,2.169180022402219,-2.429111655395855,False,23.88209494506797,23.83129030604548,-0.0508046390224876,-0.0508046390224903,Lesotho,True,1.0,1_nonreciprocal,0.0,0.0,1.0,0.0,0.0,859092.096,0.49,1753.824,1.0,1.0,0.0,True,never_reciprocal,0
LSO,2000,2005,Agriculture,0.6954768563577195,0.718650029569654,3.142574618312841,2.025399484502324,-0.7769694500635529,0.0469349330777351,False,23.83129030604548,21.96746707363992,-1.863823232405565,-1.8638232324055648,Lesotho,True,1.0,1_nonreciprocal,0.0,0.0,1.0,0.0,0.0,771258.56,0.415,1856.225,1.0,1.0,0.0,True,never_reciprocal,0
LSO,2000,2005,Manufacturing,0.0706710584462331,0.0776152259833399,73.9878096119617,72.04694451394629,-0.1371629907781009,0.500306053241483,False,23.83129030604548,21.96746707363992,-1.863823232405565,-1.8638232324055648,Lesotho,True,1.0,1_nonreciprocal,0.0,0.0,1.0,0.0,0.0,771258.56,0.415,1856.225,1.0,1.0,0.0,True,never_reciprocal,0
LSO,2000,2005,Services,0.2338520851960474,0.2037347444470061,70.20209188416281,73.23234843840652,0.7086318138888803,-2.2055635917720093,False,23.83129030604548,21.96746707363992,-1.863823232405565,-1.8638232324055648,Lesotho,True,1.0,1_nonreciprocal,0.0,0.0,1.0,0.0,0.0,771258.56,0.415,1856.225,1.0,1.0,0.0,True,never_reciprocal,0
LSO,2005,2010,Agriculture,0.718650029569654,0.6922147272044051,2.025399484502324,2.046142460091057,0.0149069400202053,-0.0540903946148811,False,21.96746707363992,25.51369197378294,3.546224900143024,3.5462249001430264,Lesotho,True,1.0,1_nonreciprocal,0.0,0.0,1.0,0.0,0.0,1368346.496,0.711,1925.844,1.0,1.0,1.0,True,switched_during_interval,1
LSO,2005,2010,Manufacturing,0.0776152259833399,0.0884192332750514,72.04694451394629,77.00862826699195,0.3851022057505055,0.8320017813212776,False,21.96746707363992,25.51369197378294,3.546224900143024,3.5462249001430264,Lesotho,True,1.0,1_nonreciprocal,0.0,0.0,1.0,0.0,0.0,1368346.496,0.711,1925.844,1.0,1.0,1.0,True,switched_during_interval,1
LSO,2005,2010,Services,0.2037347444470061,0.2193660395205433,73.23234843840652,78.81018502136817,1.136399110796854,1.2319052568690647,False,21.96746707363992,25.51369197378294,3.546224900143024,3.5462249001430264,Lesotho,True,1.0,1_nonreciprocal,0.0,0.0,1.0,0.0,0.0,1368346.496,0.711,1925.844,1.0,1.0,1.0,True,switched_during_interval,1
LSO,2010,2015,Agriculture,0.6922147272044051,0.6780793430163506,2.046142460091057,2.2882742663640245,0.1676072022267521,-0.032345635882694,False,25.51369197378294,29.0801586037908,3.56646663000786,3.5664666300078567,Lesotho,True,3.0,3_fta,1.0,1.0,0.0,0.3223059385772527,0.4001024220400796,2175685.632,1.083,2008.921,1.0,1.0,1.0,True,always_reciprocal,1
LSO,2010,2015,Manufacturing,0.0884192332750514,0.0908152639325978,77.00862826699195,71.34839124773019,-0.5004738173981871,0.1709529327961767,False,25.51369197378294,29.0801586037908,3.56646663000786,3.5664666300078567,Lesotho,True,3.0,3_fta,1.0,1.0,0.0,0.3223059385772527,0.4001024220400796,2175685.632,1.083,2008.921,1.0,1.0,1.0,True,always_reciprocal,1
LSO,2010,2015,Services,0.2193660395205433,0.2311053930510514,78.81018502136817,91.07967508847722,2.6915094429583566,1.0692165053074525,False,25.51369197378294,29.0801586037908,3.56646663000786,3.5664666300078567,Lesotho,True,3.0,3_fta,1.0,1.0,0.0,0.3223059385772527,0.4001024220400796,2175685.632,1.083,2008.921,1.0,1.0,1.0,True,always_reciprocal,1
MAR,1970,1975,Agriculture,0.6359282916163791,0.6115480587501972,22.105435628950588,19.89808944293097,-1.4037138890813852,-0.4851200542107717,False,54.29101734236855,64.91999298352961,10.628975641161064,10.628975641161064,Morocco,True,0.0,0_none,0.0,0.0,0.0,0.0,0.0,3956328.448,0.249,15916.387,0.0,0.0,0.0,True,never_reciprocal,0
MAR,1970,1975,Manufacturing,0.1306022308660689,0.1473677589441964,134.02893611706855,158.49483312715975,3.1953007296573954,2.657249575031535,False,54.29101734236855,64.91999298352961,10.628975641161064,10.628975641161064,Morocco,True,0.0,0_none,0.0,0.0,0.0,0.0,0.0,3956328.448,0.249,15916.387,0.0,0.0,0.0,True,never_reciprocal,0
MAR,1970,1975,Services,0.233469477517552,0.2410841823056063,97.3534853960104,121.9255712613374,5.736832048494322,0.9284272312699672,False,54.29101734236855,64.91999298352961,10.628975641161064,10.628975641161064,Morocco,True,0.0,0_none,0.0,0.0,0.0,0.0,0.0,3956328.448,0.249,15916.387,0.0,0.0,0.0,True,never_reciprocal,0
MAR,1975,1980,Agriculture,0.6115480587501972,0.566390387425677,19.89808944293097,24.15784738382784,2.605046699501217,-1.0909121320668178,False,64.91999298352961,75.33373178680648,10.413738803276871,10.413738803276855,Morocco,True,1.0,1_nonreciprocal,0.0,0.0,1.0,0.0,0.0,8984823.808,0.508,17685.326,0.0,0.0,0.0,True,never_reciprocal,0
MAR,1975,1980,Manufacturing,0.1473677589441964,0.1710828608033156,158.49483312715975,144.15925399737543,-2.112602169523509,3.418751392482396,False,64.91999298352961,75.33373178680648,10.413738803276871,10.413738803276855,Morocco,True,1.0,1_nonreciprocal,0.0,0.0,1.0,0.0,0.0,8984823.808,0.508,17685.326,0.0,0.0,0.0,True,never_reciprocal,0
MAR,1975,1980,Services,0.2410841823056063,0.2625267517710073,121.9255712613374,140.89147644210428,4.572379742190844,3.0210752706927244,False,64.91999298352961,75.33373178680648,10.413738803276871,10.413738803276855,Morocco,True,1.0,1_nonreciprocal,0.0,0.0,1.0,0.0,0.0,8984823.808,0.508,17685.326,0.0,0.0,0.0,True,never_reciprocal,0
MAR,1980,1985,Agriculture,0.566390387425677,0.4937023738587379,24.15784738382784,24.523385009098416,0.2070369971956637,-1.7825561422486167,False,75.33373178680648,74.06003124947371,-1.273700537332772,-1.273700537332762,Morocco,True,1.0,1_nonreciprocal,0.0,0.0,1.0,0.0,0.0,21079357.44,1.065,19798.702,0.0,0.0,0.0,True,never_reciprocal,0
MAR,1980,1985,Manufacturing,0.1710828608033156,0.2269651695647827,144.15925399737543,102.606092726653,-7.109033705616734,5.733865354558547,False,75.33373178680648,74.06003124947371,-1.273700537332772,-1.273700537332762,Morocco,True,1.0,1_nonreciprocal,0.0,0.0,1.0,0.0,0.0,21079357.44,1.065,19798.702,0.0,0.0,0.0,True,never_reciprocal,0
MAR,1980,1985,Services,0.2625267517710073,0.2793324565764793,140.89147644210428,138.41846055135832,-0.64923282887562,2.326219787653999,False,75.33373178680648,74.06003124947371,-1.273700537332772,-1.273700537332762,Morocco,True,1.0,1_nonreciprocal,0.0,0.0,1.0,0.0,0.0,21079357.44,1.065,19798.702,0.0,0.0,0.0,True,never_reciprocal,0
MAR,1985,1990,Agriculture,0.4937023738587379,0.4356672387290325,24.523385009098416,31.89538302419803,3.639572920136584,-1.8510528638230437,False,74.06003124947371,79.61511812385831,5.5550868743846,5.555086874384598,Morocco,True,1.0,1_nonreciprocal,0.0,0.0,1.0,0.0,0.0,14294246.4,0.642,22277.54,0.0,0.0,0.0,True,never_reciprocal,0
MAR,1985,1990,Manufacturing,0.2269651695647827,0.2324429965681443,102.606092726653,97.9636477997751,-1.0536733000240048,0.5366279152654112,False,74.06003124947371,79.61511812385831,5.5550868743846,5.555086874384598,Morocco,True,1.0,1_nonreciprocal,0.0,0.0,1.0,0.0,0.0,14294246.4,0.642,22277.54,0.0,0.0,0.0,True,never_reciprocal,0
MAR,1985,1990,Services,0.2793324565764793,0.3318897647028231,138.41846055135832,129.4055598931513,-2.5175956817367373,6.801207884566389,False,74.06003124947371,79.61511812385831,5.5550868743846,5.555086874384598,Morocco,True,1.0,1_nonreciprocal,0.0,0.0,1.0,0.0,0.0,14294246.4,0.642,22277.54,0.0,0.0,0.0,True,never_reciprocal,0
MAR,1990,1995,Agriculture,0.4356672387290325,0.4078134292303521,31.89538302419803,19.667792325559013,-5.327160675984862,-0.5478229406957309,False,79.61511812385831,74.11952964431973,-5.495588479538583,-5.495588479538569,Morocco,True,1.0,1_nonreciprocal,0.0,0.0,1.0,0.0,0.0,28839383.04,1.169,24674.974,0.0,1.0,0.0,True,never_reciprocal,0
MAR,1990,1995,Manufacturing,0.2324429965681443,0.2358999428494181,97.9636477997751,89.35154145653544,-2.00182380518615,0.3088834789642543,False,79.61511812385831,74.11952964431973,-5.495588479538583,-5.495588479538569,Morocco,True,1.0,1_nonreciprocal,0.0,0.0,1.0,0.0,0.0,28839383.04,1.169,24674.974,0.0,1.0,0.0,True,never_reciprocal,0
MAR,1990,1995,Services,0.3318897647028231,0.3562866279202297,129.4055598931513,126.3609486281894,-1.0104753163397653,3.082810779703684,False,79.61511812385831,74.11952964431973,-5.495588479538583,-5.495588479538569,Morocco,True,1.0,1_nonreciprocal,0.0,0.0,1.0,0.0,0.0,28839383.04,1.169,24674.974,0.0,1.0,0.0,True,never_reciprocal,0
MAR,1995,2000,Agriculture,0.4078134292303521,0.3848287527186783,19.667792325559013,22.689611580247885,1.2323384727689757,-0.5215133823475241,False,74.11952964431973,75.308458344369,1.1889287000492743,1.1889287000492632,Morocco,True,1.0,1_nonreciprocal,0.0,0.0,1.0,0.0,0.0,37183959.04,1.386,26833.094,1.0,1.0,1.0,True,switched_during_interval,1
MAR,1995,2000,Manufacturing,0.2358999428494181,0.244338659886617,89.35154145653544,88.04208155638732,-0.3089015156085479,0.7429622136203402,False,74.11952964431973,75.308458344369,1.1889287000492743,1.1889287000492632,Morocco,True,1.0,1_nonreciprocal,0.0,0.0,1.0,0.0,0.0,37183959.04,1.386,26833.094,1.0,1.0,1.0,True,switched_during_interval,1
MAR,1995,2000,Services,0.3562866279202297,0.3708325873947046,126.3609486281894,121.52319060134066,-1.7236284940799642,1.7676714056959837,False,74.11952964431973,75.308458344369,1.1889287000492743,1.1889287000492632,Morocco,True,1.0,1_nonreciprocal,0.0,0.0,1.0,0.0,0.0,37183959.04,1.386,26833.094,1.0,1.0,1.0,True,switched_during_interval,1
MAR,2000,2005,Agriculture,0.3848287527186783,0.3902625730342278,22.689611580247885,28.470057256334933,2.224481699686656,0.1547011755043288,False,75.308458344369,87.2326314731296,11.9241731287606,11.924173128760598,Morocco,True,3.0,3_fta,1.0,1.0,0.0,0.012103329581932,0.0169522985162061,37020610.56,1.289,28710.123,1.0,1.0,1.0,True,always_reciprocal,1
MAR,2000,2005,Manufacturing,0.244338659886617,0.232054026514032,88.04208155638732,102.23144289010946,3.4670095329286506,-1.255875795055357,False,75.308458344369,87.2326314731296,11.9241731287606,11.924173128760598,Morocco,True,3.0,3_fta,1.0,1.0,0.0,0.012103329581932,0.0169522985162061,37020610.56,1.289,28710.123,1.0,1.0,1.0,True,always_reciprocal,1
MAR,2000,2005,Services,0.3708325873947046,0.3776834004517401,121.52319060134066,138.7368776392563,6.3833961028729584,0.9504604128233612,False,75.308458344369,87.2326314731296,11.9241731287606,11.924173128760598,Morocco,True,3.0,3_fta,1.0,1.0,0.0,0.012103329581932,0.0169522985162061,37020610.56,1.289,28710.123,1.0,1.0,1.0,True,always_reciprocal,1
MAR,2005,2010,Agriculture,0.3902625730342278,0.3730037418056388,28.470057256334933,37.608000818512295,3.5661973668168945,-0.649070138971339,False,87.2326314731296,95.9179677760764,8.685336302946794,8.6853363029468,Morocco,True,3.0,3_fta,1.0,1.0,0.0,0.89079996501477,0.4035412801259514,59523858.432,1.976,30125.444,1.0,1.0,1.0,True,always_reciprocal,1
MAR,2005,2010,Manufacturing,0.232054026514032,0.2330226723996698,102.23144289010946,105.3659579903228,0.7273768501735423,0.1020623016936118,False,87.2326314731296,95.9179677760764,8.685336302946794,8.6853363029468,Morocco,True,3.0,3_fta,1.0,1.0,0.0,0.89079996501477,0.4035412801259514,59523858.432,1.976,30125.444,1.0,1.0,1.0,True,always_reciprocal,1
MAR,2005,2010,Services,0.3776834004517401,0.3939735857946913,138.7368776392563,145.536116393258,2.567959613094601,2.3708103101394884,False,87.2326314731296,95.9179677760764,8.685336302946794,8.6853363029468,Morocco,True,3.0,3_fta,1.0,1.0,0.0,0.89079996501477,0.4035412801259514,59523858.432,1.976,30125.444,1.0,1.0,1.0,True,always_reciprocal,1
MAR,2010,2015,Agriculture,0.3730037418056388,0.3606145562304179,37.608000818512295,45.62837731702325,2.9916304446345943,-0.5652984340768034,False,95.9179677760764,107.31921542677534,11.401247650698949,11.401247650698954,Morocco,True,3.0,3_fta,1.0,1.0,0.0,0.9281942502141602,0.7508350134914812,90770669.568,2.869,31642.361,1.0,1.0,1.0,True,always_reciprocal,1
MAR,2010,2015,Manufacturing,0.2330226723996698,0.2346442720700485,105.3659579903228,108.31550670896708,0.6873117247915087,0.1756443899761597,False,95.9179677760764,107.31921542677534,11.401247650698949,11.401247650698954,Morocco,True,3.0,3_fta,1.0,1.0,0.0,0.9281942502141602,0.7508350134914812,90770669.568,2.869,31642.361,1.0,1.0,1.0,True,always_reciprocal,1
MAR,2010,2015,Services,0.3939735857946913,0.4047411716995336,145.536116393258,161.7066652464166,6.37076911594713,1.7411904094263646,False,95.9179677760764,107.31921542677534,11.401247650698949,11.401247650698954,Morocco,True,3.0,3_fta,1.0,1.0,0.0,0.9281942502141602,0.7508350134914812,90770669.568,2.869,31642.361,1.0,1.0,1.0,True,always_reciprocal,1
MOZ,1970,1975,Agriculture,0.8347008825727366,0.8612952676389158,14.183726305681535,10.430849344881404,-3.132529711366759,0.2774020240450799,False,26.28955376676748,18.438430131867637,-7.851123634899842,-7.851123634899843,Mozambique,True,0.0,0_none,0.0,0.0,0.0,0.0,0.0,,,9453.375,0.0,0.0,0.0,True,never_reciprocal,0
MOZ,1970,1975,Manufacturing,0.0367101344848338,0.0245884980218883,42.73556847257309,43.75717449263224,0.0375032943868871,-0.5304085618453579,False,26.28955376676748,18.438430131867637,-7.851123634899842,-7.851123634899843,Mozambique,True,0.0,0_none,0.0,0.0,0.0,0.0,0.0,,,9453.375,0.0,0.0,0.0,True,never_reciprocal,0
MOZ,1970,1975,Services,0.1285889829424296,0.1141162343391957,100.17620592814048,73.42045418627623,-3.440494904346464,-1.06259577577323,False,26.28955376676748,18.438430131867637,-7.851123634899842,-7.851123634899843,Mozambique,True,0.0,0_none,0.0,0.0,0.0,0.0,0.0,,,9453.375,0.0,0.0,0.0,True,never_reciprocal,0
MOZ,1975,1980,Agriculture,0.8612952676389158,0.8817817429270007,10.430849344881404,4.276958215496727,-5.300317307304125,0.0876197987899453,False,18.438430131867637,10.524616242179691,-7.91381388968794,-7.913813889687941,Mozambique,True,1.0,1_nonreciprocal,0.0,0.0,1.0,0.0,0.0,2833999.872,0.267,10620.26,0.0,0.0,0.0,True,never_reciprocal,0
MOZ,1975,1980,Manufacturing,0.0245884980218883,0.0170772140406266,43.75717449263224,56.08934174016645,0.3032294699715916,-0.4213029741324253,False,18.438430131867637,10.524616242179691,-7.91381388968794,-7.913813889687941,Mozambique,True,1.0,1_nonreciprocal,0.0,0.0,1.0,0.0,0.0,2833999.872,0.267,10620.26,0.0,0.0,0.0,True,never_reciprocal,0
MOZ,1975,1980,Services,0.1141162343391957,0.1011410430323726,73.42045418627623,57.30040648625099,-1.839559140895093,-0.7434837361178341,False,18.438430131867637,10.524616242179691,-7.91381388968794,-7.913813889687941,Mozambique,True,1.0,1_nonreciprocal,0.0,0.0,1.0,0.0,0.0,2833999.872,0.267,10620.26,0.0,0.0,0.0,True,never_reciprocal,0
MOZ,1980,1985,Agriculture,0.8817817429270007,0.8719817409632092,4.276958215496727,3.2711336971445943,-0.8869176968712543,-0.0320571166558415,False,10.524616242179691,8.277638847085415,-2.2469773950942784,-2.2469773950942784,Mozambique,True,1.0,1_nonreciprocal,0.0,0.0,1.0,0.0,0.0,3526259.712,0.29,12142.014,0.0,0.0,0.0,True,never_reciprocal,0
MOZ,1980,1985,Manufacturing,0.0170772140406266,0.0169207965970741,56.08934174016645,66.31062677926086,0.1745510723828706,-0.0103721387211781,False,10.524616242179691,8.277638847085415,-2.2469773950942784,-2.2469773950942784,Mozambique,True,1.0,1_nonreciprocal,0.0,0.0,1.0,0.0,0.0,3526259.712,0.29,12142.014,0.0,0.0,0.0,True,never_reciprocal,0
MOZ,1980,1985,Services,0.1011410430323726,0.1110974624397166,57.30040648625099,38.733930266899584,-1.877832770260944,0.3856512550320687,False,10.524616242179691,8.277638847085415,-2.2469773950942784,-2.2469773950942784,Mozambique,True,1.0,1_nonreciprocal,0.0,0.0,1.0,0.0,0.0,3526259.712,0.29,12142.014,0.0,0.0,0.0,True,never_reciprocal,0
MOZ,1985,1990,Agriculture,0.8719817409632092,0.8576453261440602,3.2711336971445943,4.60883388806307,1.1664501413639097,-0.0660741544518237,False,8.277638847085415,10.796975387362238,2.5193365402768237,2.519336540276823,Mozambique,True,1.0,1_nonreciprocal,0.0,0.0,1.0,0.0,0.0,4458235.904,0.334,13338.85,0.0,0.0,0.0,True,never_reciprocal,0
MOZ,1985,1990,Manufacturing,0.0169207965970741,0.0172856709027942,66.31062677926086,81.28026620427651,0.253298223842232,0.0296570807000336,False,8.277638847085415,10.796975387362238,2.5193365402768237,2.519336540276823,Mozambique,True,1.0,1_nonreciprocal,0.0,0.0,1.0,0.0,0.0,4458235.904,0.334,13338.85,0.0,0.0,0.0,True,never_reciprocal,0
MOZ,1985,1990,Services,0.1110974624397166,0.1250690029531454,38.733930266899584,43.489965405973976,0.5283834352252897,0.6076218135971814,False,8.277638847085415,10.796975387362238,2.5193365402768237,2.519336540276823,Mozambique,True,1.0,1_nonreciprocal,0.0,0.0,1.0,0.0,0.0,4458235.904,0.334,13338.85,0.0,0.0,0.0,True,never_reciprocal,0
MOZ,1990,1995,Agriculture,0.8576453261440602,0.8501025177728304,4.60883388806307,7.017779682864053,2.066021101845452,-0.0529337673393532,False,10.796975387362238,15.542984134545415,4.746008747183177,4.746008747183179,Mozambique,True,1.0,1_nonreciprocal,0.0,0.0,1.0,0.0,0.0,2512109.568,0.185,13567.959,0.0,0.0,0.0,True,never_reciprocal,0
MOZ,1990,1995,Manufacturing,0.0172856709027942,0.0172793022718827,81.28026620427651,71.92731763404286,-0.1616719909558193,-0.0004580785384719,False,10.796975387362238,15.542984134545415,4.746008747183177,4.746008747183179,Mozambique,True,1.0,1_nonreciprocal,0.0,0.0,1.0,0.0,0.0,2512109.568,0.185,13567.959,0.0,0.0,0.0,True,never_reciprocal,0
MOZ,1990,1995,Services,0.1250690029531454,0.1326181799552868,43.489965405973976,62.844310612415946,2.4206286577806866,0.4744228243906856,False,10.796975387362238,15.542984134545415,4.746008747183177,4.746008747183179,Mozambique,True,1.0,1_nonreciprocal,0.0,0.0,1.0,0.0,0.0,2512109.568,0.185,13567.959,0.0,0.0,0.0,True,never_reciprocal,0
MOZ,1995,2000,Agriculture,0.8501025177728304,0.8163741535482335,7.017779682864053,7.2763187353829295,0.2197846994888987,-0.2454183285212538,False,15.542984134545415,18.690079003185254,3.1470948686398383,3.147094868639837,Mozambique,True,1.0,1_nonreciprocal,0.0,0.0,1.0,0.0,0.0,2246791.424,0.141,15981.571,1.0,1.0,0.0,True,never_reciprocal,0
MOZ,1995,2000,Manufacturing,0.0172793022718827,0.029022408534621,71.92731763404286,85.04843138170638,0.2267236905896336,0.9987327671945856,False,15.542984134545415,18.690079003185254,3.1470948686398383,3.147094868639837,Mozambique,True,1.0,1_nonreciprocal,0.0,0.0,1.0,0.0,0.0,2246791.424,0.141,15981.571,1.0,1.0,0.0,True,never_reciprocal,0
MOZ,1995,2000,Services,0.1326181799552868,0.1546034379171456,62.844310612415946,66.50285577324193,0.4851896005129648,1.4620824393750087,False,15.542984134545415,18.690079003185254,3.1470948686398383,3.147094868639837,Mozambique,True,1.0,1_nonreciprocal,0.0,0.0,1.0,0.0,0.0,2246791.424,0.141,15981.571,1.0,1.0,0.0,True,never_reciprocal,0
MOZ,2000,2005,Agriculture,0.8163741535482335,0.7934344393324931,7.2763187353829295,9.614365201092614,1.9087207044001824,-0.2205507900788237,False,18.690079003185254,24.84945589907484,6.1593768958895865,6.1593768958895865,Mozambique,True,1.0,1_nonreciprocal,0.0,0.0,1.0,0.0,0.0,4310090.752,0.236,18275.618,1.0,1.0,0.0,True,never_reciprocal,0
MOZ,2000,2005,Manufacturing,0.029022408534621,0.0372710680752581,85.04843138170638,113.51920503308028,0.8262904242068968,0.9363812736416643,False,18.690079003185254,24.84945589907484,6.1593768958895865,6.1593768958895865,Mozambique,True,1.0,1_nonreciprocal,0.0,0.0,1.0,0.0,0.0,4310090.752,0.236,18275.618,1.0,1.0,0.0,True,never_reciprocal,0
MOZ,2000,2005,Services,0.1546034379171456,0.1692944925922486,66.50285577324193,76.7308210601869,1.581278596258916,1.1272566874607512,False,18.690079003185254,24.84945589907484,6.1593768958895865,6.1593768958895865,Mozambique,True,1.0,1_nonreciprocal,0.0,0.0,1.0,0.0,0.0,4310090.752,0.236,18275.618,1.0,1.0,0.0,True,never_reciprocal,0
MOZ,2005,2010,Agriculture,0.7934344393324931,0.7656607762723111,9.614365201092614,12.683505498891064,2.4351616114164742,-0.3522674081481663,False,24.84945589907484,32.64063474439257,7.791178845317731,7.791178845317729,Mozambique,True,1.0,1_nonreciprocal,0.0,0.0,1.0,0.0,0.0,6578515.456,0.313,21010.376,1.0,1.0,1.0,True,switched_during_interval,1
MOZ,2005,2010,Manufacturing,0.0372710680752581,0.0518714388528608,113.51920503308028,91.52092720251424,-0.8198993105614693,1.3362394710666892,False,24.84945589907484,32.64063474439257,7.791178845317731,7.791178845317729,Mozambique,True,1.0,1_nonreciprocal,0.0,0.0,1.0,0.0,0.0,6578515.456,0.313,21010.376,1.0,1.0,1.0,True,switched_during_interval,1
MOZ,2005,2010,Services,0.1692944925922486,0.182467784874828,76.7308210601869,99.64526018435504,3.879288344562015,1.3126561369821867,False,24.84945589907484,32.64063474439257,7.791178845317731,7.791178845317729,Mozambique,True,1.0,1_nonreciprocal,0.0,0.0,1.0,0.0,0.0,6578515.456,0.313,21010.376,1.0,1.0,1.0,True,switched_during_interval,1
MOZ,2010,2015,Agriculture,0.7656607762723111,0.7211621092959196,12.683505498891064,13.877091763380616,0.9138821858170384,-0.6175120849794993,False,32.64063474439257,40.15431094880472,7.513676204412143,7.513676204412143,Mozambique,True,2.0,2_reciprocal_pta,1.0,0.0,0.0,0.796964456630729,0.3763033230185896,10165353.472,0.424,23967.264,1.0,1.0,1.0,True,always_reciprocal,1
MOZ,2010,2015,Manufacturing,0.0518714388528608,0.0759209778597898,91.52092720251424,75.02571576122033,-0.855630351642088,1.8043338777222389,False,32.64063474439257,40.15431094880472,7.513676204412143,7.513676204412143,Mozambique,True,2.0,2_reciprocal_pta,1.0,0.0,0.0,0.796964456630729,0.3763033230185896,10165353.472,0.424,23967.264,1.0,1.0,1.0,True,always_reciprocal,1
MOZ,2010,2015,Services,0.182467784874828,0.2029169128442905,99.64526018435504,120.49588244707807,3.80456685754085,2.4640357199536025,False,32.64063474439257,40.15431094880472,7.513676204412143,7.513676204412143,Mozambique,True,2.0,2_reciprocal_pta,1.0,0.0,0.0,0.796964456630729,0.3763033230185896,10165353.472,0.424,23967.264,1.0,1.0,1.0,True,always_reciprocal,1
MUS,1970,1975,Agriculture,0.3628934431282258,0.2798441447574373,33.56480937325215,133.4577839173585,36.25050547663097,-11.083575316456932,False,141.662840332557,226.0762487347298,84.41340840217279,84.41340840217279,Mauritius,True,1.0,1_nonreciprocal,0.0,0.0,1.0,0.0,0.0,221140.0,0.268,826.0,0.0,1.0,0.0,True,never_reciprocal,0
MUS,1970,1975,Manufacturing,0.1701870481317987,0.2953033802893365,186.969510879528,190.9449559690668,0.6765692647986569,23.890332534832183,False,141.662840332557,226.0762487347298,84.41340840217279,84.41340840217279,Mauritius,True,1.0,1_nonreciprocal,0.0,0.0,1.0,0.0,0.0,221140.0,0.268,826.0,0.0,1.0,0.0,True,never_reciprocal,0
MUS,1970,1975,Services,0.4669195087399754,0.4248524749532261,209.16367835534064,311.5014886069804,47.78352008822044,-13.103943645852532,False,141.662840332557,226.0762487347298,84.41340840217279,84.41340840217279,Mauritius,True,1.0,1_nonreciprocal,0.0,0.0,1.0,0.0,0.0,221140.0,0.268,826.0,0.0,1.0,0.0,True,never_reciprocal,0
MUS,1975,1980,Agriculture,0.2798441447574373,0.2335695084401408,133.4577839173585,100.0779055784948,-9.34116350584662,-4.631068684041586,False,226.0762487347298,212.6510865993472,-13.425162135382635,-13.425162135382624,Mauritius,True,1.0,1_nonreciprocal,0.0,0.0,1.0,0.0,0.0,664360.0,0.745,892.0,0.0,1.0,0.0,True,never_reciprocal,0
MUS,1975,1980,Manufacturing,0.2953033802893365,0.3165430584268807,190.9449559690668,160.6005913942517,-8.960793431674887,3.411104869913154,False,226.0762487347298,212.6510865993472,-13.425162135382635,-13.425162135382624,Mauritius,True,1.0,1_nonreciprocal,0.0,0.0,1.0,0.0,0.0,664360.0,0.745,892.0,0.0,1.0,0.0,True,never_reciprocal,0
MUS,1975,1980,Services,0.4248524749532261,0.4498874331329786,311.5014886069804,307.7190577173492,-1.6069751247993485,7.703733741066661,False,226.0762487347298,212.6510865993472,-13.425162135382635,-13.425162135382624,Mauritius,True,1.0,1_nonreciprocal,0.0,0.0,1.0,0.0,0.0,664360.0,0.745,892.0,0.0,1.0,0.0,True,never_reciprocal,0
MUS,1980,1985,Agriculture,0.2335695084401408,0.2243316463118513,100.0779055784948,137.6191834446645,8.768497817415989,-1.2713070428695918,False,212.6510865993472,244.01908842490408,31.36800182555692,31.36800182555691,Mauritius,True,1.0,1_nonreciprocal,0.0,0.0,1.0,0.0,0.0,1136544.256,1.177,966.0,0.0,1.0,0.0,True,never_reciprocal,0
MUS,1980,1985,Manufacturing,0.3165430584268807,0.3323598273457511,160.6005913942517,187.96494958590188,8.661997633873614,2.9729981724473458,False,212.6510865993472,244.01908842490408,31.36800182555692,31.36800182555691,Mauritius,True,1.0,1_nonreciprocal,0.0,0.0,1.0,0.0,0.0,1136544.256,1.177,966.0,0.0,1.0,0.0,True,never_reciprocal,0
MUS,1980,1985,Services,0.4498874331329786,0.4433085263423975,307.7190577173492,339.8868807925211,14.47189935276488,-2.236084108075325,False,212.6510865993472,244.01908842490408,31.36800182555692,31.36800182555691,Mauritius,True,1.0,1_nonreciprocal,0.0,0.0,1.0,0.0,0.0,1136544.256,1.177,966.0,0.0,1.0,0.0,True,never_reciprocal,0
MUS,1985,1990,Agriculture,0.2243316463118513,0.1640555081906023,137.6191834446645,142.18537418526947,1.024341086213847,-8.570385253212773,False,244.01908842490408,250.4011953521601,6.382106927256018,6.382106927256005,Mauritius,True,1.0,1_nonreciprocal,0.0,0.0,1.0,0.0,0.0,1080643.2,1.064,1016.0,0.0,1.0,0.0,True,never_reciprocal,0
MUS,1985,1990,Manufacturing,0.3323598273457511,0.4078842537789122,187.96494958590188,186.8732260862392,-0.3628450338572008,14.11349321587764,False,244.01908842490408,250.4011953521601,6.382106927256018,6.382106927256005,Mauritius,True,1.0,1_nonreciprocal,0.0,0.0,1.0,0.0,0.0,1080643.2,1.064,1016.0,0.0,1.0,0.0,True,never_reciprocal,0
MUS,1985,1990,Services,0.4433085263423975,0.4280602380304855,339.8868807925211,352.40894097885774,5.551136047975713,-5.37363313574122,False,244.01908842490408,250.4011953521601,6.382106927256018,6.382106927256005,Mauritius,True,1.0,1_nonreciprocal,0.0,0.0,1.0,0.0,0.0,1080643.2,1.064,1016.0,0.0,1.0,0.0,True,never_reciprocal,0
MUS,1990,1995,Agriculture,0.1640555081906023,0.1442255969260393,142.18537418526947,147.25258052575848,0.8313031112955664,-2.9200056053037065,False,250.4011953521601,293.0094565457244,42.60826119356429,42.60826119356428,Mauritius,True,1.0,1_nonreciprocal,0.0,0.0,1.0,0.0,0.0,2653486.08,2.506,1058.775,0.0,1.0,0.0,True,never_reciprocal,0
MUS,1990,1995,Manufacturing,0.4078842537789122,0.3854205258495743,186.8732260862392,224.98161319386352,15.543811038111285,-5.05392574789047,False,250.4011953521601,293.0094565457244,42.60826119356429,42.60826119356428,Mauritius,True,1.0,1_nonreciprocal,0.0,0.0,1.0,0.0,0.0,2653486.08,2.506,1058.775,0.0,1.0,0.0,True,never_reciprocal,0
MUS,1990,1995,Services,0.4280602380304855,0.4703538772243864,352.40894097885774,393.4470247144335,17.56677189216555,16.640306505186057,False,250.4011953521601,293.0094565457244,42.60826119356429,42.60826119356428,Mauritius,True,1.0,1_nonreciprocal,0.0,0.0,1.0,0.0,0.0,2653486.08,2.506,1058.775,0.0,1.0,0.0,True,never_reciprocal,0
MUS,1995,2000,Agriculture,0.1442255969260393,0.1142705432601507,147.25258052575848,193.7363721957362,6.704152600988192,-5.803383426157839,False,293.0094565457244,384.16783094030814,91.15837439458376,91.15837439458376,Mauritius,True,1.0,1_nonreciprocal,0.0,0.0,1.0,0.0,0.0,4040342.016,3.6,1122.457,1.0,1.0,0.0,True,never_reciprocal,0
MUS,1995,2000,Manufacturing,0.3854205258495743,0.3842767020095129,224.98161319386352,283.04986866395103,22.38069755844855,-0.3237591877040747,False,293.0094565457244,384.16783094030814,91.15837439458376,91.15837439458376,Mauritius,True,1.0,1_nonreciprocal,0.0,0.0,1.0,0.0,0.0,4040342.016,3.6,1122.457,1.0,1.0,0.0,True,never_reciprocal,0
MUS,1995,2000,Services,0.4703538772243864,0.5014527547303362,393.4470247144335,505.0525658036041,52.49409897101697,15.706567877991969,False,293.0094565457244,384.16783094030814,91.15837439458376,91.15837439458376,Mauritius,True,1.0,1_nonreciprocal,0.0,0.0,1.0,0.0,0.0,4040342.016,3.6,1122.457,1.0,1.0,0.0,True,never_reciprocal,0
MUS,2000,2005,Agriculture,0.1142705432601507,0.1002150808165922,193.7363721957362,205.28600495062105,1.3197828093559223,-2.8853897327716127,False,384.16783094030814,441.0425399616964,56.87470902138824,56.874709021388256,Mauritius,True,1.0,1_nonreciprocal,0.0,0.0,1.0,0.0,0.0,4582562.304,3.861,1186.873,1.0,1.0,0.0,True,never_reciprocal,0
MUS,2000,2005,Manufacturing,0.3842767020095129,0.3166253747624369,283.04986866395103,330.98729907966566,18.42123766296133,-22.3917300846643,False,384.16783094030814,441.0425399616964,56.87470902138824,56.874709021388256,Mauritius,True,1.0,1_nonreciprocal,0.0,0.0,1.0,0.0,0.0,4582562.304,3.861,1186.873,1.0,1.0,0.0,True,never_reciprocal,0
MUS,2000,2005,Services,0.5014527547303362,0.5831595444209708,505.0525658036041,541.3112274202484,18.182005750501396,44.22880261600552,False,384.16783094030814,441.0425399616964,56.87470902138824,56.874709021388256,Mauritius,True,1.0,1_nonreciprocal,0.0,0.0,1.0,0.0,0.0,4582562.304,3.861,1186.873,1.0,1.0,0.0,True,never_reciprocal,0
MUS,2005,2010,Agriculture,0.1002150808165922,0.086300027747335,205.28600495062105,247.69203586730865,4.249723815426759,-3.446647823925963,False,441.0425399616964,522.2468727151719,81.20433275347551,81.2043327534755,Mauritius,True,1.0,1_nonreciprocal,0.0,0.0,1.0,0.0,0.0,6283795.968,5.054,1243.253,1.0,1.0,1.0,True,switched_during_interval,1
MUS,2005,2010,Manufacturing,0.3166253747624369,0.2802568527748663,330.98729907966566,430.7972714721945,31.602369913812925,-15.667460039721911,False,441.0425399616964,522.2468727151719,81.20433275347551,81.2043327534755,Mauritius,True,1.0,1_nonreciprocal,0.0,0.0,1.0,0.0,0.0,6283795.968,5.054,1243.253,1.0,1.0,1.0,True,switched_during_interval,1
MUS,2005,2010,Services,0.5831595444209708,0.6334431194777985,541.3112274202484,600.112534135049,34.2905432351609,30.1758036527228,False,441.0425399616964,522.2468727151719,81.20433275347551,81.2043327534755,Mauritius,True,1.0,1_nonreciprocal,0.0,0.0,1.0,0.0,0.0,6283795.968,5.054,1243.253,1.0,1.0,1.0,True,switched_during_interval,1
MUS,2010,2015,Agriculture,0.086300027747335,0.073612271829018,247.69203586730865,298.5878205391727,4.392307629404257,-3.788409387183267,False,522.2468727151719,586.7121003562311,64.46522764105919,64.46522764105924,Mauritius,True,2.0,2_reciprocal_pta,1.0,0.0,0.0,0.6945555370447238,0.3763033230185896,9718234.112,7.587,1280.924,1.0,1.0,1.0,True,always_reciprocal,1
MUS,2010,2015,Manufacturing,0.2802568527748663,0.2586122182027905,430.7972714721945,434.7219447324079,1.0999165760770684,-9.409397634195113,False,522.2468727151719,586.7121003562311,64.46522764105919,64.46522764105924,Mauritius,True,2.0,2_reciprocal_pta,1.0,0.0,0.0,0.6945555370447238,0.3763033230185896,9718234.112,7.587,1280.924,1.0,1.0,1.0,True,always_reciprocal,1
MUS,2010,2015,Services,0.6334431194777985,0.6677755099681913,600.112534135049,677.3353610088722,48.916268349848494,23.254542107107795,False,522.2468727151719,586.7121003562311,64.46522764105919,64.46522764105924,Mauritius,True,2.0,2_reciprocal_pta,1.0,0.0,0.0,0.6945555370447238,0.3763033230185896,9718234.112,7.587,1280.924,1.0,1.0,1.0,True,always_reciprocal,1
MWI,1970,1975,Agriculture,0.8670762220513478,0.8504794186705439,46.53042940430629,48.42154827568963,1.639744206449076,-0.8036429161257267,False,115.17188086180975,148.62038663978257,33.4485057779728,33.448505777972784,Malawi,True,1.0,1_nonreciprocal,0.0,0.0,1.0,0.0,0.0,290520.128,0.064,4529.749,0.0,1.0,0.0,True,never_reciprocal,0
MWI,1970,1975,Manufacturing,0.0530696582145006,0.0624964136743321,327.6550823150356,360.0409274957676,1.7187057347291803,3.394017779033517,False,115.17188086180975,148.62038663978257,33.4485057779728,33.448505777972784,Malawi,True,1.0,1_nonreciprocal,0.0,0.0,1.0,0.0,0.0,290520.128,0.064,4529.749,0.0,1.0,0.0,True,never_reciprocal,0
MWI,1970,1975,Services,0.0798541197341516,0.087024167655124,719.285478119536,976.0230055090848,20.501549252415053,6.998131721471682,False,115.17188086180975,148.62038663978257,33.4485057779728,33.448505777972784,Malawi,True,1.0,1_nonreciprocal,0.0,0.0,1.0,0.0,0.0,290520.128,0.064,4529.749,0.0,1.0,0.0,True,never_reciprocal,0
MWI,1975,1980,Agriculture,0.8504794186705439,0.8702446998999099,48.42154827568963,46.10017597925761,-1.9742793611874128,0.911182942953292,False,148.62038663978257,148.97588503228332,0.3554983925007491,0.3554983925007633,Malawi,True,1.0,1_nonreciprocal,0.0,0.0,1.0,0.0,0.0,613196.864,0.116,5299.532,0.0,1.0,0.0,True,never_reciprocal,0
MWI,1975,1980,Manufacturing,0.0624964136743321,0.0579044486862626,360.0409274957676,349.28214952769554,-0.672385038522923,-1.6038914015888088,False,148.62038663978257,148.97588503228332,0.3554983925007491,0.3554983925007633,Malawi,True,1.0,1_nonreciprocal,0.0,0.0,1.0,0.0,0.0,613196.864,0.116,5299.532,0.0,1.0,0.0,True,never_reciprocal,0
MWI,1975,1980,Services,0.087024167655124,0.0718508514138273,976.0230055090848,1233.5617348087587,22.41209355626243,-18.717222305415817,False,148.62038663978257,148.97588503228332,0.3554983925007491,0.3554983925007633,Malawi,True,1.0,1_nonreciprocal,0.0,0.0,1.0,0.0,0.0,613196.864,0.116,5299.532,0.0,1.0,0.0,True,never_reciprocal,0
MWI,1980,1985,Agriculture,0.8702446998999099,0.8670557367632595,46.10017597925761,42.23159100001304,-3.366615574299987,-0.1346749869011385,False,148.97588503228332,141.49986871881532,-7.476016313467994,-7.476016313467976,Malawi,True,1.0,1_nonreciprocal,0.0,0.0,1.0,0.0,0.0,1237662.08,0.198,6236.824,0.0,1.0,0.0,True,never_reciprocal,0
MWI,1980,1985,Manufacturing,0.0579044486862626,0.0518472122309329,349.28214952769554,338.0162385588909,-0.6523463635971517,-2.047444282692355,False,148.97588503228332,141.49986871881532,-7.476016313467994,-7.476016313467976,Malawi,True,1.0,1_nonreciprocal,0.0,0.0,1.0,0.0,0.0,1237662.08,0.198,6236.824,0.0,1.0,0.0,True,never_reciprocal,0
MWI,1980,1985,Services,0.0718508514138273,0.0810970510058075,1233.5617348087587,1077.197317634818,-11.234916504774544,9.9599813987972,False,148.97588503228332,141.49986871881532,-7.476016313467994,-7.476016313467976,Malawi,True,1.0,1_nonreciprocal,0.0,0.0,1.0,0.0,0.0,1237662.08,0.198,6236.824,0.0,1.0,0.0,True,never_reciprocal,0
MWI,1985,1990,Agriculture,0.8670557367632595,0.8609538471598062,42.23159100001304,36.72950227293758,-4.770617594991237,-0.2241193680592547,False,141.49986871881532,128.61326847548222,-12.886600243333106,-12.886600243333108,Malawi,True,1.0,1_nonreciprocal,0.0,0.0,1.0,0.0,0.0,1131350.016,0.156,7264.519,0.0,1.0,0.0,True,never_reciprocal,0
MWI,1985,1990,Manufacturing,0.0518472122309329,0.0467645274949541,338.0162385588909,394.930285524767,2.950834671961061,-2.00730613401247,False,141.49986871881532,128.61326847548222,-12.886600243333106,-12.886600243333108,Malawi,True,1.0,1_nonreciprocal,0.0,0.0,1.0,0.0,0.0,1131350.016,0.156,7264.519,0.0,1.0,0.0,True,never_reciprocal,0
MWI,1985,1990,Services,0.0810970510058075,0.0922816253452397,1077.197317634818,850.8967381052875,-18.35230964075014,9.51691782251893,False,141.49986871881532,128.61326847548222,-12.886600243333106,-12.886600243333108,Malawi,True,1.0,1_nonreciprocal,0.0,0.0,1.0,0.0,0.0,1131350.016,0.156,7264.519,0.0,1.0,0.0,True,never_reciprocal,0
MWI,1990,1995,Agriculture,0.8609538471598062,0.847619631203149,36.72950227293758,41.54350376542229,4.144633105187757,-0.5539500508043416,False,128.61326847548222,126.09787948222726,-2.515388993254959,-2.5153889932549607,Malawi,True,1.0,1_nonreciprocal,0.0,0.0,1.0,0.0,0.0,1880784.256,0.199,9447.123,0.0,1.0,0.0,True,never_reciprocal,0
MWI,1990,1995,Manufacturing,0.0467645274949541,0.041863130584528,394.930285524767,418.89660955965246,1.1207738192823822,-2.0531785478836566,False,128.61326847548222,126.09787948222726,-2.515388993254959,-2.5153889932549607,Malawi,True,1.0,1_nonreciprocal,0.0,0.0,1.0,0.0,0.0,1880784.256,0.199,9447.123,0.0,1.0,0.0,True,never_reciprocal,0
MWI,1990,1995,Services,0.0922816253452397,0.110517238212323,850.8967381052875,663.683492826398,-17.276342560492946,12.102675241455843,False,128.61326847548222,126.09787948222726,-2.515388993254959,-2.5153889932549607,Malawi,True,1.0,1_nonreciprocal,0.0,0.0,1.0,0.0,0.0,1880784.256,0.199,9447.123,0.0,1.0,0.0,True,never_reciprocal,0
MWI,1995,2000,Agriculture,0.847619631203149,0.8234050077737419,41.54350376542229,68.57687472098635,22.91401591953313,-1.660563197334309,False,126.09787948222726,141.87965645048763,15.781776968260374,15.781776968260376,Malawi,True,1.0,1_nonreciprocal,0.0,0.0,1.0,0.0,0.0,1397454.08,0.14,9964.065,1.0,1.0,0.0,True,never_reciprocal,0
MWI,1995,2000,Manufacturing,0.041863130584528,0.046416418936233,418.89660955965246,373.2952921096452,-1.909013907236172,1.6997211053091863,False,126.09787948222726,141.87965645048763,15.781776968260374,15.781776968260376,Malawi,True,1.0,1_nonreciprocal,0.0,0.0,1.0,0.0,0.0,1397454.08,0.14,9964.065,1.0,1.0,0.0,True,never_reciprocal,0
MWI,1995,2000,Services,0.110517238212323,0.130178573290025,663.683492826398,523.0206630900853,-15.545667461587504,10.28328450957604,False,126.09787948222726,141.87965645048763,15.781776968260374,15.781776968260376,Malawi,True,1.0,1_nonreciprocal,0.0,0.0,1.0,0.0,0.0,1397454.08,0.14,9964.065,1.0,1.0,0.0,True,never_reciprocal,0
MWI,2000,2005,Agriculture,0.8234050077737419,0.7541879752998177,68.57687472098635,65.15214907484791,-2.8199362472815563,-4.509638418259698,False,141.87965645048763,143.52304748591763,1.6433910354299996,1.6433910354300068,Malawi,True,1.0,1_nonreciprocal,0.0,0.0,1.0,0.0,0.0,1743506.304,0.154,11321.496,1.0,1.0,0.0,True,never_reciprocal,0
MWI,2000,2005,Manufacturing,0.046416418936233,0.057918550777683,373.2952921096452,309.6985569975854,-2.9519326999380118,3.562193633693042,False,141.87965645048763,143.52304748591763,1.6433910354299996,1.6433910354300068,Malawi,True,1.0,1_nonreciprocal,0.0,0.0,1.0,0.0,0.0,1743506.304,0.154,11321.496,1.0,1.0,0.0,True,never_reciprocal,0
MWI,2000,2005,Services,0.130178573290025,0.1878934739224991,523.0206630900853,406.8730376501495,-15.119932170795058,23.48263693801129,False,141.87965645048763,143.52304748591763,1.6433910354299996,1.6433910354300068,Malawi,True,1.0,1_nonreciprocal,0.0,0.0,1.0,0.0,0.0,1743506.304,0.154,11321.496,1.0,1.0,0.0,True,never_reciprocal,0
MWI,2005,2010,Agriculture,0.7541879752998177,0.6518315376760272,65.15214907484791,80.15006009467143,11.311244145767525,-8.2038746266233,False,143.52304748591763,163.65697778688025,20.133930300962614,20.13393030096259,Malawi,True,1.0,1_nonreciprocal,0.0,0.0,1.0,0.0,0.0,2754995.968,0.213,12924.746,1.0,1.0,0.0,True,never_reciprocal,0
MWI,2005,2010,Manufacturing,0.057918550777683,0.0909409679338506,309.6985569975854,269.8816064623432,-2.306140071387921,8.912142991376149,False,143.52304748591763,163.65697778688025,20.133930300962614,20.13393030096259,Malawi,True,1.0,1_nonreciprocal,0.0,0.0,1.0,0.0,0.0,2754995.968,0.213,12924.746,1.0,1.0,0.0,True,never_reciprocal,0
MWI,2005,2010,Services,0.1878934739224991,0.2572274943901221,406.8730376501495,337.7140789606525,-12.994517001032202,23.415074862862337,False,143.52304748591763,163.65697778688025,20.133930300962614,20.13393030096259,Malawi,True,1.0,1_nonreciprocal,0.0,0.0,1.0,0.0,0.0,2754995.968,0.213,12924.746,1.0,1.0,0.0,True,never_reciprocal,0
MWI,2010,2015,Agriculture,0.6518315376760272,0.5342369124893932,80.15006009467143,80.47758487583316,0.2134909817316532,-9.463731429399123,False,163.65697778688025,140.000362085611,-23.65661570126926,-23.656615701269253,Malawi,True,1.0,1_nonreciprocal,0.0,0.0,1.0,0.0,0.0,5398617.088,0.36,15013.694,1.0,1.0,0.0,True,never_reciprocal,0
MWI,2010,2015,Manufacturing,0.0909409679338506,0.1400563854109348,269.8816064623432,141.98531631759607,-11.631012420911908,6.973668086554588,False,163.65697778688025,140.000362085611,-23.65661570126926,-23.656615701269253,Malawi,True,1.0,1_nonreciprocal,0.0,0.0,1.0,0.0,0.0,5398617.088,0.36,15013.694,1.0,1.0,0.0,True,never_reciprocal,0
MWI,2010,2015,Services,0.2572274943901221,0.3257067020996719,337.7140789606525,236.7784111745784,-25.963428919205604,16.214397999961143,False,163.65697778688025,140.000362085611,-23.65661570126926,-23.656615701269253,Malawi,True,1.0,1_nonreciprocal,0.0,0.0,1.0,0.0,0.0,5398617.088,0.36,15013.694,1.0,1.0,0.0,True,never_reciprocal,0
NAM,1965,1970,Agriculture,0.6004664552648266,0.5637848744115105,11.906061376168008,10.51378483701426,-0.8360153582140316,-0.3856622485733071,False,70.33030192606935,54.3162771222179,-16.014024803851456,-16.014024803851445,Namibia,True,0.0,0_none,0.0,0.0,0.0,,0.0,,,682.553,0.0,0.0,0.0,True,never_reciprocal,0
NAM,1965,1970,Manufacturing,0.1460824968988245,0.1473947828399141,174.6661370815805,114.89770536281593,-8.731121741204031,0.1507786434110807,False,70.33030192606935,54.3162771222179,-16.014024803851456,-16.014024803851445,Namibia,True,0.0,0_none,0.0,0.0,0.0,,0.0,,,682.553,0.0,0.0,0.0,True,never_reciprocal,0
NAM,1965,1970,Services,0.2534510478363488,0.2888203427485753,148.6103385578697,108.90313898324128,-10.063831338836602,3.8518272395654463,False,70.33030192606935,54.3162771222179,-16.014024803851456,-16.014024803851445,Namibia,True,0.0,0_none,0.0,0.0,0.0,,0.0,,,682.553,0.0,0.0,0.0,True,never_reciprocal,0
NAM,1970,1975,Agriculture,0.5637848744115105,0.5509598166642218,10.51378483701426,15.208900327183096,2.647035096972374,-0.1950550249688812,False,54.3162771222179,71.33773467553554,17.021457553317646,17.02145755331764,Namibia,True,0.0,0_none,0.0,0.0,0.0,,0.0,,,780.386,0.0,0.0,0.0,True,never_reciprocal,0
NAM,1970,1975,Manufacturing,0.1473947828399141,0.1314930932863443,114.89770536281593,182.96771975005493,10.033164988516925,-2.9094958777899347,False,54.3162771222179,71.33773467553554,17.021457553317646,17.02145755331764,Namibia,True,0.0,0_none,0.0,0.0,0.0,,0.0,,,780.386,0.0,0.0,0.0,True,never_reciprocal,0
NAM,1970,1975,Services,0.2888203427485753,0.317547090049434,108.90313898324128,122.49915529714669,3.9268060917973777,3.519002278789782,False,54.3162771222179,71.33773467553554,17.021457553317646,17.02145755331764,Namibia,True,0.0,0_none,0.0,0.0,0.0,,0.0,,,780.386,0.0,0.0,0.0,True,never_reciprocal,0
NAM,1975,1980,Agriculture,0.5509598166642218,0.5345578379930331,15.208900327183096,16.39136088984984,0.6514882548195419,-0.2688507517070728,False,71.33773467553554,81.98064540646189,10.642910730926346,10.642910730926344,Namibia,True,0.0,0_none,0.0,0.0,0.0,0.0,0.0,,,905.647,0.0,0.0,0.0,True,never_reciprocal,0
NAM,1975,1980,Manufacturing,0.1314930932863443,0.1182083820614116,182.96771975005493,252.90280935673735,9.195981261640346,-3.3597407902784537,False,71.33773467553554,81.98064540646189,10.642910730926346,10.642910730926344,Namibia,True,0.0,0_none,0.0,0.0,0.0,0.0,0.0,,,905.647,0.0,0.0,0.0,True,never_reciprocal,0
NAM,1975,1980,Services,0.317547090049434,0.3472337799455551,122.49915529714669,124.76690217572596,0.7201164222615357,3.7039163341904473,False,71.33773467553554,81.98064540646189,10.642910730926346,10.642910730926344,Namibia,True,0.0,0_none,0.0,0.0,0.0,0.0,0.0,,,905.647,0.0,0.0,0.0,True,never_reciprocal,0
NAM,1980,1985,Agriculture,0.5345578379930331,0.5065729280769696,16.39136088984984,15.740034878148098,-0.3481714246439076,-0.4404834581406721,False,81.98064540646189,76.23149492628181,-5.749150480180077,-5.749150480180068,Namibia,True,0.0,0_none,0.0,0.0,0.0,0.0,0.0,2434779.392,2.404,1012.761,0.0,0.0,0.0,True,never_reciprocal,0
NAM,1980,1985,Manufacturing,0.1182083820614116,0.1354583404853837,252.90280935673735,156.71953350421654,-11.369669419892936,2.7034054371720364,False,81.98064540646189,76.23149492628181,-5.749150480180077,-5.749150480180068,Namibia,True,0.0,0_none,0.0,0.0,0.0,0.0,0.0,2434779.392,2.404,1012.761,0.0,0.0,0.0,True,never_reciprocal,0
NAM,1980,1985,Services,0.3472337799455551,0.3579687314376465,124.76690217572596,131.37754029807454,2.295436863075288,1.4103315222501227,False,81.98064540646189,76.23149492628181,-5.749150480180077,-5.749150480180068,Namibia,True,0.0,0_none,0.0,0.0,0.0,0.0,0.0,2434779.392,2.404,1012.761,0.0,0.0,0.0,True,never_reciprocal,0
NAM,1985,1990,Agriculture,0.5065729280769696,0.5297963564625446,15.740034878148098,15.576106171626623,-0.0830418448584535,0.3617305862028838,False,76.23149492628181,71.6341446157754,-4.597350310506414,-4.597350310506412,Namibia,True,0.0,0_none,0.0,0.0,0.0,0.0,0.0,1615794.944,1.406,1149.389,0.0,0.0,0.0,True,never_reciprocal,0
NAM,1985,1990,Manufacturing,0.1354583404853837,0.1298845891092737,156.71953350421654,145.07800167423036,-1.5769425823977006,-0.8086287114750373,False,76.23149492628181,71.6341446157754,-4.597350310506414,-4.597350310506412,Namibia,True,0.0,0_none,0.0,0.0,0.0,0.0,0.0,1615794.944,1.406,1149.389,0.0,0.0,0.0,True,never_reciprocal,0
NAM,1985,1990,Services,0.3579687314376465,0.3403190544281816,131.37754029807454,130.87302371816213,-0.1806011601005036,-2.309866597877601,False,76.23149492628181,71.6341446157754,-4.597350310506414,-4.597350310506412,Namibia,True,0.0,0_none,0.0,0.0,0.0,0.0,0.0,1615794.944,1.406,1149.389,0.0,0.0,0.0,True,never_reciprocal,0
NAM,1990,1995,Agriculture,0.5297963564625446,0.4392483367902643,15.576106171626623,24.65306028058754,4.8089372147052165,-2.232285787268552,False,71.6341446157754,86.72307305338302,15.08892843760762,15.088928437607615,Namibia,True,1.0,1_nonreciprocal,0.0,0.0,1.0,0.0,0.0,2804357.12,1.981,1415.447,0.0,0.0,0.0,True,never_reciprocal,0
NAM,1990,1995,Manufacturing,0.1298845891092737,0.1242925530789902,145.07800167423036,187.96958213317004,5.570955304156733,-1.0511326758860138,False,71.6341446157754,86.72307305338302,15.08892843760762,15.088928437607615,Namibia,True,1.0,1_nonreciprocal,0.0,0.0,1.0,0.0,0.0,2804357.12,1.981,1415.447,0.0,0.0,0.0,True,never_reciprocal,0
NAM,1990,1995,Services,0.3403190544281816,0.4364591101307453,130.87302371816213,120.35729543618876,-3.578702705544868,11.5711570874451,False,71.6341446157754,86.72307305338302,15.08892843760762,15.088928437607615,Namibia,True,1.0,1_nonreciprocal,0.0,0.0,1.0,0.0,0.0,2804357.12,1.981,1415.447,0.0,0.0,0.0,True,never_reciprocal,0
NAM,1995,2000,Agriculture,0.4392483367902643,0.3128404943462448,24.65306028058754,41.44640845099498,7.376450252991297,-5.239151069343856,False,86.72307305338302,97.51267174590774,10.78959869252472,10.78959869252471,Namibia,True,1.0,1_nonreciprocal,0.0,0.0,1.0,0.0,0.0,3942494.464,2.383,1654.214,1.0,1.0,0.0,True,never_reciprocal,0
NAM,1995,2000,Manufacturing,0.1242925530789902,0.1133010537882573,187.96958213317004,213.8049457633412,3.211143305318065,-2.3500369097129563,False,86.72307305338302,97.51267174590774,10.78959869252472,10.78959869252471,Namibia,True,1.0,1_nonreciprocal,0.0,0.0,1.0,0.0,0.0,3942494.464,2.383,1654.214,1.0,1.0,0.0,True,never_reciprocal,0
NAM,1995,2000,Services,0.4364591101307453,0.5738584518654979,120.35729543618876,105.11691686512404,-6.651802069182589,14.44299518245475,False,86.72307305338302,97.51267174590774,10.78959869252472,10.78959869252471,Namibia,True,1.0,1_nonreciprocal,0.0,0.0,1.0,0.0,0.0,3942494.464,2.383,1654.214,1.0,1.0,0.0,True,never_reciprocal,0
NAM,2000,2005,Agriculture,0.3128404943462448,0.3035488480023628,41.44640845099498,45.53268503356402,1.2783527861263828,-0.4230736064192417,False,97.51267174590774,114.62887685823829,17.116205112330547,17.116205112330565,Namibia,True,1.0,1_nonreciprocal,0.0,0.0,1.0,0.0,0.0,3908645.632,2.059,1897.953,1.0,1.0,0.0,True,never_reciprocal,0
NAM,2000,2005,Manufacturing,0.1133010537882573,0.1302732683882648,213.8049457633412,245.7657828105466,3.6211965174031455,4.171189607199431,False,97.51267174590774,114.62887685823829,17.116205112330547,17.116205112330565,Namibia,True,1.0,1_nonreciprocal,0.0,0.0,1.0,0.0,0.0,3908645.632,2.059,1897.953,1.0,1.0,0.0,True,never_reciprocal,0
NAM,2000,2005,Services,0.5738584518654979,0.5661778836093724,105.11691686512404,121.5002792878016,9.40173099622912,-0.9331911882082724,False,97.51267174590774,114.62887685823829,17.116205112330547,17.116205112330565,Namibia,True,1.0,1_nonreciprocal,0.0,0.0,1.0,0.0,0.0,3908645.632,2.059,1897.953,1.0,1.0,0.0,True,never_reciprocal,0
NAM,2005,2010,Agriculture,0.3035488480023628,0.3170580657403763,45.53268503356402,37.20820310448614,-2.526886899788079,0.5026537173787311,False,114.62887685823829,128.88946143184205,14.260584573603763,14.260584573603769,Namibia,True,1.0,1_nonreciprocal,0.0,0.0,1.0,0.0,0.0,7261301.248,3.582,2027.026,1.0,1.0,1.0,True,switched_during_interval,1
NAM,2005,2010,Manufacturing,0.1302732683882648,0.1204344446647786,245.7657828105466,297.54239624089263,6.745108657646906,-2.9274671868778084,False,114.62887685823829,128.88946143184205,14.260584573603763,14.260584573603769,Namibia,True,1.0,1_nonreciprocal,0.0,0.0,1.0,0.0,0.0,7261301.248,3.582,2027.026,1.0,1.0,1.0,True,switched_during_interval,1
NAM,2005,2010,Services,0.5661778836093724,0.5625074895948449,121.5002792878016,144.45664950858972,12.997389106959044,-0.5302128217150263,False,114.62887685823829,128.88946143184205,14.260584573603763,14.260584573603769,Namibia,True,1.0,1_nonreciprocal,0.0,0.0,1.0,0.0,0.0,7261301.248,3.582,2027.026,1.0,1.0,1.0,True,switched_during_interval,1
NAM,2010,2015,Agriculture,0.3170580657403763,0.2443470551166846,37.20820310448614,35.16657137452632,-0.6473158072552381,-2.556996944811996,False,128.88946143184205,137.7375341475215,8.84807271567945,8.848072715679427,Namibia,True,3.0,3_fta,1.0,1.0,0.0,0.7626834408886383,0.4001024220400796,11281996.8,5.178,2178.967,1.0,1.0,1.0,True,always_reciprocal,1
NAM,2010,2015,Manufacturing,0.1204344446647786,0.1594569456866776,297.54239624089263,229.67046437533725,-8.174118422553859,8.962315930786593,False,128.88946143184205,137.7375341475215,8.84807271567945,8.848072715679427,Namibia,True,3.0,3_fta,1.0,1.0,0.0,0.7626834408886383,0.4001024220400796,11281996.8,5.178,2178.967,1.0,1.0,1.0,True,always_reciprocal,1
NAM,2010,2015,Services,0.5625074895948449,0.5961959991966378,144.45664950858972,155.1874473403794,6.036154149709821,5.2280338098041055,False,128.88946143184205,137.7375341475215,8.84807271567945,8.848072715679427,Namibia,True,3.0,3_fta,1.0,1.0,0.0,0.7626834408886383,0.4001024220400796,11281996.8,5.178,2178.967,1.0,1.0,1.0,True,always_reciprocal,1
NGA,1960,1965,Agriculture,0.7692963465397996,0.6478195507207355,224.9422170507887,229.2265901512314,3.2959525733839468,-27.84571168810143,False,298.97129019714754,332.29327579615966,33.32198559901212,33.32198559901214,Nigeria,True,1.0,1_nonreciprocal,0.0,0.0,1.0,0.0,0.0,4196174.336,0.093,45211.613,0.0,1.0,0.0,True,never_reciprocal,0
NGA,1960,1965,Manufacturing,0.0962911412296076,0.161750913131344,490.74421100888696,613.4179636208014,11.812395637919806,40.15419997904527,False,298.97129019714754,332.29327579615966,33.32198559901212,33.32198559901214,Nigeria,True,1.0,1_nonreciprocal,0.0,0.0,1.0,0.0,0.0,4196174.336,0.093,45211.613,0.0,1.0,0.0,True,never_reciprocal,0
NGA,1960,1965,Services,0.1344125122305926,0.1904295361479205,585.2858710994213,444.1269727119068,-18.97352215596878,24.87867125273332,False,298.97129019714754,332.29327579615966,33.32198559901212,33.32198559901214,Nigeria,True,1.0,1_nonreciprocal,0.0,0.0,1.0,0.0,0.0,4196174.336,0.093,45211.613,0.0,1.0,0.0,True,never_reciprocal,0
NGA,1965,1970,Agriculture,0.6478195507207355,0.5981851198143004,229.2265901512314,237.26238648689727,5.205745971854402,-11.77638352877979,False,332.29327579615966,460.9716425667416,128.67836677058187,128.67836677058187,Nigeria,True,1.0,1_nonreciprocal,0.0,0.0,1.0,0.0,0.0,5874422.272,0.117,50238.571,0.0,1.0,0.0,True,never_reciprocal,0
NGA,1965,1970,Manufacturing,0.161750913131344,0.161201521231282,613.4179636208014,1319.7885161852896,114.25608188639802,-0.7250811205870169,False,332.29327579615966,460.9716425667416,128.67836677058187,128.67836677058187,Nigeria,True,1.0,1_nonreciprocal,0.0,0.0,1.0,0.0,0.0,5874422.272,0.117,50238.571,0.0,1.0,0.0,True,never_reciprocal,0
NGA,1965,1970,Services,0.1904295361479205,0.2406133589544175,444.1269727119068,441.7580862006138,-0.4511059595325806,22.169109521228844,False,332.29327579615966,460.9716425667416,128.67836677058187,128.67836677058187,Nigeria,True,1.0,1_nonreciprocal,0.0,0.0,1.0,0.0,0.0,5874422.272,0.117,50238.571,0.0,1.0,0.0,True,never_reciprocal,0
NGA,1970,1975,Agriculture,0.5981851198143004,0.5497334211938667,237.26238648689727,220.5645041430112,-9.988424750522602,-10.686724881102588,False,460.9716425667416,644.6781972368067,183.70655467006517,183.7065546700651,Nigeria,True,1.0,1_nonreciprocal,0.0,0.0,1.0,0.0,0.0,12545849.344,0.224,56131.844,0.0,1.0,0.0,True,never_reciprocal,0
NGA,1970,1975,Manufacturing,0.161201521231282,0.1570331980789963,1319.7885161852896,2205.277353197929,142.7421475597563,-9.192308648546408,False,460.9716425667416,644.6781972368067,183.70655467006517,183.7065546700651,Nigeria,True,1.0,1_nonreciprocal,0.0,0.0,1.0,0.0,0.0,12545849.344,0.224,56131.844,0.0,1.0,0.0,True,never_reciprocal,0
NGA,1970,1975,Services,0.2406133589544175,0.2932333807271369,441.7580862006138,604.0402423396179,39.04725468697101,31.7846107035094,False,460.9716425667416,644.6781972368067,183.70655467006517,183.7065546700651,Nigeria,True,1.0,1_nonreciprocal,0.0,0.0,1.0,0.0,0.0,12545849.344,0.224,56131.844,0.0,1.0,0.0,True,never_reciprocal,0
NGA,1975,1980,Agriculture,0.5497334211938667,0.4444070184851584,220.5645041430112,210.0213884838958,-5.795903041328114,-22.12079734089687,False,644.6781972368067,681.847328243565,37.169131006758334,37.16913100675838,Nigeria,True,1.0,1_nonreciprocal,0.0,0.0,1.0,0.0,0.0,27778934.784,0.437,63565.601,0.0,1.0,0.0,True,never_reciprocal,0
NGA,1975,1980,Manufacturing,0.1570331980789963,0.1707397133525169,2205.277353197929,2418.655590936265,33.50746707251126,33.151339798553906,False,644.6781972368067,681.847328243565,37.169131006758334,37.16913100675838,Nigeria,True,1.0,1_nonreciprocal,0.0,0.0,1.0,0.0,0.0,27778934.784,0.437,63565.601,0.0,1.0,0.0,True,never_reciprocal,0
NGA,1975,1980,Services,0.2932333807271369,0.3848532681623247,604.0402423396179,456.1525168089741,-43.36561772539759,41.79264224331578,False,644.6781972368067,681.847328243565,37.169131006758334,37.16913100675838,Nigeria,True,1.0,1_nonreciprocal,0.0,0.0,1.0,0.0,0.0,27778934.784,0.437,63565.601,0.0,1.0,0.0,True,never_reciprocal,0
NGA,1980,1985,Agriculture,0.4444070184851584,0.4140575678430961,210.0213884838958,259.0157404869404,21.77343389628537,-7.860985431425611,False,681.847328243565,663.7637021755419,-18.083626068023136,-18.083626068023065,Nigeria,True,1.0,1_nonreciprocal,0.0,0.0,1.0,0.0,0.0,64201789.44,0.871,73698.097,0.0,1.0,0.0,True,never_reciprocal,0
NGA,1980,1985,Manufacturing,0.1707397133525169,0.1135801659343959,2418.655590936265,2947.4906208787065,90.29314142314216,-168.47722990858318,False,681.847328243565,663.7637021755419,-18.083626068023136,-18.083626068023065,Nigeria,True,1.0,1_nonreciprocal,0.0,0.0,1.0,0.0,0.0,64201789.44,0.871,73698.097,0.0,1.0,0.0,True,never_reciprocal,0
NGA,1980,1985,Services,0.3848532681623247,0.472362266222508,456.1525168089741,469.42742188155705,5.108890601728172,41.07912335083002,False,681.847328243565,663.7637021755419,-18.083626068023136,-18.083626068023065,Nigeria,True,1.0,1_nonreciprocal,0.0,0.0,1.0,0.0,0.0,64201789.44,0.871,73698.097,0.0,1.0,0.0,True,never_reciprocal,0
NGA,1985,1990,Agriculture,0.4140575678430961,0.4864753394263799,259.0157404869404,252.44726662001307,-2.71972631378084,18.28166849091243,False,663.7637021755419,760.7113577084606,96.9476555329187,96.94765553291867,Nigeria,True,1.0,1_nonreciprocal,0.0,0.0,1.0,0.0,0.0,28873977.856,0.344,83901.573,0.0,1.0,0.0,True,never_reciprocal,0
NGA,1985,1990,Manufacturing,0.1135801659343959,0.1152274320513752,2947.4906208787065,3416.801062317044,53.30435781331098,5.628380618413587,False,663.7637021755419,760.7113577084606,96.9476555329187,96.94765553291867,Nigeria,True,1.0,1_nonreciprocal,0.0,0.0,1.0,0.0,0.0,28873977.856,0.344,83901.573,0.0,1.0,0.0,True,never_reciprocal,0
NGA,1985,1990,Services,0.472362266222508,0.3982972285222449,469.42742188155705,613.0918275706405,67.86164424680521,-45.40866932274268,False,663.7637021755419,760.7113577084606,96.9476555329187,96.94765553291867,Nigeria,True,1.0,1_nonreciprocal,0.0,0.0,1.0,0.0,0.0,28873977.856,0.344,83901.573,0.0,1.0,0.0,True,never_reciprocal,0
NGA,1990,1995,Agriculture,0.4864753394263799,0.4972691553597746,252.44726662001307,249.2058384128347,-1.5768748873133345,2.689881949355449,False,760.7113577084606,674.739862921219,-85.97149478724157,-85.97149478724158,Nigeria,True,1.0,1_nonreciprocal,0.0,0.0,1.0,0.0,0.0,30757074.944,0.322,95617.348,0.0,1.0,0.0,True,never_reciprocal,0
NGA,1990,1995,Manufacturing,0.1152274320513752,0.1191034214524996,3416.801062317044,2569.4663529628424,-97.636202646883,9.959224350629906,False,760.7113577084606,674.739862921219,-85.97149478724157,-85.97149478724158,Nigeria,True,1.0,1_nonreciprocal,0.0,0.0,1.0,0.0,0.0,30757074.944,0.322,95617.348,0.0,1.0,0.0,True,never_reciprocal,0
NGA,1990,1995,Services,0.3982972285222449,0.3836274231877257,613.0918275706405,638.080693408118,9.952996006981508,-9.3605195600121,False,760.7113577084606,674.739862921219,-85.97149478724157,-85.97149478724158,Nigeria,True,1.0,1_nonreciprocal,0.0,0.0,1.0,0.0,0.0,30757074.944,0.322,95617.348,0.0,1.0,0.0,True,never_reciprocal,0
NGA,1995,2000,Agriculture,0.4972691553597746,0.4843571284747638,249.2058384128347,273.7264153397179,12.193326577365584,-3.5343628340040723,False,674.739862921219,688.9291440262481,14.189281105029067,14.189281105029112,Nigeria,True,1.0,1_nonreciprocal,0.0,0.0,1.0,0.0,0.0,28546959.36,0.263,108424.828,1.0,1.0,0.0,True,never_reciprocal,0
NGA,1995,2000,Manufacturing,0.1191034214524996,0.1189625726557491,2569.4663529628424,2518.0497943461182,-6.123888050564851,-0.3546642836914545,False,674.739862921219,688.9291440262481,14.189281105029067,14.189281105029112,Nigeria,True,1.0,1_nonreciprocal,0.0,0.0,1.0,0.0,0.0,28546959.36,0.263,108424.828,1.0,1.0,0.0,True,never_reciprocal,0
NGA,1995,2000,Services,0.3836274231877257,0.3966802988694871,638.080693408118,647.3578915458214,3.5589876159691265,8.44988207995478,False,674.739862921219,688.9291440262481,14.189281105029067,14.189281105029112,Nigeria,True,1.0,1_nonreciprocal,0.0,0.0,1.0,0.0,0.0,28546959.36,0.263,108424.828,1.0,1.0,0.0,True,never_reciprocal,0
NGA,2000,2005,Agriculture,0.4843571284747638,0.4491174021051672,273.7264153397179,514.3910155482747,116.56761468254362,-18.126998634900083,False,688.9291440262481,930.8636911515516,241.93454712530357,241.93454712530345,Nigeria,True,1.0,1_nonreciprocal,0.0,0.0,1.0,0.0,0.0,46385995.776,0.378,122876.724,1.0,1.0,0.0,True,never_reciprocal,0
NGA,2000,2005,Manufacturing,0.1189625726557491,0.1159043495101495,2518.0497943461182,2813.6913704125136,35.17028247285876,-8.604896073569526,False,688.9291440262481,930.8636911515516,241.93454712530357,241.93454712530345,Nigeria,True,1.0,1_nonreciprocal,0.0,0.0,1.0,0.0,0.0,46385995.776,0.378,122876.724,1.0,1.0,0.0,True,never_reciprocal,0
NGA,2000,2005,Services,0.3966802988694871,0.4349782483846832,647.3578915458214,859.1755287997246,84.02388365170692,32.90466102666377,False,688.9291440262481,930.8636911515516,241.93454712530357,241.93454712530345,Nigeria,True,1.0,1_nonreciprocal,0.0,0.0,1.0,0.0,0.0,46385995.776,0.378,122876.724,1.0,1.0,0.0,True,never_reciprocal,0
NGA,2005,2010,Agriculture,0.4491174021051672,0.4077769063228552,514.3910155482747,681.6910716230769,75.13736655636399,-28.18144687127357,False,930.8636911515516,1163.3938601609063,232.53016900935472,232.53016900935472,Nigeria,True,1.0,1_nonreciprocal,0.0,0.0,1.0,0.0,0.0,112248324.096,0.804,139585.892,1.0,1.0,0.0,True,never_reciprocal,0
NGA,2005,2010,Manufacturing,0.1159043495101495,0.1146274999011199,2813.6913704125136,2528.248700441769,-33.08404698539945,-3.2281933646886696,False,930.8636911515516,1163.3938601609063,232.53016900935472,232.53016900935472,Nigeria,True,1.0,1_nonreciprocal,0.0,0.0,1.0,0.0,0.0,112248324.096,0.804,139585.892,1.0,1.0,0.0,True,never_reciprocal,0
NGA,2005,2010,Services,0.4349782483846832,0.4775955937760248,859.1755287997246,1247.0993535295468,168.7384257876649,53.14806388668752,False,930.8636911515516,1163.3938601609063,232.53016900935472,232.53016900935472,Nigeria,True,1.0,1_nonreciprocal,0.0,0.0,1.0,0.0,0.0,112248324.096,0.804,139585.892,1.0,1.0,0.0,True,never_reciprocal,0
NGA,2010,2015,Agriculture,0.4077769063228552,0.3707955925757155,681.6910716230769,813.9691757308274,53.93995606731104,-30.101649468202417,False,1163.3938601609063,1305.98870716019,142.59484699928362,142.59484699928362,Nigeria,True,1.0,1_nonreciprocal,0.0,0.0,1.0,0.0,0.0,369062412.288,2.311,159707.779,1.0,1.0,0.0,True,never_reciprocal,0
NGA,2010,2015,Manufacturing,0.1146274999011199,0.1140830328093317,2528.248700441769,2653.3983553228945,14.345592052511416,-1.4446880858781623,False,1163.3938601609063,1305.98870716019,142.59484699928362,142.59484699928362,Nigeria,True,1.0,1_nonreciprocal,0.0,0.0,1.0,0.0,0.0,369062412.288,2.311,159707.779,1.0,1.0,0.0,True,never_reciprocal,0
NGA,2010,2015,Services,0.4775955937760248,0.5151213746149527,1247.0993535295468,1361.7466237049846,54.75503107423857,51.10060535930317,False,1163.3938601609063,1305.98870716019,142.59484699928362,142.59484699928362,Nigeria,True,1.0,1_nonreciprocal,0.0,0.0,1.0,0.0,0.0,369062412.288,2.311,159707.779,1.0,1.0,0.0,True,never_reciprocal,0
RWA,1970,1975,Agriculture,0.9302443719291266,0.9300846176057586,186.29581605089672,234.03606135809585,44.41009451153786,-0.0373882726259769,False,239.6129324157428,314.7621547831487,75.14922236740588,75.14922236740591,Rwanda,True,1.0,1_nonreciprocal,0.0,0.0,1.0,0.0,0.0,219900.0,0.059,3754.546,0.0,1.0,0.0,True,never_reciprocal,0
RWA,1970,1975,Manufacturing,0.0250394601295706,0.0257582697448083,376.1362381457737,693.097987486261,7.936551085210085,0.498205497707044,False,239.6129324157428,314.7621547831487,75.14922236740588,75.14922236740591,Rwanda,True,1.0,1_nonreciprocal,0.0,0.0,1.0,0.0,0.0,219900.0,0.059,3754.546,0.0,1.0,0.0,True,never_reciprocal,0
RWA,1970,1975,Services,0.0447161679413027,0.0441571126494331,1272.3373290125664,1794.406483429994,23.34493198590362,-1.003172440326734,False,239.6129324157428,314.7621547831487,75.14922236740588,75.14922236740591,Rwanda,True,1.0,1_nonreciprocal,0.0,0.0,1.0,0.0,0.0,219900.0,0.059,3754.546,0.0,1.0,0.0,True,never_reciprocal,0
RWA,1975,1980,Agriculture,0.9300846176057586,0.9258356892366224,234.03606135809585,250.48226471174604,15.296360757246308,-1.0642812004992088,False,314.7621547831487,359.0455382533697,44.283383470221054,44.28338347022104,Rwanda,True,1.0,1_nonreciprocal,0.0,0.0,1.0,0.0,0.0,571863.488,0.131,4359.166,0.0,1.0,0.0,True,never_reciprocal,0
RWA,1975,1980,Manufacturing,0.0257582697448083,0.02646022186604,693.097987486261,922.9308386564436,5.920096576659949,0.647853259945094,False,314.7621547831487,359.0455382533697,44.283383470221054,44.28338347022104,Rwanda,True,1.0,1_nonreciprocal,0.0,0.0,1.0,0.0,0.0,571863.488,0.131,4359.166,0.0,1.0,0.0,True,never_reciprocal,0
RWA,1975,1980,Services,0.0441571126494331,0.0477040888973375,1794.406483429994,2153.256999114247,15.845802645376716,7.637551431492181,False,314.7621547831487,359.0455382533697,44.283383470221054,44.28338347022104,Rwanda,True,1.0,1_nonreciprocal,0.0,0.0,1.0,0.0,0.0,571863.488,0.131,4359.166,0.0,1.0,0.0,True,never_reciprocal,0
RWA,1980,1985,Agriculture,0.9258356892366224,0.913242604068592,250.48226471174604,217.13093658838983,-30.87784986004422,-2.734348377071772,False,359.0455382533697,333.52002815197045,-25.52551010139928,-25.52551010139929,Rwanda,True,1.0,1_nonreciprocal,0.0,0.0,1.0,0.0,0.0,1254765.696,0.244,5140.786,0.0,1.0,0.0,True,never_reciprocal,0
RWA,1980,1985,Manufacturing,0.02646022186604,0.026925083671657,922.9308386564436,919.0204180869204,-0.1034705958591087,0.4272174909507416,False,359.0455382533697,333.52002815197045,-25.52551010139928,-25.52551010139929,Rwanda,True,1.0,1_nonreciprocal,0.0,0.0,1.0,0.0,0.0,1254765.696,0.244,5140.786,0.0,1.0,0.0,True,never_reciprocal,0
RWA,1980,1985,Services,0.0477040888973375,0.0598323122597508,2153.256999114247,1846.529080566832,-14.63217589368119,22.39511713430625,False,359.0455382533697,333.52002815197045,-25.52551010139928,-25.52551010139929,Rwanda,True,1.0,1_nonreciprocal,0.0,0.0,1.0,0.0,0.0,1254765.696,0.244,5140.786,0.0,1.0,0.0,True,never_reciprocal,0
RWA,1985,1990,Agriculture,0.913242604068592,0.8980808504814795,217.13093658838983,164.58765930808462,-47.98475936976404,-2.495437533908833,False,333.52002815197045,277.5966995454696,-55.92332860650083,-55.92332860650083,Rwanda,True,1.0,1_nonreciprocal,0.0,0.0,1.0,0.0,0.0,1715626.368,0.281,6112.554,0.0,1.0,0.0,True,never_reciprocal,0
RWA,1985,1990,Manufacturing,0.026925083671657,0.0273354442157078,919.0204180869204,644.41830003668,-7.39368500491697,0.2644438441993075,False,333.52002815197045,277.5966995454696,-55.92332860650083,-55.92332860650083,Rwanda,True,1.0,1_nonreciprocal,0.0,0.0,1.0,0.0,0.0,1715626.368,0.281,6112.554,0.0,1.0,0.0,True,never_reciprocal,0
RWA,1985,1990,Services,0.0598323122597508,0.0745837053028126,1846.529080566832,1503.9238604151917,-20.498862513933627,22.18497197182333,False,333.52002815197045,277.5966995454696,-55.92332860650083,-55.92332860650083,Rwanda,True,1.0,1_nonreciprocal,0.0,0.0,1.0,0.0,0.0,1715626.368,0.281,6112.554,0.0,1.0,0.0,True,never_reciprocal,0
RWA,1990,1995,Agriculture,0.8980808504814795,0.8907890079758627,164.58765930808462,155.8884169965721,-7.812622933667648,-1.136713785188915,False,277.5966995454696,306.2065552217098,28.60985567624016,28.60985567624016,Rwanda,True,1.0,1_nonreciprocal,0.0,0.0,1.0,0.0,0.0,2550185.728,0.353,7214.696,0.0,1.0,0.0,True,never_reciprocal,0
RWA,1990,1995,Manufacturing,0.0273354442157078,0.0262043916316836,644.41830003668,529.9107870513309,-3.1301137334904463,-0.5993569649966599,False,277.5966995454696,306.2065552217098,28.60985567624016,28.60985567624016,Rwanda,True,1.0,1_nonreciprocal,0.0,0.0,1.0,0.0,0.0,2550185.728,0.353,7214.696,0.0,1.0,0.0,True,never_reciprocal,0
RWA,1990,1995,Services,0.0745837053028126,0.0830066003924536,1503.9238604151917,1848.731021040708,25.71699565439308,15.571667439190747,False,277.5966995454696,306.2065552217098,28.60985567624016,28.60985567624016,Rwanda,True,1.0,1_nonreciprocal,0.0,0.0,1.0,0.0,0.0,2550185.728,0.353,7214.696,0.0,1.0,0.0,True,never_reciprocal,0
RWA,1995,2000,Agriculture,0.8907890079758627,0.8827980435885306,155.8884169965721,166.72077893045056,9.649348941115104,-1.332259807061489,False,306.2065552217098,358.53348177517523,52.326926553465455,52.32692655346547,Rwanda,True,1.0,1_nonreciprocal,0.0,0.0,1.0,0.0,0.0,1293535.232,0.228,5663.838,0.0,1.0,0.0,True,never_reciprocal,0
RWA,1995,2000,Manufacturing,0.0262043916316836,0.0246285041758856,529.9107870513309,1100.506765780589,14.952120490085331,-1.7342748072145129,False,306.2065552217098,358.53348177517523,52.326926553465455,52.32692655346547,Rwanda,True,1.0,1_nonreciprocal,0.0,0.0,1.0,0.0,0.0,1293535.232,0.228,5663.838,0.0,1.0,0.0,True,never_reciprocal,0
RWA,1995,2000,Services,0.0830066003924536,0.0925734522355836,1848.731021040708,1990.299209802805,11.751094072858873,19.04089766368217,False,306.2065552217098,358.53348177517523,52.326926553465455,52.32692655346547,Rwanda,True,1.0,1_nonreciprocal,0.0,0.0,1.0,0.0,0.0,1293535.232,0.228,5663.838,0.0,1.0,0.0,True,never_reciprocal,0
RWA,2000,2005,Agriculture,0.8827980435885306,0.7959592342762077,166.72077893045056,213.7606482057264,41.52670456687374,-18.562720168015613,False,358.53348177517523,446.6918952133908,88.15841343821558,88.15841343821558,Rwanda,True,1.0,1_nonreciprocal,0.0,0.0,1.0,0.0,0.0,1734938.24,0.207,8395.577,1.0,1.0,0.0,True,never_reciprocal,0
RWA,2000,2005,Manufacturing,0.0246285041758856,0.0373739494045055,1100.506765780589,1186.990713537639,2.1299702684815847,15.128725126274452,False,358.53348177517523,446.6918952133908,88.15841343821558,88.15841343821558,Rwanda,True,1.0,1_nonreciprocal,0.0,0.0,1.0,0.0,0.0,1734938.24,0.207,8395.577,1.0,1.0,0.0,True,never_reciprocal,0
RWA,2000,2005,Services,0.0925734522355836,0.1666668163192865,1990.299209802805,1393.1063639747051,-55.284203388699886,103.21993703330128,False,358.53348177517523,446.6918952133908,88.15841343821558,88.15841343821558,Rwanda,True,1.0,1_nonreciprocal,0.0,0.0,1.0,0.0,0.0,1734938.24,0.207,8395.577,1.0,1.0,0.0,True,never_reciprocal,0
RWA,2005,2010,Agriculture,0.7959592342762077,0.7727089220545167,213.7606482057264,245.3559825244872,25.148598111061627,-5.7046031991541,False,446.6918952133908,587.7665578109611,141.0746625975703,141.0746625975703,Rwanda,True,1.0,1_nonreciprocal,0.0,0.0,1.0,0.0,0.0,2581465.6,0.274,9429.457,1.0,1.0,1.0,True,switched_during_interval,1
RWA,2005,2010,Manufacturing,0.0373739494045055,0.0558114466887592,1186.990713537639,1034.805391900695,-5.687766510967552,19.079221602900144,False,446.6918952133908,587.7665578109611,141.0746625975703,141.0746625975703,Rwanda,True,1.0,1_nonreciprocal,0.0,0.0,1.0,0.0,0.0,2581465.6,0.274,9429.457,1.0,1.0,1.0,True,switched_during_interval,1
RWA,2005,2010,Services,0.1666668163192865,0.1714796312567241,1393.1063639747051,1985.214293829913,98.68474358637089,9.554469007359296,False,446.6918952133908,587.7665578109611,141.0746625975703,141.0746625975703,Rwanda,True,1.0,1_nonreciprocal,0.0,0.0,1.0,0.0,0.0,2581465.6,0.274,9429.457,1.0,1.0,1.0,True,switched_during_interval,1
RWA,2010,2015,Agriculture,0.7727089220545167,0.6764218011567414,245.3559825244872,315.70529941287947,54.359544820101206,-30.39835433263626,False,587.7665578109611,751.7528257269261,163.98626791596496,163.986267915965,Rwanda,True,2.0,2_reciprocal_pta,1.0,0.0,0.0,0.5445480254410373,0.3763033230185896,5698548.736,0.526,10836.732,1.0,1.0,1.0,True,always_reciprocal,1
RWA,2010,2015,Manufacturing,0.0558114466887592,0.0812707951238893,1034.805391900695,1151.0961219598107,6.49035388109123,29.306157251301887,False,587.7665578109611,751.7528257269261,163.98626791596496,163.986267915965,Rwanda,True,2.0,2_reciprocal_pta,1.0,0.0,0.0,0.5445480254410373,0.3763033230185896,5698548.736,0.526,10836.732,1.0,1.0,1.0,True,always_reciprocal,1
RWA,2010,2015,Services,0.1714796312567241,0.242307403719369,1985.214293829913,1835.075505503816,-25.74574405949044,129.97431035559737,False,587.7665578109611,751.7528257269261,163.98626791596496,163.986267915965,Rwanda,True,2.0,2_reciprocal_pta,1.0,0.0,0.0,0.5445480254410373,0.3763033230185896,5698548.736,0.526,10836.732,1.0,1.0,1.0,True,always_reciprocal,1
SEN,1970,1975,Agriculture,0.732831167072144,0.719580789887951,694.7335149716873,617.2898166018358,-56.75315585876138,-8.179322901935631,False,1866.4261942467208,1651.119235219507,-215.30695902721413,-215.30695902721425,Senegal,True,1.0,1_nonreciprocal,0.0,0.0,1.0,0.0,0.0,1024832.768,0.243,4218.056,0.0,1.0,0.0,True,never_reciprocal,0
SEN,1970,1975,Manufacturing,0.0710521390307764,0.0716012033578794,4557.042392667676,4148.566017197147,-29.02312022071968,2.277829608674779,False,1866.4261942467208,1651.119235219507,-215.30695902721413,-215.30695902721425,Senegal,True,1.0,1_nonreciprocal,0.0,0.0,1.0,0.0,0.0,1024832.768,0.243,4218.056,0.0,1.0,0.0,True,never_reciprocal,0
SEN,1970,1975,Services,0.1961166938970795,0.2088180067541694,5269.904318065354,4357.320695190864,-178.97288302276422,55.34369336829183,False,1866.4261942467208,1651.119235219507,-215.30695902721413,-215.30695902721425,Senegal,True,1.0,1_nonreciprocal,0.0,0.0,1.0,0.0,0.0,1024832.768,0.243,4218.056,0.0,1.0,0.0,True,never_reciprocal,0
SEN,1975,1980,Agriculture,0.719580789887951,0.7026360146407323,617.2898166018358,424.8097675489624,-138.50494573513822,-7.198306033940393,False,1651.119235219507,1365.1686645467096,-285.9505706727971,-285.9505706727971,Senegal,True,1.0,1_nonreciprocal,0.0,0.0,1.0,0.0,0.0,2235746.56,0.456,4901.053,0.0,1.0,0.0,True,never_reciprocal,0
SEN,1975,1980,Manufacturing,0.0716012033578794,0.0705851654539169,4148.566017197147,3607.253727817047,-38.75861131202381,-3.6651065166723455,False,1651.119235219507,1365.1686645467096,-285.9505706727971,-285.9505706727971,Senegal,True,1.0,1_nonreciprocal,0.0,0.0,1.0,0.0,0.0,2235746.56,0.456,4901.053,0.0,1.0,0.0,True,never_reciprocal,0
SEN,1975,1980,Services,0.2088180067541694,0.2267788199053508,4357.320695190864,3580.8609535156397,-162.13877558147777,64.31517450645543,False,1651.119235219507,1365.1686645467096,-285.9505706727971,-285.9505706727971,Senegal,True,1.0,1_nonreciprocal,0.0,0.0,1.0,0.0,0.0,2235746.56,0.456,4901.053,0.0,1.0,0.0,True,never_reciprocal,0
SEN,1980,1985,Agriculture,0.7026360146407323,0.6863074573448367,424.8097675489624,430.729509174354,4.159423663368021,-7.033191469586456,False,1365.1686645467096,1243.3862882575809,-121.7823762891287,-121.78237628912852,Senegal,True,1.0,1_nonreciprocal,0.0,0.0,1.0,0.0,0.0,3503282.944,0.629,5568.908,0.0,1.0,0.0,True,never_reciprocal,0
SEN,1980,1985,Manufacturing,0.0705851654539169,0.0719319400628934,3607.253727817047,3218.111034492843,-27.4677013934718,4.334070230122069,False,1365.1686645467096,1243.3862882575809,-121.7823762891287,-121.78237628912852,Senegal,True,1.0,1_nonreciprocal,0.0,0.0,1.0,0.0,0.0,3503282.944,0.629,5568.908,0.0,1.0,0.0,True,never_reciprocal,0
SEN,1980,1985,Services,0.2267788199053508,0.2417606025922699,3580.8609535156397,2962.800540218244,-140.1630111577967,44.38803383823634,False,1365.1686645467096,1243.3862882575809,-121.7823762891287,-121.78237628912852,Senegal,True,1.0,1_nonreciprocal,0.0,0.0,1.0,0.0,0.0,3503282.944,0.629,5568.908,0.0,1.0,0.0,True,never_reciprocal,0
SEN,1985,1990,Agriculture,0.6863074573448367,0.6581082437774071,430.729509174354,329.07369454412463,-69.76714366319077,-9.279619391872863,False,1243.3862882575809,1073.7167905264018,-169.66949773117904,-169.66949773117912,Senegal,True,1.0,1_nonreciprocal,0.0,0.0,1.0,0.0,0.0,2962200.064,0.46,6437.891,0.0,1.0,0.0,True,never_reciprocal,0
SEN,1985,1990,Manufacturing,0.0719319400628934,0.0749461438936895,3218.111034492843,2906.2403298527074,-22.43346483354656,8.76000073545637,False,1243.3862882575809,1073.7167905264018,-169.66949773117904,-169.66949773117912,Senegal,True,1.0,1_nonreciprocal,0.0,0.0,1.0,0.0,0.0,2962200.064,0.46,6437.891,0.0,1.0,0.0,True,never_reciprocal,0
SEN,1985,1990,Services,0.2417606025922699,0.2669456123289033,2962.800540218244,2395.016602101372,-137.26778702134706,60.31851644332176,False,1243.3862882575809,1073.7167905264018,-169.66949773117904,-169.66949773117912,Senegal,True,1.0,1_nonreciprocal,0.0,0.0,1.0,0.0,0.0,2962200.064,0.46,6437.891,0.0,1.0,0.0,True,never_reciprocal,0
SEN,1990,1995,Agriculture,0.6581082437774071,0.6396468065294061,329.07369454412463,369.01687847022464,26.28693862448363,-6.812581945331256,False,1073.7167905264018,1090.0697681274758,16.352977601073917,16.352977601073942,Senegal,True,1.0,1_nonreciprocal,0.0,0.0,1.0,0.0,0.0,5716644.352,0.761,7514.11,0.0,1.0,0.0,True,never_reciprocal,0
SEN,1990,1995,Manufacturing,0.0749461438936895,0.0888311406205247,2906.2403298527074,2596.9498419554952,-23.18012941089392,36.05864005530706,False,1073.7167905264018,1090.0697681274758,16.352977601073917,16.352977601073942,Senegal,True,1.0,1_nonreciprocal,0.0,0.0,1.0,0.0,0.0,5716644.352,0.761,7514.11,0.0,1.0,0.0,True,never_reciprocal,0
SEN,1990,1995,Services,0.2669456123289033,0.2715220528500691,2395.016602101372,2295.722491489663,-26.506127157896557,10.506237435404984,False,1073.7167905264018,1090.0697681274758,16.352977601073917,16.352977601073942,Senegal,True,1.0,1_nonreciprocal,0.0,0.0,1.0,0.0,0.0,5716644.352,0.761,7514.11,0.0,1.0,0.0,True,never_reciprocal,0
SEN,1995,2000,Agriculture,0.6396468065294061,0.5823681047479952,369.01687847022464,405.23324481426056,23.16568307606164,-23.211234181629514,False,1090.0697681274758,1179.9255983684077,89.85583024093171,89.85583024093171,Senegal,True,1.0,1_nonreciprocal,0.0,0.0,1.0,0.0,0.0,4878718.976,0.56,8711.528,1.0,1.0,0.0,True,never_reciprocal,0
SEN,1995,2000,Manufacturing,0.0888311406205247,0.1089777653304374,2596.9498419554952,2315.9756320434717,-24.95925955143583,46.659091896082806,False,1090.0697681274758,1179.9255983684077,89.85583024093171,89.85583024093171,Senegal,True,1.0,1_nonreciprocal,0.0,0.0,1.0,0.0,0.0,4878718.976,0.56,8711.528,1.0,1.0,0.0,True,never_reciprocal,0
SEN,1995,2000,Services,0.2715220528500691,0.3086541299215674,2295.722491489663,2240.5040646659413,-14.993020606328193,83.1945696081808,False,1090.0697681274758,1179.9255983684077,89.85583024093171,89.85583024093171,Senegal,True,1.0,1_nonreciprocal,0.0,0.0,1.0,0.0,0.0,4878718.976,0.56,8711.528,1.0,1.0,0.0,True,never_reciprocal,0
SEN,2000,2005,Agriculture,0.5823681047479952,0.5287270637795617,405.23324481426056,413.1069015525628,4.585366552121335,-22.15948423052363,False,1179.9255983684077,1269.0378091341263,89.11221076571883,89.11221076571874,Senegal,True,1.0,1_nonreciprocal,0.0,0.0,1.0,0.0,0.0,4679604.736,0.475,9861.679,1.0,1.0,0.0,True,never_reciprocal,0
SEN,2000,2005,Manufacturing,0.1089777653304374,0.1315455872494653,2315.9756320434717,2056.417116496401,-28.286106996805337,46.40885527633165,False,1179.9255983684077,1269.0378091341263,89.11221076571883,89.11221076571874,Senegal,True,1.0,1_nonreciprocal,0.0,0.0,1.0,0.0,0.0,4679604.736,0.475,9861.679,1.0,1.0,0.0,True,never_reciprocal,0
SEN,2000,2005,Services,0.3086541299215674,0.3397273489709729,2240.5040646659413,2296.266153410127,17.211198983945895,71.35238118064883,False,1179.9255983684077,1269.0378091341263,89.11221076571883,89.11221076571874,Senegal,True,1.0,1_nonreciprocal,0.0,0.0,1.0,0.0,0.0,4679604.736,0.475,9861.679,1.0,1.0,0.0,True,never_reciprocal,0
SEN,2005,2010,Agriculture,0.5287270637795617,0.514464591559313,413.1069015525628,434.34902992834935,11.231288164558157,-6.194890973245045,False,1269.0378091341263,1284.4965721673998,15.4587630332735,15.45876303327342,Senegal,True,1.0,1_nonreciprocal,0.0,0.0,1.0,0.0,0.0,8707014.656,0.773,11270.826,1.0,1.0,0.0,True,never_reciprocal,0
SEN,2005,2010,Manufacturing,0.1315455872494653,0.1390223611898645,2056.417116496401,1906.4578192173992,-19.726483824083434,14.254154141194771,False,1269.0378091341263,1284.4965721673998,15.4587630332735,15.45876303327342,Senegal,True,1.0,1_nonreciprocal,0.0,0.0,1.0,0.0,0.0,8707014.656,0.773,11270.826,1.0,1.0,0.0,True,never_reciprocal,0
SEN,2005,2010,Services,0.3397273489709729,0.3465130472508224,2296.266153410127,2297.169225430243,0.3067982633238069,15.58789726152517,False,1269.0378091341263,1284.4965721673998,15.4587630332735,15.45876303327342,Senegal,True,1.0,1_nonreciprocal,0.0,0.0,1.0,0.0,0.0,8707014.656,0.773,11270.826,1.0,1.0,0.0,True,never_reciprocal,0
SEN,2010,2015,Agriculture,0.514464591559313,0.4773873318615221,434.34902992834935,430.195212891167,-2.1369917854461407,-15.950459629112244,False,1284.4965721673998,1313.7295615172225,29.232989349822677,29.23298934982272,Senegal,True,1.0,1_nonreciprocal,0.0,0.0,1.0,0.0,0.0,12932427.776,0.999,12950.564,1.0,1.0,0.0,True,never_reciprocal,0
SEN,2010,2015,Manufacturing,0.1390223611898645,0.1513397645092712,1906.4578192173992,1853.8687376151304,-7.311058297153876,22.834848942444967,False,1284.4965721673998,1313.7295615172225,29.232989349822677,29.23298934982272,Senegal,True,1.0,1_nonreciprocal,0.0,0.0,1.0,0.0,0.0,12932427.776,0.999,12950.564,1.0,1.0,0.0,True,never_reciprocal,0
SEN,2010,2015,Services,0.3465130472508224,0.3712729036292067,2297.169225430243,2229.6153325007026,-23.408305292670807,55.204955411760814,False,1284.4965721673998,1313.7295615172225,29.232989349822677,29.23298934982272,Senegal,True,1.0,1_nonreciprocal,0.0,0.0,1.0,0.0,0.0,12932427.776,0.999,12950.564,1.0,1.0,0.0,True,never_reciprocal,0
SLE,2005,2010,Agriculture,0.6814482721398833,0.6425725639413629,2925.53208479484,3965.780009232261,708.8751507049809,-154.17250641843927,True,3889.935531935816,4620.073547228889,730.1380152930733,730.1380152930724,Sierra Leone,True,1.0,1_nonreciprocal,0.0,0.0,1.0,0.0,0.0,1627853.056,0.318,5119.895,1.0,1.0,0.0,True,never_reciprocal,0
SLE,2005,2010,Manufacturing,0.0569288378206881,0.0470452298017651,6917.578069426661,7717.471168618687,45.53698451779045,-76.27645992796627,True,3889.935531935816,4620.073547228889,730.1380152930733,730.1380152930724,Sierra Leone,True,1.0,1_nonreciprocal,0.0,0.0,1.0,0.0,0.0,1627853.056,0.318,5119.895,1.0,1.0,0.0,True,never_reciprocal,0
SLE,2005,2010,Services,0.2616228900394285,0.3103822062568718,5743.102476277209,5505.154224720052,-62.25270925221218,268.42755566891884,True,3889.935531935816,4620.073547228889,730.1380152930733,730.1380152930724,Sierra Leone,True,1.0,1_nonreciprocal,0.0,0.0,1.0,0.0,0.0,1627853.056,0.318,5119.895,1.0,1.0,0.0,True,never_reciprocal,0
SLE,2010,2015,Agriculture,0.6425725639413629,0.5973388482199933,3965.780009232261,4676.349337061831,456.5923548415372,-211.52865652647,True,4620.073547228889,5271.274664091149,651.2011168622603,651.2011168622612,Sierra Leone,True,1.0,1_nonreciprocal,0.0,0.0,1.0,0.0,0.0,2578159.616,0.448,5751.976,1.0,1.0,0.0,True,never_reciprocal,0
SLE,2010,2015,Manufacturing,0.0470452298017651,0.0486540030755731,7717.471168618687,9975.26034689102,106.21821073576048,16.047932245355042,True,4620.073547228889,5271.274664091149,651.2011168622603,651.2011168622612,Sierra Leone,True,1.0,1_nonreciprocal,0.0,0.0,1.0,0.0,0.0,2578159.616,0.448,5751.976,1.0,1.0,0.0,True,never_reciprocal,0
SLE,2010,2015,Services,0.3103822062568718,0.3540071487044334,5505.154224720052,5628.624158894204,38.32287057536392,245.5484049907145,True,4620.073547228889,5271.274664091149,651.2011168622603,651.2011168622612,Sierra Leone,True,1.0,1_nonreciprocal,0.0,0.0,1.0,0.0,0.0,2578159.616,0.448,5751.976,1.0,1.0,0.0,True,never_reciprocal,0
SWZ,1995,2000,Agriculture,0.1600322285601237,0.1562783917293969,59.35951416599524,87.50801602016688,4.504667482351862,-0.3284908135203384,False,99.06909361876232,102.74926239133676,3.680168772574461,3.680168772574473,Eswatini,True,1.0,1_nonreciprocal,0.0,0.0,1.0,0.0,0.0,1698989.44,1.763,963.428,1.0,1.0,0.0,True,never_reciprocal,0
SWZ,1995,2000,Manufacturing,0.2518857812517604,0.2505130720754621,161.69372026867498,156.08932806085346,-1.4116667097084017,-0.2142652529513663,False,99.06909361876232,102.74926239133676,3.680168772574461,3.680168772574473,Eswatini,True,1.0,1_nonreciprocal,0.0,0.0,1.0,0.0,0.0,1698989.44,1.763,963.428,1.0,1.0,0.0,True,never_reciprocal,0
SWZ,1995,2000,Services,0.5880819901881158,0.5932085361951409,83.0518703889056,84.2388978656189,0.6980694809135329,0.4318545854891848,False,99.06909361876232,102.74926239133676,3.680168772574461,3.680168772574473,Eswatini,True,1.0,1_nonreciprocal,0.0,0.0,1.0,0.0,0.0,1698989.44,1.763,963.428,1.0,1.0,0.0,True,never_reciprocal,0
SWZ,2000,2005,Agriculture,0.1562783917293969,0.1473719196092841,87.50801602016688,102.8464261780474,2.397062071159412,-0.9159988274080104,False,102.74926239133676,119.09142934106288,16.342166949726106,16.34216694972609,Eswatini,True,1.0,1_nonreciprocal,0.0,0.0,1.0,0.0,0.0,1524490.112,1.433,1063.715,1.0,1.0,0.0,True,never_reciprocal,0
SWZ,2000,2005,Manufacturing,0.2505130720754621,0.2485562154746563,156.08932806085346,171.3965389218285,3.834656417689728,-0.3353984485444531,False,102.74926239133676,119.09142934106288,16.342166949726106,16.34216694972609,Eswatini,True,1.0,1_nonreciprocal,0.0,0.0,1.0,0.0,0.0,1524490.112,1.433,1063.715,1.0,1.0,0.0,True,never_reciprocal,0
SWZ,2000,2005,Services,0.5932085361951409,0.6040718649160595,84.2388978656189,101.532752297457,10.258862072682538,1.1029836641468738,False,102.74926239133676,119.09142934106288,16.342166949726106,16.34216694972609,Eswatini,True,1.0,1_nonreciprocal,0.0,0.0,1.0,0.0,0.0,1524490.112,1.433,1063.715,1.0,1.0,0.0,True,never_reciprocal,0
SWZ,2005,2010,Agriculture,0.1473719196092841,0.1395800971059637,102.8464261780474,89.2722175298714,-2.000457185658643,-0.6955932734705649,False,119.09142934106288,119.51735672043591,0.42592737937305,0.4259273793730597,Eswatini,True,1.0,1_nonreciprocal,0.0,0.0,1.0,0.0,0.0,2584077.824,2.339,1104.642,1.0,1.0,1.0,True,switched_during_interval,1
SWZ,2005,2010,Manufacturing,0.2485562154746563,0.2431504848127584,171.3965389218285,182.05726073399944,2.649788667861338,-0.9841525165709204,False,119.09142934106288,119.51735672043591,0.42592737937305,0.4259273793730597,Eswatini,True,1.0,1_nonreciprocal,0.0,0.0,1.0,0.0,0.0,2584077.824,2.339,1104.642,1.0,1.0,1.0,True,switched_during_interval,1
SWZ,2005,2010,Services,0.6040718649160595,0.6172694180812778,101.532752297457,101.72125635637654,0.1138699984157697,1.3424716887960806,False,119.09142934106288,119.51735672043591,0.42592737937305,0.4259273793730597,Eswatini,True,1.0,1_nonreciprocal,0.0,0.0,1.0,0.0,0.0,2584077.824,2.339,1104.642,1.0,1.0,1.0,True,switched_during_interval,1
SWZ,2010,2015,Agriculture,0.1395800971059637,0.1327573870510965,89.2722175298714,93.06516184800547,0.5294195362426699,-0.6349566154982307,False,119.51735672043591,112.2297900966806,-7.287566623755325,-7.287566623755329,Eswatini,True,3.0,3_fta,1.0,1.0,0.0,0.3929290082229779,0.4001024220400796,3891563.52,3.262,1193.148,1.0,1.0,1.0,True,always_reciprocal,1
SWZ,2010,2015,Manufacturing,0.2431504848127584,0.2370166337437327,182.05726073399944,171.42479558340554,-2.585289056121665,-1.0514941656467789,False,119.51735672043591,112.2297900966806,-7.287566623755325,-7.287566623755329,Eswatini,True,3.0,3_fta,1.0,1.0,0.0,0.3929290082229779,0.4001024220400796,3891563.52,3.262,1193.148,1.0,1.0,1.0,True,always_reciprocal,1
SWZ,2010,2015,Services,0.6172694180812778,0.6302259792051706,101.72125635637654,94.00465285417678,-4.763223353366796,1.2179770306354722,False,119.51735672043591,112.2297900966806,-7.287566623755325,-7.287566623755329,Eswatini,True,3.0,3_fta,1.0,1.0,0.0,0.3929290082229779,0.4001024220400796,3891563.52,3.262,1193.148,1.0,1.0,1.0,True,always_reciprocal,1
TZA,1960,1965,Agriculture,0.90939621118968,0.9095469732358518,464.7380608538506,448.51754979387846,-14.75087130149895,0.067619423550894,False,1048.395423119106,1147.5138176833243,99.1183945642183,99.1183945642184,United Republic of Tanzania,False,,,,,,0.0,0.0,,,10074.49,0.0,0.0,0.0,True,missing_reciprocal_data,0
TZA,1960,1965,Manufacturing,0.0140779082742787,0.0185524467138006,13638.488875465418,13331.840112755315,-4.316973153853882,59.65383105408304,False,1048.395423119106,1147.5138176833243,99.1183945642183,99.1183945642184,United Republic of Tanzania,False,,,,,,0.0,0.0,,,10074.49,0.0,0.0,0.0,True,missing_reciprocal_data,0
TZA,1960,1965,Services,0.0765258805360412,0.0719005800503477,5668.18693174152,6845.950118784309,90.12936495138364,-31.664576409446337,False,1048.395423119106,1147.5138176833243,99.1183945642183,99.1183945642184,United Republic of Tanzania,False,,,,,,0.0,0.0,,,10074.49,0.0,0.0,0.0,True,missing_reciprocal_data,0
TZA,1965,1970,Agriculture,0.9095469732358518,0.9027230992875058,448.51754979387846,476.87027381827,25.788134319376734,-3.2541026382490865,False,1147.5138176833243,1332.5787637669896,185.0649460836653,185.06494608366535,United Republic of Tanzania,True,1.0,1_nonreciprocal,0.0,0.0,1.0,0.0,0.0,859590.016,0.074,11682.873,0.0,1.0,0.0,True,never_reciprocal,0
TZA,1965,1970,Manufacturing,0.0185524467138006,0.0265239976561643,13331.840112755315,11330.771904682364,-37.12471130095394,90.3238254544794,False,1147.5138176833243,1332.5787637669896,185.0649460836653,185.06494608366535,United Republic of Tanzania,True,1.0,1_nonreciprocal,0.0,0.0,1.0,0.0,0.0,859590.016,0.074,11682.873,0.0,1.0,0.0,True,never_reciprocal,0
TZA,1965,1970,Services,0.0719005800503477,0.0707529030563297,6845.950118784309,8502.260102407683,119.08964856570262,-9.757848316690364,False,1147.5138176833243,1332.5787637669896,185.0649460836653,185.06494608366535,United Republic of Tanzania,True,1.0,1_nonreciprocal,0.0,0.0,1.0,0.0,0.0,859590.016,0.074,11682.873,0.0,1.0,0.0,True,never_reciprocal,0
TZA,1970,1975,Agriculture,0.9027230992875058,0.8773540264763993,476.87027381827,470.5385267931129,-5.715814298454249,-11.937126146645298,False,1332.5787637669896,1408.118998569739,75.54023480274941,75.54023480274938,United Republic of Tanzania,True,1.0,1_nonreciprocal,0.0,0.0,1.0,0.0,0.0,1310420.096,0.096,13604.627,0.0,1.0,0.0,True,never_reciprocal,0
TZA,1970,1975,Manufacturing,0.0265239976561643,0.0284264645523828,11330.771904682364,10778.935118777315,-14.636917615930786,20.506567239960763,False,1332.5787637669896,1408.118998569739,75.54023480274941,75.54023480274938,United Republic of Tanzania,True,1.0,1_nonreciprocal,0.0,0.0,1.0,0.0,0.0,1310420.096,0.096,13604.627,0.0,1.0,0.0,True,never_reciprocal,0
TZA,1970,1975,Services,0.0707529030563297,0.0942195089712179,8502.260102407683,7311.469969766127,-84.25185881522208,171.57538443904102,False,1332.5787637669896,1408.118998569739,75.54023480274941,75.54023480274938,United Republic of Tanzania,True,1.0,1_nonreciprocal,0.0,0.0,1.0,0.0,0.0,1310420.096,0.096,13604.627,0.0,1.0,0.0,True,never_reciprocal,0
TZA,1975,1980,Agriculture,0.8773540264763993,0.8595635262009693,470.5385267931129,442.6401954485908,-24.476713337089244,-7.874790519044517,False,1408.118998569739,1361.528882853699,-46.59011571603992,-46.59011571603973,United Republic of Tanzania,True,1.0,1_nonreciprocal,0.0,0.0,1.0,0.0,0.0,2715849.984,0.17,15978.207,0.0,1.0,0.0,True,never_reciprocal,0
TZA,1975,1980,Manufacturing,0.0284264645523828,0.0279787720157259,10778.935118777315,9736.319620406655,-29.637872506198505,-4.358877628562564,False,1408.118998569739,1361.528882853699,-46.59011571603992,-46.59011571603973,United Republic of Tanzania,True,1.0,1_nonreciprocal,0.0,0.0,1.0,0.0,0.0,2715849.984,0.17,15978.207,0.0,1.0,0.0,True,never_reciprocal,0
TZA,1975,1980,Services,0.0942195089712179,0.1124577017833048,7311.469969766127,6301.402549106943,-95.16805640233297,114.92619467718804,False,1408.118998569739,1361.528882853699,-46.59011571603992,-46.59011571603973,United Republic of Tanzania,True,1.0,1_nonreciprocal,0.0,0.0,1.0,0.0,0.0,2715849.984,0.17,15978.207,0.0,1.0,0.0,True,never_reciprocal,0
TZA,1980,1985,Agriculture,0.8595635262009693,0.8601992254647127,442.6401954485908,446.5754637093187,3.382613062738049,0.2838876934858838,False,1361.528882853699,1192.8643623606486,-168.66452049305053,-168.66452049305076,United Republic of Tanzania,True,1.0,1_nonreciprocal,0.0,0.0,1.0,0.0,0.0,5138220.032,0.275,18686.808,0.0,1.0,0.0,True,never_reciprocal,0
TZA,1980,1985,Manufacturing,0.0279787720157259,0.0202609967392388,9736.319620406655,8503.159914500455,-34.50229427052926,-65.6254773601476,False,1361.528882853699,1192.8643623606486,-168.66452049305053,-168.66452049305076,United Republic of Tanzania,True,1.0,1_nonreciprocal,0.0,0.0,1.0,0.0,0.0,5138220.032,0.275,18686.808,0.0,1.0,0.0,True,never_reciprocal,0
TZA,1980,1985,Services,0.1124577017833048,0.1195397777960484,6301.402549106943,5324.068781115519,-109.90870942353324,37.70545980493544,False,1361.528882853699,1192.8643623606486,-168.66452049305053,-168.66452049305076,United Republic of Tanzania,True,1.0,1_nonreciprocal,0.0,0.0,1.0,0.0,0.0,5138220.032,0.275,18686.808,0.0,1.0,0.0,True,never_reciprocal,0
TZA,1985,1990,Agriculture,0.8601992254647127,0.8429380983646496,446.5754637093187,502.0539206690295,47.72252570672063,-8.666016535753121,False,1192.8643623606486,1291.1273553655603,98.26299300491178,98.26299300491183,United Republic of Tanzania,True,1.0,1_nonreciprocal,0.0,0.0,1.0,0.0,0.0,6904459.776,0.316,21849.854,0.0,1.0,0.0,True,never_reciprocal,0
TZA,1985,1990,Manufacturing,0.0202609967392388,0.0261378883317075,8503.159914500455,9606.913574147406,22.363149299029807,56.45878961348076,False,1192.8643623606486,1291.1273553655603,98.26299300491178,98.26299300491183,United Republic of Tanzania,True,1.0,1_nonreciprocal,0.0,0.0,1.0,0.0,0.0,6904459.776,0.316,21849.854,0.0,1.0,0.0,True,never_reciprocal,0
TZA,1985,1990,Services,0.1195397777960484,0.130924013303643,5324.068781115519,4711.301833960035,-73.25002470372947,53.634569625163245,False,1192.8643623606486,1291.1273553655603,98.26299300491178,98.26299300491183,United Republic of Tanzania,True,1.0,1_nonreciprocal,0.0,0.0,1.0,0.0,0.0,6904459.776,0.316,21849.854,0.0,1.0,0.0,True,never_reciprocal,0
TZA,1990,1995,Agriculture,0.8429380983646496,0.8437191714059932,502.0539206690295,536.1517831691887,28.74238737418348,0.4187737039017314,False,1291.1273553655603,1248.3028502566708,-42.824505108889525,-42.82450510888936,United Republic of Tanzania,True,1.0,1_nonreciprocal,0.0,0.0,1.0,0.0,0.0,4258742.784,0.167,25484.814,0.0,1.0,0.0,True,never_reciprocal,0
TZA,1990,1995,Manufacturing,0.0261378883317075,0.0239793406054963,9606.913574147406,8503.28295017978,-28.84657400871855,-18.354742077441493,False,1291.1273553655603,1248.3028502566708,-42.824505108889525,-42.82450510888936,United Republic of Tanzania,True,1.0,1_nonreciprocal,0.0,0.0,1.0,0.0,0.0,4258742.784,0.167,25484.814,0.0,1.0,0.0,True,never_reciprocal,0
TZA,1990,1995,Services,0.130924013303643,0.1323014879885104,4711.301833960035,4474.91712215256,-30.948435153459616,6.16408505264509,False,1291.1273553655603,1248.3028502566708,-42.824505108889525,-42.82450510888936,United Republic of Tanzania,True,1.0,1_nonreciprocal,0.0,0.0,1.0,0.0,0.0,4258742.784,0.167,25484.814,0.0,1.0,0.0,True,never_reciprocal,0
TZA,1995,2000,Agriculture,0.8437191714059932,0.8252107465456819,536.1517831691887,567.2897241413369,26.271677756309664,-10.499639233296625,False,1248.3028502566708,1375.057213696029,126.75436343935826,126.75436343935807,United Republic of Tanzania,True,1.0,1_nonreciprocal,0.0,0.0,1.0,0.0,0.0,5255221.248,0.175,29944.302,1.0,1.0,0.0,True,never_reciprocal,0
TZA,1995,2000,Manufacturing,0.0239793406054963,0.0286191560348126,8503.28295017978,8996.644525324713,11.830485252064507,41.74277008067584,False,1248.3028502566708,1375.057213696029,126.75436343935826,126.75436343935807,United Republic of Tanzania,True,1.0,1_nonreciprocal,0.0,0.0,1.0,0.0,0.0,5255221.248,0.175,29944.302,1.0,1.0,0.0,True,never_reciprocal,0
TZA,1995,2000,Services,0.1323014879885104,0.1461700974195053,4474.91712215256,4443.092499321187,-4.21044495526387,61.61951453886856,False,1248.3028502566708,1375.057213696029,126.75436343935826,126.75436343935807,United Republic of Tanzania,True,1.0,1_nonreciprocal,0.0,0.0,1.0,0.0,0.0,5255221.248,0.175,29944.302,1.0,1.0,0.0,True,never_reciprocal,0
TZA,2000,2005,Agriculture,0.8252107465456819,0.7465171431370504,567.2897241413369,673.9066059865324,87.98139666184655,-53.032139185961086,False,1375.057213696029,1669.08814122648,294.030927530451,294.03092753045087,United Republic of Tanzania,True,1.0,1_nonreciprocal,0.0,0.0,1.0,0.0,0.0,10185786.368,0.299,34020.512,1.0,1.0,0.0,True,never_reciprocal,0
TZA,2000,2005,Manufacturing,0.0286191560348126,0.0482707269349933,8996.644525324713,7706.42355548134,-36.92503525533479,151.44332888736392,False,1375.057213696029,1669.08814122648,294.030927530451,294.03092753045087,United Republic of Tanzania,True,1.0,1_nonreciprocal,0.0,0.0,1.0,0.0,0.0,10185786.368,0.299,34020.512,1.0,1.0,0.0,True,never_reciprocal,0
TZA,2000,2005,Services,0.1461700974195053,0.2052121299279562,4443.092499321187,3869.218842818603,-83.88316827747038,228.44654470000668,False,1375.057213696029,1669.08814122648,294.030927530451,294.03092753045087,United Republic of Tanzania,True,1.0,1_nonreciprocal,0.0,0.0,1.0,0.0,0.0,10185786.368,0.299,34020.512,1.0,1.0,0.0,True,never_reciprocal,0
TZA,2005,2010,Agriculture,0.7465171431370504,0.7059090206191245,673.9066059865324,766.4261572406757,69.06743108656494,-31.12312729417249,False,1669.08814122648,1955.2718562846285,286.1837150581482,286.1837150581483,United Republic of Tanzania,True,1.0,1_nonreciprocal,0.0,0.0,1.0,0.0,0.0,14141916.16,0.364,38824.383,1.0,1.0,1.0,True,switched_during_interval,1
TZA,2005,2010,Manufacturing,0.0482707269349933,0.0552855224140254,7706.42355548134,8441.738412750597,35.494182686487896,59.21706845293441,False,1669.08814122648,1955.2718562846285,286.1837150581482,286.1837150581483,United Republic of Tanzania,True,1.0,1_nonreciprocal,0.0,0.0,1.0,0.0,0.0,14141916.16,0.364,38824.383,1.0,1.0,1.0,True,switched_during_interval,1
TZA,2005,2010,Services,0.2052121299279562,0.2388054569668501,3869.218842818603,3967.827251745148,20.23564162462321,133.29251850171033,False,1669.08814122648,1955.2718562846285,286.1837150581482,286.1837150581483,United Republic of Tanzania,True,1.0,1_nonreciprocal,0.0,0.0,1.0,0.0,0.0,14141916.16,0.364,38824.383,1.0,1.0,1.0,True,switched_during_interval,1
TZA,2010,2015,Agriculture,0.7059090206191245,0.6776454022100467,766.4261572406757,857.8111964740706,64.50952354448604,-24.244848324177656,False,1955.2718562846285,2365.662431750343,410.3905754657146,410.39057546571496,United Republic of Tanzania,True,2.0,2_reciprocal_pta,1.0,0.0,0.0,0.3981493297429859,0.3763033230185896,22915004.416,0.51,44973.331,1.0,1.0,1.0,True,always_reciprocal,1
TZA,2010,2015,Manufacturing,0.0552855224140254,0.0632043417509535,8441.738412750597,9856.82920153409,78.23403352117069,78.05444968190623,False,1955.2718562846285,2365.662431750343,410.3905754657146,410.39057546571496,United Republic of Tanzania,True,2.0,2_reciprocal_pta,1.0,0.0,0.0,0.3981493297429859,0.3763033230185896,22915004.416,0.51,44973.331,1.0,1.0,1.0,True,always_reciprocal,1
TZA,2010,2015,Services,0.2388054569668501,0.2591502560389998,3967.827251745148,4481.478177224236,122.66264398047902,91.17477306185064,False,1955.2718562846285,2365.662431750343,410.3905754657146,410.39057546571496,United Republic of Tanzania,True,2.0,2_reciprocal_pta,1.0,0.0,0.0,0.3981493297429859,0.3763033230185896,22915004.416,0.51,44973.331,1.0,1.0,1.0,True,always_reciprocal,1
UGA,1990,1995,Agriculture,0.9066351904109444,0.8738652657476275,1042.5335133069782,1151.59917898945,98.88277057332417,-37.73781833782194,False,1860.460721531309,2357.1674275738505,496.7067060425416,496.7067060425416,Uganda,True,1.0,1_nonreciprocal,0.0,0.0,1.0,0.0,0.0,4304399.36,0.245,17534.84,0.0,1.0,0.0,True,never_reciprocal,0
UGA,1990,1995,Manufacturing,0.0218970847193519,0.0293130997714551,8749.171681995269,9132.73842518963,8.398993471252837,67.72852562812692,False,1860.460721531309,2357.1674275738505,496.7067060425416,496.7067060425416,Uganda,True,1.0,1_nonreciprocal,0.0,0.0,1.0,0.0,0.0,4304399.36,0.245,17534.84,0.0,1.0,0.0,True,never_reciprocal,0
UGA,1990,1995,Services,0.0714677248697036,0.0968216344809174,10125.994621474529,11186.715016268095,75.80727333879015,283.6269613688695,False,1860.460721531309,2357.1674275738505,496.7067060425416,496.7067060425416,Uganda,True,1.0,1_nonreciprocal,0.0,0.0,1.0,0.0,0.0,4304399.36,0.245,17534.84,0.0,1.0,0.0,True,never_reciprocal,0
UGA,1995,2000,Agriculture,0.8738652657476275,0.8144613275111792,1151.59917898945,1284.0822361615417,115.7723419627479,-76.27954184746062,False,2357.1674275738505,2656.054266287699,298.88683871384865,298.88683871384865,Uganda,True,1.0,1_nonreciprocal,0.0,0.0,1.0,0.0,0.0,5755819.008,0.278,20740.726,1.0,1.0,0.0,True,never_reciprocal,0
UGA,1995,2000,Manufacturing,0.0293130997714551,0.0429656887570217,9132.73842518963,8178.580113918714,-27.969337776047464,111.65879278086112,False,2357.1674275738505,2656.054266287699,298.88683871384865,298.88683871384865,Uganda,True,1.0,1_nonreciprocal,0.0,0.0,1.0,0.0,0.0,5755819.008,0.278,20740.726,1.0,1.0,0.0,True,never_reciprocal,0
UGA,1995,2000,Services,0.0968216344809174,0.142572983731799,11186.715016268095,8829.306808287576,-228.2481158354044,403.9526994291521,False,2357.1674275738505,2656.054266287699,298.88683871384865,298.88683871384865,Uganda,True,1.0,1_nonreciprocal,0.0,0.0,1.0,0.0,0.0,5755819.008,0.278,20740.726,1.0,1.0,0.0,True,never_reciprocal,0
UGA,2000,2005,Agriculture,0.8144613275111792,0.7538438734304717,1284.0822361615417,1297.5821300333405,10.995141484085286,-78.65612518324265,False,2656.054266287699,2858.894152895615,202.839886607916,202.839886607916,Uganda,True,1.0,1_nonreciprocal,0.0,0.0,1.0,0.0,0.0,6193246.72,0.255,24275.64,1.0,1.0,0.0,True,never_reciprocal,0
UGA,2000,2005,Manufacturing,0.0429656887570217,0.0594156547403803,8178.580113918714,7487.443269370466,-29.695170551370197,123.16818708347115,False,2656.054266287699,2858.894152895615,202.839886607916,202.839886607916,Uganda,True,1.0,1_nonreciprocal,0.0,0.0,1.0,0.0,0.0,6193246.72,0.255,24275.64,1.0,1.0,0.0,True,never_reciprocal,0
UGA,2000,2005,Services,0.142572983731799,0.1867404718291479,8829.306808287576,7689.005257680306,-162.57619442407554,339.6040481990479,False,2656.054266287699,2858.894152895615,202.839886607916,202.839886607916,Uganda,True,1.0,1_nonreciprocal,0.0,0.0,1.0,0.0,0.0,6193246.72,0.255,24275.64,1.0,1.0,0.0,True,never_reciprocal,0
UGA,2005,2010,Agriculture,0.7538438734304717,0.708013225116513,1297.5821300333405,1292.672269635454,-3.7012681803453926,-59.24400817486924,False,2858.894152895615,3238.9760967407883,380.0819438451731,380.08194384517327,Uganda,True,1.0,1_nonreciprocal,0.0,0.0,1.0,0.0,0.0,9013834.752,0.314,28724.869,1.0,1.0,1.0,True,switched_during_interval,1
UGA,2005,2010,Manufacturing,0.0594156547403803,0.0736169328474025,7487.443269370466,7295.913255164402,-11.379881196487595,103.61129318129916,False,2858.894152895615,3238.9760967407883,380.0819438451731,380.08194384517327,Uganda,True,1.0,1_nonreciprocal,0.0,0.0,1.0,0.0,0.0,9013834.752,0.314,28724.869,1.0,1.0,1.0,True,switched_during_interval,1
UGA,2005,2010,Services,0.1867404718291479,0.2183698420360844,7689.005257680306,8181.735450613929,92.0126687128918,258.7831395026845,False,2858.894152895615,3238.9760967407883,380.0819438451731,380.08194384517327,Uganda,True,1.0,1_nonreciprocal,0.0,0.0,1.0,0.0,0.0,9013834.752,0.314,28724.869,1.0,1.0,1.0,True,switched_during_interval,1
UGA,2010,2015,Agriculture,0.708013225116513,0.7133695155582481,1292.672269635454,1154.8791137807707,-97.55937667565672,6.185867958503485,False,3238.9760967407883,3368.2930461719952,129.31694943120692,129.316949431207,Uganda,True,2.0,2_reciprocal_pta,1.0,0.0,0.0,0.6025762150415562,0.3763033230185896,16030996.48,0.472,33987.213,1.0,1.0,1.0,True,always_reciprocal,1
UGA,2010,2015,Manufacturing,0.0736169328474025,0.0702024104539871,7295.913255164402,8301.608517125225,74.03620056472077,-28.34602818309164,False,3238.9760967407883,3368.2930461719952,129.31694943120692,129.316949431207,Uganda,True,2.0,2_reciprocal_pta,1.0,0.0,0.0,0.6025762150415562,0.3763033230185896,16030996.48,0.472,33987.213,1.0,1.0,1.0,True,always_reciprocal,1
UGA,2010,2015,Services,0.2183698420360844,0.2164280739877647,8181.735450613929,9063.725086835197,192.5999375391018,-17.599651772370713,False,3238.9760967407883,3368.2930461719952,129.31694943120692,129.316949431207,Uganda,True,2.0,2_reciprocal_pta,1.0,0.0,0.0,0.6025762150415562,0.3763033230185896,16030996.48,0.472,33987.213,1.0,1.0,1.0,True,always_reciprocal,1
ZAF,1960,1965,Agriculture,0.3146294023876621,0.2545903213804907,16.391487133571374,18.556820761896923,0.6812776254499754,-1.11413446495909,False,123.78701725015068,149.00287743153345,25.21586018138277,25.21586018138277,South Africa,True,1.0,1_nonreciprocal,0.0,0.0,1.0,0.0,0.0,7363240.448,0.423,17396.0,0.0,1.0,0.0,True,never_reciprocal,0
ZAF,1960,1965,Manufacturing,0.2702208992341752,0.3022488877095123,213.65238599922063,242.32657385979783,7.748364828494844,7.761232714849532,False,123.78701725015068,149.00287743153345,25.21586018138277,25.21586018138277,South Africa,True,1.0,1_nonreciprocal,0.0,0.0,1.0,0.0,0.0,7363240.448,0.423,17396.0,0.0,1.0,0.0,True,never_reciprocal,0
ZAF,1960,1965,Services,0.4151496983781625,0.4431607909099971,146.68548193274276,160.29295577461838,5.649138661143399,4.489980816404105,False,123.78701725015068,149.00287743153345,25.21586018138277,25.21586018138277,South Africa,True,1.0,1_nonreciprocal,0.0,0.0,1.0,0.0,0.0,7363240.448,0.423,17396.0,0.0,1.0,0.0,True,never_reciprocal,0
ZAF,1965,1970,Agriculture,0.2545903213804907,0.2021541563575816,18.556820761896923,24.39295946678387,1.485824428498289,-1.2790732479974118,False,149.00287743153345,170.24066396747585,21.237786535942377,21.23778653594237,South Africa,True,1.0,1_nonreciprocal,0.0,0.0,1.0,0.0,0.0,11002595.328,0.555,19832.001,0.0,1.0,0.0,True,never_reciprocal,0
ZAF,1965,1970,Manufacturing,0.3022488877095123,0.3175025987082598,242.32657385979783,253.5191428067145,3.3829415148175945,3.867107737023821,False,149.00287743153345,170.24066396747585,21.237786535942377,21.23778653594237,South Africa,True,1.0,1_nonreciprocal,0.0,0.0,1.0,0.0,0.0,11002595.328,0.555,19832.001,0.0,1.0,0.0,True,never_reciprocal,0
ZAF,1965,1970,Services,0.4431607909099971,0.4803432449341586,160.29295577461838,176.574855702628,7.215499649614163,6.565486453985913,False,149.00287743153345,170.24066396747585,21.237786535942377,21.23778653594237,South Africa,True,1.0,1_nonreciprocal,0.0,0.0,1.0,0.0,0.0,11002595.328,0.555,19832.001,0.0,1.0,0.0,True,never_reciprocal,0
ZAF,1970,1975,Agriculture,0.2021541563575816,0.1788069646712313,24.39295946678387,31.95074074257811,1.5278368977433108,-0.7459600686378526,False,170.24066396747585,185.11271024909428,14.872046281618452,14.872046281618434,South Africa,True,1.0,1_nonreciprocal,0.0,0.0,1.0,0.0,0.0,17907392.512,0.811,22087.0,0.0,1.0,0.0,True,never_reciprocal,0
ZAF,1970,1975,Manufacturing,0.3175025987082598,0.3237102358436223,253.5191428067145,235.7336729175204,-5.646932909066644,1.4633491020581806,False,170.24066396747585,185.11271024909428,14.872046281618452,14.872046281618434,South Africa,True,1.0,1_nonreciprocal,0.0,0.0,1.0,0.0,0.0,17907392.512,0.811,22087.0,0.0,1.0,0.0,True,never_reciprocal,0
ZAF,1970,1975,Services,0.4803432449341586,0.4974827994851463,176.574855702628,207.2238327198298,14.722029074355168,3.551724185166273,False,170.24066396747585,185.11271024909428,14.872046281618452,14.872046281618434,South Africa,True,1.0,1_nonreciprocal,0.0,0.0,1.0,0.0,0.0,17907392.512,0.811,22087.0,0.0,1.0,0.0,True,never_reciprocal,0
ZAF,1975,1980,Agriculture,0.1788069646712313,0.1429389077382467,31.95074074257811,45.60757207734262,2.4419365579962022,-1.6358549918453258,False,185.11271024909428,198.6122127564915,13.49950250739721,13.499502507397237,South Africa,True,1.0,1_nonreciprocal,0.0,0.0,1.0,0.0,0.0,36947550.208,1.494,24728.001,0.0,1.0,0.0,True,never_reciprocal,0
ZAF,1975,1980,Manufacturing,0.3237102358436223,0.3370775944837685,235.7336729175204,240.69659904093285,1.6065499858843255,3.217477762843635,False,185.11271024909428,198.6122127564915,13.49950250739721,13.499502507397237,South Africa,True,1.0,1_nonreciprocal,0.0,0.0,1.0,0.0,0.0,36947550.208,1.494,24728.001,0.0,1.0,0.0,True,never_reciprocal,0
ZAF,1975,1980,Services,0.4974827994851463,0.5199834977779847,207.2238327198298,213.3907827617195,3.067951571124324,4.801441621394073,False,185.11271024909428,198.6122127564915,13.49950250739721,13.499502507397237,South Africa,True,1.0,1_nonreciprocal,0.0,0.0,1.0,0.0,0.0,36947550.208,1.494,24728.001,0.0,1.0,0.0,True,never_reciprocal,0
ZAF,1980,1985,Agriculture,0.1429389077382467,0.1363710881129253,45.60757207734262,42.27974562203803,-0.4756758786636791,-0.2776857430500171,False,198.6122127564915,194.0445623299375,-4.567650426553996,-4.56765042655401,South Africa,True,1.0,1_nonreciprocal,0.0,0.0,1.0,0.0,0.0,80543506.432,2.921,27576.0,0.0,1.0,0.0,True,never_reciprocal,0
ZAF,1980,1985,Manufacturing,0.3370775944837685,0.3368448825096864,240.69659904093285,219.35590633236856,-7.19346936282015,-0.0510467459891713,False,198.6122127564915,194.0445623299375,-4.567650426553996,-4.56765042655401,South Africa,True,1.0,1_nonreciprocal,0.0,0.0,1.0,0.0,0.0,80543506.432,2.921,27576.0,0.0,1.0,0.0,True,never_reciprocal,0
ZAF,1980,1985,Services,0.5199834977779847,0.5267840293773882,213.3907827617195,217.147647876092,1.9535078628514948,1.4767194411175133,False,198.6122127564915,194.0445623299375,-4.567650426553996,-4.56765042655401,South Africa,True,1.0,1_nonreciprocal,0.0,0.0,1.0,0.0,0.0,80543506.432,2.921,27576.0,0.0,1.0,0.0,True,never_reciprocal,0
ZAF,1985,1990,Agriculture,0.1363710881129253,0.1140355188094148,42.27974562203803,48.60002127320279,0.8619028677229663,-1.0855091432997046,False,194.0445623299375,167.01745105734,-27.02711127259749,-27.02711127259749,South Africa,True,1.0,1_nonreciprocal,0.0,0.0,1.0,0.0,0.0,67066232.832,2.142,31307.88,0.0,1.0,0.0,True,never_reciprocal,0
ZAF,1985,1990,Manufacturing,0.3368448825096864,0.3038844250288803,219.35590633236856,194.13304478530688,-8.496191834378081,-6.398713968265537,False,194.0445623299375,167.01745105734,-27.02711127259749,-27.02711127259749,South Africa,True,1.0,1_nonreciprocal,0.0,0.0,1.0,0.0,0.0,67066232.832,2.142,31307.88,0.0,1.0,0.0,True,never_reciprocal,0
ZAF,1985,1990,Services,0.5267840293773882,0.5820800561617049,217.147647876092,176.06051373652116,-21.64404607761237,9.735446883235229,False,194.0445623299375,167.01745105734,-27.02711127259749,-27.02711127259749,South Africa,True,1.0,1_nonreciprocal,0.0,0.0,1.0,0.0,0.0,67066232.832,2.142,31307.88,0.0,1.0,0.0,True,never_reciprocal,0
ZAF,1990,1995,Agriculture,0.1140355188094148,0.1053029778130761,48.60002127320279,36.91398567960153,-1.3326231317416075,-0.3223528932853807,False,167.01745105734,150.76511578632355,-16.25233527101645,-16.252335271016452,South Africa,True,1.0,1_nonreciprocal,0.0,0.0,1.0,0.0,0.0,112013934.592,3.182,35200.001,0.0,1.0,0.0,True,never_reciprocal,0
ZAF,1990,1995,Manufacturing,0.3038844250288803,0.272404196474818,194.13304478530688,184.58396393650528,-2.9018169432923653,-5.810745372135979,False,167.01745105734,150.76511578632355,-16.25233527101645,-16.252335271016452,South Africa,True,1.0,1_nonreciprocal,0.0,0.0,1.0,0.0,0.0,112013934.592,3.182,35200.001,0.0,1.0,0.0,True,never_reciprocal,0
ZAF,1990,1995,Services,0.5820800561617049,0.6222928257121059,176.06051373652116,155.22678842153422,-12.126896001405129,6.242099070844008,False,167.01745105734,150.76511578632355,-16.25233527101645,-16.252335271016452,South Africa,True,1.0,1_nonreciprocal,0.0,0.0,1.0,0.0,0.0,112013934.592,3.182,35200.001,0.0,1.0,0.0,True,never_reciprocal,0
ZAF,1995,2000,Agriculture,0.1053029778130761,0.0992555718048878,36.91398567960153,45.49005723962952,0.9030858732089798,-0.2750968454637646,False,150.76511578632355,150.76125833762077,-0.0038574487028029,-0.0038574487028069,South Africa,True,1.0,1_nonreciprocal,0.0,0.0,1.0,0.0,0.0,151113089.024,3.863,39119.999,1.0,1.0,1.0,True,switched_during_interval,1
ZAF,1995,2000,Manufacturing,0.272404196474818,0.2636829777565529,184.58396393650528,177.72952561621392,-1.867177762925171,-1.5500180655924995,False,150.76511578632355,150.76125833762077,-0.0038574487028029,-0.0038574487028069,South Africa,True,1.0,1_nonreciprocal,0.0,0.0,1.0,0.0,0.0,151113089.024,3.863,39119.999,1.0,1.0,1.0,True,switched_during_interval,1
ZAF,1995,2000,Services,0.6222928257121059,0.6370614504385591,155.22678842153422,156.00043932450467,0.4814374065242005,2.303911945545448,False,150.76511578632355,150.76125833762077,-0.0038574487028029,-0.0038574487028069,South Africa,True,1.0,1_nonreciprocal,0.0,0.0,1.0,0.0,0.0,151113089.024,3.863,39119.999,1.0,1.0,1.0,True,switched_during_interval,1
ZAF,2000,2005,Agriculture,0.0992555718048878,0.0704274764150627,45.49005723962952,63.70620972514829,1.8080546310351948,-1.836528690880775,False,150.76125833762077,167.030954805239,16.269696467618246,16.269696467618274,South Africa,True,3.0,3_fta,1.0,1.0,0.0,0.5541717548520817,0.3160179811819349,132877639.68,3.02,44000.0,1.0,1.0,1.0,True,always_reciprocal,1
ZAF,2000,2005,Manufacturing,0.2636829777565529,0.2749962724751627,177.72952561621392,180.775144749772,0.8030779222489303,2.04516249035351,False,150.76125833762077,167.030954805239,16.269696467618246,16.269696467618274,South Africa,True,3.0,3_fta,1.0,1.0,0.0,0.5541717548520817,0.3160179811819349,132877639.68,3.02,44000.0,1.0,1.0,1.0,True,always_reciprocal,1
ZAF,2000,2005,Services,0.6370614504385591,0.6545762511097745,156.00043932450467,172.37380071257817,10.430837354440806,3.0190927604206066,False,150.76125833762077,167.030954805239,16.269696467618246,16.269696467618274,South Africa,True,3.0,3_fta,1.0,1.0,0.0,0.5541717548520817,0.3160179811819349,132877639.68,3.02,44000.0,1.0,1.0,1.0,True,always_reciprocal,1
ZAF,2005,2010,Agriculture,0.0704274764150627,0.0485555928360095,63.70620972514829,95.47992452081908,2.237742549391036,-2.0883257932561428,False,167.030954805239,176.3028481131293,9.27189330789031,9.271893307890297,South Africa,True,3.0,3_fta,1.0,1.0,0.0,0.5533621127557474,0.3832006040891502,247051567.104,5.186,47639.557,1.0,1.0,1.0,True,always_reciprocal,1
ZAF,2005,2010,Manufacturing,0.2749962724751627,0.2372168008527456,180.775144749772,203.91166476111263,6.362456761165681,-7.703674952322277,False,167.030954805239,176.3028481131293,9.27189330789031,9.271893307890297,South Africa,True,3.0,3_fta,1.0,1.0,0.0,0.5533621127557474,0.3832006040891502,247051567.104,5.186,47639.557,1.0,1.0,1.0,True,always_reciprocal,1
ZAF,2005,2010,Services,0.6545762511097745,0.7142276063112448,172.37380071257817,172.62773087094214,0.1662166511055996,10.2974780918064,False,167.030954805239,176.3028481131293,9.27189330789031,9.271893307890297,South Africa,True,3.0,3_fta,1.0,1.0,0.0,0.5533621127557474,0.3832006040891502,247051567.104,5.186,47639.557,1.0,1.0,1.0,True,always_reciprocal,1
ZAF,2010,2015,Agriculture,0.0485555928360095,0.0515298436766366,95.47992452081908,86.05535781096377,-0.4576154238195449,0.2559502203097225,False,176.3028481131293,172.73419993430298,-3.5686481788263222,-3.568648178826331,South Africa,True,3.0,3_fta,1.0,1.0,0.0,0.5771679419674709,0.4001024220400796,365208436.736,7.176,50895.699,1.0,1.0,1.0,True,always_reciprocal,1
ZAF,2010,2015,Manufacturing,0.2372168008527456,0.2254601462123598,203.91166476111263,199.00001117771805,-1.165126749949787,-2.339574404849352,False,176.3028481131293,172.73419993430298,-3.5686481788263222,-3.568648178826331,South Africa,True,3.0,3_fta,1.0,1.0,0.0,0.5771679419674709,0.4001024220400796,365208436.736,7.176,50895.699,1.0,1.0,1.0,True,always_reciprocal,1
ZAF,2010,2015,Services,0.7142276063112448,0.7230100101110036,172.62773087094214,170.72130047470122,-1.3616252185061513,1.4993433979887814,False,176.3028481131293,172.73419993430298,-3.5686481788263222,-3.568648178826331,South Africa,True,3.0,3_fta,1.0,1.0,0.0,0.5771679419674709,0.4001024220400796,365208436.736,7.176,50895.699,1.0,1.0,1.0,True,always_reciprocal,1
ZMB,1965,1970,Agriculture,0.6330802081097839,0.6272452662996794,2.7438855967957867,2.8424820220290656,0.0624194454055649,-0.0165857171948079,False,38.01488726014656,29.94291293998353,-8.07197432016303,-8.071974320163022,Zambia,True,1.0,1_nonreciprocal,0.0,0.0,1.0,0.0,0.0,1061199.552,0.296,3580.708,0.0,0.0,0.0,True,never_reciprocal,0
ZMB,1965,1970,Manufacturing,0.122905135380142,0.1089627945676621,250.18142910310905,193.5746583918836,-6.957262817695831,-2.698883859959021,False,38.01488726014656,29.94291293998353,-8.07197432016303,-8.071974320163022,Zambia,True,1.0,1_nonreciprocal,0.0,0.0,1.0,0.0,0.0,1061199.552,0.296,3580.708,0.0,0.0,0.0,True,never_reciprocal,0
ZMB,1965,1970,Services,0.244014656510074,0.2637919391326584,22.659315883160204,26.792114400847836,1.00846341071889,0.5298752185621828,False,38.01488726014656,29.94291293998353,-8.07197432016303,-8.071974320163022,Zambia,True,1.0,1_nonreciprocal,0.0,0.0,1.0,0.0,0.0,1061199.552,0.296,3580.708,0.0,0.0,0.0,True,never_reciprocal,0
ZMB,1970,1975,Agriculture,0.6272452662996794,0.6445189302755321,2.8424820220290656,2.771024299491028,-0.0448215182025399,0.0478657426183307,False,29.94291293998353,28.55995913970872,-1.3829538002748123,-1.3829538002748163,Zambia,True,1.0,1_nonreciprocal,0.0,0.0,1.0,0.0,0.0,1788779.264,0.427,4191.114,0.0,0.0,0.0,True,never_reciprocal,0
ZMB,1970,1975,Manufacturing,0.1089627945676621,0.1119050947179554,193.5746583918836,162.81638360269355,-3.3515075771102127,0.4790546699444191,False,29.94291293998353,28.55995913970872,-1.3829538002748123,-1.3829538002748163,Zambia,True,1.0,1_nonreciprocal,0.0,0.0,1.0,0.0,0.0,1788779.264,0.427,4191.114,0.0,0.0,0.0,True,never_reciprocal,0
ZMB,1970,1975,Services,0.2637919391326584,0.2435759750065124,26.792114400847836,35.118400710538694,2.196407211407059,-0.7099523289318729,False,29.94291293998353,28.55995913970872,-1.3829538002748123,-1.3829538002748163,Zambia,True,1.0,1_nonreciprocal,0.0,0.0,1.0,0.0,0.0,1788779.264,0.427,4191.114,0.0,0.0,0.0,True,never_reciprocal,0
ZMB,1975,1980,Agriculture,0.6445189302755321,0.679675332658066,2.771024299491028,1.9075842274875432,-0.5565034715647145,0.0670637986801272,False,28.55995913970872,25.98771421349147,-2.572244926217248,-2.572244926217249,Zambia,True,1.0,1_nonreciprocal,0.0,0.0,1.0,0.0,0.0,2442672.128,0.492,4963.655,0.0,0.0,0.0,True,never_reciprocal,0
ZMB,1975,1980,Manufacturing,0.1119050947179554,0.0963620636344054,162.81638360269355,155.49736860532673,-0.8190350665224706,-2.416900433642827,False,28.55995913970872,25.98771421349147,-2.572244926217248,-2.572244926217249,Zambia,True,1.0,1_nonreciprocal,0.0,0.0,1.0,0.0,0.0,2442672.128,0.492,4963.655,0.0,0.0,0.0,True,never_reciprocal,0
ZMB,1975,1980,Services,0.2435759750065124,0.2239626037075285,35.118400710538694,43.34263301050017,2.003225401143169,-0.8500951543105332,False,28.55995913970872,25.98771421349147,-2.572244926217248,-2.572244926217249,Zambia,True,1.0,1_nonreciprocal,0.0,0.0,1.0,0.0,0.0,2442672.128,0.492,4963.655,0.0,0.0,0.0,True,never_reciprocal,0
ZMB,1980,1985,Agriculture,0.679675332658066,0.7164175297944799,1.9075842274875432,1.8674720557228104,-0.0272632536878322,0.0686150264181116,False,25.98771421349147,22.334120888916395,-3.653593324575074,-3.653593324575069,Zambia,True,1.0,1_nonreciprocal,0.0,0.0,1.0,0.0,0.0,3884530.944,0.664,5847.241,0.0,0.0,0.0,True,never_reciprocal,0
ZMB,1980,1985,Manufacturing,0.0963620636344054,0.0870107118389463,155.49736860532673,127.8129077102041,-2.667731782460016,-1.195223463998663,False,25.98771421349147,22.334120888916395,-3.653593324575074,-3.653593324575069,Zambia,True,1.0,1_nonreciprocal,0.0,0.0,1.0,0.0,0.0,3884530.944,0.664,5847.241,0.0,0.0,0.0,True,never_reciprocal,0
ZMB,1980,1985,Services,0.2239626037075285,0.1965717583665736,43.34263301050017,50.23681515484708,1.5440389834818855,-1.3760288343285556,False,25.98771421349147,22.334120888916395,-3.653593324575074,-3.653593324575069,Zambia,True,1.0,1_nonreciprocal,0.0,0.0,1.0,0.0,0.0,3884530.944,0.664,5847.241,0.0,0.0,0.0,True,never_reciprocal,0
ZMB,1985,1990,Agriculture,0.7164175297944799,0.7530171641912573,1.8674720557228104,2.012049633074516,0.103577910829979,0.0736402809586973,False,22.334120888916395,20.038751294235787,-2.295369594680608,-2.295369594680608,Zambia,True,1.0,1_nonreciprocal,0.0,0.0,1.0,0.0,0.0,2252454.4,0.329,6838.392,0.0,1.0,0.0,True,never_reciprocal,0
ZMB,1985,1990,Manufacturing,0.0870107118389463,0.0804724415774168,127.8129077102041,111.75079500617304,-1.397575860015127,-0.7306568996911396,False,22.334120888916395,20.038751294235787,-2.295369594680608,-2.295369594680608,Zambia,True,1.0,1_nonreciprocal,0.0,0.0,1.0,0.0,0.0,2252454.4,0.329,6838.392,0.0,1.0,0.0,True,never_reciprocal,0
ZMB,1985,1990,Services,0.1965717583665736,0.1665103942313258,50.23681515484708,57.2383730574867,1.3763085482272497,-1.7206635749902672,False,22.334120888916395,20.038751294235787,-2.295369594680608,-2.295369594680608,Zambia,True,1.0,1_nonreciprocal,0.0,0.0,1.0,0.0,0.0,2252454.4,0.329,6838.392,0.0,1.0,0.0,True,never_reciprocal,0
ZMB,1990,1995,Agriculture,0.7530171641912573,0.7602170872672376,2.012049633074516,3.6023231700796963,1.1975032691240417,0.0259364497193952,False,20.038751294235787,17.754605669946933,-2.284145624288854,-2.284145624288859,Zambia,True,1.0,1_nonreciprocal,0.0,0.0,1.0,0.0,0.0,3288381.696,0.419,7844.516,0.0,1.0,0.0,True,never_reciprocal,0
ZMB,1990,1995,Manufacturing,0.0804724415774168,0.0574246837176114,111.75079500617304,97.66795532897127,-1.1332804931677458,-2.251027385084421,False,20.038751294235787,17.754605669946933,-2.284145624288854,-2.284145624288859,Zambia,True,1.0,1_nonreciprocal,0.0,0.0,1.0,0.0,0.0,3288381.696,0.419,7844.516,0.0,1.0,0.0,True,never_reciprocal,0
ZMB,1990,1995,Services,0.1665103942313258,0.1823582290151509,57.2383730574867,51.58805637062899,-0.9408364590605156,0.8175589941803867,False,20.038751294235787,17.754605669946933,-2.284145624288854,-2.284145624288859,Zambia,True,1.0,1_nonreciprocal,0.0,0.0,1.0,0.0,0.0,3288381.696,0.419,7844.516,0.0,1.0,0.0,True,never_reciprocal,0
ZMB,1995,2000,Agriculture,0.7602170872672376,0.716117171294229,3.6023231700796963,3.6267022859742855,0.018533420475535,-0.159937266070584,False,17.754605669946933,17.743957458594558,-0.0106482113523753,-0.0106482113523735,Zambia,True,1.0,1_nonreciprocal,0.0,0.0,1.0,0.0,0.0,3806982.656,0.431,8841.338,1.0,1.0,0.0,True,never_reciprocal,0
ZMB,1995,2000,Manufacturing,0.0574246837176114,0.0536077737036245,97.66795532897127,79.15332788991059,-1.0631966248374716,-0.3021211298633868,False,17.754605669946933,17.743957458594558,-0.0106482113523753,-0.0106482113523735,Zambia,True,1.0,1_nonreciprocal,0.0,0.0,1.0,0.0,0.0,3806982.656,0.431,8841.338,1.0,1.0,0.0,True,never_reciprocal,0
ZMB,1995,2000,Services,0.1823582290151509,0.2302750550021463,51.58805637062899,47.35024376358778,-0.7728000019181156,2.2688733908616494,False,17.754605669946933,17.743957458594558,-0.0106482113523753,-0.0106482113523735,Zambia,True,1.0,1_nonreciprocal,0.0,0.0,1.0,0.0,0.0,3806982.656,0.431,8841.338,1.0,1.0,0.0,True,never_reciprocal,0
ZMB,2000,2005,Agriculture,0.716117171294229,0.7369817286459376,3.6267022859742855,3.2835171805811143,-0.2457607469044695,0.068509132529555,False,17.743957458594558,21.002761653789275,3.258804195194717,3.258804195194718,Zambia,True,1.0,1_nonreciprocal,0.0,0.0,1.0,0.0,0.0,3600631.808,0.356,10100.981,1.0,1.0,0.0,True,never_reciprocal,0
ZMB,2000,2005,Manufacturing,0.0536077737036245,0.0670437920918751,79.15332788991059,93.11341544341616,0.7483692144511137,1.251073562090555,False,17.743957458594558,21.002761653789275,3.258804195194717,3.258804195194718,Zambia,True,1.0,1_nonreciprocal,0.0,0.0,1.0,0.0,0.0,3600631.808,0.356,10100.981,1.0,1.0,0.0,True,never_reciprocal,0
ZMB,2000,2005,Services,0.2302750550021463,0.1959744792621872,47.35024376358778,62.968367445149205,3.5964642898018826,-2.1598512567739183,False,17.743957458594558,21.002761653789275,3.258804195194717,3.258804195194718,Zambia,True,1.0,1_nonreciprocal,0.0,0.0,1.0,0.0,0.0,3600631.808,0.356,10100.981,1.0,1.0,0.0,True,never_reciprocal,0
ZMB,2005,2010,Agriculture,0.7369817286459376,0.7224751079203434,3.2835171805811143,3.399234108364732,0.0852812614715678,-0.0493113999675504,False,21.002761653789275,24.62549503944813,3.622733385658851,3.6227333856588526,Zambia,True,1.0,1_nonreciprocal,0.0,0.0,1.0,0.0,0.0,8331864.064,0.726,11470.022,1.0,1.0,1.0,True,switched_during_interval,1
ZMB,2005,2010,Manufacturing,0.0670437920918751,0.0719820665849768,93.11341544341616,110.1058975903206,1.1392404401819616,0.5437331456103457,False,21.002761653789275,24.62549503944813,3.622733385658851,3.6227333856588526,Zambia,True,1.0,1_nonreciprocal,0.0,0.0,1.0,0.0,0.0,8331864.064,0.726,11470.022,1.0,1.0,1.0,True,switched_during_interval,1
ZMB,2005,2010,Services,0.1959744792621872,0.2055428254946797,62.968367445149205,69.2993439402943,1.2407098218572084,0.6630801165053191,False,21.002761653789275,24.62549503944813,3.622733385658851,3.6227333856588526,Zambia,True,1.0,1_nonreciprocal,0.0,0.0,1.0,0.0,0.0,8331864.064,0.726,11470.022,1.0,1.0,1.0,True,switched_during_interval,1
ZMB,2010,2015,Agriculture,0.7224751079203434,0.6817814337078685,3.399234108364732,2.9611926760267364,-0.3164740311019753,-0.1205018100385988,False,24.62549503944813,26.01163429333146,1.3861392538833357,1.386139253883338,Zambia,True,2.0,2_reciprocal_pta,1.0,0.0,0.0,0.2273200876862998,0.3763033230185896,20265396.224,1.533,13216.985,1.0,1.0,1.0,True,always_reciprocal,1
ZMB,2010,2015,Manufacturing,0.0719820665849768,0.0697162159582902,110.1058975903206,112.45499203547584,0.169092672765563,-0.254806214177617,False,24.62549503944813,26.01163429333146,1.3861392538833357,1.386139253883338,Zambia,True,2.0,2_reciprocal_pta,1.0,0.0,0.0,0.2273200876862998,0.3763033230185896,20265396.224,1.533,13216.985,1.0,1.0,1.0,True,always_reciprocal,1
ZMB,2010,2015,Services,0.2055428254946797,0.2485023503338412,69.2993439402943,65.00063912132734,-0.8835679344580664,2.792396570894032,False,24.62549503944813,26.01163429333146,1.3861392538833357,1.386139253883338,Zambia,True,2.0,2_reciprocal_pta,1.0,0.0,0.0,0.2273200876862998,0.3763033230185896,20265396.224,1.533,13216.985,1.0,1.0,1.0,True,always_reciprocal,1
AGO,2005,2010,Total,1.0,1.0,825.6386403722568,888.1044397258872,178.29486355980922,-115.82906420617871,True,825.6386403722568,888.1044397258872,62.46579935363047,62.4657993536305,Angola,True,1.0,1_nonreciprocal,0.0,0.0,1.0,0.0,0.0,28233699.328,1.707,16544.376,1.0,1.0,0.0,True,never_reciprocal,0
AGO,2010,2015,Total,1.0,1.0,888.1044397258872,930.689088405614,47.03455100484354,-4.449902325116699,True,888.1044397258872,930.689088405614,42.5846486797268,42.58464867972685,Angola,True,1.0,1_nonreciprocal,0.0,0.0,1.0,0.0,0.0,82470895.616,4.219,19549.124,1.0,1.0,0.0,True,never_reciprocal,0
BFA,1970,1975,Total,1.0,1.0,203.323380018644,235.39856134564732,32.59431742176641,-0.519136094763067,False,203.323380018644,235.39856134564732,32.07518132700338,32.07518132700334,Burkina Faso,True,1.0,1_nonreciprocal,0.0,0.0,1.0,0.0,0.0,458404.256,0.081,5624.597,0.0,1.0,0.0,True,never_reciprocal,0
BFA,1975,1980,Total,1.0,1.0,235.39856134564732,409.3853939549839,174.89498317021747,-0.9081505608809576,False,235.39856134564732,409.3853939549839,173.98683260933657,173.98683260933652,Burkina Faso,True,1.0,1_nonreciprocal,0.0,0.0,1.0,0.0,0.0,939972.672,0.153,6154.548,0.0,1.0,0.0,True,never_reciprocal,0
BFA,1980,1985,Total,1.0,1.0,409.3853939549839,417.939268934364,11.03869601856688,-2.484821039186741,False,409.3853939549839,417.939268934364,8.553874979380112,8.55387497938014,Burkina Faso,True,1.0,1_nonreciprocal,0.0,0.0,1.0,0.0,0.0,1928719.872,0.283,6822.84,0.0,1.0,0.0,True,never_reciprocal,0
BFA,1985,1990,Total,1.0,1.0,417.939268934364,393.7262958317308,-22.05692806226307,-2.156045040370148,False,417.939268934364,393.7262958317308,-24.21297310263321,-24.212973102633217,Burkina Faso,True,1.0,1_nonreciprocal,0.0,0.0,1.0,0.0,0.0,1552493.184,0.201,7727.912,0.0,1.0,0.0,True,never_reciprocal,0
BFA,1990,1995,Total,1.0,1.0,393.7262958317308,395.76629712547617,0.7735224803564442,1.2664788133889813,False,393.7262958317308,395.76629712547617,2.0400012937453766,2.040001293745425,Burkina Faso,True,1.0,1_nonreciprocal,0.0,0.0,1.0,0.0,0.0,3101300.736,0.352,8811.033,0.0,1.0,0.0,True,never_reciprocal,0
BFA,1995,2000,Total,1.0,1.0,395.76629712547617,518.4911675787555,61.04529807859245,61.67957237468685,False,395.76629712547617,518.4911675787555,122.72487045327932,122.7248704532793,Burkina Faso,True,1.0,1_nonreciprocal,0.0,0.0,1.0,0.0,0.0,2379517.952,0.236,10089.876,1.0,1.0,0.0,True,never_reciprocal,0
BFA,2000,2005,Total,1.0,1.0,518.4911675787555,632.2321413056129,40.92236452913839,72.81860919771907,False,518.4911675787555,632.2321413056129,113.74097372685742,113.74097372685743,Burkina Faso,True,1.0,1_nonreciprocal,0.0,0.0,1.0,0.0,0.0,2610959.104,0.225,11607.944,1.0,1.0,0.0,True,never_reciprocal,0
BFA,2005,2010,Total,1.0,1.0,632.2321413056129,721.1858350631542,-53.76895032444571,142.72264408198686,False,632.2321413056129,721.1858350631542,88.95369375754126,88.95369375754115,Burkina Faso,True,1.0,1_nonreciprocal,0.0,0.0,1.0,0.0,0.0,5462709.248,0.407,13421.929,1.0,1.0,0.0,True,never_reciprocal,0
BFA,2010,2015,Total,1.0,1.0,721.1858350631542,665.3733538975296,-144.8212679756001,89.00878680997553,False,721.1858350631542,665.3733538975296,-55.81248116562461,-55.812481165624575,Burkina Faso,True,1.0,1_nonreciprocal,0.0,0.0,1.0,0.0,0.0,9209288.704,0.593,15540.284,1.0,1.0,0.0,True,never_reciprocal,0
BWA,1970,1975,Total,1.0,1.0,30.628418424630517,41.5259242805663,5.930602521210736,4.966903334725048,False,30.628418424630517,41.5259242805663,10.897505855935789,10.897505855935783,Botswana,True,1.0,1_nonreciprocal,0.0,0.0,1.0,0.0,0.0,96243.296,0.139,693.176,0.0,0.0,0.0,True,never_reciprocal,0
BWA,1975,1980,Total,1.0,1.0,41.5259242805663,63.03400938367984,17.811324725682745,3.6967603774307953,False,41.5259242805663,63.03400938367984,21.508085103113537,21.50808510311354,Botswana,True,1.0,1_nonreciprocal,0.0,0.0,1.0,0.0,0.0,355168.704,0.432,822.806,0.0,0.0,0.0,True,never_reciprocal,0
BWA,1980,1985,Total,1.0,1.0,63.03400938367984,80.5450317955289,18.60448125204519,-1.0934588401961172,False,63.03400938367984,80.5450317955289,17.511022411849062,17.511022411849073,Botswana,True,1.0,1_nonreciprocal,0.0,0.0,1.0,0.0,0.0,1060889.728,1.064,997.534,0.0,0.0,0.0,True,never_reciprocal,0
BWA,1985,1990,Total,1.0,1.0,80.5450317955289,90.00285389519976,-6.895779072938215,16.35360117260908,False,80.5450317955289,90.00285389519976,9.457822099670864,9.457822099670864,Botswana,True,1.0,1_nonreciprocal,0.0,0.0,1.0,0.0,0.0,1114783.488,0.941,1184.657,0.0,0.0,0.0,True,never_reciprocal,0
BWA,1990,1995,Total,1.0,1.0,90.00285389519976,97.3798669340406,12.662125673452287,-5.285112634611451,False,90.00285389519976,97.3798669340406,7.377013038840843,7.377013038840836,Botswana,True,1.0,1_nonreciprocal,0.0,0.0,1.0,0.0,0.0,3790636.544,2.739,1383.912,0.0,1.0,0.0,True,never_reciprocal,0
BWA,1995,2000,Total,1.0,1.0,97.3798669340406,99.37503699698684,10.819382353897373,-8.824212290951149,False,97.3798669340406,99.37503699698684,1.9951700629462292,1.9951700629462223,Botswana,True,1.0,1_nonreciprocal,0.0,0.0,1.0,0.0,0.0,4730599.936,2.988,1583.453,1.0,1.0,0.0,True,never_reciprocal,0
BWA,2000,2005,Total,1.0,1.0,99.37503699698684,105.53297838900652,9.225722803405503,-3.0677814113858117,False,99.37503699698684,105.53297838900652,6.157941392019694,6.157941392019694,Botswana,True,1.0,1_nonreciprocal,0.0,0.0,1.0,0.0,0.0,5788311.552,3.297,1755.375,1.0,1.0,0.0,True,never_reciprocal,0
BWA,2005,2010,Total,1.0,1.0,105.53297838900652,116.14249000629448,16.915699187319245,-6.306187570031285,False,105.53297838900652,116.14249000629448,10.60951161728795,10.60951161728796,Botswana,True,1.0,1_nonreciprocal,0.0,0.0,1.0,0.0,0.0,9931223.04,5.294,1875.805,1.0,1.0,1.0,True,switched_during_interval,1
BWA,2010,2015,Total,1.0,1.0,116.14249000629448,110.74134984035705,-6.816357861356211,1.4152176954187532,False,116.14249000629448,110.74134984035705,-5.4011401659374485,-5.401140165937458,Botswana,True,3.0,3_fta,1.0,1.0,0.0,0.9082742644830716,0.7508350134914812,13746712.576,6.98,1969.341,1.0,1.0,1.0,True,always_reciprocal,1
CMR,1965,1970,Total,1.0,1.0,455.7143268375007,548.3241398297289,92.4164372580542,0.1933757341739434,False,455.7143268375007,548.3241398297289,92.60981299222816,92.60981299222814,Cameroon,True,1.0,1_nonreciprocal,0.0,0.0,1.0,0.0,0.0,814140.032,0.136,5987.671,0.0,1.0,0.0,True,never_reciprocal,0
CMR,1970,1975,Total,1.0,1.0,548.3241398297289,794.7085629256292,246.04951460541295,0.3349084904873713,False,548.3241398297289,794.7085629256292,246.38442309590027,246.3844230959004,Cameroon,True,1.0,1_nonreciprocal,0.0,0.0,1.0,0.0,0.0,1160002.304,0.171,6770.967,0.0,1.0,0.0,True,never_reciprocal,0
CMR,1975,1980,Total,1.0,1.0,794.7085629256292,1114.736672194806,308.33921541434785,11.68889385482887,False,794.7085629256292,1114.736672194806,320.02810926917687,320.0281092691767,Cameroon,True,1.0,1_nonreciprocal,0.0,0.0,1.0,0.0,0.0,2752770.56,0.356,7740.196,0.0,1.0,0.0,True,never_reciprocal,0
CMR,1980,1985,Total,1.0,1.0,1114.736672194806,1473.5649004949423,340.4972644498158,18.330963850320845,False,1114.736672194806,1473.5649004949423,358.8282283001365,358.8282283001367,Cameroon,True,1.0,1_nonreciprocal,0.0,0.0,1.0,0.0,0.0,6740757.504,0.755,8932.121,0.0,1.0,0.0,True,never_reciprocal,0
CMR,1985,1990,Total,1.0,1.0,1473.5649004949423,1463.390240580375,-122.98192958641332,112.80726967184536,False,1473.5649004949423,1463.390240580375,-10.174659914567885,-10.174659914567968,Cameroon,True,1.0,1_nonreciprocal,0.0,0.0,1.0,0.0,0.0,8148223.488,0.785,10381.098,0.0,1.0,0.0,True,never_reciprocal,0
CMR,1990,1995,Total,1.0,1.0,1463.390240580375,1641.7688021744166,24.404809021025983,153.97375257301587,False,1463.390240580375,1641.7688021744166,178.3785615940419,178.37856159404186,Cameroon,True,1.0,1_nonreciprocal,0.0,0.0,1.0,0.0,0.0,11151579.136,0.924,12070.359,0.0,1.0,0.0,True,never_reciprocal,0
CMR,1995,2000,Total,1.0,1.0,1641.7688021744166,1764.007127513131,-44.76329535712108,167.00162069583573,False,1641.7688021744166,1764.007127513131,122.2383253387145,122.23832533871465,Cameroon,True,1.0,1_nonreciprocal,0.0,0.0,1.0,0.0,0.0,8733230.08,0.627,13929.575,1.0,1.0,0.0,True,never_reciprocal,0
CMR,2000,2005,Total,1.0,1.0,1764.007127513131,1523.9379573512429,-271.5311144893741,31.46194432748596,False,1764.007127513131,1523.9379573512429,-240.06917016188825,-240.0691701618881,Cameroon,True,1.0,1_nonreciprocal,0.0,0.0,1.0,0.0,0.0,9287367.68,0.583,15927.713,1.0,1.0,0.0,True,never_reciprocal,0
CMR,2005,2010,Total,1.0,1.0,1523.9379573512429,1158.2164227438604,-367.2427308572759,1.5211962498933471,False,1523.9379573512429,1158.2164227438604,-365.7215346073824,-365.7215346073825,Cameroon,True,1.0,1_nonreciprocal,0.0,0.0,1.0,0.0,0.0,16587857.92,0.915,18137.733,1.0,1.0,1.0,True,switched_during_interval,1
CMR,2010,2015,Total,1.0,1.0,1158.2164227438604,1305.7138161166904,147.4974229045203,-2.9531690307415948e-05,False,1158.2164227438604,1305.7138161166904,147.49739337282995,147.49739337283,Cameroon,True,2.0,2_reciprocal_pta,1.0,0.0,0.0,0.8482402094500009,0.3763033230185896,23622483.968,1.145,20624.344,1.0,1.0,1.0,True,always_reciprocal,1
DZA,2000,2005,Total,1.0,1.0,1228.2910768582933,1150.8089610879988,-115.60013668956606,38.11802091927139,False,1228.2910768582933,1150.8089610879988,-77.48211577029451,-77.48211577029467,Algeria,True,2.0,2_reciprocal_pta,1.0,0.0,0.0,0.7537712806024418,0.308600230499488,54790057.984,1.727,31719.448,0.0,0.0,1.0,True,always_reciprocal,1
DZA,2005,2010,Total,1.0,1.0,1150.8089610879988,1161.7715533421167,-36.710666003417046,47.67325825753506,False,1150.8089610879988,1161.7715533421167,10.962592254117908,10.962592254118016,Algeria,True,3.0,3_fta,1.0,1.0,0.0,0.685206761474501,0.3832006040891502,103198646.272,3.039,33960.903,0.0,0.0,1.0,True,always_reciprocal,1
DZA,2010,2015,Total,1.0,1.0,1161.7715533421167,1342.10963715759,191.65484164357684,-11.31675782810353,False,1161.7715533421167,1342.10963715759,180.33808381547328,180.3380838154733,Algeria,True,3.0,3_fta,1.0,1.0,0.0,0.6526490769297171,0.3763033230185896,161207304.192,4.35,37062.82,0.0,0.0,1.0,True,always_reciprocal,1
EGY,1960,1965,Total,1.0,1.0,9.719706716851212,12.455561642380498,1.235123873427656,1.5007310521016295,False,9.719706716851212,12.455561642380498,2.735854925529285,2.735854925529285,Egypt,True,1.0,1_nonreciprocal,0.0,0.0,1.0,0.0,0.0,3940000.0,0.141,27997.746,0.0,0.0,0.0,True,never_reciprocal,0
EGY,1965,1970,Total,1.0,1.0,12.455561642380498,13.338110334248992,1.2554862272562732,-0.3729375353877802,False,12.455561642380498,13.338110334248992,0.882548691868493,0.882548691868493,Egypt,True,1.0,1_nonreciprocal,0.0,0.0,1.0,0.0,0.0,5111621.12,0.159,32083.954,0.0,0.0,0.0,True,never_reciprocal,0
EGY,1970,1975,Total,1.0,1.0,13.338110334248992,15.506470568723977,1.266384339525434,0.9019758949495512,False,13.338110334248992,15.506470568723977,2.168360234474985,2.168360234474985,Egypt,True,1.0,1_nonreciprocal,0.0,0.0,1.0,0.0,0.0,7682491.904,0.211,36342.27,0.0,1.0,0.0,True,never_reciprocal,0
EGY,1975,1980,Total,1.0,1.0,15.506470568723977,24.788334171652178,8.562596775033288,0.719266827894913,False,15.506470568723977,24.788334171652178,9.2818636029282,9.2818636029282,Egypt,True,1.0,1_nonreciprocal,0.0,0.0,1.0,0.0,0.0,11437965.312,0.283,40359.039,0.0,1.0,1.0,True,switched_during_interval,1
EGY,1980,1985,Total,1.0,1.0,24.788334171652178,29.052114249417485,2.506488013278567,1.7572920644867396,False,24.788334171652178,29.052114249417485,4.263780077765308,4.263780077765307,Egypt,True,2.0,2_reciprocal_pta,1.0,0.0,0.0,0.5217189009894475,0.3579107111333527,22912499.712,0.51,44931.973,0.0,1.0,1.0,True,always_reciprocal,1
EGY,1985,1990,Total,1.0,1.0,29.052114249417485,31.74312891953001,1.6390641539576671,1.05195051615486,False,29.052114249417485,31.74312891953001,2.6910146701125264,2.6910146701125277,Egypt,True,2.0,2_reciprocal_pta,1.0,0.0,0.0,0.5420247516113635,0.2841842331802058,34689560.576,0.689,50346.55,0.0,1.0,1.0,True,always_reciprocal,1
EGY,1990,1995,Total,1.0,1.0,31.74312891953001,32.805585152299926,1.2271285336785225,-0.1646723009086042,False,31.74312891953001,32.805585152299926,1.0624562327699143,1.0624562327699183,Egypt,True,2.0,2_reciprocal_pta,1.0,0.0,0.0,0.5753661817451937,0.3665691638757245,43130417.152,0.766,56336.613,0.0,1.0,1.0,True,always_reciprocal,1
EGY,1995,2000,Total,1.0,1.0,32.805585152299926,36.74016638272569,2.390540233450066,1.5440409969756934,False,32.805585152299926,36.74016638272569,3.934581230425764,3.93458123042576,Egypt,True,2.0,2_reciprocal_pta,1.0,0.0,0.0,0.5670316837493696,0.3655389388199958,60159246.336,0.984,61168.396,1.0,1.0,1.0,True,always_reciprocal,1
EGY,2000,2005,Total,1.0,1.0,36.74016638272569,37.9560972818753,1.0241444879314794,0.1917864112181302,False,36.74016638272569,37.9560972818753,1.2159308991496118,1.2159308991496096,Egypt,True,2.0,2_reciprocal_pta,1.0,0.0,0.0,0.5734451997708376,0.3160179811819349,99838541.824,1.51,66136.589,1.0,1.0,1.0,True,always_reciprocal,1
EGY,2005,2010,Total,1.0,1.0,37.9560972818753,44.88903852506108,4.3781651922848255,2.5547760509009554,False,37.9560972818753,44.88903852506108,6.93294124318578,6.93294124318578,Egypt,True,3.0,3_fta,1.0,1.0,0.0,0.6097646923657224,0.3744287677108465,89685721.088,1.249,71777.679,1.0,1.0,1.0,True,always_reciprocal,1
EGY,2010,2015,Total,1.0,1.0,44.88903852506108,49.43833757172844,3.983149580075434,0.5661494665919257,False,44.88903852506108,49.43833757172844,4.5492990466673575,4.549299046667359,Egypt,True,3.0,3_fta,1.0,1.0,0.0,0.598959563407146,0.3894266033239912,218887815.168,2.804,78075.706,1.0,1.0,1.0,True,always_reciprocal,1
ETH,1965,1970,Total,1.0,1.0,7.640392042235614,8.196236480458353,0.2084257472102181,0.3474186910125219,False,7.640392042235614,8.196236480458353,0.5558444382227385,0.5558444382227401,Ethiopia,True,0.0,0_none,0.0,0.0,0.0,0.0,0.0,,,26598.158,0.0,0.0,0.0,True,never_reciprocal,0
ETH,1970,1975,Total,1.0,1.0,8.196236480458353,7.601811261443071,-0.8349672130881479,0.2405419940728661,False,8.196236480458353,7.601811261443071,-0.5944252190152817,-0.5944252190152818,Ethiopia,True,0.0,0_none,0.0,0.0,0.0,0.0,0.0,,,30211.911,0.0,0.0,0.0,True,never_reciprocal,0
ETH,1975,1980,Total,1.0,1.0,7.601811261443071,7.064119667679225,-0.7050931579211454,0.1674015641572986,False,7.601811261443071,7.064119667679225,-0.5376915937638467,-0.5376915937638467,Ethiopia,True,1.0,1_nonreciprocal,0.0,0.0,1.0,0.0,0.0,,,34626.601,0.0,0.0,0.0,True,never_reciprocal,0
ETH,1980,1985,Total,1.0,1.0,7.064119667679225,5.28999838721457,-1.8195953775897653,0.0454740971251116,False,7.064119667679225,5.28999838721457,-1.7741212804646542,-1.774121280464654,Ethiopia,True,1.0,1_nonreciprocal,0.0,0.0,1.0,0.0,0.0,,,37655.854,0.0,0.0,0.0,True,never_reciprocal,0
ETH,1985,1990,Total,1.0,1.0,5.28999838721457,5.737119633565675,0.5366972470342284,-0.0895760006831242,False,5.28999838721457,5.737119633565675,0.4471212463511049,0.4471212463511041,Ethiopia,True,1.0,1_nonreciprocal,0.0,0.0,1.0,0.0,0.0,,,43609.081,0.0,0.0,0.0,True,never_reciprocal,0
ETH,1990,1995,Total,1.0,1.0,5.737119633565675,5.707978582443855,-0.3195121626585873,0.290371111536767,False,5.737119633565675,5.707978582443855,-0.0291410511218206,-0.0291410511218203,Ethiopia,True,1.0,1_nonreciprocal,0.0,0.0,1.0,0.0,0.0,,,51315.318,0.0,0.0,0.0,True,never_reciprocal,0
ETH,1995,2000,Total,1.0,1.0,5.707978582443855,5.793166877091486,-0.2264968333409248,0.3116851279885558,False,5.707978582443855,5.793166877091486,0.0851882946476312,0.085188294647631,Ethiopia,True,1.0,1_nonreciprocal,0.0,0.0,1.0,0.0,0.0,7663994.88,0.134,57023.518,0.0,0.0,0.0,True,never_reciprocal,0
ETH,2000,2005,Total,1.0,1.0,5.793166877091486,6.975672730055326,1.2035446333836726,-0.0210387804198317,False,5.793166877091486,6.975672730055326,1.18250585296384,1.1825058529638408,Ethiopia,True,1.0,1_nonreciprocal,0.0,0.0,1.0,0.0,0.0,8242350.08,0.125,66024.2,0.0,0.0,0.0,True,never_reciprocal,0
ETH,2005,2010,Total,1.0,1.0,6.975672730055326,9.857665416146126,1.9374109609588983,0.9445817251319018,False,6.975672730055326,9.857665416146126,2.8819926860908005,2.8819926860908005,Ethiopia,True,1.0,1_nonreciprocal,0.0,0.0,1.0,0.0,0.0,12401031.168,0.163,76167.236,0.0,0.0,0.0,True,never_reciprocal,0
ETH,2010,2015,Total,1.0,1.0,9.857665416146126,13.308681079232464,2.021054191631493,1.4299614714548436,False,9.857665416146126,13.308681079232464,3.451015663086338,3.4510156630863364,Ethiopia,True,1.0,1_nonreciprocal,0.0,0.0,1.0,0.0,0.0,29933791.232,0.344,87095.284,0.0,0.0,0.0,True,never_reciprocal,0
GHA,1960,1965,Total,1.0,1.0,3.2122795907240174,3.471030338096308,0.3200663792513313,-0.0613156318790409,False,3.2122795907240174,3.471030338096308,0.2587507473722907,0.2587507473722903,Ghana,True,1.0,1_nonreciprocal,0.0,0.0,1.0,0.0,0.0,1217230.08,0.183,6652.516,0.0,1.0,0.0,True,never_reciprocal,0
GHA,1965,1970,Total,1.0,1.0,3.471030338096308,3.275490725585377,-0.352308979668514,0.156769367157583,False,3.471030338096308,3.275490725585377,-0.195539612510931,-0.195539612510931,Ghana,True,1.0,1_nonreciprocal,0.0,0.0,1.0,0.0,0.0,2053462.912,0.266,7710.761,0.0,1.0,0.0,True,never_reciprocal,0
GHA,1970,1975,Total,1.0,1.0,3.275490725585377,2.66570618563886,-0.7086984759802584,0.0989139360337415,False,3.275490725585377,2.66570618563886,-0.6097845399465172,-0.6097845399465168,Ghana,True,1.0,1_nonreciprocal,0.0,0.0,1.0,0.0,0.0,2215028.48,0.258,8597.133,0.0,1.0,0.0,True,never_reciprocal,0
GHA,1975,1980,Total,1.0,1.0,2.66570618563886,2.3543717585956507,-0.2489493036731092,-0.0623851233701,False,2.66570618563886,2.3543717585956507,-0.3113344270432092,-0.3113344270432092,Ghana,True,1.0,1_nonreciprocal,0.0,0.0,1.0,0.0,0.0,2810106.368,0.286,9831.636,0.0,1.0,0.0,True,never_reciprocal,0
GHA,1980,1985,Total,1.0,1.0,2.3543717585956507,1.928478595196412,-0.4016932349113141,-0.0241999284879251,False,2.3543717585956507,1.928478595196412,-0.4258931633992391,-0.4258931633992392,Ghana,True,1.0,1_nonreciprocal,0.0,0.0,1.0,0.0,0.0,4445228.032,0.412,10802.497,0.0,1.0,0.0,True,never_reciprocal,0
GHA,1985,1990,Total,1.0,1.0,1.928478595196412,2.2708188845525425,0.203742953714763,0.1385973356413676,False,1.928478595196412,2.2708188845525425,0.3423402893561309,0.3423402893561307,Ghana,True,1.0,1_nonreciprocal,0.0,0.0,1.0,0.0,0.0,4504342.016,0.354,12716.887,0.0,1.0,0.0,True,never_reciprocal,0
GHA,1990,1995,Total,1.0,1.0,2.2708188845525425,2.644201186787025,0.4379484920854228,-0.0645661898509401,False,2.2708188845525425,2.644201186787025,0.3733823022344826,0.3733823022344827,Ghana,True,1.0,1_nonreciprocal,0.0,0.0,1.0,0.0,0.0,5889175.04,0.403,14628.693,0.0,1.0,0.0,True,never_reciprocal,0
GHA,1995,2000,Total,1.0,1.0,2.644201186787025,3.0854027000994027,0.3775175246849555,0.0636839886274224,False,2.644201186787025,3.0854027000994027,0.4412015133123774,0.4412015133123779,Ghana,True,1.0,1_nonreciprocal,0.0,0.0,1.0,0.0,0.0,6464389.632,0.386,16760.925,1.0,1.0,0.0,True,never_reciprocal,0
GHA,2000,2005,Total,1.0,1.0,3.0854027000994027,3.555428140517489,0.2711542259673209,0.1988712144507652,False,3.0854027000994027,3.555428140517489,0.4700254404180866,0.4700254404180862,Ghana,True,1.0,1_nonreciprocal,0.0,0.0,1.0,0.0,0.0,4982849.024,0.265,18825.033,1.0,1.0,0.0,True,never_reciprocal,0
GHA,2005,2010,Total,1.0,1.0,3.555428140517489,4.455726698869234,0.6578411870124711,0.242457371339274,False,3.555428140517489,4.455726698869234,0.9002985583517447,0.9002985583517451,Ghana,True,1.0,1_nonreciprocal,0.0,0.0,1.0,0.0,0.0,10731883.52,0.502,21384.033,1.0,1.0,1.0,True,switched_during_interval,1
GHA,2010,2015,Total,1.0,1.0,4.455726698869234,6.06039215888052,1.1167269258316297,0.4879385341796561,False,4.455726698869234,6.06039215888052,1.6046654600112855,1.6046654600112855,Ghana,True,2.0,2_reciprocal_pta,1.0,0.0,0.0,0.6089445492239156,0.3763033230185896,32174839.808,1.326,24262.901,1.0,1.0,1.0,True,always_reciprocal,1
KEN,1970,1975,Total,1.0,1.0,163.37154019348245,170.13653317288924,0.6381669742403742,6.126826005166432,False,163.37154019348245,170.13653317288924,6.764992979406799,6.764992979406806,Kenya,True,1.0,1_nonreciprocal,0.0,0.0,1.0,0.0,0.0,1603447.296,0.142,11252.466,0.0,1.0,0.0,True,never_reciprocal,0
KEN,1975,1980,Total,1.0,1.0,170.13653317288924,173.15112732335626,-7.311273036357394,10.325867186824418,False,170.13653317288924,173.15112732335626,3.014594150467019,3.0145941504670235,Kenya,True,1.0,1_nonreciprocal,0.0,0.0,1.0,0.0,0.0,3259344.896,0.242,13486.241,0.0,1.0,0.0,True,never_reciprocal,0
KEN,1980,1985,Total,1.0,1.0,173.15112732335626,178.3956338631291,-6.938378889044673,12.182885428817492,False,173.15112732335626,178.3956338631291,5.2445065397728285,5.24450653977282,Kenya,True,1.0,1_nonreciprocal,0.0,0.0,1.0,0.0,0.0,7265315.328,0.447,16267.906,0.0,1.0,0.0,True,never_reciprocal,0
KEN,1985,1990,Total,1.0,1.0,178.3956338631291,196.44355349008612,-3.442644667505703,21.490564294462747,False,178.3956338631291,196.44355349008612,18.047919626957054,18.047919626957043,Kenya,True,1.0,1_nonreciprocal,0.0,0.0,1.0,0.0,0.0,6135034.368,0.312,19660.019,0.0,1.0,0.0,True,never_reciprocal,0
KEN,1990,1995,Total,1.0,1.0,196.44355349008612,181.76175656117363,-43.452391450340286,28.7705945214278,False,196.44355349008612,181.76175656117363,-14.68179692891252,-14.681796928912489,Kenya,True,1.0,1_nonreciprocal,0.0,0.0,1.0,0.0,0.0,8572359.168,0.366,23446.44,0.0,1.0,0.0,True,never_reciprocal,0
KEN,1995,2000,Total,1.0,1.0,181.76175656117363,173.45609135710862,-29.10339556360105,20.79773035953601,False,181.76175656117363,173.45609135710862,-8.305665204065008,-8.30566520406504,Kenya,True,1.0,1_nonreciprocal,0.0,0.0,1.0,0.0,0.0,9046320.128,0.33,27418.077,1.0,1.0,0.0,True,never_reciprocal,0
KEN,2000,2005,Total,1.0,1.0,173.45609135710862,180.673741330996,-2.7941658859075376,10.011815859794902,False,173.45609135710862,180.673741330996,7.217649973887376,7.217649973887365,Kenya,True,1.0,1_nonreciprocal,0.0,0.0,1.0,0.0,0.0,12705350.656,0.406,31285.049,1.0,1.0,0.0,True,never_reciprocal,0
KEN,2005,2010,Total,1.0,1.0,180.673741330996,210.2402751130686,18.720111652859543,10.846422129213092,False,180.673741330996,210.2402751130686,29.56653378207261,29.56653378207264,Kenya,True,1.0,1_nonreciprocal,0.0,0.0,1.0,0.0,0.0,18737895.424,0.524,35785.717,1.0,1.0,1.0,True,switched_during_interval,1
KEN,2010,2015,Total,1.0,1.0,210.2402751130686,227.5314740457737,5.806042106753999,11.485156825951114,False,210.2402751130686,227.5314740457737,17.29119893270513,17.291198932705115,Kenya,True,2.0,2_reciprocal_pta,1.0,0.0,0.0,0.5603798215817131,0.3763033230185896,40000114.688,0.978,40909.195,1.0,1.0,1.0,True,always_reciprocal,1
LSO,1970,1975,Total,1.0,1.0,13.308967651998096,11.598871441923,-0.887816383915097,-0.8222798261599965,False,13.308967651998096,11.598871441923,-1.7100962100750952,-1.7100962100750934,Lesotho,True,1.0,1_nonreciprocal,0.0,0.0,1.0,0.0,0.0,68739.976,0.067,1032.24,0.0,0.0,0.0,True,never_reciprocal,0
LSO,1975,1980,Total,1.0,1.0,11.598871441923,12.10567477753133,-0.2383075189337956,0.7451108545421241,False,11.598871441923,12.10567477753133,0.5068033356083301,0.5068033356083286,Lesotho,True,1.0,1_nonreciprocal,0.0,0.0,1.0,0.0,0.0,149558.944,0.13,1149.09,0.0,0.0,0.0,True,never_reciprocal,0
LSO,1980,1985,Total,1.0,1.0,12.10567477753133,11.641124111078897,-1.8350141998302123,1.370463533377777,False,12.10567477753133,11.641124111078897,-0.4645506664524355,-0.4645506664524352,Lesotho,True,1.0,1_nonreciprocal,0.0,0.0,1.0,0.0,0.0,431542.688,0.33,1307.403,0.0,0.0,0.0,True,never_reciprocal,0
LSO,1985,1990,Total,1.0,1.0,11.641124111078897,16.21321190209231,4.260703311258863,0.3113844797545542,False,11.641124111078897,16.21321190209231,4.572087791013416,4.572087791013416,Lesotho,True,1.0,1_nonreciprocal,0.0,0.0,1.0,0.0,0.0,247680.8,0.169,1467.856,0.0,0.0,0.0,True,never_reciprocal,0
LSO,1990,1995,Total,1.0,1.0,16.21321190209231,23.88209494506797,7.5789577449145265,0.0899252980611326,False,16.21321190209231,23.88209494506797,7.668883042975658,7.668883042975659,Lesotho,True,1.0,1_nonreciprocal,0.0,0.0,1.0,0.0,0.0,544578.752,0.341,1597.534,0.0,1.0,0.0,True,never_reciprocal,0
LSO,1995,2000,Total,1.0,1.0,23.88209494506797,23.83129030604548,1.9650126645621573,-2.015817303584648,False,23.88209494506797,23.83129030604548,-0.0508046390224876,-0.0508046390224903,Lesotho,True,1.0,1_nonreciprocal,0.0,0.0,1.0,0.0,0.0,859092.096,0.49,1753.824,1.0,1.0,0.0,True,never_reciprocal,0
LSO,2000,2005,Total,1.0,1.0,23.83129030604548,21.96746707363992,-0.2055006269527735,-1.658322605452791,False,23.83129030604548,21.96746707363992,-1.863823232405565,-1.8638232324055648,Lesotho,True,1.0,1_nonreciprocal,0.0,0.0,1.0,0.0,0.0,771258.56,0.415,1856.225,1.0,1.0,0.0,True,never_reciprocal,0
LSO,2005,2010,Total,1.0,1.0,21.96746707363992,25.51369197378294,1.536408256567565,2.009816643575461,False,21.96746707363992,25.51369197378294,3.546224900143024,3.5462249001430264,Lesotho,True,1.0,1_nonreciprocal,0.0,0.0,1.0,0.0,0.0,1368346.496,0.711,1925.844,1.0,1.0,1.0,True,switched_during_interval,1
LSO,2010,2015,Total,1.0,1.0,25.51369197378294,29.0801586037908,2.358642827786922,1.207823802220935,False,25.51369197378294,29.0801586037908,3.56646663000786,3.5664666300078567,Lesotho,True,3.0,3_fta,1.0,1.0,0.0,0.3223059385772527,0.4001024220400796,2175685.632,1.083,2008.921,1.0,1.0,1.0,True,always_reciprocal,1
MAR,1970,1975,Total,1.0,1.0,54.29101734236855,64.91999298352961,7.528418889070332,3.1005567520907302,False,54.29101734236855,64.91999298352961,10.628975641161064,10.628975641161064,Morocco,True,0.0,0_none,0.0,0.0,0.0,0.0,0.0,3956328.448,0.249,15916.387,0.0,0.0,0.0,True,never_reciprocal,0
MAR,1975,1980,Total,1.0,1.0,64.91999298352961,75.33373178680648,5.064824272168552,5.348914531108303,False,64.91999298352961,75.33373178680648,10.413738803276871,10.413738803276855,Morocco,True,1.0,1_nonreciprocal,0.0,0.0,1.0,0.0,0.0,8984823.808,0.508,17685.326,0.0,0.0,0.0,True,never_reciprocal,0
MAR,1980,1985,Total,1.0,1.0,75.33373178680648,74.06003124947371,-7.551229537296691,6.277528999963929,False,75.33373178680648,74.06003124947371,-1.273700537332772,-1.273700537332762,Morocco,True,1.0,1_nonreciprocal,0.0,0.0,1.0,0.0,0.0,21079357.44,1.065,19798.702,0.0,0.0,0.0,True,never_reciprocal,0
MAR,1985,1990,Total,1.0,1.0,74.06003124947371,79.61511812385831,0.0683039383758412,5.4867829360087566,False,74.06003124947371,79.61511812385831,5.5550868743846,5.555086874384598,Morocco,True,1.0,1_nonreciprocal,0.0,0.0,1.0,0.0,0.0,14294246.4,0.642,22277.54,0.0,0.0,0.0,True,never_reciprocal,0
MAR,1990,1995,Total,1.0,1.0,79.61511812385831,74.11952964431973,-8.339459797510777,2.843871317972208,False,79.61511812385831,74.11952964431973,-5.495588479538583,-5.495588479538569,Morocco,True,1.0,1_nonreciprocal,0.0,0.0,1.0,0.0,0.0,28839383.04,1.169,24674.974,0.0,1.0,0.0,True,never_reciprocal,0
MAR,1995,2000,Total,1.0,1.0,74.11952964431973,75.308458344369,-0.8001915369195367,1.9891202369688,False,74.11952964431973,75.308458344369,1.1889287000492743,1.1889287000492632,Morocco,True,1.0,1_nonreciprocal,0.0,0.0,1.0,0.0,0.0,37183959.04,1.386,26833.094,1.0,1.0,1.0,True,switched_during_interval,1
MAR,2000,2005,Total,1.0,1.0,75.308458344369,87.2326314731296,12.074887335488263,-0.1507142067276669,False,75.308458344369,87.2326314731296,11.9241731287606,11.924173128760598,Morocco,True,3.0,3_fta,1.0,1.0,0.0,0.012103329581932,0.0169522985162061,37020610.56,1.289,28710.123,1.0,1.0,1.0,True,always_reciprocal,1
MAR,2005,2010,Total,1.0,1.0,87.2326314731296,95.9179677760764,6.861533830085038,1.8238024728617608,False,87.2326314731296,95.9179677760764,8.685336302946794,8.6853363029468,Morocco,True,3.0,3_fta,1.0,1.0,0.0,0.89079996501477,0.4035412801259514,59523858.432,1.976,30125.444,1.0,1.0,1.0,True,always_reciprocal,1
MAR,2010,2015,Total,1.0,1.0,95.9179677760764,107.31921542677534,10.049711285373233,1.351536365325721,False,95.9179677760764,107.31921542677534,11.401247650698949,11.401247650698954,Morocco,True,3.0,3_fta,1.0,1.0,0.0,0.9281942502141602,0.7508350134914812,90770669.568,2.869,31642.361,1.0,1.0,1.0,True,always_reciprocal,1
MOZ,1970,1975,Total,1.0,1.0,26.28955376676748,18.438430131867637,-6.535521321326336,-1.315602313573508,False,26.28955376676748,18.438430131867637,-7.851123634899842,-7.851123634899843,Mozambique,True,0.0,0_none,0.0,0.0,0.0,0.0,0.0,,,9453.375,0.0,0.0,0.0,True,never_reciprocal,0
MOZ,1975,1980,Total,1.0,1.0,18.438430131867637,10.524616242179691,-6.836646978227627,-1.0771669114603142,False,18.438430131867637,10.524616242179691,-7.91381388968794,-7.913813889687941,Mozambique,True,1.0,1_nonreciprocal,0.0,0.0,1.0,0.0,0.0,2833999.872,0.267,10620.26,0.0,0.0,0.0,True,never_reciprocal,0
MOZ,1980,1985,Total,1.0,1.0,10.524616242179691,8.277638847085415,-2.590199394749328,0.3432219996550489,False,10.524616242179691,8.277638847085415,-2.2469773950942784,-2.2469773950942784,Mozambique,True,1.0,1_nonreciprocal,0.0,0.0,1.0,0.0,0.0,3526259.712,0.29,12142.014,0.0,0.0,0.0,True,never_reciprocal,0
MOZ,1985,1990,Total,1.0,1.0,8.277638847085415,10.796975387362238,1.9481318004314316,0.5712047398453913,False,8.277638847085415,10.796975387362238,2.5193365402768237,2.519336540276823,Mozambique,True,1.0,1_nonreciprocal,0.0,0.0,1.0,0.0,0.0,4458235.904,0.334,13338.85,0.0,0.0,0.0,True,never_reciprocal,0
MOZ,1990,1995,Total,1.0,1.0,10.796975387362238,15.542984134545415,4.324977768670319,0.4210309785128605,False,10.796975387362238,15.542984134545415,4.746008747183177,4.746008747183179,Mozambique,True,1.0,1_nonreciprocal,0.0,0.0,1.0,0.0,0.0,2512109.568,0.185,13567.959,0.0,0.0,0.0,True,never_reciprocal,0
MOZ,1995,2000,Total,1.0,1.0,15.542984134545415,18.690079003185254,0.931697990591497,2.2153968780483404,False,15.542984134545415,18.690079003185254,3.1470948686398383,3.147094868639837,Mozambique,True,1.0,1_nonreciprocal,0.0,0.0,1.0,0.0,0.0,2246791.424,0.141,15981.571,1.0,1.0,0.0,True,never_reciprocal,0
MOZ,2000,2005,Total,1.0,1.0,18.690079003185254,24.84945589907484,4.316289724865995,1.843087171023592,False,18.690079003185254,24.84945589907484,6.1593768958895865,6.1593768958895865,Mozambique,True,1.0,1_nonreciprocal,0.0,0.0,1.0,0.0,0.0,4310090.752,0.236,18275.618,1.0,1.0,0.0,True,never_reciprocal,0
MOZ,2005,2010,Total,1.0,1.0,24.84945589907484,32.64063474439257,5.49455064541702,2.296628199900709,False,24.84945589907484,32.64063474439257,7.791178845317731,7.791178845317729,Mozambique,True,1.0,1_nonreciprocal,0.0,0.0,1.0,0.0,0.0,6578515.456,0.313,21010.376,1.0,1.0,1.0,True,switched_during_interval,1
MOZ,2010,2015,Total,1.0,1.0,32.64063474439257,40.15431094880472,3.862818691715801,3.650857512696342,False,32.64063474439257,40.15431094880472,7.513676204412143,7.513676204412143,Mozambique,True,2.0,2_reciprocal_pta,1.0,0.0,0.0,0.796964456630729,0.3763033230185896,10165353.472,0.424,23967.264,1.0,1.0,1.0,True,always_reciprocal,1
MUS,1970,1975,Total,1.0,1.0,141.662840332557,226.0762487347298,84.71059482965006,-0.2971864274772784,False,141.662840332557,226.0762487347298,84.41340840217279,84.41340840217279,Mauritius,True,1.0,1_nonreciprocal,0.0,0.0,1.0,0.0,0.0,221140.0,0.268,826.0,0.0,1.0,0.0,True,never_reciprocal,0
MUS,1975,1980,Total,1.0,1.0,226.0762487347298,212.6510865993472,-19.90893206232085,6.483769926938229,False,226.0762487347298,212.6510865993472,-13.425162135382635,-13.425162135382624,Mauritius,True,1.0,1_nonreciprocal,0.0,0.0,1.0,0.0,0.0,664360.0,0.745,892.0,0.0,1.0,0.0,True,never_reciprocal,0
MUS,1980,1985,Total,1.0,1.0,212.6510865993472,244.01908842490408,31.90239480405448,-0.5343929784975716,False,212.6510865993472,244.01908842490408,31.36800182555692,31.36800182555691,Mauritius,True,1.0,1_nonreciprocal,0.0,0.0,1.0,0.0,0.0,1136544.256,1.177,966.0,0.0,1.0,0.0,True,never_reciprocal,0
MUS,1985,1990,Total,1.0,1.0,244.01908842490408,250.4011953521601,6.212632100332359,0.1694748269236461,False,244.01908842490408,250.4011953521601,6.382106927256018,6.382106927256005,Mauritius,True,1.0,1_nonreciprocal,0.0,0.0,1.0,0.0,0.0,1080643.2,1.064,1016.0,0.0,1.0,0.0,True,never_reciprocal,0
MUS,1990,1995,Total,1.0,1.0,250.4011953521601,293.0094565457244,33.9418860415724,8.66637515199188,False,250.4011953521601,293.0094565457244,42.60826119356429,42.60826119356428,Mauritius,True,1.0,1_nonreciprocal,0.0,0.0,1.0,0.0,0.0,2653486.08,2.506,1058.775,0.0,1.0,0.0,True,never_reciprocal,0
MUS,1995,2000,Total,1.0,1.0,293.0094565457244,384.16783094030814,81.57894913045371,9.579425264130052,False,293.0094565457244,384.16783094030814,91.15837439458376,91.15837439458376,Mauritius,True,1.0,1_nonreciprocal,0.0,0.0,1.0,0.0,0.0,4040342.016,3.6,1122.457,1.0,1.0,0.0,True,never_reciprocal,0
MUS,2000,2005,Total,1.0,1.0,384.16783094030814,441.0425399616964,37.92302622281865,18.951682798569603,False,384.16783094030814,441.0425399616964,56.87470902138824,56.874709021388256,Mauritius,True,1.0,1_nonreciprocal,0.0,0.0,1.0,0.0,0.0,4582562.304,3.861,1186.873,1.0,1.0,0.0,True,never_reciprocal,0
MUS,2005,2010,Total,1.0,1.0,441.0425399616964,522.2468727151719,70.14263696440058,11.06169578907492,False,441.0425399616964,522.2468727151719,81.20433275347551,81.2043327534755,Mauritius,True,1.0,1_nonreciprocal,0.0,0.0,1.0,0.0,0.0,6283795.968,5.054,1243.253,1.0,1.0,1.0,True,switched_during_interval,1
MUS,2010,2015,Total,1.0,1.0,522.2468727151719,586.7121003562311,54.40849255532982,10.056735085729416,False,522.2468727151719,586.7121003562311,64.46522764105919,64.46522764105924,Mauritius,True,2.0,2_reciprocal_pta,1.0,0.0,0.0,0.6945555370447238,0.3763033230185896,9718234.112,7.587,1280.924,1.0,1.0,1.0,True,always_reciprocal,1
MWI,1970,1975,Total,1.0,1.0,115.17188086180975,148.62038663978257,23.85999919359331,9.588506584379472,False,115.17188086180975,148.62038663978257,33.4485057779728,33.448505777972784,Malawi,True,1.0,1_nonreciprocal,0.0,0.0,1.0,0.0,0.0,290520.128,0.064,4529.749,0.0,1.0,0.0,True,never_reciprocal,0
MWI,1975,1980,Total,1.0,1.0,148.62038663978257,148.97588503228332,19.76542915655209,-19.40993076405133,False,148.62038663978257,148.97588503228332,0.3554983925007491,0.3554983925007633,Malawi,True,1.0,1_nonreciprocal,0.0,0.0,1.0,0.0,0.0,613196.864,0.116,5299.532,0.0,1.0,0.0,True,never_reciprocal,0
MWI,1980,1985,Total,1.0,1.0,148.97588503228332,141.49986871881532,-15.253878442671684,7.777862129203707,False,148.97588503228332,141.49986871881532,-7.476016313467994,-7.476016313467976,Malawi,True,1.0,1_nonreciprocal,0.0,0.0,1.0,0.0,0.0,1237662.08,0.198,6236.824,0.0,1.0,0.0,True,never_reciprocal,0
MWI,1985,1990,Total,1.0,1.0,141.49986871881532,128.61326847548222,-20.172092563780318,7.285492320447206,False,141.49986871881532,128.61326847548222,-12.886600243333106,-12.886600243333108,Malawi,True,1.0,1_nonreciprocal,0.0,0.0,1.0,0.0,0.0,1131350.016,0.156,7264.519,0.0,1.0,0.0,True,never_reciprocal,0
MWI,1990,1995,Total,1.0,1.0,128.61326847548222,126.09787948222726,-12.010935636022808,9.495546642767849,False,128.61326847548222,126.09787948222726,-2.515388993254959,-2.5153889932549607,Malawi,True,1.0,1_nonreciprocal,0.0,0.0,1.0,0.0,0.0,1880784.256,0.199,9447.123,0.0,1.0,0.0,True,never_reciprocal,0
MWI,1995,2000,Total,1.0,1.0,126.09787948222726,141.87965645048763,5.459334550709459,10.322442417550915,False,126.09787948222726,141.87965645048763,15.781776968260374,15.781776968260376,Malawi,True,1.0,1_nonreciprocal,0.0,0.0,1.0,0.0,0.0,1397454.08,0.14,9964.065,1.0,1.0,0.0,True,never_reciprocal,0
MWI,2000,2005,Total,1.0,1.0,141.87965645048763,143.52304748591763,-20.891801118014627,22.535192153444637,False,141.87965645048763,143.52304748591763,1.6433910354299996,1.6433910354300068,Malawi,True,1.0,1_nonreciprocal,0.0,0.0,1.0,0.0,0.0,1743506.304,0.154,11321.496,1.0,1.0,0.0,True,never_reciprocal,0
MWI,2005,2010,Total,1.0,1.0,143.52304748591763,163.65697778688025,-3.989412926652598,24.123343227615187,False,143.52304748591763,163.65697778688025,20.133930300962614,20.13393030096259,Malawi,True,1.0,1_nonreciprocal,0.0,0.0,1.0,0.0,0.0,2754995.968,0.213,12924.746,1.0,1.0,0.0,True,never_reciprocal,0
MWI,2010,2015,Total,1.0,1.0,163.65697778688025,140.000362085611,-37.38095035838586,13.724334657116607,False,163.65697778688025,140.000362085611,-23.65661570126926,-23.656615701269253,Malawi,True,1.0,1_nonreciprocal,0.0,0.0,1.0,0.0,0.0,5398617.088,0.36,15013.694,1.0,1.0,0.0,True,never_reciprocal,0
NAM,1965,1970,Total,1.0,1.0,70.33030192606935,54.3162771222179,-19.630968438254666,3.61694363440322,False,70.33030192606935,54.3162771222179,-16.014024803851456,-16.014024803851445,Namibia,True,0.0,0_none,0.0,0.0,0.0,,0.0,,,682.553,0.0,0.0,0.0,True,never_reciprocal,0
NAM,1970,1975,Total,1.0,1.0,54.3162771222179,71.33773467553554,16.607006177286674,0.414451376030966,False,54.3162771222179,71.33773467553554,17.021457553317646,17.02145755331764,Namibia,True,0.0,0_none,0.0,0.0,0.0,,0.0,,,780.386,0.0,0.0,0.0,True,never_reciprocal,0
NAM,1975,1980,Total,1.0,1.0,71.33773467553554,81.98064540646189,10.567585938721423,0.0753247922049209,False,71.33773467553554,81.98064540646189,10.642910730926346,10.642910730926344,Namibia,True,0.0,0_none,0.0,0.0,0.0,0.0,0.0,,,905.647,0.0,0.0,0.0,True,never_reciprocal,0
NAM,1980,1985,Total,1.0,1.0,81.98064540646189,76.23149492628181,-9.422403981461557,3.6732535012814873,False,81.98064540646189,76.23149492628181,-5.749150480180077,-5.749150480180068,Namibia,True,0.0,0_none,0.0,0.0,0.0,0.0,0.0,2434779.392,2.404,1012.761,0.0,0.0,0.0,True,never_reciprocal,0
NAM,1985,1990,Total,1.0,1.0,76.23149492628181,71.6341446157754,-1.840585587356658,-2.7567647231497547,False,76.23149492628181,71.6341446157754,-4.597350310506414,-4.597350310506412,Namibia,True,0.0,0_none,0.0,0.0,0.0,0.0,0.0,1615794.944,1.406,1149.389,0.0,0.0,0.0,True,never_reciprocal,0
NAM,1990,1995,Total,1.0,1.0,71.6341446157754,86.72307305338302,6.801189813317082,8.287738624290533,False,71.6341446157754,86.72307305338302,15.08892843760762,15.088928437607615,Namibia,True,1.0,1_nonreciprocal,0.0,0.0,1.0,0.0,0.0,2804357.12,1.981,1415.447,0.0,0.0,0.0,True,never_reciprocal,0
NAM,1995,2000,Total,1.0,1.0,86.72307305338302,97.51267174590774,3.935791489126772,6.853807203397938,False,86.72307305338302,97.51267174590774,10.78959869252472,10.78959869252471,Namibia,True,1.0,1_nonreciprocal,0.0,0.0,1.0,0.0,0.0,3942494.464,2.383,1654.214,1.0,1.0,0.0,True,never_reciprocal,0
NAM,2000,2005,Total,1.0,1.0,97.51267174590774,114.62887685823829,14.301280299758648,2.8149248125719173,False,97.51267174590774,114.62887685823829,17.116205112330547,17.116205112330565,Namibia,True,1.0,1_nonreciprocal,0.0,0.0,1.0,0.0,0.0,3908645.632,2.059,1897.953,1.0,1.0,0.0,True,never_reciprocal,0
NAM,2005,2010,Total,1.0,1.0,114.62887685823829,128.88946143184205,17.215610864817872,-2.955026291214104,False,114.62887685823829,128.88946143184205,14.260584573603763,14.260584573603769,Namibia,True,1.0,1_nonreciprocal,0.0,0.0,1.0,0.0,0.0,7261301.248,3.582,2027.026,1.0,1.0,1.0,True,switched_during_interval,1
NAM,2010,2015,Total,1.0,1.0,128.88946143184205,137.7375341475215,-2.785280080099275,11.633352795778702,False,128.88946143184205,137.7375341475215,8.84807271567945,8.848072715679427,Namibia,True,3.0,3_fta,1.0,1.0,0.0,0.7626834408886383,0.4001024220400796,11281996.8,5.178,2178.967,1.0,1.0,1.0,True,always_reciprocal,1
NGA,1960,1965,Total,1.0,1.0,298.97129019714754,332.29327579615966,-3.865173944665028,37.18715954367716,False,298.97129019714754,332.29327579615966,33.32198559901212,33.32198559901214,Nigeria,True,1.0,1_nonreciprocal,0.0,0.0,1.0,0.0,0.0,4196174.336,0.093,45211.613,0.0,1.0,0.0,True,never_reciprocal,0
NGA,1965,1970,Total,1.0,1.0,332.29327579615966,460.9716425667416,119.01072189871984,9.667644871862036,False,332.29327579615966,460.9716425667416,128.67836677058187,128.67836677058187,Nigeria,True,1.0,1_nonreciprocal,0.0,0.0,1.0,0.0,0.0,5874422.272,0.117,50238.571,0.0,1.0,0.0,True,never_reciprocal,0
NGA,1970,1975,Total,1.0,1.0,460.9716425667416,644.6781972368067,171.8009774962047,11.9055771738604,False,460.9716425667416,644.6781972368067,183.70655467006517,183.7065546700651,Nigeria,True,1.0,1_nonreciprocal,0.0,0.0,1.0,0.0,0.0,12545849.344,0.224,56131.844,0.0,1.0,0.0,True,never_reciprocal,0
NGA,1975,1980,Total,1.0,1.0,644.6781972368067,681.847328243565,-15.654053694214443,52.82318470097282,False,644.6781972368067,681.847328243565,37.169131006758334,37.16913100675838,Nigeria,True,1.0,1_nonreciprocal,0.0,0.0,1.0,0.0,0.0,27778934.784,0.437,63565.601,0.0,1.0,0.0,True,never_reciprocal,0
NGA,1980,1985,Total,1.0,1.0,681.847328243565,663.7637021755419,117.17546592115568,-135.25909198917876,False,681.847328243565,663.7637021755419,-18.083626068023136,-18.083626068023065,Nigeria,True,1.0,1_nonreciprocal,0.0,0.0,1.0,0.0,0.0,64201789.44,0.871,73698.097,0.0,1.0,0.0,True,never_reciprocal,0
NGA,1985,1990,Total,1.0,1.0,663.7637021755419,760.7113577084606,118.44627574633536,-21.498620213416658,False,663.7637021755419,760.7113577084606,96.9476555329187,96.94765553291867,Nigeria,True,1.0,1_nonreciprocal,0.0,0.0,1.0,0.0,0.0,28873977.856,0.344,83901.573,0.0,1.0,0.0,True,never_reciprocal,0
NGA,1990,1995,Total,1.0,1.0,760.7113577084606,674.739862921219,-89.26008152721484,3.2885867399732547,False,760.7113577084606,674.739862921219,-85.97149478724157,-85.97149478724158,Nigeria,True,1.0,1_nonreciprocal,0.0,0.0,1.0,0.0,0.0,30757074.944,0.322,95617.348,0.0,1.0,0.0,True,never_reciprocal,0
NGA,1995,2000,Total,1.0,1.0,674.739862921219,688.9291440262481,9.62842614276986,4.560854962259253,False,674.739862921219,688.9291440262481,14.189281105029067,14.189281105029112,Nigeria,True,1.0,1_nonreciprocal,0.0,0.0,1.0,0.0,0.0,28546959.36,0.263,108424.828,1.0,1.0,0.0,True,never_reciprocal,0
NGA,2000,2005,Total,1.0,1.0,688.9291440262481,930.8636911515516,235.7617808071093,6.1727663181941566,False,688.9291440262481,930.8636911515516,241.93454712530357,241.93454712530345,Nigeria,True,1.0,1_nonreciprocal,0.0,0.0,1.0,0.0,0.0,46385995.776,0.378,122876.724,1.0,1.0,0.0,True,never_reciprocal,0
NGA,2005,2010,Total,1.0,1.0,930.8636911515516,1163.3938601609063,210.79174535862944,21.738423650725277,False,930.8636911515516,1163.3938601609063,232.53016900935472,232.53016900935472,Nigeria,True,1.0,1_nonreciprocal,0.0,0.0,1.0,0.0,0.0,112248324.096,0.804,139585.892,1.0,1.0,0.0,True,never_reciprocal,0
NGA,2010,2015,Total,1.0,1.0,1163.3938601609063,1305.98870716019,123.04057919406104,19.554267805222587,False,1163.3938601609063,1305.98870716019,142.59484699928362,142.59484699928362,Nigeria,True,1.0,1_nonreciprocal,0.0,0.0,1.0,0.0,0.0,369062412.288,2.311,159707.779,1.0,1.0,0.0,True,never_reciprocal,0
RWA,1970,1975,Total,1.0,1.0,239.6129324157428,314.7621547831487,75.69157758265158,-0.5423552152456668,False,239.6129324157428,314.7621547831487,75.14922236740588,75.14922236740591,Rwanda,True,1.0,1_nonreciprocal,0.0,0.0,1.0,0.0,0.0,219900.0,0.059,3754.546,0.0,1.0,0.0,True,never_reciprocal,0
RWA,1975,1980,Total,1.0,1.0,314.7621547831487,359.0455382533697,37.06225997928297,7.221123490938066,False,314.7621547831487,359.0455382533697,44.283383470221054,44.28338347022104,Rwanda,True,1.0,1_nonreciprocal,0.0,0.0,1.0,0.0,0.0,571863.488,0.131,4359.166,0.0,1.0,0.0,True,never_reciprocal,0
RWA,1980,1985,Total,1.0,1.0,359.0455382533697,333.52002815197045,-45.61349634958452,20.087986248185224,False,359.0455382533697,333.52002815197045,-25.52551010139928,-25.52551010139929,Rwanda,True,1.0,1_nonreciprocal,0.0,0.0,1.0,0.0,0.0,1254765.696,0.244,5140.786,0.0,1.0,0.0,True,never_reciprocal,0
RWA,1985,1990,Total,1.0,1.0,333.52002815197045,277.5966995454696,-75.87730688861464,19.95397828211381,False,333.52002815197045,277.5966995454696,-55.92332860650083,-55.92332860650083,Rwanda,True,1.0,1_nonreciprocal,0.0,0.0,1.0,0.0,0.0,1715626.368,0.281,6112.554,0.0,1.0,0.0,True,never_reciprocal,0
RWA,1990,1995,Total,1.0,1.0,277.5966995454696,306.2065552217098,14.774258987234989,13.835596689005172,False,277.5966995454696,306.2065552217098,28.60985567624016,28.60985567624016,Rwanda,True,1.0,1_nonreciprocal,0.0,0.0,1.0,0.0,0.0,2550185.728,0.353,7214.696,0.0,1.0,0.0,True,never_reciprocal,0
RWA,1995,2000,Total,1.0,1.0,306.2065552217098,358.53348177517523,36.3525635040593,15.974363049406168,False,306.2065552217098,358.53348177517523,52.326926553465455,52.32692655346547,Rwanda,True,1.0,1_nonreciprocal,0.0,0.0,1.0,0.0,0.0,1293535.232,0.228,5663.838,0.0,1.0,0.0,True,never_reciprocal,0
RWA,2000,2005,Total,1.0,1.0,358.53348177517523,446.6918952133908,-11.62752855334456,99.78594199156014,False,358.53348177517523,446.6918952133908,88.15841343821558,88.15841343821558,Rwanda,True,1.0,1_nonreciprocal,0.0,0.0,1.0,0.0,0.0,1734938.24,0.207,8395.577,1.0,1.0,0.0,True,never_reciprocal,0
RWA,2005,2010,Total,1.0,1.0,446.6918952133908,587.7665578109611,118.14557518646497,22.92908741110534,False,446.6918952133908,587.7665578109611,141.0746625975703,141.0746625975703,Rwanda,True,1.0,1_nonreciprocal,0.0,0.0,1.0,0.0,0.0,2581465.6,0.274,9429.457,1.0,1.0,1.0,True,switched_during_interval,1
RWA,2010,2015,Total,1.0,1.0,587.7665578109611,751.7528257269261,35.104154641702,128.882113274263,False,587.7665578109611,751.7528257269261,163.98626791596496,163.986267915965,Rwanda,True,2.0,2_reciprocal_pta,1.0,0.0,0.0,0.5445480254410373,0.3763033230185896,5698548.736,0.526,10836.732,1.0,1.0,1.0,True,always_reciprocal,1
SEN,1970,1975,Total,1.0,1.0,1866.4261942467208,1651.119235219507,-264.74915910224524,49.44220007503098,False,1866.4261942467208,1651.119235219507,-215.30695902721413,-215.30695902721425,Senegal,True,1.0,1_nonreciprocal,0.0,0.0,1.0,0.0,0.0,1024832.768,0.243,4218.056,0.0,1.0,0.0,True,never_reciprocal,0
SEN,1975,1980,Total,1.0,1.0,1651.119235219507,1365.1686645467096,-339.4023326286398,53.4517619558427,False,1651.119235219507,1365.1686645467096,-285.9505706727971,-285.9505706727971,Senegal,True,1.0,1_nonreciprocal,0.0,0.0,1.0,0.0,0.0,2235746.56,0.456,4901.053,0.0,1.0,0.0,True,never_reciprocal,0
SEN,1980,1985,Total,1.0,1.0,1365.1686645467096,1243.3862882575809,-163.47128888790047,41.68891259877195,False,1365.1686645467096,1243.3862882575809,-121.7823762891287,-121.78237628912852,Senegal,True,1.0,1_nonreciprocal,0.0,0.0,1.0,0.0,0.0,3503282.944,0.629,5568.908,0.0,1.0,0.0,True,never_reciprocal,0
SEN,1985,1990,Total,1.0,1.0,1243.3862882575809,1073.7167905264018,-229.4683955180844,59.79889778690527,False,1243.3862882575809,1073.7167905264018,-169.66949773117904,-169.66949773117912,Senegal,True,1.0,1_nonreciprocal,0.0,0.0,1.0,0.0,0.0,2962200.064,0.46,6437.891,0.0,1.0,0.0,True,never_reciprocal,0
SEN,1990,1995,Total,1.0,1.0,1073.7167905264018,1090.0697681274758,-23.399317944306848,39.75229554538079,False,1073.7167905264018,1090.0697681274758,16.352977601073917,16.352977601073942,Senegal,True,1.0,1_nonreciprocal,0.0,0.0,1.0,0.0,0.0,5716644.352,0.761,7514.11,0.0,1.0,0.0,True,never_reciprocal,0
SEN,1995,2000,Total,1.0,1.0,1090.0697681274758,1179.9255983684077,-16.78659708170239,106.64242732263408,False,1090.0697681274758,1179.9255983684077,89.85583024093171,89.85583024093171,Senegal,True,1.0,1_nonreciprocal,0.0,0.0,1.0,0.0,0.0,4878718.976,0.56,8711.528,1.0,1.0,0.0,True,never_reciprocal,0
SEN,2000,2005,Total,1.0,1.0,1179.9255983684077,1269.0378091341263,-6.489541460738106,95.60175222645684,False,1179.9255983684077,1269.0378091341263,89.11221076571883,89.11221076571874,Senegal,True,1.0,1_nonreciprocal,0.0,0.0,1.0,0.0,0.0,4679604.736,0.475,9861.679,1.0,1.0,0.0,True,never_reciprocal,0
SEN,2005,2010,Total,1.0,1.0,1269.0378091341263,1284.4965721673998,-8.188397396201474,23.64716042947489,False,1269.0378091341263,1284.4965721673998,15.4587630332735,15.45876303327342,Senegal,True,1.0,1_nonreciprocal,0.0,0.0,1.0,0.0,0.0,8707014.656,0.773,11270.826,1.0,1.0,0.0,True,never_reciprocal,0
SEN,2010,2015,Total,1.0,1.0,1284.4965721673998,1313.7295615172225,-32.85635537527082,62.08934472509354,False,1284.4965721673998,1313.7295615172225,29.232989349822677,29.23298934982272,Senegal,True,1.0,1_nonreciprocal,0.0,0.0,1.0,0.0,0.0,12932427.776,0.999,12950.564,1.0,1.0,0.0,True,never_reciprocal,0
SLE,2005,2010,Total,1.0,1.0,3889.935531935816,4620.073547228889,692.1594259705591,37.9785893225133,True,3889.935531935816,4620.073547228889,730.1380152930733,730.1380152930724,Sierra Leone,True,1.0,1_nonreciprocal,0.0,0.0,1.0,0.0,0.0,1627853.056,0.318,5119.895,1.0,1.0,0.0,True,never_reciprocal,0
SLE,2010,2015,Total,1.0,1.0,4620.073547228889,5271.274664091149,601.1334361526616,50.06768070959953,True,4620.073547228889,5271.274664091149,651.2011168622603,651.2011168622612,Sierra Leone,True,1.0,1_nonreciprocal,0.0,0.0,1.0,0.0,0.0,2578159.616,0.448,5751.976,1.0,1.0,0.0,True,never_reciprocal,0
SWZ,1995,2000,Total,1.0,1.0,99.06909361876232,102.74926239133676,3.791070253556993,-0.11090148098252,False,99.06909361876232,102.74926239133676,3.680168772574461,3.680168772574473,Eswatini,True,1.0,1_nonreciprocal,0.0,0.0,1.0,0.0,0.0,1698989.44,1.763,963.428,1.0,1.0,0.0,True,never_reciprocal,0
SWZ,2000,2005,Total,1.0,1.0,102.74926239133676,119.09142934106288,16.49058056153168,-0.1484136118055898,False,102.74926239133676,119.09142934106288,16.342166949726106,16.34216694972609,Eswatini,True,1.0,1_nonreciprocal,0.0,0.0,1.0,0.0,0.0,1524490.112,1.433,1063.715,1.0,1.0,0.0,True,never_reciprocal,0
SWZ,2005,2010,Total,1.0,1.0,119.09142934106288,119.51735672043591,0.7632014806184645,-0.3372741012454048,False,119.09142934106288,119.51735672043591,0.42592737937305,0.4259273793730597,Eswatini,True,1.0,1_nonreciprocal,0.0,0.0,1.0,0.0,0.0,2584077.824,2.339,1104.642,1.0,1.0,1.0,True,switched_during_interval,1
SWZ,2010,2015,Total,1.0,1.0,119.51735672043591,112.2297900966806,-6.819092873245792,-0.4684737505095373,False,119.51735672043591,112.2297900966806,-7.287566623755325,-7.287566623755329,Eswatini,True,3.0,3_fta,1.0,1.0,0.0,0.3929290082229779,0.4001024220400796,3891563.52,3.262,1193.148,1.0,1.0,1.0,True,always_reciprocal,1
TZA,1960,1965,Total,1.0,1.0,1048.395423119106,1147.5138176833243,71.0615204960308,28.0568740681876,False,1048.395423119106,1147.5138176833243,99.1183945642183,99.1183945642184,United Republic of Tanzania,False,,,,,,0.0,0.0,,,10074.49,0.0,0.0,0.0,True,missing_reciprocal_data,0
TZA,1965,1970,Total,1.0,1.0,1147.5138176833243,1332.5787637669896,107.75307158412542,77.31187449953995,False,1147.5138176833243,1332.5787637669896,185.0649460836653,185.06494608366535,United Republic of Tanzania,True,1.0,1_nonreciprocal,0.0,0.0,1.0,0.0,0.0,859590.016,0.074,11682.873,0.0,1.0,0.0,True,never_reciprocal,0
TZA,1970,1975,Total,1.0,1.0,1332.5787637669896,1408.118998569739,-104.60459072960712,180.1448255323565,False,1332.5787637669896,1408.118998569739,75.54023480274941,75.54023480274938,United Republic of Tanzania,True,1.0,1_nonreciprocal,0.0,0.0,1.0,0.0,0.0,1310420.096,0.096,13604.627,0.0,1.0,0.0,True,never_reciprocal,0
TZA,1975,1980,Total,1.0,1.0,1408.118998569739,1361.528882853699,-149.2826422456207,102.69252652958096,False,1408.118998569739,1361.528882853699,-46.59011571603992,-46.59011571603973,United Republic of Tanzania,True,1.0,1_nonreciprocal,0.0,0.0,1.0,0.0,0.0,2715849.984,0.17,15978.207,0.0,1.0,0.0,True,never_reciprocal,0
TZA,1980,1985,Total,1.0,1.0,1361.528882853699,1192.8643623606486,-141.02839063132447,-27.636129861726275,False,1361.528882853699,1192.8643623606486,-168.66452049305053,-168.66452049305076,United Republic of Tanzania,True,1.0,1_nonreciprocal,0.0,0.0,1.0,0.0,0.0,5138220.032,0.275,18686.808,0.0,1.0,0.0,True,never_reciprocal,0
TZA,1985,1990,Total,1.0,1.0,1192.8643623606486,1291.1273553655603,-3.164349697979034,101.42734270289088,False,1192.8643623606486,1291.1273553655603,98.26299300491178,98.26299300491183,United Republic of Tanzania,True,1.0,1_nonreciprocal,0.0,0.0,1.0,0.0,0.0,6904459.776,0.316,21849.854,0.0,1.0,0.0,True,never_reciprocal,0
TZA,1990,1995,Total,1.0,1.0,1291.1273553655603,1248.3028502566708,-31.05262178799469,-11.771883320894672,False,1291.1273553655603,1248.3028502566708,-42.824505108889525,-42.82450510888936,United Republic of Tanzania,True,1.0,1_nonreciprocal,0.0,0.0,1.0,0.0,0.0,4258742.784,0.167,25484.814,0.0,1.0,0.0,True,never_reciprocal,0
TZA,1995,2000,Total,1.0,1.0,1248.3028502566708,1375.057213696029,33.8917180531103,92.86264538624778,False,1248.3028502566708,1375.057213696029,126.75436343935826,126.75436343935807,United Republic of Tanzania,True,1.0,1_nonreciprocal,0.0,0.0,1.0,0.0,0.0,5255221.248,0.175,29944.302,1.0,1.0,0.0,True,never_reciprocal,0
TZA,2000,2005,Total,1.0,1.0,1375.057213696029,1669.08814122648,-32.82680687095862,326.8577344014095,False,1375.057213696029,1669.08814122648,294.030927530451,294.03092753045087,United Republic of Tanzania,True,1.0,1_nonreciprocal,0.0,0.0,1.0,0.0,0.0,10185786.368,0.299,34020.512,1.0,1.0,0.0,True,never_reciprocal,0
TZA,2005,2010,Total,1.0,1.0,1669.08814122648,1955.2718562846285,124.79725539767604,161.38645966047224,False,1669.08814122648,1955.2718562846285,286.1837150581482,286.1837150581483,United Republic of Tanzania,True,1.0,1_nonreciprocal,0.0,0.0,1.0,0.0,0.0,14141916.16,0.364,38824.383,1.0,1.0,1.0,True,switched_during_interval,1
TZA,2010,2015,Total,1.0,1.0,1955.2718562846285,2365.662431750343,265.4062010461357,144.98437441957924,False,1955.2718562846285,2365.662431750343,410.3905754657146,410.39057546571496,United Republic of Tanzania,True,2.0,2_reciprocal_pta,1.0,0.0,0.0,0.3981493297429859,0.3763033230185896,22915004.416,0.51,44973.331,1.0,1.0,1.0,True,always_reciprocal,1
UGA,1990,1995,Total,1.0,1.0,1860.460721531309,2357.1674275738505,183.0890373833672,313.61766865917446,False,1860.460721531309,2357.1674275738505,496.7067060425416,496.7067060425416,Uganda,True,1.0,1_nonreciprocal,0.0,0.0,1.0,0.0,0.0,4304399.36,0.245,17534.84,0.0,1.0,0.0,True,never_reciprocal,0
UGA,1995,2000,Total,1.0,1.0,2357.1674275738505,2656.054266287699,-140.44511164870397,439.3319503625526,False,2357.1674275738505,2656.054266287699,298.88683871384865,298.88683871384865,Uganda,True,1.0,1_nonreciprocal,0.0,0.0,1.0,0.0,0.0,5755819.008,0.278,20740.726,1.0,1.0,0.0,True,never_reciprocal,0
UGA,2000,2005,Total,1.0,1.0,2656.054266287699,2858.894152895615,-181.27622349136044,384.1161100992764,False,2656.054266287699,2858.894152895615,202.839886607916,202.839886607916,Uganda,True,1.0,1_nonreciprocal,0.0,0.0,1.0,0.0,0.0,6193246.72,0.255,24275.64,1.0,1.0,0.0,True,never_reciprocal,0
UGA,2005,2010,Total,1.0,1.0,2858.894152895615,3238.9760967407883,76.93151933605883,303.15042450911443,False,2858.894152895615,3238.9760967407883,380.0819438451731,380.08194384517327,Uganda,True,1.0,1_nonreciprocal,0.0,0.0,1.0,0.0,0.0,9013834.752,0.314,28724.869,1.0,1.0,1.0,True,switched_during_interval,1
UGA,2010,2015,Total,1.0,1.0,3238.9760967407883,3368.2930461719952,169.07676142816587,-39.75981199695887,False,3238.9760967407883,3368.2930461719952,129.31694943120692,129.316949431207,Uganda,True,2.0,2_reciprocal_pta,1.0,0.0,0.0,0.6025762150415562,0.3763033230185896,16030996.48,0.472,33987.213,1.0,1.0,1.0,True,always_reciprocal,1
ZAF,1960,1965,Total,1.0,1.0,123.78701725015068,149.00287743153345,14.078781115088216,11.137079066294548,False,123.78701725015068,149.00287743153345,25.21586018138277,25.21586018138277,South Africa,True,1.0,1_nonreciprocal,0.0,0.0,1.0,0.0,0.0,7363240.448,0.423,17396.0,0.0,1.0,0.0,True,never_reciprocal,0
ZAF,1965,1970,Total,1.0,1.0,149.00287743153345,170.24066396747585,12.084265592930048,9.15352094301232,False,149.00287743153345,170.24066396747585,21.237786535942377,21.23778653594237,South Africa,True,1.0,1_nonreciprocal,0.0,0.0,1.0,0.0,0.0,11002595.328,0.555,19832.001,0.0,1.0,0.0,True,never_reciprocal,0
ZAF,1970,1975,Total,1.0,1.0,170.24066396747585,185.11271024909428,10.602933063031834,4.269113218586601,False,170.24066396747585,185.11271024909428,14.872046281618452,14.872046281618434,South Africa,True,1.0,1_nonreciprocal,0.0,0.0,1.0,0.0,0.0,17907392.512,0.811,22087.0,0.0,1.0,0.0,True,never_reciprocal,0
ZAF,1975,1980,Total,1.0,1.0,185.11271024909428,198.6122127564915,7.116438115004852,6.383064392392382,False,185.11271024909428,198.6122127564915,13.49950250739721,13.499502507397237,South Africa,True,1.0,1_nonreciprocal,0.0,0.0,1.0,0.0,0.0,36947550.208,1.494,24728.001,0.0,1.0,0.0,True,never_reciprocal,0
ZAF,1980,1985,Total,1.0,1.0,198.6122127564915,194.0445623299375,-5.715637378632335,1.1479869520783248,False,198.6122127564915,194.0445623299375,-4.567650426553996,-4.56765042655401,South Africa,True,1.0,1_nonreciprocal,0.0,0.0,1.0,0.0,0.0,80543506.432,2.921,27576.0,0.0,1.0,0.0,True,never_reciprocal,0
ZAF,1985,1990,Total,1.0,1.0,194.0445623299375,167.01745105734,-29.27833504426748,2.251223771669985,False,194.0445623299375,167.01745105734,-27.02711127259749,-27.02711127259749,South Africa,True,1.0,1_nonreciprocal,0.0,0.0,1.0,0.0,0.0,67066232.832,2.142,31307.88,0.0,1.0,0.0,True,never_reciprocal,0
ZAF,1990,1995,Total,1.0,1.0,167.01745105734,150.76511578632355,-16.361336076439102,0.1090008054226485,False,167.01745105734,150.76511578632355,-16.25233527101645,-16.252335271016452,South Africa,True,1.0,1_nonreciprocal,0.0,0.0,1.0,0.0,0.0,112013934.592,3.182,35200.001,0.0,1.0,0.0,True,never_reciprocal,0
ZAF,1995,2000,Total,1.0,1.0,150.76511578632355,150.76125833762077,-0.4826544831919906,0.4787970344891836,False,150.76511578632355,150.76125833762077,-0.0038574487028029,-0.0038574487028069,South Africa,True,1.0,1_nonreciprocal,0.0,0.0,1.0,0.0,0.0,151113089.024,3.863,39119.999,1.0,1.0,1.0,True,switched_during_interval,1
ZAF,2000,2005,Total,1.0,1.0,150.76125833762077,167.030954805239,13.041969907724932,3.227726559893342,False,150.76125833762077,167.030954805239,16.269696467618246,16.269696467618274,South Africa,True,3.0,3_fta,1.0,1.0,0.0,0.5541717548520817,0.3160179811819349,132877639.68,3.02,44000.0,1.0,1.0,1.0,True,always_reciprocal,1
ZAF,2005,2010,Total,1.0,1.0,167.030954805239,176.3028481131293,8.766415961662316,0.5054773462279787,False,167.030954805239,176.3028481131293,9.27189330789031,9.271893307890297,South Africa,True,3.0,3_fta,1.0,1.0,0.0,0.5533621127557474,0.3832006040891502,247051567.104,5.186,47639.557,1.0,1.0,1.0,True,always_reciprocal,1
ZAF,2010,2015,Total,1.0,1.0,176.3028481131293,172.73419993430298,-2.984367392275483,-0.5842807865508479,False,176.3028481131293,172.73419993430298,-3.5686481788263222,-3.568648178826331,South Africa,True,3.0,3_fta,1.0,1.0,0.0,0.5771679419674709,0.4001024220400796,365208436.736,7.176,50895.699,1.0,1.0,1.0,True,always_reciprocal,1
ZMB,1965,1970,Total,1.0,1.0,38.01488726014656,29.94291293998353,-5.886379961571376,-2.185594358591646,False,38.01488726014656,29.94291293998353,-8.07197432016303,-8.071974320163022,Zambia,True,1.0,1_nonreciprocal,0.0,0.0,1.0,0.0,0.0,1061199.552,0.296,3580.708,0.0,0.0,0.0,True,never_reciprocal,0
ZMB,1970,1975,Total,1.0,1.0,29.94291293998353,28.55995913970872,-1.199921883905693,-0.183031916369123,False,29.94291293998353,28.55995913970872,-1.3829538002748123,-1.3829538002748163,Zambia,True,1.0,1_nonreciprocal,0.0,0.0,1.0,0.0,0.0,1788779.264,0.427,4191.114,0.0,0.0,0.0,True,never_reciprocal,0
ZMB,1975,1980,Total,1.0,1.0,28.55995913970872,25.98771421349147,0.6276868630559838,-3.1999317892732333,False,28.55995913970872,25.98771421349147,-2.572244926217248,-2.572244926217249,Zambia,True,1.0,1_nonreciprocal,0.0,0.0,1.0,0.0,0.0,2442672.128,0.492,4963.655,0.0,0.0,0.0,True,never_reciprocal,0
ZMB,1980,1985,Total,1.0,1.0,25.98771421349147,22.334120888916395,-1.150956052665962,-2.502637271909107,False,25.98771421349147,22.334120888916395,-3.653593324575074,-3.653593324575069,Zambia,True,1.0,1_nonreciprocal,0.0,0.0,1.0,0.0,0.0,3884530.944,0.664,5847.241,0.0,0.0,0.0,True,never_reciprocal,0
ZMB,1985,1990,Total,1.0,1.0,22.334120888916395,20.038751294235787,0.0823105990421018,-2.3776801937227097,False,22.334120888916395,20.038751294235787,-2.295369594680608,-2.295369594680608,Zambia,True,1.0,1_nonreciprocal,0.0,0.0,1.0,0.0,0.0,2252454.4,0.329,6838.392,0.0,1.0,0.0,True,never_reciprocal,0
ZMB,1990,1995,Total,1.0,1.0,20.038751294235787,17.754605669946933,-0.8766136831042199,-1.407531941184639,False,20.038751294235787,17.754605669946933,-2.284145624288854,-2.284145624288859,Zambia,True,1.0,1_nonreciprocal,0.0,0.0,1.0,0.0,0.0,3288381.696,0.419,7844.516,0.0,1.0,0.0,True,never_reciprocal,0
ZMB,1995,2000,Total,1.0,1.0,17.754605669946933,17.743957458594558,-1.817463206280052,1.8068149949276784,False,17.754605669946933,17.743957458594558,-0.0106482113523753,-0.0106482113523735,Zambia,True,1.0,1_nonreciprocal,0.0,0.0,1.0,0.0,0.0,3806982.656,0.431,8841.338,1.0,1.0,0.0,True,never_reciprocal,0
ZMB,2000,2005,Total,1.0,1.0,17.743957458594558,21.002761653789275,4.099072757348527,-0.8402685621538082,False,17.743957458594558,21.002761653789275,3.258804195194717,3.258804195194718,Zambia,True,1.0,1_nonreciprocal,0.0,0.0,1.0,0.0,0.0,3600631.808,0.356,10100.981,1.0,1.0,0.0,True,never_reciprocal,0
ZMB,2005,2010,Total,1.0,1.0,21.002761653789275,24.62549503944813,2.465231523510738,1.1575018621481143,False,21.002761653789275,24.62549503944813,3.622733385658851,3.6227333856588526,Zambia,True,1.0,1_nonreciprocal,0.0,0.0,1.0,0.0,0.0,8331864.064,0.726,11470.022,1.0,1.0,1.0,True,switched_during_interval,1
ZMB,2010,2015,Total,1.0,1.0,24.62549503944813,26.01163429333146,-1.0309492927944786,2.4170885466778165,False,24.62549503944813,26.01163429333146,1.3861392538833357,1.386139253883338,Zambia,True,2.0,2_reciprocal_pta,1.0,0.0,0.0,0.2273200876862998,0.3763033230185896,20265396.224,1.533,13216.985,1.0,1.0,1.0,True,always_reciprocal,1
