iso3,year0,year1,broad_sector,employment_share_0,employment_share_1,productivity_0,productivity_1,within,structural_change,short_series,country_productivity_0,country_productivity_1,country_actual_change,country_decomposed_change,country,country_exists_pre,depth_score_pre,agreement_type_pre,reciprocal_pre,fta_or_deeper_pre,nonreciprocal_only_pre,reciprocal_trade_share_pre,reciprocal_gdp_share_pre,gdp_african_pre,gdpcap_african_pre,pop_african_pre,wto_african_pre,gatt_african_pre,reciprocal_post,country_exists_post,treatment_status,reciprocal_interval
AGO,2002,2005,Agriculture,0.3696076101494654,0.3841255029278994,129.44989615142111,131.68126797322097,0.8247320064103031,1.911734529363452,False,737.2029740134831,825.6386403722568,88.43566635877369,88.43566635877374,Angola,True,1.0,1_nonreciprocal,0.0,0.0,1.0,0.0,0.0,12497345.536,0.84,14886.574,1.0,1.0,0.0,True,never_reciprocal,0
AGO,2002,2005,Manufacturing,0.0876963476168498,0.0862784409742909,4184.59057855477,5061.84945665711,76.9323995240305,-7.177229968227373,False,737.2029740134831,825.6386403722568,88.43566635877369,88.43566635877374,Angola,True,1.0,1_nonreciprocal,0.0,0.0,1.0,0.0,0.0,12497345.536,0.84,14886.574,1.0,1.0,0.0,True,never_reciprocal,0
AGO,2002,2005,Services,0.5426960422336845,0.5295960560978096,594.0415484233574,638.8416673866577,24.312847252981307,-8.36881698578444,False,737.2029740134831,825.6386403722568,88.43566635877369,88.43566635877374,Angola,True,1.0,1_nonreciprocal,0.0,0.0,1.0,0.0,0.0,12497345.536,0.84,14886.574,1.0,1.0,0.0,True,never_reciprocal,0
AGO,2005,2008,Agriculture,0.3841255029278994,0.4458598861960177,131.68126797322097,118.79433500111844,-4.950199609107008,7.333695007040282,False,825.6386403722568,935.3162900919172,109.6776497196604,109.6776497196605,Angola,True,1.0,1_nonreciprocal,0.0,0.0,1.0,0.0,0.0,28233699.328,1.707,16544.376,1.0,1.0,0.0,True,never_reciprocal,0
AGO,2005,2008,Manufacturing,0.0862784409742909,0.0818534255795817,5061.84945665711,6387.563749939546,114.38056240174252,-28.265067928169184,False,825.6386403722568,935.3162900919172,109.6776497196604,109.6776497196605,Angola,True,1.0,1_nonreciprocal,0.0,0.0,1.0,0.0,0.0,28233699.328,1.707,16544.376,1.0,1.0,0.0,True,never_reciprocal,0
AGO,2005,2008,Services,0.5295960560978096,0.4722866882244005,638.8416673866577,761.2043623729276,64.80280067822773,-43.62414083007385,False,825.6386403722568,935.3162900919172,109.6776497196604,109.6776497196605,Angola,True,1.0,1_nonreciprocal,0.0,0.0,1.0,0.0,0.0,28233699.328,1.707,16544.376,1.0,1.0,0.0,True,never_reciprocal,0
AGO,2008,2011,Agriculture,0.4458598861960177,0.5121794368787729,118.79433500111844,110.31836163554262,-3.779096520176121,7.316264175726884,False,935.3162900919172,875.9689827521272,-59.34730733978995,-59.34730733979009,Angola,True,1.0,1_nonreciprocal,0.0,0.0,1.0,0.0,0.0,84178083.84,4.596,18314.442,1.0,1.0,0.0,True,never_reciprocal,0
AGO,2008,2011,Manufacturing,0.0818534255795817,0.0771681235851005,6387.563749939546,5550.29643753532,-68.53319764609576,-26.00481496874572,False,935.3162900919172,875.9689827521272,-59.34730733978995,-59.34730733979009,Angola,True,1.0,1_nonreciprocal,0.0,0.0,1.0,0.0,0.0,84178083.84,4.596,18314.442,1.0,1.0,0.0,True,never_reciprocal,0
AGO,2008,2011,Services,0.4722866882244005,0.4106524395361266,761.2043623729276,952.5335474164772,90.36222716489156,-58.70868954539093,False,935.3162900919172,875.9689827521272,-59.34730733978995,-59.34730733979009,Angola,True,1.0,1_nonreciprocal,0.0,0.0,1.0,0.0,0.0,84178083.84,4.596,18314.442,1.0,1.0,0.0,True,never_reciprocal,0
AGO,2011,2014,Agriculture,0.5121794368787729,0.4977732774580391,110.31836163554262,133.15608284124136,11.697011186729192,-1.9182677572513536,False,875.9689827521272,943.8054905433128,67.83650779118557,67.8365077911856,Angola,True,1.0,1_nonreciprocal,0.0,0.0,1.0,0.0,0.0,104115871.744,5.159,20180.49,1.0,1.0,0.0,True,never_reciprocal,0
AGO,2011,2014,Manufacturing,0.0771681235851005,0.0787504090203227,5550.29643753532,5541.718147986125,-0.6619705080810394,8.768579911664727,False,875.9689827521272,943.8054905433128,67.83650779118557,67.8365077911856,Angola,True,1.0,1_nonreciprocal,0.0,0.0,1.0,0.0,0.0,104115871.744,5.159,20180.49,1.0,1.0,0.0,True,never_reciprocal,0
AGO,2011,2014,Services,0.4106524395361266,0.4234763135216381,952.5335474164772,1041.6435721667865,36.59324905083915,13.357905907284914,False,875.9689827521272,943.8054905433128,67.83650779118557,67.8365077911856,Angola,True,1.0,1_nonreciprocal,0.0,0.0,1.0,0.0,0.0,104115871.744,5.159,20180.49,1.0,1.0,0.0,True,never_reciprocal,0
AGO,2014,2017,Agriculture,0.4977732774580391,0.4980233099167362,133.15608284124136,151.00077744833035,8.882612119808485,0.0377550956505783,False,943.8054905433128,896.4011112399073,-47.40437930340545,-47.40437930340548,Angola,True,1.0,1_nonreciprocal,0.0,0.0,1.0,0.0,0.0,126776877.056,4.709,26920.465,1.0,1.0,0.0,True,never_reciprocal,0
AGO,2014,2017,Manufacturing,0.0787504090203227,0.0791728452681167,5541.718147986125,5567.689258191111,2.0452355513545224,2.3519937591133218,False,943.8054905433128,896.4011112399073,-47.40437930340545,-47.40437930340548,Angola,True,1.0,1_nonreciprocal,0.0,0.0,1.0,0.0,0.0,126776877.056,4.709,26920.465,1.0,1.0,0.0,True,never_reciprocal,0
AGO,2014,2017,Services,0.4234763135216381,0.422803844815147,1041.6435721667865,899.6829351958185,-60.11696720964911,-0.6050086196832707,False,943.8054905433128,896.4011112399073,-47.40437930340545,-47.40437930340548,Angola,True,1.0,1_nonreciprocal,0.0,0.0,1.0,0.0,0.0,126776877.056,4.709,26920.465,1.0,1.0,0.0,True,never_reciprocal,0
BFA,1972,1975,Agriculture,0.8838808905969422,0.8841272045052694,78.80425026721117,90.53802474045024,10.3712590314702,0.022300774726044,False,214.1128035793854,235.39856134564732,21.285757766261952,21.28575776626195,Burkina Faso,True,1.0,1_nonreciprocal,0.0,0.0,1.0,0.0,0.0,578595.52,0.099,5825.171,0.0,1.0,0.0,True,never_reciprocal,0
BFA,1972,1975,Manufacturing,0.0352967979769124,0.0352219262164131,1980.2133424352007,2135.6012240533605,5.484694665536578,-0.1598962233694824,False,214.1128035793854,235.39856134564732,21.285757766261952,21.28575776626195,Burkina Faso,True,1.0,1_nonreciprocal,0.0,0.0,1.0,0.0,0.0,578595.52,0.099,5825.171,0.0,1.0,0.0,True,never_reciprocal,0
BFA,1972,1975,Services,0.0808223114261453,0.0806508692783175,922.5675566009086,993.5595562228866,5.737737502212298,-0.1703379843136869,False,214.1128035793854,235.39856134564732,21.285757766261952,21.28575776626195,Burkina Faso,True,1.0,1_nonreciprocal,0.0,0.0,1.0,0.0,0.0,578595.52,0.099,5825.171,0.0,1.0,0.0,True,never_reciprocal,0
BFA,1975,1978,Agriculture,0.8841272045052694,0.8843652919648022,90.53802474045024,122.5501806689306,28.302817931234145,0.0291776611807511,False,235.39856134564732,319.0766939741766,83.67813262852923,83.67813262852923,Burkina Faso,True,1.0,1_nonreciprocal,0.0,0.0,1.0,0.0,0.0,939972.672,0.153,6154.548,0.0,1.0,0.0,True,never_reciprocal,0
BFA,1975,1978,Manufacturing,0.0352219262164131,0.0351495545408543,2135.6012240533605,2609.4858360605954,16.691128839212382,-0.1888528623025657,False,235.39856134564732,319.0766939741766,83.67813262852923,83.67813262852923,Burkina Faso,True,1.0,1_nonreciprocal,0.0,0.0,1.0,0.0,0.0,939972.672,0.153,6154.548,0.0,1.0,0.0,True,never_reciprocal,0
BFA,1975,1978,Services,0.0806508692783175,0.0804851534943435,993.5595562228866,1478.2267012352936,39.08882655589098,-0.2449654966864561,False,235.39856134564732,319.0766939741766,83.67813262852923,83.67813262852923,Burkina Faso,True,1.0,1_nonreciprocal,0.0,0.0,1.0,0.0,0.0,939972.672,0.153,6154.548,0.0,1.0,0.0,True,never_reciprocal,0
BFA,1978,1981,Agriculture,0.8843652919648022,0.8844317272569097,122.5501806689306,151.83429278837136,25.89785236443922,0.0100871555933281,False,319.0766939741766,429.51387603383336,110.43718205965678,110.43718205965678,Burkina Faso,True,1.0,1_nonreciprocal,0.0,0.0,1.0,0.0,0.0,1475583.616,0.226,6530.82,0.0,1.0,0.0,True,never_reciprocal,0
BFA,1978,1981,Manufacturing,0.0351495545408543,0.0351293602540638,2609.4858360605954,2790.165088136512,6.350795225243193,-0.0563453939826949,False,319.0766939741766,429.51387603383336,110.43718205965678,110.43718205965678,Burkina Faso,True,1.0,1_nonreciprocal,0.0,0.0,1.0,0.0,0.0,1475583.616,0.226,6530.82,0.0,1.0,0.0,True,never_reciprocal,0
BFA,1978,1981,Services,0.0804851534943435,0.0804389124890264,1478.2267012352936,2451.675309305393,78.34816063937704,-0.1133679310133166,False,319.0766939741766,429.51387603383336,110.43718205965678,110.43718205965678,Burkina Faso,True,1.0,1_nonreciprocal,0.0,0.0,1.0,0.0,0.0,1475583.616,0.226,6530.82,0.0,1.0,0.0,True,never_reciprocal,0
BFA,1981,1984,Agriculture,0.8844317272569097,0.8850642876027502,151.83429278837136,137.90757667199486,-12.317229589823508,0.0872348643936737,False,429.51387603383336,409.3127745410626,-20.20110149277076,-20.201101492770785,Burkina Faso,True,1.0,1_nonreciprocal,0.0,0.0,1.0,0.0,0.0,1775842.304,0.254,6985.158,0.0,1.0,0.0,True,never_reciprocal,0
BFA,1981,1984,Manufacturing,0.0351293602540638,0.0349370792621552,2790.165088136512,2472.3477032853816,-11.1647214074398,-0.4753854687306277,False,429.51387603383336,409.3127745410626,-20.20110149277076,-20.201101492770785,Burkina Faso,True,1.0,1_nonreciprocal,0.0,0.0,1.0,0.0,0.0,1775842.304,0.254,6985.158,0.0,1.0,0.0,True,never_reciprocal,0
BFA,1981,1984,Services,0.0804389124890264,0.0799986331350945,2451.675309305393,2511.031600081544,4.774555479415993,-1.1055553705865209,False,429.51387603383336,409.3127745410626,-20.20110149277076,-20.201101492770785,Burkina Faso,True,1.0,1_nonreciprocal,0.0,0.0,1.0,0.0,0.0,1775842.304,0.254,6985.158,0.0,1.0,0.0,True,never_reciprocal,0
BFA,1984,1987,Agriculture,0.8850642876027502,0.8863739307571472,137.90757667199486,139.5978221215772,1.4959758847083795,0.182823332110249,False,409.3127745410626,399.3528153908646,-9.959959150198015,-9.959959150197996,Burkina Faso,True,1.0,1_nonreciprocal,0.0,0.0,1.0,0.0,0.0,1459880.192,0.194,7531.244,0.0,1.0,0.0,True,never_reciprocal,0
BFA,1984,1987,Manufacturing,0.0349370792621552,0.0345389861057764,2472.3477032853816,2612.6580906205418,4.902035123632195,-1.0400813058338154,False,409.3127745410626,399.3528153908646,-9.959959150198015,-9.959959150197996,Burkina Faso,True,1.0,1_nonreciprocal,0.0,0.0,1.0,0.0,0.0,1459880.192,0.194,7531.244,0.0,1.0,0.0,True,never_reciprocal,0
BFA,1984,1987,Services,0.0799986331350945,0.0790870831370763,2511.031600081544,2343.978007880679,-13.364059036376714,-2.1366531484382896,False,409.3127745410626,399.3528153908646,-9.959959150198015,-9.959959150197996,Burkina Faso,True,1.0,1_nonreciprocal,0.0,0.0,1.0,0.0,0.0,1459880.192,0.194,7531.244,0.0,1.0,0.0,True,never_reciprocal,0
BFA,1987,1990,Agriculture,0.8863739307571472,0.8865498746748641,139.5978221215772,138.6434826636213,-0.8459016166250005,0.0243934775057546,False,399.3528153908646,393.7262958317308,-5.626519559133783,-5.626519559133773,Burkina Faso,True,1.0,1_nonreciprocal,0.0,0.0,1.0,0.0,0.0,2369835.008,0.291,8140.076,0.0,1.0,0.0,True,never_reciprocal,0
BFA,1987,1990,Manufacturing,0.0345389861057764,0.0344855051983257,2612.6580906205418,2298.723777364972,-10.84297288366058,-0.1229378335918348,False,399.3528153908646,393.7262958317308,-5.626519559133783,-5.626519559133773,Burkina Faso,True,1.0,1_nonreciprocal,0.0,0.0,1.0,0.0,0.0,2369835.008,0.291,8140.076,0.0,1.0,0.0,True,never_reciprocal,0
BFA,1987,1990,Services,0.0790870831370763,0.0789646201268101,2343.978007880679,2425.634196306913,6.457949762722355,-0.2970504654844654,False,399.3528153908646,393.7262958317308,-5.626519559133783,-5.626519559133773,Burkina Faso,True,1.0,1_nonreciprocal,0.0,0.0,1.0,0.0,0.0,2369835.008,0.291,8140.076,0.0,1.0,0.0,True,never_reciprocal,0
BFA,1990,1993,Agriculture,0.8865498746748641,0.8869728892816383,138.6434826636213,172.51093949562346,30.025189609967875,0.0729746472349865,False,393.7262958317308,388.9280888110461,-4.798207020684686,-4.798207020684624,Burkina Faso,True,1.0,1_nonreciprocal,0.0,0.0,1.0,0.0,0.0,3101300.736,0.352,8811.033,0.0,1.0,0.0,True,never_reciprocal,0
BFA,1990,1993,Manufacturing,0.0344855051983257,0.0343569216792546,2298.723777364972,2013.4295263281565,-9.83851637718257,-0.2588938538971003,False,393.7262958317308,388.9280888110461,-4.798207020684686,-4.798207020684624,Burkina Faso,True,1.0,1_nonreciprocal,0.0,0.0,1.0,0.0,0.0,3101300.736,0.352,8811.033,0.0,1.0,0.0,True,never_reciprocal,0
BFA,1990,1993,Services,0.0789646201268101,0.0786701890391071,2425.634196306913,2119.4854603473877,-24.174918637347048,-0.6240424094607652,False,393.7262958317308,388.9280888110461,-4.798207020684686,-4.798207020684624,Burkina Faso,True,1.0,1_nonreciprocal,0.0,0.0,1.0,0.0,0.0,3101300.736,0.352,8811.033,0.0,1.0,0.0,True,never_reciprocal,0
BFA,1993,1996,Agriculture,0.8869728892816383,0.8800839897866215,172.51093949562346,193.26432035697928,18.40768618495903,-1.3313784789119614,False,388.9280888110461,416.2218178976094,27.293729086563303,27.29372908656321,Burkina Faso,True,1.0,1_nonreciprocal,0.0,0.0,1.0,0.0,0.0,2332017.92,0.244,9552.473,0.0,1.0,0.0,True,never_reciprocal,0
BFA,1993,1996,Manufacturing,0.0343569216792546,0.0356367987037767,2013.4295263281565,2208.4337556585087,6.699745034226315,2.8265236240465588,False,388.9280888110461,416.2218178976094,27.293729086563303,27.29372908656321,Burkina Faso,True,1.0,1_nonreciprocal,0.0,0.0,1.0,0.0,0.0,2332017.92,0.244,9552.473,0.0,1.0,0.0,True,never_reciprocal,0
BFA,1993,1996,Services,0.0786701890391071,0.0842792115096017,2119.4854603473877,1986.628393341532,-10.451890576531955,11.143043298775224,False,388.9280888110461,416.2218178976094,27.293729086563303,27.29372908656321,Burkina Faso,True,1.0,1_nonreciprocal,0.0,0.0,1.0,0.0,0.0,2332017.92,0.244,9552.473,0.0,1.0,0.0,True,never_reciprocal,0
BFA,1996,1999,Agriculture,0.8800839897866215,0.860886592004474,193.26432035697928,226.36759884142188,29.133665403605868,-4.345668839948359,False,416.2218178976094,504.5927888581364,88.37097096052696,88.37097096052699,Burkina Faso,True,1.0,1_nonreciprocal,0.0,0.0,1.0,0.0,0.0,2586550.528,0.249,10372.562,1.0,1.0,0.0,True,never_reciprocal,0
BFA,1996,1999,Manufacturing,0.0356367987037767,0.0400601345443823,2208.4337556585087,2718.5401802280926,18.178559969889555,12.02501621332914,False,416.2218178976094,504.5927888581364,88.37097096052696,88.37097096052699,Burkina Faso,True,1.0,1_nonreciprocal,0.0,0.0,1.0,0.0,0.0,2586550.528,0.249,10372.562,1.0,1.0,0.0,True,never_reciprocal,0
BFA,1996,1999,Services,0.0842792115096017,0.0990532734511436,1986.628393341532,2027.3017313870869,3.4279168599428465,29.95148135370794,False,416.2218178976094,504.5927888581364,88.37097096052696,88.37097096052699,Burkina Faso,True,1.0,1_nonreciprocal,0.0,0.0,1.0,0.0,0.0,2586550.528,0.249,10372.562,1.0,1.0,0.0,True,never_reciprocal,0
BFA,1999,2002,Agriculture,0.860886592004474,0.8384991161482117,226.36759884142188,261.3770754681069,30.13918902100717,-5.8515729664227,False,504.5927888581364,547.7164058415913,43.123616983454895,43.123616983454966,Burkina Faso,True,1.0,1_nonreciprocal,0.0,0.0,1.0,0.0,0.0,3014665.472,0.267,11281.942,1.0,1.0,0.0,True,never_reciprocal,0
BFA,1999,2002,Manufacturing,0.0400601345443823,0.0452263591120412,2718.5401802280926,2109.0411639643185,-24.416612596195456,10.895780275476492,False,504.5927888581364,547.7164058415913,43.123616983454895,43.123616983454966,Burkina Faso,True,1.0,1_nonreciprocal,0.0,0.0,1.0,0.0,0.0,3014665.472,0.267,11281.942,1.0,1.0,0.0,True,never_reciprocal,0
BFA,1999,2002,Services,0.0990532734511436,0.116274524739747,2027.3017313870869,2005.3206541892316,-2.177297650429877,34.534130900019335,False,504.5927888581364,547.7164058415913,43.123616983454895,43.123616983454966,Burkina Faso,True,1.0,1_nonreciprocal,0.0,0.0,1.0,0.0,0.0,3014665.472,0.267,11281.942,1.0,1.0,0.0,True,never_reciprocal,0
BFA,2002,2005,Agriculture,0.8384991161482117,0.8124062103093621,261.3770754681069,300.3840770554704,32.707336354596144,-7.83789343809813,False,547.7164058415913,632.2321413056129,84.51573546402165,84.51573546402165,Burkina Faso,True,1.0,1_nonreciprocal,0.0,0.0,1.0,0.0,0.0,3205592.32,0.261,12296.399,1.0,1.0,0.0,True,never_reciprocal,0
BFA,2002,2005,Manufacturing,0.0452263591120412,0.051307706320657,2109.0411639643185,2244.0501984108105,6.105967075246998,13.646848410099295,False,547.7164058415913,632.2321413056129,84.51573546402165,84.51573546402165,Burkina Faso,True,1.0,1_nonreciprocal,0.0,0.0,1.0,0.0,0.0,3205592.32,0.261,12296.399,1.0,1.0,0.0,True,never_reciprocal,0
BFA,2002,2005,Services,0.116274524739747,0.1362860833699808,2005.3206541892316,2003.5881604839983,-0.20144488219058,40.09492194436792,False,547.7164058415913,632.2321413056129,84.51573546402165,84.51573546402165,Burkina Faso,True,1.0,1_nonreciprocal,0.0,0.0,1.0,0.0,0.0,3205592.32,0.261,12296.399,1.0,1.0,0.0,True,never_reciprocal,0
BFA,2005,2008,Agriculture,0.8124062103093621,0.7483631313421528,300.3840770554704,365.1405854096086,52.608589544852,-23.38472734552059,False,632.2321413056129,702.1650534688208,69.9329121632079,69.93291216320773,Burkina Faso,True,1.0,1_nonreciprocal,0.0,0.0,1.0,0.0,0.0,5462709.248,0.407,13421.929,1.0,1.0,0.0,True,never_reciprocal,0
BFA,2005,2008,Manufacturing,0.051307706320657,0.0769000389424816,2244.0501984108105,1554.449025612451,-35.381854452318926,39.78197650714491,False,632.2321413056129,702.1650534688208,69.9329121632079,69.93291216320773,Burkina Faso,True,1.0,1_nonreciprocal,0.0,0.0,1.0,0.0,0.0,5462709.248,0.407,13421.929,1.0,1.0,0.0,True,never_reciprocal,0
BFA,2005,2008,Services,0.1362860833699808,0.1747368297153655,2003.5881604839983,1770.491724565577,-31.76780029882337,68.07672820787371,False,632.2321413056129,702.1650534688208,69.9329121632079,69.93291216320773,Burkina Faso,True,1.0,1_nonreciprocal,0.0,0.0,1.0,0.0,0.0,5462709.248,0.407,13421.929,1.0,1.0,0.0,True,never_reciprocal,0
BFA,2008,2011,Agriculture,0.7483631313421528,0.6423040202610689,365.1405854096086,359.5801012744018,-4.161261319201739,-38.13674590360917,False,702.1650534688208,722.1373019963783,19.97224852755744,19.972248527557483,Burkina Faso,True,1.0,1_nonreciprocal,0.0,0.0,1.0,0.0,0.0,8350710.272,0.57,14659.646,1.0,1.0,0.0,True,never_reciprocal,0
BFA,2008,2011,Manufacturing,0.0769000389424816,0.1320052124100613,1554.449025612451,1373.4001402442389,-13.922666335308378,75.68145296855705,False,702.1650534688208,722.1373019963783,19.97224852755744,19.972248527557483,Burkina Faso,True,1.0,1_nonreciprocal,0.0,0.0,1.0,0.0,0.0,8350710.272,0.57,14659.646,1.0,1.0,0.0,True,never_reciprocal,0
BFA,2008,2011,Services,0.1747368297153655,0.2256907673288698,1770.491724565577,1373.0361404347957,-69.45012872368149,69.9615978408012,False,702.1650534688208,722.1373019963783,19.97224852755744,19.972248527557483,Burkina Faso,True,1.0,1_nonreciprocal,0.0,0.0,1.0,0.0,0.0,8350710.272,0.57,14659.646,1.0,1.0,0.0,True,never_reciprocal,0
BFA,2011,2014,Agriculture,0.6423040202610689,0.5051772028059692,359.5801012744018,411.11136472612776,33.09873768417588,-56.37439306451663,False,722.1373019963783,665.965402635571,-56.17189936080729,-56.17189936080725,Burkina Faso,True,1.0,1_nonreciprocal,0.0,0.0,1.0,0.0,0.0,10395757.568,0.65,15995.313,1.0,1.0,0.0,True,never_reciprocal,0
BFA,2011,2014,Manufacturing,0.1320052124100613,0.2250285662874392,1373.4001402442389,694.8540971892297,-89.57161454348308,64.63765857597964,False,722.1373019963783,665.965402635571,-56.17189936080729,-56.17189936080725,Burkina Faso,True,1.0,1_nonreciprocal,0.0,0.0,1.0,0.0,0.0,10395757.568,0.65,15995.313,1.0,1.0,0.0,True,never_reciprocal,0
BFA,2011,2014,Services,0.2256907673288698,0.2697942309065915,1373.0361404347957,1119.0724541347463,-57.31725923472653,49.35497122176346,False,722.1373019963783,665.965402635571,-56.17189936080729,-56.17189936080725,Burkina Faso,True,1.0,1_nonreciprocal,0.0,0.0,1.0,0.0,0.0,10395757.568,0.65,15995.313,1.0,1.0,0.0,True,never_reciprocal,0
BFA,2014,2017,Agriculture,0.5051772028059692,0.4785117482842775,411.11136472612776,359.4962719395044,-26.07476819651693,-9.586131490120556,False,665.965402635571,690.707244785704,24.74184215013304,24.74184215013309,Burkina Faso,True,1.0,1_nonreciprocal,0.0,0.0,1.0,0.0,0.0,12400688.128,0.705,17585.978,1.0,1.0,0.0,True,never_reciprocal,0
BFA,2014,2017,Manufacturing,0.2250285662874392,0.2479387178640649,694.8540971892297,692.2855996780291,-0.5779853124583214,15.860368022938912,False,665.965402635571,690.707244785704,24.74184215013304,24.74184215013309,Burkina Faso,True,1.0,1_nonreciprocal,0.0,0.0,1.0,0.0,0.0,12400688.128,0.705,17585.978,1.0,1.0,0.0,True,never_reciprocal,0
BFA,2014,2017,Services,0.2697942309065915,0.2735495338516575,1119.0724541347463,1268.6537839487642,40.35617983515816,4.76417929113183,False,665.965402635571,690.707244785704,24.74184215013304,24.74184215013309,Burkina Faso,True,1.0,1_nonreciprocal,0.0,0.0,1.0,0.0,0.0,12400688.128,0.705,17585.978,1.0,1.0,0.0,True,never_reciprocal,0
BWA,1969,1972,Agriculture,0.5990613993946502,0.461422089359275,11.95254585312019,16.99689985198635,3.0218777656027607,-2.3394415683677723,False,26.413502404940395,41.01321506465186,14.599712659711464,14.599712659711468,Botswana,True,1.0,1_nonreciprocal,0.0,0.0,1.0,0.0,0.0,77361.536,0.115,671.416,0.0,0.0,0.0,True,never_reciprocal,0
BWA,1969,1972,Manufacturing,0.0987443330790085,0.1310154213009323,91.840404243997,130.5440388365936,3.8217645855795968,4.212798194141967,False,26.413502404940395,41.01321506465186,14.599712659711464,14.599712659711468,Botswana,True,1.0,1_nonreciprocal,0.0,0.0,1.0,0.0,0.0,77361.536,0.115,671.416,0.0,0.0,0.0,True,never_reciprocal,0
BWA,1969,1972,Services,0.3021942675263413,0.4075624893397926,33.70174482933802,39.42263627313567,1.7288205994561454,4.153893083298771,False,26.413502404940395,41.01321506465186,14.599712659711464,14.599712659711468,Botswana,True,1.0,1_nonreciprocal,0.0,0.0,1.0,0.0,0.0,77361.536,0.115,671.416,0.0,0.0,0.0,True,never_reciprocal,0
BWA,1972,1975,Agriculture,0.461422089359275,0.3716680636555249,16.99689985198635,21.35545366046408,2.0111330048926197,-1.9167379367565356,False,41.01321506465186,41.5259242805663,0.5127092159144411,0.5127092159144331,Botswana,True,1.0,1_nonreciprocal,0.0,0.0,1.0,0.0,0.0,165253.184,0.223,740.118,0.0,0.0,0.0,True,never_reciprocal,0
BWA,1972,1975,Manufacturing,0.1310154213009323,0.1676041271178852,130.5440388365936,101.03941470097476,-3.86556076145376,3.696901420411063,False,41.01321506465186,41.5259242805663,0.5127092159144411,0.5127092159144331,Botswana,True,1.0,1_nonreciprocal,0.0,0.0,1.0,0.0,0.0,165253.184,0.223,740.118,0.0,0.0,0.0,True,never_reciprocal,0
BWA,1972,1975,Services,0.4075624893397926,0.4607278092265898,39.42263627313567,36.147506035275526,-1.3348202326543084,1.921793721475355,False,41.01321506465186,41.5259242805663,0.5127092159144411,0.5127092159144331,Botswana,True,1.0,1_nonreciprocal,0.0,0.0,1.0,0.0,0.0,165253.184,0.223,740.118,0.0,0.0,0.0,True,never_reciprocal,0
BWA,1975,1978,Agriculture,0.3716680636555249,0.3311231781708381,21.35545366046408,21.963924075343368,0.2261490208898592,-0.8905247864291539,False,41.5259242805663,55.25265378088358,13.726729500317276,13.72672950031728,Botswana,True,1.0,1_nonreciprocal,0.0,0.0,1.0,0.0,0.0,355168.704,0.432,822.806,0.0,0.0,0.0,True,never_reciprocal,0
BWA,1975,1978,Manufacturing,0.1676041271178852,0.145305827101316,101.03941470097476,196.5861313609541,16.014024044775738,-4.38353653618323,False,41.5259242805663,55.25265378088358,13.726729500317276,13.72672950031728,Botswana,True,1.0,1_nonreciprocal,0.0,0.0,1.0,0.0,0.0,355168.704,0.432,822.806,0.0,0.0,0.0,True,never_reciprocal,0
BWA,1975,1978,Services,0.4607278092265898,0.5235709947278459,36.147506035275526,37.08146405626111,0.4303004329182901,2.330317324345776,False,41.5259242805663,55.25265378088358,13.726729500317276,13.72672950031728,Botswana,True,1.0,1_nonreciprocal,0.0,0.0,1.0,0.0,0.0,355168.704,0.432,822.806,0.0,0.0,0.0,True,never_reciprocal,0
BWA,1978,1981,Agriculture,0.3311231781708381,0.2782295409146005,21.963924075343368,18.384444164875937,-1.1852487641526426,-0.9724201208145016,False,55.25265378088358,58.4399808813509,3.1873271004673214,3.187327100467323,Botswana,True,1.0,1_nonreciprocal,0.0,0.0,1.0,0.0,0.0,590407.36,0.639,924.373,0.0,0.0,0.0,True,never_reciprocal,0
BWA,1978,1981,Manufacturing,0.145305827101316,0.1786775498500908,196.5861313609541,200.3071731110297,0.5406890491732614,6.684595445652119,False,55.25265378088358,58.4399808813509,3.1873271004673214,3.187327100467323,Botswana,True,1.0,1_nonreciprocal,0.0,0.0,1.0,0.0,0.0,590407.36,0.639,924.373,0.0,0.0,0.0,True,never_reciprocal,0
BWA,1978,1981,Services,0.5235709947278459,0.5430929092353087,37.08146405626111,32.28635508646149,-2.510579973146404,0.6302914637554905,False,55.25265378088358,58.4399808813509,3.1873271004673214,3.187327100467323,Botswana,True,1.0,1_nonreciprocal,0.0,0.0,1.0,0.0,0.0,590407.36,0.639,924.373,0.0,0.0,0.0,True,never_reciprocal,0
BWA,1981,1984,Agriculture,0.2782295409146005,0.2661425389810383,18.384444164875937,13.68864929781706,-1.306508850090929,-0.165454730530569,False,58.4399808813509,79.39602127868287,20.956040397331968,20.95604039733196,Botswana,True,1.0,1_nonreciprocal,0.0,0.0,1.0,0.0,0.0,1073812.352,1.038,1034.324,0.0,0.0,0.0,True,never_reciprocal,0
BWA,1981,1984,Manufacturing,0.1786775498500908,0.173965360842965,200.3071731110297,327.8023222446397,22.780520864965364,-1.5446664993915111,False,58.4399808813509,79.39602127868287,20.956040397331968,20.95604039733196,Botswana,True,1.0,1_nonreciprocal,0.0,0.0,1.0,0.0,0.0,1073812.352,1.038,1034.324,0.0,0.0,0.0,True,never_reciprocal,0
BWA,1981,1984,Services,0.5430929092353087,0.5598921001759967,32.28635508646149,33.446873279697364,0.6302692017849746,0.5618804105946293,False,58.4399808813509,79.39602127868287,20.956040397331968,20.95604039733196,Botswana,True,1.0,1_nonreciprocal,0.0,0.0,1.0,0.0,0.0,1073812.352,1.038,1034.324,0.0,0.0,0.0,True,never_reciprocal,0
BWA,1984,1987,Agriculture,0.2661425389810383,0.2138811257374704,13.68864929781706,13.926811584069732,0.063385115552815,-0.7278348553603774,False,79.39602127868287,81.95232889172605,2.556307613043188,2.5563076130432,Botswana,True,1.0,1_nonreciprocal,0.0,0.0,1.0,0.0,0.0,1240821.888,1.083,1146.205,0.0,0.0,0.0,True,never_reciprocal,0
BWA,1984,1987,Manufacturing,0.173965360842965,0.2077013453325903,327.8023222446397,256.9806181682692,-12.32052330515948,8.669494148659053,False,79.39602127868287,81.95232889172605,2.556307613043188,2.5563076130432,Botswana,True,1.0,1_nonreciprocal,0.0,0.0,1.0,0.0,0.0,1240821.888,1.083,1146.205,0.0,0.0,0.0,True,never_reciprocal,0
BWA,1984,1987,Services,0.5598921001759967,0.5784175289299393,33.446873279697364,44.25596624223672,6.051925759793744,0.8198607495574445,False,79.39602127868287,81.95232889172605,2.556307613043188,2.5563076130432,Botswana,True,1.0,1_nonreciprocal,0.0,0.0,1.0,0.0,0.0,1240821.888,1.083,1146.205,0.0,0.0,0.0,True,never_reciprocal,0
BWA,1987,1990,Agriculture,0.2138811257374704,0.1627442688166654,13.926811584069732,24.062805050902508,2.16789769315384,-1.2304962190012234,False,81.95232889172605,90.00285389519976,8.050525003473709,8.050525003473716,Botswana,True,1.0,1_nonreciprocal,0.0,0.0,1.0,0.0,0.0,1965227.136,1.556,1263.269,0.0,1.0,0.0,True,never_reciprocal,0
BWA,1987,1990,Manufacturing,0.2077013453325903,0.2950257972169145,256.9806181682692,168.4033489198752,-18.397617988778517,14.705730139912705,False,81.95232889172605,90.00285389519976,8.050525003473709,8.050525003473716,Botswana,True,1.0,1_nonreciprocal,0.0,0.0,1.0,0.0,0.0,1965227.136,1.556,1263.269,0.0,1.0,0.0,True,never_reciprocal,0
BWA,1987,1990,Services,0.5784175289299393,0.54222993396642,44.25596624223672,67.13653328973668,13.234521052130722,-2.429509673943814,False,81.95232889172605,90.00285389519976,8.050525003473709,8.050525003473716,Botswana,True,1.0,1_nonreciprocal,0.0,0.0,1.0,0.0,0.0,1965227.136,1.556,1263.269,0.0,1.0,0.0,True,never_reciprocal,0
BWA,1990,1993,Agriculture,0.1627442688166654,0.1587918645933851,24.062805050902508,23.162564597471302,-0.1465089743528449,-0.091547818137049,False,90.00285389519976,89.7415478014168,-0.261306093782963,-0.2613060937829714,Botswana,True,1.0,1_nonreciprocal,0.0,0.0,1.0,0.0,0.0,3790636.544,2.739,1383.912,0.0,1.0,0.0,True,never_reciprocal,0
BWA,1990,1993,Manufacturing,0.2950257972169145,0.2620676853259518,168.4033489198752,176.80300985692935,2.4781166643061803,-5.82709338152365,False,90.00285389519976,89.7415478014168,-0.261306093782963,-0.2613060937829714,Botswana,True,1.0,1_nonreciprocal,0.0,0.0,1.0,0.0,0.0,3790636.544,2.739,1383.912,0.0,1.0,0.0,True,never_reciprocal,0
BWA,1990,1993,Services,0.54222993396642,0.5791404500806631,67.13653328973668,68.6002254251437,0.793657689928922,2.53206972599547,False,90.00285389519976,89.7415478014168,-0.261306093782963,-0.2613060937829714,Botswana,True,1.0,1_nonreciprocal,0.0,0.0,1.0,0.0,0.0,3790636.544,2.739,1383.912,0.0,1.0,0.0,True,never_reciprocal,0
BWA,1993,1996,Agriculture,0.1587918645933851,0.1559186772974031,23.162564597471302,24.21405141863473,0.1669675529279122,-0.0695715049202772,False,89.7415478014168,98.5029853723932,8.761437570976398,8.76143757097641,Botswana,True,1.0,1_nonreciprocal,0.0,0.0,1.0,0.0,0.0,4160129.28,2.764,1505.303,0.0,1.0,0.0,True,never_reciprocal,0
BWA,1993,1996,Manufacturing,0.2620676853259518,0.2484469623240134,176.80300985692935,186.52041761278292,2.5466185579450054,-2.540542942509588,False,89.7415478014168,98.5029853723932,8.761437570976398,8.76143757097641,Botswana,True,1.0,1_nonreciprocal,0.0,0.0,1.0,0.0,0.0,4160129.28,2.764,1505.303,0.0,1.0,0.0,True,never_reciprocal,0
BWA,1993,1996,Services,0.5791404500806631,0.5956343603785834,68.6002254251437,81.2362995733344,7.318061669435794,1.3399042380975634,False,89.7415478014168,98.5029853723932,8.761437570976398,8.76143757097641,Botswana,True,1.0,1_nonreciprocal,0.0,0.0,1.0,0.0,0.0,4160129.28,2.764,1505.303,0.0,1.0,0.0,True,never_reciprocal,0
BWA,1996,1999,Agriculture,0.1559186772974031,0.2033203125636669,24.21405141863473,15.94467405490094,-1.2893503806264592,0.755803623989874,False,98.5029853723932,102.14041736643355,3.637431994040355,3.6374319940403455,Botswana,True,1.0,1_nonreciprocal,0.0,0.0,1.0,0.0,0.0,4847757.824,2.991,1620.989,1.0,1.0,0.0,True,never_reciprocal,0
BWA,1996,1999,Manufacturing,0.2484469623240134,0.2105656935268817,186.52041761278292,218.9801918786542,8.0645323140789,-8.295247509802786,False,98.5029853723932,102.14041736643355,3.637431994040355,3.6374319940403455,Botswana,True,1.0,1_nonreciprocal,0.0,0.0,1.0,0.0,0.0,4847757.824,2.991,1620.989,1.0,1.0,0.0,True,never_reciprocal,0
BWA,1996,1999,Services,0.5956343603785834,0.5861139939094513,81.2362995733344,90.06579919748886,5.259153361096179,-0.8574594146953599,False,98.5029853723932,102.14041736643355,3.637431994040355,3.6374319940403455,Botswana,True,1.0,1_nonreciprocal,0.0,0.0,1.0,0.0,0.0,4847757.824,2.991,1620.989,1.0,1.0,0.0,True,never_reciprocal,0
BWA,1999,2002,Agriculture,0.2033203125636669,0.2081744749685666,15.94467405490094,11.244934451365983,-0.9555525251585714,0.0545847380593821,False,102.14041736643355,109.3109830054086,7.1705656389750345,7.170565638975037,Botswana,True,1.0,1_nonreciprocal,0.0,0.0,1.0,0.0,0.0,5484262.912,3.179,1724.924,1.0,1.0,0.0,True,never_reciprocal,0
BWA,1999,2002,Manufacturing,0.2105656935268817,0.2149251341198457,218.9801918786542,245.97318777216967,5.6837989006863525,1.0723054995547534,False,102.14041736643355,109.3109830054086,7.1705656389750345,7.170565638975037,Botswana,True,1.0,1_nonreciprocal,0.0,0.0,1.0,0.0,0.0,5484262.912,3.179,1724.924,1.0,1.0,0.0,True,never_reciprocal,0
BWA,1999,2002,Services,0.5861139939094513,0.5769003909115877,90.06579919748886,93.78439529678124,2.1795212114923657,-0.8640921856592445,False,102.14041736643355,109.3109830054086,7.1705656389750345,7.170565638975037,Botswana,True,1.0,1_nonreciprocal,0.0,0.0,1.0,0.0,0.0,5484262.912,3.179,1724.924,1.0,1.0,0.0,True,never_reciprocal,0
BWA,2002,2005,Agriculture,0.2081744749685666,0.2278286650786184,11.244934451365983,10.727951536559107,-0.1076226468576406,0.2108491989909555,False,109.3109830054086,105.53297838900652,-3.7780046164020575,-3.7780046164020695,Botswana,True,1.0,1_nonreciprocal,0.0,0.0,1.0,0.0,0.0,5438856.704,3.007,1808.976,1.0,1.0,0.0,True,never_reciprocal,0
BWA,2002,2005,Manufacturing,0.2149251341198457,0.2021390406846353,245.97318777216967,248.31790750526812,0.503939203109641,-3.175015966998284,False,109.3109830054086,105.53297838900652,-3.7780046164020575,-3.7780046164020695,Botswana,True,1.0,1_nonreciprocal,0.0,0.0,1.0,0.0,0.0,5438856.704,3.007,1808.976,1.0,1.0,0.0,True,never_reciprocal,0
BWA,2002,2005,Services,0.5769003909115877,0.5700322942367462,93.78439529678124,92.79140925567494,-0.5728540352839779,-0.6373003693627636,False,109.3109830054086,105.53297838900652,-3.7780046164020575,-3.7780046164020695,Botswana,True,1.0,1_nonreciprocal,0.0,0.0,1.0,0.0,0.0,5438856.704,3.007,1808.976,1.0,1.0,0.0,True,never_reciprocal,0
BWA,2005,2008,Agriculture,0.2278286650786184,0.2457002869914753,10.727951536559107,11.3875878718601,0.1502840657089768,0.2035146649453181,False,105.53297838900652,113.22785890975264,7.694880520746125,7.694880520746139,Botswana,True,1.0,1_nonreciprocal,0.0,0.0,1.0,0.0,0.0,9931223.04,5.294,1875.805,1.0,1.0,1.0,True,switched_during_interval,1
BWA,2005,2008,Manufacturing,0.2021390406846353,0.1774615407288977,248.31790750526812,274.6681743488578,5.326417661547367,-6.778123860336486,False,105.53297838900652,113.22785890975264,7.694880520746125,7.694880520746139,Botswana,True,1.0,1_nonreciprocal,0.0,0.0,1.0,0.0,0.0,9931223.04,5.294,1875.805,1.0,1.0,1.0,True,switched_during_interval,1
BWA,2005,2008,Services,0.5700322942367462,0.576838172279627,92.79140925567494,106.93967711701814,8.064969588477487,0.7278184004034758,False,105.53297838900652,113.22785890975264,7.694880520746125,7.694880520746139,Botswana,True,1.0,1_nonreciprocal,0.0,0.0,1.0,0.0,0.0,9931223.04,5.294,1875.805,1.0,1.0,1.0,True,switched_during_interval,1
BWA,2008,2011,Agriculture,0.2457002869914753,0.2474376688802764,11.3875878718601,11.941632259004164,0.1361288649273129,0.0207471756095167,False,113.22785890975264,112.53462670264376,-0.6932322071089061,-0.6932322071089065,Botswana,True,3.0,3_fta,1.0,1.0,0.0,0.8944094643872402,0.7781015492475022,11113041.92,5.747,1933.719,1.0,1.0,1.0,True,always_reciprocal,1
BWA,2008,2011,Manufacturing,0.1774615407288977,0.1695303892794348,274.6681743488578,225.2810978002737,-8.764306696407747,-1.7867385053552174,False,113.22785890975264,112.53462670264376,-0.6932322071089061,-0.6932322071089065,Botswana,True,3.0,3_fta,1.0,1.0,0.0,0.8944094643872402,0.7781015492475022,11113041.92,5.747,1933.719,1.0,1.0,1.0,True,always_reciprocal,1
BWA,2008,2011,Services,0.576838172279627,0.5830319418402888,106.93967711701814,122.4423907567432,8.942557001313446,0.7583799528037818,False,113.22785890975264,112.53462670264376,-0.6932322071089061,-0.6932322071089065,Botswana,True,3.0,3_fta,1.0,1.0,0.0,0.8944094643872402,0.7781015492475022,11113041.92,5.747,1933.719,1.0,1.0,1.0,True,always_reciprocal,1
BWA,2011,2014,Agriculture,0.2474376688802764,0.2385479577303876,11.941632259004164,9.72964821341795,-0.5473281758402162,-0.0864937622073168,False,112.53462670264376,116.32731808268908,3.792691380045341,3.792691380045325,Botswana,True,3.0,3_fta,1.0,1.0,0.0,0.9103431163008052,0.7442794988559724,15365213.184,7.734,1986.701,1.0,1.0,1.0,True,always_reciprocal,1
BWA,2011,2014,Manufacturing,0.1695303892794348,0.1678317883861717,225.2810978002737,227.29691249593705,0.3417418500710135,-0.3860867386015615,False,112.53462670264376,116.32731808268908,3.792691380045341,3.792691380045325,Botswana,True,3.0,3_fta,1.0,1.0,0.0,0.9103431163008052,0.7442794988559724,15365213.184,7.734,1986.701,1.0,1.0,1.0,True,always_reciprocal,1
BWA,2011,2014,Services,0.5830319418402888,0.5936202538834406,122.4423907567432,127.78991713444792,3.11777868803536,1.3530795185880462,False,112.53462670264376,116.32731808268908,3.792691380045341,3.792691380045325,Botswana,True,3.0,3_fta,1.0,1.0,0.0,0.9103431163008052,0.7442794988559724,15365213.184,7.734,1986.701,1.0,1.0,1.0,True,always_reciprocal,1
BWA,2014,2017,Agriculture,0.2385479577303876,0.2317385700379778,9.72964821341795,9.541860882775683,-0.0447962842123535,-0.0649742300578597,False,116.32731808268908,112.6145379789222,-3.7127801037668746,-3.712780103766859,Botswana,True,3.0,3_fta,1.0,1.0,0.0,0.5830880383941497,0.764416394117871,16259444.736,7.498,2168.573,1.0,1.0,1.0,True,always_reciprocal,1
BWA,2014,2017,Manufacturing,0.1678317883861717,0.1668842528317803,227.29691249593705,183.81175013177432,-7.298192567840477,-0.174168168564763,False,116.32731808268908,112.6145379789222,-3.7127801037668746,-3.712780103766859,Botswana,True,3.0,3_fta,1.0,1.0,0.0,0.5830880383941497,0.764416394117871,16259444.736,7.498,2168.573,1.0,1.0,1.0,True,always_reciprocal,1
BWA,2014,2017,Services,0.5936202538834406,0.6013771771302419,127.78991713444792,132.57575650021136,2.840971179349848,1.028379967558747,False,116.32731808268908,112.6145379789222,-3.7127801037668746,-3.712780103766859,Botswana,True,3.0,3_fta,1.0,1.0,0.0,0.5830880383941497,0.764416394117871,16259444.736,7.498,2168.573,1.0,1.0,1.0,True,always_reciprocal,1
CMR,1966,1969,Agriculture,0.7939351281500786,0.7938686759398349,60.079885038802495,80.44414372690115,16.167900331216956,-0.0053456911518149,False,465.2115322272758,535.282815586068,70.07128335879213,70.07128335879221,Cameroon,True,1.0,1_nonreciprocal,0.0,0.0,1.0,0.0,0.0,853268.736,0.139,6130.99,0.0,1.0,0.0,True,never_reciprocal,0
CMR,1966,1969,Manufacturing,0.0664994536890723,0.0664938863096996,2045.6101200566925,1954.002530447072,-6.091854662812509,-0.0108786733821834,False,465.2115322272758,535.282815586068,70.07128335879213,70.07128335879221,Cameroon,True,1.0,1_nonreciprocal,0.0,0.0,1.0,0.0,0.0,853268.736,0.139,6130.99,0.0,1.0,0.0,True,never_reciprocal,0
CMR,1966,1969,Services,0.139565418160849,0.1396374377504654,2016.8323160880643,2445.558391155225,59.83533394320779,0.1761281117139861,False,465.2115322272758,535.282815586068,70.07128335879213,70.07128335879221,Cameroon,True,1.0,1_nonreciprocal,0.0,0.0,1.0,0.0,0.0,853268.736,0.139,6130.99,0.0,1.0,0.0,True,never_reciprocal,0
CMR,1969,1972,Agriculture,0.7938686759398349,0.7938307063545398,80.44414372690115,98.79652194337868,14.569378195062098,-0.0037512629667899,False,535.282815586068,604.510844330101,69.22802874403305,69.22802874403304,Cameroon,True,1.0,1_nonreciprocal,0.0,0.0,1.0,0.0,0.0,1152418.432,0.175,6600.479,0.0,1.0,0.0,True,never_reciprocal,0
CMR,1969,1972,Manufacturing,0.0664938863096996,0.0664907072141304,1954.002530447072,2329.79719706921,24.98804783816394,-0.0074066479462665,False,535.282815586068,604.510844330101,69.22802874403305,69.22802874403304,Cameroon,True,1.0,1_nonreciprocal,0.0,0.0,1.0,0.0,0.0,1152418.432,0.175,6600.479,0.0,1.0,0.0,True,never_reciprocal,0
CMR,1969,1972,Services,0.1396374377504654,0.1396785864313297,2445.558391155225,2657.338377448904,29.572414652878035,0.1093459688420285,False,535.282815586068,604.510844330101,69.22802874403305,69.22802874403304,Cameroon,True,1.0,1_nonreciprocal,0.0,0.0,1.0,0.0,0.0,1152418.432,0.175,6600.479,0.0,1.0,0.0,True,never_reciprocal,0
CMR,1972,1975,Agriculture,0.7938307063545398,0.7937634542956026,98.79652194337868,153.55634342745444,43.47002776855235,-0.010326980258365,False,604.510844330101,794.7085629256292,190.19771859552816,190.19771859552816,Cameroon,True,1.0,1_nonreciprocal,0.0,0.0,1.0,0.0,0.0,1430951.424,0.201,7134.374,0.0,1.0,0.0,True,never_reciprocal,0
CMR,1972,1975,Manufacturing,0.0664907072141304,0.0664850739708967,2329.79719706921,3342.8058818746517,67.35566386676997,-0.018830838615835,False,604.510844330101,794.7085629256292,190.19771859552816,190.19771859552816,Cameroon,True,1.0,1_nonreciprocal,0.0,0.0,1.0,0.0,0.0,1430951.424,0.201,7134.374,0.0,1.0,0.0,True,never_reciprocal,0
CMR,1972,1975,Services,0.1396785864313297,0.1397514717335006,2657.338377448904,3224.112400548383,79.16619437253307,0.2349904065469853,False,604.510844330101,794.7085629256292,190.19771859552816,190.19771859552816,Cameroon,True,1.0,1_nonreciprocal,0.0,0.0,1.0,0.0,0.0,1430951.424,0.201,7134.374,0.0,1.0,0.0,True,never_reciprocal,0
CMR,1975,1978,Agriculture,0.7937634542956026,0.7923846157105763,153.55634342745444,195.36771253536816,33.18833677192606,-0.2693805403120917,False,794.7085629256292,985.6318302734926,190.92326734786343,190.92326734786332,Cameroon,True,1.0,1_nonreciprocal,0.0,0.0,1.0,0.0,0.0,2752770.56,0.356,7740.196,0.0,1.0,0.0,True,never_reciprocal,0
CMR,1975,1978,Manufacturing,0.0664850739708967,0.0669590865773551,3342.8058818746517,4121.208578140286,51.75216084036615,1.9535048198829088,False,794.7085629256292,985.6318302734926,190.92326734786343,190.92326734786332,Cameroon,True,1.0,1_nonreciprocal,0.0,0.0,1.0,0.0,0.0,2752770.56,0.356,7740.196,0.0,1.0,0.0,True,never_reciprocal,0
CMR,1975,1978,Services,0.1397514717335006,0.1406562977120686,3224.112400548383,3944.8862759257536,100.72920987104634,3.5694355849540025,False,794.7085629256292,985.6318302734926,190.92326734786343,190.92326734786332,Cameroon,True,1.0,1_nonreciprocal,0.0,0.0,1.0,0.0,0.0,2752770.56,0.356,7740.196,0.0,1.0,0.0,True,never_reciprocal,0
CMR,1978,1981,Agriculture,0.7923846157105763,0.7903071338147358,195.36771253536816,295.3785229420884,79.2470275710323,-0.6136435338322815,False,985.6318302734926,1321.957683256417,336.3258529829245,336.32585298292446,Cameroon,True,1.0,1_nonreciprocal,0.0,0.0,1.0,0.0,0.0,4409920.512,0.523,8425.707,0.0,1.0,0.0,True,never_reciprocal,0
CMR,1978,1981,Manufacturing,0.0669590865773551,0.0676758894802866,4121.208578140286,6133.275726469607,134.72617838443497,4.396349845213289,False,985.6318302734926,1321.957683256417,336.3258529829245,336.32585298292446,Cameroon,True,1.0,1_nonreciprocal,0.0,0.0,1.0,0.0,0.0,4409920.512,0.523,8425.707,0.0,1.0,0.0,True,never_reciprocal,0
CMR,1978,1981,Services,0.1406562977120686,0.1420169767049775,3944.8862759257536,4741.989688894282,112.11761496180738,6.452325754268787,False,985.6318302734926,1321.957683256417,336.3258529829245,336.32585298292446,Cameroon,True,1.0,1_nonreciprocal,0.0,0.0,1.0,0.0,0.0,4409920.512,0.523,8425.707,0.0,1.0,0.0,True,never_reciprocal,0
CMR,1981,1984,Agriculture,0.7903071338147358,0.7882082709149284,295.3785229420884,335.41007483012703,31.63722103479168,-0.7039797622825875,False,1321.957683256417,1746.4825585389935,424.5248752825764,424.52487528257655,Cameroon,True,1.0,1_nonreciprocal,0.0,0.0,1.0,0.0,0.0,7636345.856,0.83,9201.146,0.0,1.0,0.0,True,never_reciprocal,0
CMR,1981,1984,Manufacturing,0.0676758894802866,0.0683987866009066,6133.275726469607,7875.277184674713,117.89149815998702,5.693015200885185,False,1321.957683256417,1746.4825585389935,424.5248752825764,424.52487528257655,Cameroon,True,1.0,1_nonreciprocal,0.0,0.0,1.0,0.0,0.0,7636345.856,0.83,9201.146,0.0,1.0,0.0,True,never_reciprocal,0
CMR,1981,1984,Services,0.1420169767049775,0.1433929424841649,4741.989688894282,6579.474160217642,260.9539893596875,9.053131289507702,False,1321.957683256417,1746.4825585389935,424.5248752825764,424.52487528257655,Cameroon,True,1.0,1_nonreciprocal,0.0,0.0,1.0,0.0,0.0,7636345.856,0.83,9201.146,0.0,1.0,0.0,True,never_reciprocal,0
CMR,1984,1987,Agriculture,0.7882082709149284,0.7820188256901699,335.41007483012703,291.8938609086603,-34.29983973180342,-1.806661063537431,False,1746.4825585389935,1479.023959803323,-267.4585987356709,-267.458598735671,Cameroon,True,1.0,1_nonreciprocal,0.0,0.0,1.0,0.0,0.0,7801858.56,0.775,10070.779,0.0,1.0,0.0,True,never_reciprocal,0
CMR,1984,1987,Manufacturing,0.0683987866009066,0.0705571417861272,7875.277184674713,7624.513658850335,-17.151920890152574,16.456408590364934,False,1746.4825585389935,1479.023959803323,-267.4585987356709,-267.458598735671,Cameroon,True,1.0,1_nonreciprocal,0.0,0.0,1.0,0.0,0.0,7801858.56,0.775,10070.779,0.0,1.0,0.0,True,never_reciprocal,0
CMR,1984,1987,Services,0.1433929424841649,0.1474240325237028,6579.474160217642,4834.988990529698,-250.14686160154216,19.49027596099961,False,1746.4825585389935,1479.023959803323,-267.4585987356709,-267.458598735671,Cameroon,True,1.0,1_nonreciprocal,0.0,0.0,1.0,0.0,0.0,7801858.56,0.775,10070.779,0.0,1.0,0.0,True,never_reciprocal,0
CMR,1987,1990,Agriculture,0.7820188256901699,0.7649751610021525,291.8938609086603,276.77742062933856,-11.82134087585078,-4.717301550420806,False,1479.023959803323,1463.390240580375,-15.633719222948002,-15.633719222947876,Cameroon,True,1.0,1_nonreciprocal,0.0,0.0,1.0,0.0,0.0,12302473.216,1.115,11031.515,0.0,1.0,0.0,True,never_reciprocal,0
CMR,1987,1990,Manufacturing,0.0705571417861272,0.0756558689745365,7624.513658850335,8004.558400561376,26.81487072597807,40.81305954815279,False,1479.023959803323,1463.390240580375,-15.633719222948002,-15.633719222947876,Cameroon,True,1.0,1_nonreciprocal,0.0,0.0,1.0,0.0,0.0,12302473.216,1.115,11031.515,0.0,1.0,0.0,True,never_reciprocal,0
CMR,1987,1990,Services,0.1474240325237028,0.159368970023311,4834.988990529698,4053.929488446133,-115.14694143811464,48.423934367307496,False,1479.023959803323,1463.390240580375,-15.633719222948002,-15.633719222947876,Cameroon,True,1.0,1_nonreciprocal,0.0,0.0,1.0,0.0,0.0,12302473.216,1.115,11031.515,0.0,1.0,0.0,True,never_reciprocal,0
CMR,1990,1993,Agriculture,0.7649751610021525,0.7433619531367959,276.77742062933856,332.8064930707724,42.86084871168709,-7.19301591367896,False,1463.390240580375,1514.0399643310302,50.64972375065554,50.64972375065557,Cameroon,True,1.0,1_nonreciprocal,0.0,0.0,1.0,0.0,0.0,11151579.136,0.924,12070.359,0.0,1.0,0.0,True,never_reciprocal,0
CMR,1990,1993,Manufacturing,0.0756558689745365,0.080779814219331,8004.558400561376,8776.993156344392,58.43922267489796,44.97283234704455,False,1463.390240580375,1514.0399643310302,50.64972375065554,50.64972375065557,Cameroon,True,1.0,1_nonreciprocal,0.0,0.0,1.0,0.0,0.0,11151579.136,0.924,12070.359,0.0,1.0,0.0,True,never_reciprocal,0
CMR,1990,1993,Services,0.159368970023311,0.175858232643873,4053.929488446133,3170.965582150251,-140.717048314134,52.28688424483892,False,1463.390240580375,1514.0399643310302,50.64972375065554,50.64972375065557,Cameroon,True,1.0,1_nonreciprocal,0.0,0.0,1.0,0.0,0.0,11151579.136,0.924,12070.359,0.0,1.0,0.0,True,never_reciprocal,0
CMR,1993,1996,Agriculture,0.7433619531367959,0.7165411404743669,332.8064930707724,471.9352056613516,103.42299152874092,-12.657685739848,False,1514.0399643310302,1645.3138581793528,131.2738938483226,131.2738938483227,Cameroon,True,1.0,1_nonreciprocal,0.0,0.0,1.0,0.0,0.0,13532134.4,1.028,13169.247,0.0,1.0,0.0,True,never_reciprocal,0
CMR,1993,1996,Manufacturing,0.080779814219331,0.0857715504333578,8776.993156344392,7337.492349846156,-116.28260771750472,36.626826282871406,False,1514.0399643310302,1645.3138581793528,131.2738938483226,131.2738938483227,Cameroon,True,1.0,1_nonreciprocal,0.0,0.0,1.0,0.0,0.0,13532134.4,1.028,13169.247,0.0,1.0,0.0,True,never_reciprocal,0
CMR,1993,1996,Services,0.175858232643873,0.1976873090922753,3170.965582150251,3428.6711456483768,45.31964493927379,74.8447245547893,False,1514.0399643310302,1645.3138581793528,131.2738938483226,131.2738938483227,Cameroon,True,1.0,1_nonreciprocal,0.0,0.0,1.0,0.0,0.0,13532134.4,1.028,13169.247,0.0,1.0,0.0,True,never_reciprocal,0
CMR,1996,1999,Agriculture,0.7165411404743669,0.6839667708765701,471.9352056613516,570.0628916263366,70.31252401346089,-18.569439325825076,False,1645.3138581793528,1798.0265738127075,152.71271563335495,152.7127156333548,Cameroon,True,1.0,1_nonreciprocal,0.0,0.0,1.0,0.0,0.0,9732328.448,0.68,14316.949,1.0,1.0,0.0,True,never_reciprocal,0
CMR,1996,1999,Manufacturing,0.0857715504333578,0.0904292483089816,7337.492349846156,8024.470485103407,58.92317977483141,37.375559131471896,False,1645.3138581793528,1798.0265738127075,152.71271563335495,152.7127156333548,Cameroon,True,1.0,1_nonreciprocal,0.0,0.0,1.0,0.0,0.0,9732328.448,0.68,14316.949,1.0,1.0,0.0,True,never_reciprocal,0
CMR,1996,1999,Services,0.1976873090922753,0.2256039808144482,3428.6711456483768,3025.104708353021,-79.7799630288753,84.45085506829099,False,1645.3138581793528,1798.0265738127075,152.71271563335495,152.7127156333548,Cameroon,True,1.0,1_nonreciprocal,0.0,0.0,1.0,0.0,0.0,9732328.448,0.68,14316.949,1.0,1.0,0.0,True,never_reciprocal,0
CMR,1999,2002,Agriculture,0.6839667708765701,0.6588752368581232,570.0628916263366,551.1620568513597,-12.927542927912564,-13.829501499163046,False,1798.0265738127075,1753.9438573387856,-44.08271647392212,-44.08271647392198,Cameroon,True,1.0,1_nonreciprocal,0.0,0.0,1.0,0.0,0.0,10486452.224,0.676,15513.653,1.0,1.0,0.0,True,never_reciprocal,0
CMR,1999,2002,Manufacturing,0.0904292483089816,0.0932313505195601,8024.470485103407,7086.859878503928,-84.78742236131916,19.85810573161584,False,1798.0265738127075,1753.9438573387856,-44.08271647392212,-44.08271647392198,Cameroon,True,1.0,1_nonreciprocal,0.0,0.0,1.0,0.0,0.0,10486452.224,0.676,15513.653,1.0,1.0,0.0,True,never_reciprocal,0
CMR,1999,2002,Services,0.2256039808144482,0.2478934126223166,3025.104708353021,2945.133964814777,-18.041718090919225,65.64536267377618,False,1798.0265738127075,1753.9438573387856,-44.08271647392212,-44.08271647392198,Cameroon,True,1.0,1_nonreciprocal,0.0,0.0,1.0,0.0,0.0,10486452.224,0.676,15513.653,1.0,1.0,0.0,True,never_reciprocal,0
CMR,2002,2005,Agriculture,0.6588752368581232,0.6595434778900586,551.1620568513597,484.7414174526397,-43.76291451609961,0.3239241050203866,False,1753.9438573387856,1523.9379573512429,-230.0058999875428,-230.0058999875427,Cameroon,True,1.0,1_nonreciprocal,0.0,0.0,1.0,0.0,0.0,10879778.816,0.648,16782.043,1.0,1.0,0.0,True,never_reciprocal,0
CMR,2002,2005,Manufacturing,0.0932313505195601,0.0930070200945276,7086.859878503928,5467.191594798482,-151.00386148355673,-1.2264574141948217,False,1753.9438573387856,1523.9379573512429,-230.0058999875428,-230.0058999875427,Cameroon,True,1.0,1_nonreciprocal,0.0,0.0,1.0,0.0,0.0,10879778.816,0.648,16782.043,1.0,1.0,0.0,True,never_reciprocal,0
CMR,2002,2005,Services,0.2478934126223166,0.2474495020154137,2945.133964814777,2811.6553592650957,-33.08846704177866,-1.248123636933262,False,1753.9438573387856,1523.9379573512429,-230.0058999875428,-230.0058999875427,Cameroon,True,1.0,1_nonreciprocal,0.0,0.0,1.0,0.0,0.0,10879778.816,0.648,16782.043,1.0,1.0,0.0,True,never_reciprocal,0
CMR,2005,2008,Agriculture,0.6595434778900586,0.6588752373996876,484.7414174526397,428.4747901447185,-37.11028706381011,-0.2863242038779453,False,1523.9379573512429,1239.7069270825464,-284.2310302686965,-284.2310302686967,Cameroon,True,1.0,1_nonreciprocal,0.0,0.0,1.0,0.0,0.0,16587857.92,0.915,18137.733,1.0,1.0,0.0,True,never_reciprocal,0
CMR,2005,2008,Manufacturing,0.0930070200945276,0.093231348043536,5467.191594798482,3971.348674881214,-139.12389251100228,0.8908845030332039,False,1523.9379573512429,1239.7069270825464,-284.2310302686965,-284.2310302686967,Cameroon,True,1.0,1_nonreciprocal,0.0,0.0,1.0,0.0,0.0,16587857.92,0.915,18137.733,1.0,1.0,0.0,True,never_reciprocal,0
CMR,2005,2008,Services,0.2474495020154137,0.2478934145567763,2811.6553592650957,2368.523216100206,-109.65282815317492,1.05141716013539,False,1523.9379573512429,1239.7069270825464,-284.2310302686965,-284.2310302686967,Cameroon,True,1.0,1_nonreciprocal,0.0,0.0,1.0,0.0,0.0,16587857.92,0.915,18137.733,1.0,1.0,0.0,True,never_reciprocal,0
CMR,2008,2011,Agriculture,0.6588752373996876,0.6588752384266597,428.4747901447185,411.3403254945089,-11.289474464123382,4.224350683136039e-07,False,1239.7069270825464,1167.3179676130069,-72.38895946953971,-72.38895946953961,Cameroon,True,1.0,1_nonreciprocal,0.0,0.0,1.0,0.0,0.0,23322257.408,1.19,19595.026,1.0,1.0,1.0,True,switched_during_interval,1
CMR,2008,2011,Manufacturing,0.093231348043536,0.0932313501243532,3971.348674881214,3531.920812552933,-40.96845197275494,7.349281621640223e-06,False,1239.7069270825464,1167.3179676130069,-72.38895946953971,-72.38895946953961,Cameroon,True,1.0,1_nonreciprocal,0.0,0.0,1.0,0.0,0.0,23322257.408,1.19,19595.026,1.0,1.0,1.0,True,switched_during_interval,1
CMR,2008,2011,Services,0.2478934145567763,0.247893411448987,2368.523216100206,2287.314791375092,-20.131033695885485,-7.108492506270675e-06,False,1239.7069270825464,1167.3179676130069,-72.38895946953971,-72.38895946953961,Cameroon,True,1.0,1_nonreciprocal,0.0,0.0,1.0,0.0,0.0,23322257.408,1.19,19595.026,1.0,1.0,1.0,True,switched_during_interval,1
CMR,2011,2014,Agriculture,0.6588752384266597,0.6588752373160564,411.3403254945089,420.8809108997248,6.286055483591494,-4.674317651829341e-07,False,1167.3179676130069,1256.8169575081824,89.49898989517578,89.4989898951757,Cameroon,True,2.0,2_reciprocal_pta,1.0,0.0,0.0,0.8383367472166452,0.378959243625367,26587310.08,1.257,21156.273,1.0,1.0,1.0,True,always_reciprocal,1
CMR,2011,2014,Manufacturing,0.0932313501243532,0.0932313493547604,3531.920812552933,3924.775139058269,36.62633926228588,-3.0204788761735784e-06,False,1167.3179676130069,1256.8169575081824,89.49898989517578,89.4989898951757,Cameroon,True,2.0,2_reciprocal_pta,1.0,0.0,0.0,0.8383367472166452,0.378959243625367,26587310.08,1.257,21156.273,1.0,1.0,1.0,True,always_reciprocal,1
CMR,2011,2014,Services,0.247893411448987,0.2478934133291833,2287.314791375092,2475.2447315496006,46.58659398326304,4.653945927560052e-06,False,1167.3179676130069,1256.8169575081824,89.49898989517578,89.4989898951757,Cameroon,True,2.0,2_reciprocal_pta,1.0,0.0,0.0,0.8383367472166452,0.378959243625367,26587310.08,1.257,21156.273,1.0,1.0,1.0,True,always_reciprocal,1
CMR,2014,2017,Agriculture,0.6588752373160564,0.6540091831094359,420.8809108997248,445.5182133147381,16.232908475519352,-2.167915776026209,False,1256.8169575081824,1335.878078587673,79.06112107949048,79.06112107949059,Cameroon,True,2.0,2_reciprocal_pta,1.0,0.0,0.0,0.8166645891292537,0.3714304598175133,32050817.024,1.441,22239.904,1.0,1.0,1.0,True,always_reciprocal,1
CMR,2014,2017,Manufacturing,0.0932313493547604,0.0936198049346878,3924.775139058269,4192.544488775444,24.964497789978992,1.6286173007586633,False,1256.8169575081824,1335.878078587673,79.06112107949048,79.06112107949059,Cameroon,True,2.0,2_reciprocal_pta,1.0,0.0,0.0,0.8166645891292537,0.3714304598175133,32050817.024,1.441,22239.904,1.0,1.0,1.0,True,always_reciprocal,1
CMR,2014,2017,Services,0.2478934133291833,0.2523710119558763,2475.2447315496006,2583.497500624841,26.8351484283972,11.567864860862592,False,1256.8169575081824,1335.878078587673,79.06112107949048,79.06112107949059,Cameroon,True,2.0,2_reciprocal_pta,1.0,0.0,0.0,0.8166645891292537,0.3714304598175133,32050817.024,1.441,22239.904,1.0,1.0,1.0,True,always_reciprocal,1
DZA,1999,2002,Agriculture,0.2202079573124281,0.216738764299479,398.3957944217749,386.3257425630832,-2.657921464457557,-1.34023856682223,False,1189.5918588082457,1190.6496669761375,1.0578081678920626,1.0578081678919582,Algeria,True,2.0,2_reciprocal_pta,1.0,0.0,0.0,0.7424738002568126,0.3387396801336421,48640614.4,1.555,31276.295,0.0,0.0,1.0,True,always_reciprocal,1
DZA,1999,2002,Manufacturing,0.2318455391745847,0.2308917213043187,3110.897599428116,3068.298410134458,-9.87643201018826,-2.926597854894984,False,1189.5918588082457,1190.6496669761375,1.0578081678920626,1.0578081678919582,Algeria,True,2.0,2_reciprocal_pta,1.0,0.0,0.0,0.7424738002568126,0.3387396801336421,48640614.4,1.555,31276.295,0.0,0.0,1.0,True,always_reciprocal,1
DZA,1999,2002,Services,0.5479465035129872,0.5523695143962023,694.6192758239049,721.3888368916591,14.668287387653324,3.1907106766016637,False,1189.5918588082457,1190.6496669761375,1.0578081678920626,1.0578081678919582,Algeria,True,2.0,2_reciprocal_pta,1.0,0.0,0.0,0.7424738002568126,0.3387396801336421,48640614.4,1.555,31276.295,0.0,0.0,1.0,True,always_reciprocal,1
DZA,2002,2005,Agriculture,0.216738764299479,0.1865622173199556,386.3257425630832,472.3429892347534,18.643271752061278,-14.253680405091067,False,1190.6496669761375,1150.8089610879988,-39.84070588813893,-39.84070588813908,Algeria,True,2.0,2_reciprocal_pta,1.0,0.0,0.0,0.7591559670571897,0.3280204420517112,56760287.232,1.743,32572.975,0.0,0.0,1.0,True,always_reciprocal,1
DZA,2002,2005,Manufacturing,0.2308917213043187,0.2491315800173516,3068.298410134458,2734.8918348496613,-76.98081806168467,49.88404066308515,False,1190.6496669761375,1150.8089610879988,-39.84070588813893,-39.84070588813908,Algeria,True,2.0,2_reciprocal_pta,1.0,0.0,0.0,0.7591559670571897,0.3280204420517112,56760287.232,1.743,32572.975,0.0,0.0,1.0,True,always_reciprocal,1
DZA,2002,2005,Services,0.5523695143962023,0.5643062026626928,721.3888368916591,675.7673048582781,-25.19994349528949,8.066423658779733,False,1190.6496669761375,1150.8089610879988,-39.84070588813893,-39.84070588813908,Algeria,True,2.0,2_reciprocal_pta,1.0,0.0,0.0,0.7591559670571897,0.3280204420517112,56760287.232,1.743,32572.975,0.0,0.0,1.0,True,always_reciprocal,1
DZA,2005,2008,Agriculture,0.1865622173199556,0.1439884308913402,472.3429892347534,587.1770834787375,21.42370324608641,-24.99835174780101,False,1150.8089610879988,1145.283276266107,-5.5256848218919,-5.525684821891744,Algeria,True,3.0,3_fta,1.0,1.0,0.0,0.685206761474501,0.3832006040891502,103198646.272,3.039,33960.903,0.0,0.0,1.0,True,always_reciprocal,1
DZA,2005,2008,Manufacturing,0.2491315800173516,0.2748539804395187,2734.8918348496613,2302.751665066228,-107.65976328711348,59.23230040164549,False,1150.8089610879988,1145.283276266107,-5.5256848218919,-5.525684821891744,Algeria,True,3.0,3_fta,1.0,1.0,0.0,0.685206761474501,0.3832006040891502,103198646.272,3.039,33960.903,0.0,0.0,1.0,True,always_reciprocal,1
DZA,2005,2008,Services,0.5643062026626928,0.581157588669141,675.7673048582781,736.1447507433791,34.07136721389357,12.405059351397275,False,1150.8089610879988,1145.283276266107,-5.5256848218919,-5.525684821891744,Algeria,True,3.0,3_fta,1.0,1.0,0.0,0.685206761474501,0.3832006040891502,103198646.272,3.039,33960.903,0.0,0.0,1.0,True,always_reciprocal,1
DZA,2008,2011,Agriculture,0.1439884308913402,0.1077000399747411,587.1770834787375,1028.6549566913086,63.56770623712417,-37.32823318671157,False,1145.283276266107,1189.164324694737,43.88104842863004,43.88104842863005,Algeria,True,3.0,3_fta,1.0,1.0,0.0,0.6461787178693148,0.4150258918204342,171000168.448,4.787,35725.376,0.0,0.0,1.0,True,always_reciprocal,1
DZA,2008,2011,Manufacturing,0.2748539804395187,0.2968397587145613,2302.751665066228,1965.879741880062,-92.59058898603332,43.22139612037315,False,1145.283276266107,1189.164324694737,43.88104842863004,43.88104842863005,Algeria,True,3.0,3_fta,1.0,1.0,0.0,0.6461787178693148,0.4150258918204342,171000168.448,4.787,35725.376,0.0,0.0,1.0,True,always_reciprocal,1
DZA,2008,2011,Services,0.581157588669141,0.5954602013106975,736.1447507433791,830.9990750148494,55.12531036844847,11.88545787542916,False,1145.283276266107,1189.164324694737,43.88104842863004,43.88104842863005,Algeria,True,3.0,3_fta,1.0,1.0,0.0,0.6461787178693148,0.4150258918204342,171000168.448,4.787,35725.376,0.0,0.0,1.0,True,always_reciprocal,1
DZA,2011,2014,Agriculture,0.1077000399747411,0.0914617035289983,1028.6549566913086,1408.882736953516,40.95054713374682,-22.877911895250083,False,1189.164324694737,1293.4409909872984,104.27666629256146,104.27666629256164,Algeria,True,3.0,3_fta,1.0,1.0,0.0,0.6900339799483309,0.378959243625367,199070859.264,5.272,37762.962,0.0,0.0,1.0,True,always_reciprocal,1
DZA,2011,2014,Manufacturing,0.2968397587145613,0.2988868660626997,1965.879741880062,1956.9339631699213,-2.655462793831975,4.006053895826637,False,1189.164324694737,1293.4409909872984,104.27666629256146,104.27666629256164,Algeria,True,3.0,3_fta,1.0,1.0,0.0,0.6900339799483309,0.378959243625367,199070859.264,5.272,37762.962,0.0,0.0,1.0,True,always_reciprocal,1
DZA,2011,2014,Services,0.5954602013106975,0.609651430408302,830.9990750148494,950.8389344074636,71.35986679897177,13.493573153098462,False,1189.164324694737,1293.4409909872984,104.27666629256146,104.27666629256164,Algeria,True,3.0,3_fta,1.0,1.0,0.0,0.6900339799483309,0.378959243625367,199070859.264,5.272,37762.962,0.0,0.0,1.0,True,always_reciprocal,1
DZA,2014,2017,Agriculture,0.0914617035289983,0.0938640072851265,1408.882736953516,1470.3892746905851,5.625492719602957,3.532321677559827,False,1293.4409909872984,1402.5977939777554,109.15680299045698,109.1568029904567,Algeria,True,3.0,3_fta,1.0,1.0,0.0,0.8080067357283721,0.3714304598175133,213983100.928,5.471,39113.312,0.0,0.0,1.0,True,always_reciprocal,1
DZA,2014,2017,Manufacturing,0.2988868660626997,0.2940602139581662,1956.9339631699213,2148.8675172075814,57.36641845859198,-10.371835924293606,False,1293.4409909872984,1402.5977939777554,109.15680299045698,109.1568029904567,Algeria,True,3.0,3_fta,1.0,1.0,0.0,0.8080067357283721,0.3714304598175133,213983100.928,5.471,39113.312,0.0,0.0,1.0,True,always_reciprocal,1
DZA,2014,2017,Services,0.609651430408302,0.6120757787567073,950.8389344074636,1033.6705755512276,50.49842850636285,2.505977552632685,False,1293.4409909872984,1402.5977939777554,109.15680299045698,109.1568029904567,Algeria,True,3.0,3_fta,1.0,1.0,0.0,0.8080067357283721,0.3714304598175133,213983100.928,5.471,39113.312,0.0,0.0,1.0,True,always_reciprocal,1
EGY,1960,1963,Agriculture,0.6225084907155941,0.5728253936163654,5.081820153370259,6.289445473766723,0.7517570155499387,-0.3124791301734565,False,9.719706716851212,11.762871880709946,2.043165163858733,2.0431651638587347,Egypt,True,1.0,1_nonreciprocal,0.0,0.0,1.0,0.0,0.0,3940000.0,0.141,27997.746,0.0,0.0,0.0,True,never_reciprocal,0
EGY,1960,1963,Manufacturing,0.1004326403215393,0.1469561932921577,38.26627172024988,34.63816734581827,-0.3643801016862933,1.6114906133183198,False,9.719706716851212,11.762871880709946,2.043165163858733,2.0431651638587347,Egypt,True,1.0,1_nonreciprocal,0.0,0.0,1.0,0.0,0.0,3940000.0,0.141,27997.746,0.0,0.0,0.0,True,never_reciprocal,0
EGY,1960,1963,Services,0.2770588689628665,0.2802184130914768,9.792315362862745,10.95511373412332,0.3221636015733182,0.0346131652769074,False,9.719706716851212,11.762871880709946,2.043165163858733,2.0431651638587347,Egypt,True,1.0,1_nonreciprocal,0.0,0.0,1.0,0.0,0.0,3940000.0,0.141,27997.746,0.0,0.0,0.0,True,never_reciprocal,0
EGY,1963,1966,Agriculture,0.5728253936163654,0.5933345368793439,6.289445473766723,5.8929687605072685,-0.2271119293325701,0.1208597405535003,False,11.762871880709946,11.941620906532464,0.178749025822519,0.1787490258225181,Egypt,True,1.0,1_nonreciprocal,0.0,0.0,1.0,0.0,0.0,4112069.888,0.135,30409.962,0.0,0.0,0.0,True,never_reciprocal,0
EGY,1963,1966,Manufacturing,0.1469561932921577,0.144576011411124,34.63816734581827,35.06813564673943,0.0631865047396707,-0.0834685410680021,False,11.762871880709946,11.941620906532464,0.178749025822519,0.1787490258225181,Egypt,True,1.0,1_nonreciprocal,0.0,0.0,1.0,0.0,0.0,4112069.888,0.135,30409.962,0.0,0.0,0.0,True,never_reciprocal,0
EGY,1963,1966,Services,0.2802184130914768,0.262089451709532,10.95511373412332,12.877694293790796,0.5387424734705437,-0.2334592225406243,False,11.762871880709946,11.941620906532464,0.178749025822519,0.1787490258225181,Egypt,True,1.0,1_nonreciprocal,0.0,0.0,1.0,0.0,0.0,4112069.888,0.135,30409.962,0.0,0.0,0.0,True,never_reciprocal,0
EGY,1966,1969,Agriculture,0.5933345368793439,0.5991789914708966,5.8929687605072685,6.323144583054279,0.2552381724476211,0.0369553313914831,False,11.941620906532464,13.052603832127256,1.1109829255947918,1.110982925594792,Egypt,True,1.0,1_nonreciprocal,0.0,0.0,1.0,0.0,0.0,5339520.512,0.162,32937.065,0.0,0.0,0.0,True,never_reciprocal,0
EGY,1966,1969,Manufacturing,0.144576011411124,0.1416088130119558,35.06813564673943,38.54069624438049,0.5020489605903741,-0.1143578921991537,False,11.941620906532464,13.052603832127256,1.1109829255947918,1.110982925594792,Egypt,True,1.0,1_nonreciprocal,0.0,0.0,1.0,0.0,0.0,5339520.512,0.162,32937.065,0.0,0.0,0.0,True,never_reciprocal,0
EGY,1966,1969,Services,0.262089451709532,0.2592121955171477,12.877694293790796,14.683746582653644,0.473347254146809,-0.0422489007823415,False,11.941620906532464,13.052603832127256,1.1109829255947918,1.110982925594792,Egypt,True,1.0,1_nonreciprocal,0.0,0.0,1.0,0.0,0.0,5339520.512,0.162,32937.065,0.0,0.0,0.0,True,never_reciprocal,0
EGY,1969,1972,Agriculture,0.5991789914708966,0.5825024387621317,6.323144583054279,6.476406720332222,0.0918314528448722,-0.1080041380350194,False,13.052603832127256,12.124632745278443,-0.9279710868488138,-0.9279710868488134,Egypt,True,1.0,1_nonreciprocal,0.0,0.0,1.0,0.0,0.0,6861743.616,0.193,35510.567,0.0,0.0,0.0,True,never_reciprocal,0
EGY,1969,1972,Manufacturing,0.1416088130119558,0.1465628291576986,38.54069624438049,30.216760493542264,-1.1787426612639846,0.1496943193570519,False,13.052603832127256,12.124632745278443,-0.9279710868488138,-0.9279710868488134,Egypt,True,1.0,1_nonreciprocal,0.0,0.0,1.0,0.0,0.0,6861743.616,0.193,35510.567,0.0,0.0,0.0,True,never_reciprocal,0
EGY,1969,1972,Services,0.2592121955171477,0.2709347320801696,14.683746582653644,14.48118556167388,-0.0525062869743598,0.1697562272226262,False,13.052603832127256,12.124632745278443,-0.9279710868488138,-0.9279710868488134,Egypt,True,1.0,1_nonreciprocal,0.0,0.0,1.0,0.0,0.0,6861743.616,0.193,35510.567,0.0,0.0,0.0,True,never_reciprocal,0
EGY,1972,1975,Agriculture,0.5825024387621317,0.5359094818490683,6.476406720332222,7.409113143329056,0.5433037660447599,-0.3452124894511426,False,12.124632745278443,15.506470568723977,3.381837823445533,3.381837823445532,Egypt,True,1.0,1_nonreciprocal,0.0,0.0,1.0,0.0,0.0,8763961.344,0.231,37945.431,0.0,1.0,0.0,True,never_reciprocal,0
EGY,1972,1975,Manufacturing,0.1465628291576986,0.1639509645636723,30.216760493542264,40.32389661358309,1.4813304644351484,0.7011573744134659,False,12.124632745278443,15.506470568723977,3.381837823445533,3.381837823445532,Egypt,True,1.0,1_nonreciprocal,0.0,0.0,1.0,0.0,0.0,8763961.344,0.231,37945.431,0.0,1.0,0.0,True,never_reciprocal,0
EGY,1972,1975,Services,0.2709347320801696,0.3001395535872594,14.48118556167388,16.40808343818261,0.5220635599177412,0.4791951480855596,False,12.124632745278443,15.506470568723977,3.381837823445533,3.381837823445532,Egypt,True,1.0,1_nonreciprocal,0.0,0.0,1.0,0.0,0.0,8763961.344,0.231,37945.431,0.0,1.0,0.0,True,never_reciprocal,0
EGY,1975,1978,Agriculture,0.5359094818490683,0.5134598102899234,7.409113143329056,7.388666636466595,-0.0109574768982849,-0.1658731392486869,False,15.506470568723977,21.72951267982403,6.223042111100053,6.223042111100053,Egypt,True,1.0,1_nonreciprocal,0.0,0.0,1.0,0.0,0.0,11437965.312,0.283,40359.039,0.0,1.0,1.0,True,switched_during_interval,1
EGY,1975,1978,Manufacturing,0.1639509645636723,0.1665520004314563,40.32389661358309,71.04835684091569,5.037304889969366,0.1847993244903432,False,15.506470568723977,21.72951267982403,6.223042111100053,6.223042111100053,Egypt,True,1.0,1_nonreciprocal,0.0,0.0,1.0,0.0,0.0,11437965.312,0.283,40359.039,0.0,1.0,1.0,True,switched_during_interval,1
EGY,1975,1978,Services,0.3001395535872594,0.3199881892786204,16.40808343818261,19.070964353101136,0.7992358890596788,0.378532623727636,False,15.506470568723977,21.72951267982403,6.223042111100053,6.223042111100053,Egypt,True,1.0,1_nonreciprocal,0.0,0.0,1.0,0.0,0.0,11437965.312,0.283,40359.039,0.0,1.0,1.0,True,switched_during_interval,1
EGY,1978,1981,Agriculture,0.5134598102899234,0.4917113778299079,7.388666636466595,8.239487219927907,0.4368621753748075,-0.1791959313077626,False,21.72951267982403,21.62439914115422,-0.1051135386698085,-0.1051135386698067,Egypt,True,2.0,2_reciprocal_pta,1.0,0.0,0.0,0.5318413366601478,0.3274766497103912,14849908.736,0.345,43005.772,0.0,1.0,1.0,True,always_reciprocal,1
EGY,1978,1981,Manufacturing,0.1665520004314563,0.1892479257335583,71.04835684091569,54.34044511411857,-2.782736121130248,1.2333066831930082,False,21.72951267982403,21.62439914115422,-0.1051135386698085,-0.1051135386698067,Egypt,True,2.0,2_reciprocal_pta,1.0,0.0,0.0,0.5318413366601478,0.3274766497103912,14849908.736,0.345,43005.772,0.0,1.0,1.0,True,always_reciprocal,1
EGY,1978,1981,Services,0.3199881892786204,0.3190406964365337,19.070964353101136,22.84703201742274,1.2082970544998195,-0.0216473992994318,False,21.72951267982403,21.62439914115422,-0.1051135386698085,-0.1051135386698067,Egypt,True,2.0,2_reciprocal_pta,1.0,0.0,0.0,0.5318413366601478,0.3274766497103912,14849908.736,0.345,43005.772,0.0,1.0,1.0,True,always_reciprocal,1
EGY,1981,1984,Agriculture,0.4917113778299079,0.4699226430737792,8.239487219927907,9.22572636289232,0.4849450078568182,-0.2010169046536851,False,21.62439914115422,28.078253296679165,6.453854155524944,6.453854155524941,Egypt,True,2.0,2_reciprocal_pta,1.0,0.0,0.0,0.5809258593688953,0.3168294592435913,23405404.16,0.509,45945.656,0.0,1.0,1.0,True,always_reciprocal,1
EGY,1981,1984,Manufacturing,0.1892479257335583,0.1924950129253921,54.34044511411857,71.41481566849028,3.231289210620992,0.2318901332643251,False,21.62439914115422,28.078253296679165,6.453854155524944,6.453854155524941,Egypt,True,2.0,2_reciprocal_pta,1.0,0.0,0.0,0.5809258593688953,0.3168294592435913,23405404.16,0.509,45945.656,0.0,1.0,1.0,True,always_reciprocal,1
EGY,1981,1984,Services,0.3190406964365337,0.3375823440008287,22.84703201742274,29.610197015393343,2.1577248710677304,0.5490218373687613,False,21.62439914115422,28.078253296679165,6.453854155524944,6.453854155524941,Egypt,True,2.0,2_reciprocal_pta,1.0,0.0,0.0,0.5809258593688953,0.3168294592435913,23405404.16,0.509,45945.656,0.0,1.0,1.0,True,always_reciprocal,1
EGY,1984,1987,Agriculture,0.4699226430737792,0.4474608723516426,9.22572636289232,10.106613912134083,0.4139490053904746,-0.2270124444715109,False,28.078253296679165,30.61079827637051,2.5325449796913446,2.5325449796913424,Egypt,True,2.0,2_reciprocal_pta,1.0,0.0,0.0,0.5225562601384305,0.2873590195996444,30642874.368,0.623,49190.418,0.0,1.0,1.0,True,always_reciprocal,1
EGY,1984,1987,Manufacturing,0.1924950129253921,0.1862762307075323,71.41481566849028,79.13172091167775,1.4854657745313982,-0.4921029388741832,False,28.078253296679165,30.61079827637051,2.5325449796913446,2.5325449796913424,Egypt,True,2.0,2_reciprocal_pta,1.0,0.0,0.0,0.5225562601384305,0.2873590195996444,30642874.368,0.623,49190.418,0.0,1.0,1.0,True,always_reciprocal,1
EGY,1984,1987,Services,0.3375823440008287,0.3662628969408249,29.610197015393343,30.98355141261127,0.4636201965566717,0.8886253865584921,False,28.078253296679165,30.61079827637051,2.5325449796913446,2.5325449796913424,Egypt,True,2.0,2_reciprocal_pta,1.0,0.0,0.0,0.5225562601384305,0.2873590195996444,30642874.368,0.623,49190.418,0.0,1.0,1.0,True,always_reciprocal,1
EGY,1987,1990,Agriculture,0.4474608723516426,0.4176732416542035,10.106613912134083,11.059832792514973,0.4265281517572874,-0.3294462147988627,False,30.61079827637051,31.74312891953001,1.1323306431595022,1.1323306431595046,Egypt,True,2.0,2_reciprocal_pta,1.0,0.0,0.0,0.5598788898034636,0.3331677824860777,40507932.672,0.768,52776.852,0.0,1.0,1.0,True,always_reciprocal,1
EGY,1987,1990,Manufacturing,0.1862762307075323,0.1925549781560949,79.13172091167775,77.35662422279312,-0.3306583203468503,0.4857027069682741,False,30.61079827637051,31.74312891953001,1.1323306431595022,1.1323306431595046,Egypt,True,2.0,2_reciprocal_pta,1.0,0.0,0.0,0.5598788898034636,0.3331677824860777,40507932.672,0.768,52776.852,0.0,1.0,1.0,True,always_reciprocal,1
EGY,1987,1990,Services,0.3662628969408249,0.3897717801897015,30.98355141261127,31.37305017701932,0.1426589458069627,0.7375453737726934,False,30.61079827637051,31.74312891953001,1.1323306431595022,1.1323306431595046,Egypt,True,2.0,2_reciprocal_pta,1.0,0.0,0.0,0.5598788898034636,0.3331677824860777,40507932.672,0.768,52776.852,0.0,1.0,1.0,True,always_reciprocal,1
EGY,1990,1993,Agriculture,0.4176732416542035,0.4213104230823574,11.059832792514973,11.52655094396825,0.1949356832563483,0.041924157024071,False,31.74312891953001,32.08699557444397,0.3438666549139562,0.3438666549139579,Egypt,True,2.0,2_reciprocal_pta,1.0,0.0,0.0,0.5753661817451937,0.3665691638757245,43130417.152,0.766,56336.613,0.0,1.0,1.0,True,always_reciprocal,1
EGY,1990,1993,Manufacturing,0.1925549781560949,0.1858196607366326,77.35662422279312,78.04272582165217,0.1321122783811669,-0.5256425306888954,False,31.74312891953001,32.08699557444397,0.3438666549139562,0.3438666549139579,Egypt,True,2.0,2_reciprocal_pta,1.0,0.0,0.0,0.5753661817451937,0.3665691638757245,43130417.152,0.766,56336.613,0.0,1.0,1.0,True,always_reciprocal,1
EGY,1990,1993,Services,0.3897717801897015,0.3928699161810099,31.37305017701932,32.399698119298726,0.4001583960903397,0.1003786708509273,False,31.74312891953001,32.08699557444397,0.3438666549139562,0.3438666549139579,Egypt,True,2.0,2_reciprocal_pta,1.0,0.0,0.0,0.5753661817451937,0.3665691638757245,43130417.152,0.766,56336.613,0.0,1.0,1.0,True,always_reciprocal,1
EGY,1993,1996,Agriculture,0.4213104230823574,0.3902930899133119,11.52655094396825,14.9022460262827,1.422215523326934,-0.4622279299642953,False,32.08699557444397,35.64085303835927,3.5538574639153,3.553857463915293,Egypt,True,2.0,2_reciprocal_pta,1.0,0.0,0.0,0.5279345124415058,0.3329751773486867,46578630.656,0.785,59307.777,0.0,1.0,1.0,True,always_reciprocal,1
EGY,1993,1996,Manufacturing,0.1858196607366326,0.1959370315823695,78.04272582165217,72.9383032657343,-0.9485020675970728,0.7379438629982616,False,32.08699557444397,35.64085303835927,3.5538574639153,3.553857463915293,Egypt,True,2.0,2_reciprocal_pta,1.0,0.0,0.0,0.5279345124415058,0.3329751773486867,46578630.656,0.785,59307.777,0.0,1.0,1.0,True,always_reciprocal,1
EGY,1993,1996,Services,0.3928699161810099,0.4137698785043185,32.399698119298726,37.54090272525301,2.0198246226106824,0.784603452540783,False,32.08699557444397,35.64085303835927,3.5538574639153,3.553857463915293,Egypt,True,2.0,2_reciprocal_pta,1.0,0.0,0.0,0.5279345124415058,0.3329751773486867,46578630.656,0.785,59307.777,0.0,1.0,1.0,True,always_reciprocal,1
EGY,1996,1999,Agriculture,0.3902930899133119,0.3704277610113393,14.9022460262827,15.585236231474893,0.2665663575649877,-0.3096058437531881,False,35.64085303835927,34.506317599771194,-1.134535438588074,-1.1345354385880633,Egypt,True,2.0,2_reciprocal_pta,1.0,0.0,0.0,0.5657120565887013,0.370491318415812,67629719.552,1.089,62123.592,1.0,1.0,1.0,True,always_reciprocal,1
EGY,1996,1999,Manufacturing,0.1959370315823695,0.2041290743706739,72.9383032657343,55.79595652925078,-3.3588205339023025,0.4570828633019902,False,35.64085303835927,34.506317599771194,-1.134535438588074,-1.1345354385880633,Egypt,True,2.0,2_reciprocal_pta,1.0,0.0,0.0,0.5657120565887013,0.370491318415812,67629719.552,1.089,62123.592,1.0,1.0,1.0,True,always_reciprocal,1
EGY,1996,1999,Services,0.4137698785043185,0.4254431646179866,37.54090272525301,40.7658129690341,1.3343707197566337,0.4758709984438159,False,35.64085303835927,34.506317599771194,-1.134535438588074,-1.1345354385880633,Egypt,True,2.0,2_reciprocal_pta,1.0,0.0,0.0,0.5657120565887013,0.370491318415812,67629719.552,1.089,62123.592,1.0,1.0,1.0,True,always_reciprocal,1
EGY,1999,2002,Agriculture,0.3704277610113393,0.367184882236001,15.585236231474893,15.56393980913957,-0.0078887860432244,-0.0504719700677023,False,34.506317599771194,37.0840704853052,2.577752885534004,2.577752885534001,Egypt,True,2.0,2_reciprocal_pta,1.0,0.0,0.0,0.5777882784887025,0.3470703342670983,90710704.128,1.393,65097.778,1.0,1.0,1.0,True,always_reciprocal,1
EGY,1999,2002,Manufacturing,0.2041290743706739,0.1922803354125954,55.79595652925078,68.70289685712667,2.6346817820868287,-0.8140426905238841,False,34.506317599771194,37.0840704853052,2.577752885534004,2.577752885534001,Egypt,True,2.0,2_reciprocal_pta,1.0,0.0,0.0,0.5777882784887025,0.3470703342670983,90710704.128,1.393,65097.778,1.0,1.0,1.0,True,always_reciprocal,1
EGY,1999,2002,Services,0.4254431646179866,0.4405347823514037,40.7658129690341,41.22037976417449,0.1933923358547823,0.6220822142272011,False,34.506317599771194,37.0840704853052,2.577752885534004,2.577752885534001,Egypt,True,2.0,2_reciprocal_pta,1.0,0.0,0.0,0.5777882784887025,0.3470703342670983,90710704.128,1.393,65097.778,1.0,1.0,1.0,True,always_reciprocal,1
EGY,2002,2005,Agriculture,0.367184882236001,0.3493004787134796,15.56393980913957,16.750123824166298,0.4355488378678157,-0.2995659735235895,False,37.0840704853052,37.9560972818753,0.8720267965701041,0.8720267965700981,Egypt,True,2.0,2_reciprocal_pta,1.0,0.0,0.0,0.552284637179804,0.3358122416147929,87850680.32,1.286,68302.917,1.0,1.0,1.0,True,always_reciprocal,1
EGY,2002,2005,Manufacturing,0.1922803354125954,0.1932460913622869,68.70289685712667,71.61039540299907,0.5590547956119786,0.0691581654202055,False,37.0840704853052,37.9560972818753,0.8720267965701041,0.8720267965700981,Egypt,True,2.0,2_reciprocal_pta,1.0,0.0,0.0,0.552284637179804,0.3358122416147929,87850680.32,1.286,68302.917,1.0,1.0,1.0,True,always_reciprocal,1
EGY,2002,2005,Services,0.4405347823514037,0.4574534299242334,41.22037976417449,39.931588231991135,-0.5677574971267256,0.6755884683204133,False,37.0840704853052,37.9560972818753,0.8720267965701041,0.8720267965700981,Egypt,True,2.0,2_reciprocal_pta,1.0,0.0,0.0,0.552284637179804,0.3358122416147929,87850680.32,1.286,68302.917,1.0,1.0,1.0,True,always_reciprocal,1
EGY,2005,2008,Agriculture,0.3493004787134796,0.3169210475888427,16.750123824166298,19.771193226832,1.0552609885777755,-0.6401799893400938,False,37.9560972818753,43.90235840859136,5.946261126716053,5.946261126716054,Egypt,True,3.0,3_fta,1.0,1.0,0.0,0.6097646923657224,0.3744287677108465,89685721.088,1.249,71777.679,1.0,1.0,1.0,True,always_reciprocal,1
EGY,2005,2008,Manufacturing,0.1932460913622869,0.215831057234895,71.61039540299907,73.34675896136123,0.335545470837399,1.6565340480087565,False,37.9560972818753,43.90235840859136,5.946261126716053,5.946261126716054,Egypt,True,3.0,3_fta,1.0,1.0,0.0,0.6097646923657224,0.3744287677108465,89685721.088,1.249,71777.679,1.0,1.0,1.0,True,always_reciprocal,1
EGY,2005,2008,Services,0.4574534299242334,0.4672478951762623,39.931588231991135,46.66889424820791,3.082003745567534,0.4570968630646824,False,37.9560972818753,43.90235840859136,5.946261126716053,5.946261126716054,Egypt,True,3.0,3_fta,1.0,1.0,0.0,0.6097646923657224,0.3744287677108465,89685721.088,1.249,71777.679,1.0,1.0,1.0,True,always_reciprocal,1
EGY,2008,2011,Agriculture,0.3169210475888427,0.2923912244643349,19.771193226832,22.45445788911335,0.8503830477283274,-0.550803880376658,False,43.90235840859136,46.52375496087264,2.6213965522812828,2.621396552281285,Egypt,True,3.0,3_fta,1.0,1.0,0.0,0.6150727660897168,0.4264023031950381,162818179.072,2.157,75491.92,1.0,1.0,1.0,True,always_reciprocal,1
EGY,2008,2011,Manufacturing,0.215831057234895,0.2171554309762642,73.34675896136123,75.70788157807642,0.5096035906268618,0.1002655303766959,False,43.90235840859136,46.52375496087264,2.6213965522812828,2.621396552281285,Egypt,True,3.0,3_fta,1.0,1.0,0.0,0.6150727660897168,0.4264023031950381,162818179.072,2.157,75491.92,1.0,1.0,1.0,True,always_reciprocal,1
EGY,2008,2011,Services,0.4672478951762623,0.4904533445594007,46.66889424820791,47.95133142120194,0.5992160697772598,1.1127321941487982,False,43.90235840859136,46.52375496087264,2.6213965522812828,2.621396552281285,Egypt,True,3.0,3_fta,1.0,1.0,0.0,0.6150727660897168,0.4264023031950381,162818179.072,2.157,75491.92,1.0,1.0,1.0,True,always_reciprocal,1
EGY,2011,2014,Agriculture,0.2923912244643349,0.2755275393777525,22.45445788911335,24.509555016517297,0.6008923654747774,-0.4133214174108156,False,46.52375496087264,47.05561120207712,0.5318562412044869,0.5318562412044834,Egypt,True,3.0,3_fta,1.0,1.0,0.0,0.631122610538586,0.3941917934791636,236000739.328,2.973,79392.464,1.0,1.0,1.0,True,always_reciprocal,1
EGY,2011,2014,Manufacturing,0.2171554309762642,0.2262125791145209,75.70788157807642,70.38543651734493,-1.155797851010637,0.6374913253134556,False,46.52375496087264,47.05561120207712,0.5318562412044869,0.5318562412044834,Egypt,True,3.0,3_fta,1.0,1.0,0.0,0.631122610538586,0.3941917934791636,236000739.328,2.973,79392.464,1.0,1.0,1.0,True,always_reciprocal,1
EGY,2011,2014,Services,0.4904533445594007,0.4982598815077266,47.95133142120194,48.93125775382019,0.4806081472544477,0.3819836715832551,False,46.52375496087264,47.05561120207712,0.5318562412044869,0.5318562412044834,Egypt,True,3.0,3_fta,1.0,1.0,0.0,0.631122610538586,0.3941917934791636,236000739.328,2.973,79392.464,1.0,1.0,1.0,True,always_reciprocal,1
EGY,2014,2017,Agriculture,0.2755275393777525,0.2504001618706175,24.509555016517297,28.776655241348823,1.175703625226085,-0.7230818796420472,False,47.05561120207712,50.27432318839823,3.218711986321104,3.218711986321113,Egypt,True,3.0,3_fta,1.0,1.0,0.0,0.636738327397382,0.3866231446121009,305529651.2,3.328,91812.569,1.0,1.0,1.0,True,always_reciprocal,1
EGY,2014,2017,Manufacturing,0.2262125791145209,0.2509096167061576,70.38543651734493,64.1863556078189,-1.4023100806834738,1.5852128373164602,False,47.05561120207712,50.27432318839823,3.218711986321104,3.218711986321113,Egypt,True,3.0,3_fta,1.0,1.0,0.0,0.636738327397382,0.3866231446121009,305529651.2,3.328,91812.569,1.0,1.0,1.0,True,always_reciprocal,1
EGY,2014,2017,Services,0.4982598815077266,0.4986902214232249,48.93125775382019,54.06897712490582,2.559919445057078,0.0232680390470109,False,47.05561120207712,50.27432318839823,3.218711986321104,3.218711986321113,Egypt,True,3.0,3_fta,1.0,1.0,0.0,0.636738327397382,0.3866231446121009,305529651.2,3.328,91812.569,1.0,1.0,1.0,True,always_reciprocal,1
ETH,1963,1966,Agriculture,0.9473627805590408,0.930923627955615,6.686325055785059,6.645675208117206,-0.038510152715919,-0.109249268899042,False,7.564289065715719,7.711923375987706,0.1476343102719877,0.1476343102719877,Ethiopia,True,0.0,0_none,0.0,0.0,0.0,0.0,0.0,,,25307.396,0.0,0.0,0.0,True,never_reciprocal,0
ETH,1963,1966,Manufacturing,0.0067536316005892,0.0083938067537165,50.48296637216691,51.297035310650834,0.0054979217080031,0.0841361227456215,False,7.564289065715719,7.711923375987706,0.1476343102719877,0.1476343102719877,Ethiopia,True,0.0,0_none,0.0,0.0,0.0,0.0,0.0,,,25307.396,0.0,0.0,0.0,True,never_reciprocal,0
ETH,1963,1966,Services,0.04588358784037,0.0606825652906685,19.37447034996034,18.04027061731214,-0.0612178706295619,0.266977558062886,False,7.564289065715719,7.711923375987706,0.1476343102719877,0.1476343102719877,Ethiopia,True,0.0,0_none,0.0,0.0,0.0,0.0,0.0,,,25307.396,0.0,0.0,0.0,True,never_reciprocal,0
ETH,1966,1969,Agriculture,0.930923627955615,0.9208873169015722,6.645675208117206,6.663247723802965,0.016358670054494,-0.0668744267862291,False,7.711923375987706,8.15061209935125,0.4386887233635432,0.438688723363543,Ethiopia,True,0.0,0_none,0.0,0.0,0.0,0.0,0.0,,,27265.392,0.0,0.0,0.0,True,never_reciprocal,0
ETH,1966,1969,Manufacturing,0.0083938067537165,0.0095247764604544,51.297035310650834,60.16669476498329,0.0744502074309414,0.0680467091337418,False,7.711923375987706,8.15061209935125,0.4386887233635432,0.438688723363543,Ethiopia,True,0.0,0_none,0.0,0.0,0.0,0.0,0.0,,,27265.392,0.0,0.0,0.0,True,never_reciprocal,0
ETH,1966,1969,Services,0.0606825652906685,0.0695879066379734,18.04027061731214,20.713907527437968,0.162243146362252,0.1844644171683427,False,7.711923375987706,8.15061209935125,0.4386887233635432,0.438688723363543,Ethiopia,True,0.0,0_none,0.0,0.0,0.0,0.0,0.0,,,27265.392,0.0,0.0,0.0,True,never_reciprocal,0
ETH,1969,1972,Agriculture,0.9208873169015722,0.9037209405955596,6.663247723802965,6.710998501169945,0.0439730852494419,-0.1152035256601689,False,8.15061209935125,8.2483430285588,0.0977309292075503,0.0977309292075505,Ethiopia,True,0.0,0_none,0.0,0.0,0.0,0.0,0.0,,,29405.101,0.0,0.0,0.0,True,never_reciprocal,0
ETH,1969,1972,Manufacturing,0.0095247764604544,0.0100451037436126,60.16669476498329,58.44946994713803,-0.0163561825223207,0.0304128538996307,False,8.15061209935125,8.2483430285588,0.0977309292075503,0.0977309292075505,Ethiopia,True,0.0,0_none,0.0,0.0,0.0,0.0,0.0,,,29405.101,0.0,0.0,0.0,True,never_reciprocal,0
ETH,1969,1972,Services,0.0695879066379734,0.0862339556608276,20.713907527437968,18.511758496231025,-0.1532429411865324,0.3081476394274999,False,8.15061209935125,8.2483430285588,0.0977309292075503,0.0977309292075505,Ethiopia,True,0.0,0_none,0.0,0.0,0.0,0.0,0.0,,,29405.101,0.0,0.0,0.0,True,never_reciprocal,0
ETH,1972,1975,Agriculture,0.9037209405955596,0.887470151124612,6.710998501169945,6.114592864293553,-0.5389842631344264,-0.0993669613381937,False,8.2483430285588,7.601811261443071,-0.6465317671157287,-0.6465317671157286,Ethiopia,True,1.0,1_nonreciprocal,0.0,0.0,1.0,0.0,0.0,,,32027.529,0.0,0.0,0.0,True,never_reciprocal,0
ETH,1972,1975,Manufacturing,0.0100451037436126,0.008878707129634,58.44946994713803,59.23140818375294,0.0078546507078943,-0.0690873139467138,False,8.2483430285588,7.601811261443071,-0.6465317671157287,-0.6465317671157286,Ethiopia,True,1.0,1_nonreciprocal,0.0,0.0,1.0,0.0,0.0,,,32027.529,0.0,0.0,0.0,True,never_reciprocal,0
ETH,1972,1975,Services,0.0862339556608276,0.1036511417457539,18.511758496231025,15.912938865733382,-0.2241064967868222,0.2771586173825333,False,8.2483430285588,7.601811261443071,-0.6465317671157287,-0.6465317671157286,Ethiopia,True,1.0,1_nonreciprocal,0.0,0.0,1.0,0.0,0.0,,,32027.529,0.0,0.0,0.0,True,never_reciprocal,0
ETH,1975,1978,Agriculture,0.887470151124612,0.8744311704782357,6.114592864293553,5.734788851340338,-0.3370647247733242,-0.0747758008436813,False,7.601811261443071,6.892821812655574,-0.7089894487874977,-0.7089894487874977,Ethiopia,True,1.0,1_nonreciprocal,0.0,0.0,1.0,0.0,0.0,,,34626.601,0.0,0.0,0.0,True,never_reciprocal,0
ETH,1975,1978,Manufacturing,0.008878707129634,0.0074682049992095,59.23140818375294,57.5503260204983,-0.0149258361883895,-0.0811748574585351,False,7.601811261443071,6.892821812655574,-0.7089894487874977,-0.7089894487874977,Ethiopia,True,1.0,1_nonreciprocal,0.0,0.0,1.0,0.0,0.0,,,34626.601,0.0,0.0,0.0,True,never_reciprocal,0
ETH,1975,1978,Services,0.1036511417457539,0.1181006245225546,15.912938865733382,12.263661249001082,-0.3782517915215267,0.1772035619979593,False,7.601811261443071,6.892821812655574,-0.7089894487874977,-0.7089894487874977,Ethiopia,True,1.0,1_nonreciprocal,0.0,0.0,1.0,0.0,0.0,,,34626.601,0.0,0.0,0.0,True,never_reciprocal,0
ETH,1978,1981,Agriculture,0.8744311704782357,0.8508130570136078,5.734788851340338,5.797225178185215,0.0545962703633277,-0.1369195220383763,False,6.892821812655574,7.006091534400816,0.113269721745242,0.1132697217452413,Ethiopia,True,1.0,1_nonreciprocal,0.0,0.0,1.0,0.0,0.0,,,36316.035,0.0,0.0,0.0,True,never_reciprocal,0
ETH,1978,1981,Manufacturing,0.0074682049992095,0.0083688811134142,57.5503260204983,58.92201827343223,0.0102440789407382,0.0530696544596096,False,6.892821812655574,7.006091534400816,0.113269721745242,0.1132697217452413,Ethiopia,True,1.0,1_nonreciprocal,0.0,0.0,1.0,0.0,0.0,,,36316.035,0.0,0.0,0.0,True,never_reciprocal,0
ETH,1978,1981,Services,0.1181006245225546,0.140818061872978,12.263661249001082,11.224592012108449,-0.1227147257991944,0.2549939658191364,False,6.892821812655574,7.006091534400816,0.113269721745242,0.1132697217452413,Ethiopia,True,1.0,1_nonreciprocal,0.0,0.0,1.0,0.0,0.0,,,36316.035,0.0,0.0,0.0,True,never_reciprocal,0
ETH,1981,1984,Agriculture,0.8508130570136078,0.8444938684963876,5.797225178185215,4.6810144856708,-0.949686631569466,-0.029580212986792,False,7.006091534400816,6.017166217805376,-0.9889253165954396,-0.9889253165954388,Ethiopia,True,1.0,1_nonreciprocal,0.0,0.0,1.0,0.0,0.0,,,38588.17,0.0,0.0,0.0,True,never_reciprocal,0
ETH,1981,1984,Manufacturing,0.0083688811134142,0.0083463203197466,58.92201827343223,61.03218932927496,0.0176597706953155,-0.0013769346305387,False,7.006091534400816,6.017166217805376,-0.9889253165954396,-0.9889253165954388,Ethiopia,True,1.0,1_nonreciprocal,0.0,0.0,1.0,0.0,0.0,,,38588.17,0.0,0.0,0.0,True,never_reciprocal,0
ETH,1981,1984,Services,0.140818061872978,0.1471598111838656,11.224592012108449,10.564596215835028,-0.0929393288755357,0.0669980207715778,False,7.006091534400816,6.017166217805376,-0.9889253165954396,-0.9889253165954388,Ethiopia,True,1.0,1_nonreciprocal,0.0,0.0,1.0,0.0,0.0,,,38588.17,0.0,0.0,0.0,True,never_reciprocal,0
ETH,1984,1987,Agriculture,0.8444938684963876,0.8552982901368156,4.6810144856708,4.670859764248363,-0.0085755999775365,0.0504659383162491,False,6.017166217805376,6.114475578513234,0.0973093607078583,0.0973093607078579,Ethiopia,True,1.0,1_nonreciprocal,0.0,0.0,1.0,0.0,0.0,,,42235.614,0.0,0.0,0.0,True,never_reciprocal,0
ETH,1984,1987,Manufacturing,0.0083463203197466,0.0093059132076005,61.03218932927496,54.03745404628526,-0.0583803012236654,0.0518539565805479,False,6.017166217805376,6.114475578513234,0.0973093607078583,0.0973093607078579,Ethiopia,True,1.0,1_nonreciprocal,0.0,0.0,1.0,0.0,0.0,,,42235.614,0.0,0.0,0.0,True,never_reciprocal,0
ETH,1984,1987,Services,0.1471598111838656,0.1353957966555838,10.564596215835028,11.940026140402752,0.2024080079960248,-0.140462640983762,False,6.017166217805376,6.114475578513234,0.0973093607078583,0.0973093607078579,Ethiopia,True,1.0,1_nonreciprocal,0.0,0.0,1.0,0.0,0.0,,,42235.614,0.0,0.0,0.0,True,never_reciprocal,0
ETH,1987,1990,Agriculture,0.8552982901368156,0.8640956181019879,4.670859764248363,4.304533174954453,-0.3133185054547331,0.0378683900770387,False,6.114475578513234,5.737119633565675,-0.377355944947559,-0.3773559449475592,Ethiopia,True,1.0,1_nonreciprocal,0.0,0.0,1.0,0.0,0.0,,,46506.121,0.0,0.0,0.0,True,never_reciprocal,0
ETH,1987,1990,Manufacturing,0.0093059132076005,0.0096804996468635,54.03745404628526,45.10147744198295,-0.0831574227047862,0.016894401840492,False,6.114475578513234,5.737119633565675,-0.377355944947559,-0.3773559449475592,Ethiopia,True,1.0,1_nonreciprocal,0.0,0.0,1.0,0.0,0.0,,,46506.121,0.0,0.0,0.0,True,never_reciprocal,0
ETH,1987,1990,Services,0.1353957966555838,0.1262238822511486,11.940026140402752,12.525256825147045,0.0792377747882463,-0.1148805834938169,False,6.114475578513234,5.737119633565675,-0.377355944947559,-0.3773559449475592,Ethiopia,True,1.0,1_nonreciprocal,0.0,0.0,1.0,0.0,0.0,,,46506.121,0.0,0.0,0.0,True,never_reciprocal,0
ETH,1990,1993,Agriculture,0.8640956181019879,0.8485551828728933,4.304533174954453,4.3304832709018966,0.0224233641975122,-0.0672975947821283,False,5.737119633565675,5.7650805353176215,0.0279609017519462,0.0279609017519457,Ethiopia,True,1.0,1_nonreciprocal,0.0,0.0,1.0,0.0,0.0,,,51315.318,0.0,0.0,0.0,True,never_reciprocal,0
ETH,1990,1993,Manufacturing,0.0096804996468635,0.0115647865260131,45.10147744198295,37.13867040542954,-0.0770839507053975,0.0699799093540149,False,5.737119633565675,5.7650805353176215,0.0279609017519462,0.0279609017519457,Ethiopia,True,1.0,1_nonreciprocal,0.0,0.0,1.0,0.0,0.0,,,51315.318,0.0,0.0,0.0,True,never_reciprocal,0
ETH,1990,1993,Services,0.1262238822511486,0.1398800306010937,12.525256825147045,11.873930175832507,-0.0822129782901133,0.1621521519780578,False,5.737119633565675,5.7650805353176215,0.0279609017519462,0.0279609017519457,Ethiopia,True,1.0,1_nonreciprocal,0.0,0.0,1.0,0.0,0.0,,,51315.318,0.0,0.0,0.0,True,never_reciprocal,0
ETH,1993,1996,Agriculture,0.8485551828728933,0.824872500666689,4.3304832709018966,4.160418729985803,-0.1443091476172501,-0.0985298746269938,False,5.7650805353176215,5.843896936753582,0.0788164014359606,0.0788164014359614,Ethiopia,True,1.0,1_nonreciprocal,0.0,0.0,1.0,0.0,0.0,9298657.728,0.305,56702.494,0.0,0.0,0.0,True,never_reciprocal,0
ETH,1993,1996,Manufacturing,0.0115647865260131,0.0139436348460069,37.13867040542954,34.25895831494925,-0.0333032555827837,0.0814968654322548,False,5.7650805353176215,5.843896936753582,0.0788164014359606,0.0788164014359614,Ethiopia,True,1.0,1_nonreciprocal,0.0,0.0,1.0,0.0,0.0,9298657.728,0.305,56702.494,0.0,0.0,0.0,True,never_reciprocal,0
ETH,1993,1996,Services,0.1398800306010937,0.1611838644873039,11.873930175832507,12.001123911095965,0.0177918635809198,0.2556699502498145,False,5.7650805353176215,5.843896936753582,0.0788164014359606,0.0788164014359614,Ethiopia,True,1.0,1_nonreciprocal,0.0,0.0,1.0,0.0,0.0,9298657.728,0.305,56702.494,0.0,0.0,0.0,True,never_reciprocal,0
ETH,1996,1999,Agriculture,0.824872500666689,0.8219847313654172,4.160418729985803,3.71093164320318,-0.3707695372917675,-0.0107163144783605,False,5.843896936753582,5.680142084447686,-0.163754852305896,-0.1637548523058967,Ethiopia,True,1.0,1_nonreciprocal,0.0,0.0,1.0,0.0,0.0,8547962.368,0.145,58815.117,0.0,0.0,0.0,True,never_reciprocal,0
ETH,1996,1999,Manufacturing,0.0139436348460069,0.0165143826434962,34.25895831494925,32.18673794416511,-0.0288942841706712,0.0827439856783251,False,5.843896936753582,5.680142084447686,-0.163754852305896,-0.1637548523058967,Ethiopia,True,1.0,1_nonreciprocal,0.0,0.0,1.0,0.0,0.0,8547962.368,0.145,58815.117,0.0,0.0,0.0,True,never_reciprocal,0
ETH,1996,1999,Services,0.1611838644873039,0.1615008859910866,12.001123911095965,12.992305368862295,0.1597624577709369,0.0041188401856405,False,5.843896936753582,5.680142084447686,-0.163754852305896,-0.1637548523058967,Ethiopia,True,1.0,1_nonreciprocal,0.0,0.0,1.0,0.0,0.0,8547962.368,0.145,58815.117,0.0,0.0,0.0,True,never_reciprocal,0
ETH,1999,2002,Agriculture,0.8219847313654172,0.8269930661029763,3.71093164320318,3.831430048981071,0.0990478497033006,0.0191890842088397,False,5.680142084447686,6.111276879489864,0.431134795042178,0.4311347950421783,Ethiopia,True,1.0,1_nonreciprocal,0.0,0.0,1.0,0.0,0.0,7700876.288,0.12,64158.89,0.0,0.0,0.0,True,never_reciprocal,0
ETH,1999,2002,Manufacturing,0.0165143826434962,0.0199398791603521,32.18673794416511,29.996392149179066,-0.0361722085799724,0.1027525368252568,False,5.680142084447686,6.111276879489864,0.431134795042178,0.4311347950421783,Ethiopia,True,1.0,1_nonreciprocal,0.0,0.0,1.0,0.0,0.0,7700876.288,0.12,64158.89,0.0,0.0,0.0,True,never_reciprocal,0
ETH,1999,2002,Services,0.1615008859910866,0.1530670547366716,12.992305368862295,15.317380771821002,0.3755017375739136,-0.12918420468916,False,5.680142084447686,6.111276879489864,0.431134795042178,0.4311347950421783,Ethiopia,True,1.0,1_nonreciprocal,0.0,0.0,1.0,0.0,0.0,7700876.288,0.12,64158.89,0.0,0.0,0.0,True,never_reciprocal,0
ETH,2002,2005,Agriculture,0.8269930661029763,0.821280351553044,3.831430048981071,4.266999385656739,0.3602128212378501,-0.0243761494749933,False,6.111276879489864,6.975672730055326,0.8643958505654616,0.864395850565463,Ethiopia,True,1.0,1_nonreciprocal,0.0,0.0,1.0,0.0,0.0,7850789.376,0.112,69948.341,0.0,0.0,0.0,True,never_reciprocal,0
ETH,2002,2005,Manufacturing,0.0199398791603521,0.0254382063468595,29.996392149179066,28.563338278955044,-0.0285749210025419,0.1570505793965866,False,6.111276879489864,6.975672730055326,0.8643958505654616,0.864395850565463,Ethiopia,True,1.0,1_nonreciprocal,0.0,0.0,1.0,0.0,0.0,7850789.376,0.112,69948.341,0.0,0.0,0.0,True,never_reciprocal,0
ETH,2002,2005,Services,0.1530670547366716,0.1532814421000964,15.317380771821002,17.90608076115955,0.3962446829649048,0.0038388374436565,False,6.111276879489864,6.975672730055326,0.8643958505654616,0.864395850565463,Ethiopia,True,1.0,1_nonreciprocal,0.0,0.0,1.0,0.0,0.0,7850789.376,0.112,69948.341,0.0,0.0,0.0,True,never_reciprocal,0
ETH,2005,2008,Agriculture,0.821280351553044,0.7903439142069694,4.266999385656739,5.241998186266708,0.8007473577287522,-0.1621687484576769,False,6.975672730055326,8.793267613247075,1.8175948831917488,1.8175948831917488,Ethiopia,True,1.0,1_nonreciprocal,0.0,0.0,1.0,0.0,0.0,12401031.168,0.163,76167.236,0.0,0.0,0.0,True,never_reciprocal,0
ETH,2005,2008,Manufacturing,0.0254382063468595,0.0335260100542032,28.563338278955044,26.06654610399416,-0.0635139145518791,0.2108211082175307,False,6.975672730055326,8.793267613247075,1.8175948831917488,1.8175948831917488,Ethiopia,True,1.0,1_nonreciprocal,0.0,0.0,1.0,0.0,0.0,12401031.168,0.163,76167.236,0.0,0.0,0.0,True,never_reciprocal,0
ETH,2005,2008,Services,0.1532814421000964,0.1761300757388272,17.90608076115955,21.44085242594295,0.5418148982725579,0.4898941819824641,False,6.975672730055326,8.793267613247075,1.8175948831917488,1.8175948831917488,Ethiopia,True,1.0,1_nonreciprocal,0.0,0.0,1.0,0.0,0.0,12401031.168,0.163,76167.236,0.0,0.0,0.0,True,never_reciprocal,0
ETH,2008,2011,Agriculture,0.7903439142069694,0.7595381644326162,5.241998186266708,6.085183042332633,0.666406019543183,-0.187458626133236,False,8.793267613247075,10.606904394214569,1.8136367809674925,1.813636780967492,Ethiopia,True,1.0,1_nonreciprocal,0.0,0.0,1.0,0.0,0.0,27066912.768,0.328,82621.193,0.0,0.0,0.0,True,never_reciprocal,0
ETH,2008,2011,Manufacturing,0.0335260100542032,0.0487525729679528,26.06654610399416,23.10660884203852,-0.0992348864041357,0.3518342332567011,False,8.793267613247075,10.606904394214569,1.8136367809674925,1.813636780967492,Ethiopia,True,1.0,1_nonreciprocal,0.0,0.0,1.0,0.0,0.0,27066912.768,0.328,82621.193,0.0,0.0,0.0,True,never_reciprocal,0
ETH,2008,2011,Services,0.1761300757388272,0.1917092625994308,21.44085242594295,25.342901727930137,0.6872682390956413,0.3948218016093384,False,8.793267613247075,10.606904394214569,1.8136367809674925,1.813636780967492,Ethiopia,True,1.0,1_nonreciprocal,0.0,0.0,1.0,0.0,0.0,27066912.768,0.328,82621.193,0.0,0.0,0.0,True,never_reciprocal,0
ETH,2011,2014,Agriculture,0.7595381644326162,0.7060917521743542,6.085183042332633,6.8840732284287816,0.6067875855306998,-0.3679290157826698,False,10.606904394214569,12.55034832562784,1.9434439314132737,1.9434439314132732,Ethiopia,True,1.0,1_nonreciprocal,0.0,0.0,1.0,0.0,0.0,31952762.88,0.357,89393.066,0.0,0.0,0.0,True,never_reciprocal,0
ETH,2011,2014,Manufacturing,0.0487525729679528,0.0793407871417915,23.10660884203852,23.02825868645504,-0.003819771677134,0.7043933087518486,False,10.606904394214569,12.55034832562784,1.9434439314132737,1.9434439314132732,Ethiopia,True,1.0,1_nonreciprocal,0.0,0.0,1.0,0.0,0.0,31952762.88,0.357,89393.066,0.0,0.0,0.0,True,never_reciprocal,0
ETH,2011,2014,Services,0.1917092625994308,0.2145674606838543,25.342901727930137,27.322320021392677,0.3794728214155268,0.6245390031750021,False,10.606904394214569,12.55034832562784,1.9434439314132737,1.9434439314132732,Ethiopia,True,1.0,1_nonreciprocal,0.0,0.0,1.0,0.0,0.0,31952762.88,0.357,89393.066,0.0,0.0,0.0,True,never_reciprocal,0
ETH,2014,2017,Agriculture,0.7060917521743542,0.6707496383363769,6.8840732284287816,7.621517526996861,0.5207033369069228,-0.2693605400572619,False,12.55034832562784,15.020982915219422,2.4706345895915813,2.47063458959158,Ethiopia,True,1.0,1_nonreciprocal,0.0,0.0,1.0,0.0,0.0,55612227.584,0.571,97366.776,0.0,0.0,0.0,True,never_reciprocal,0
ETH,2014,2017,Manufacturing,0.0793407871417915,0.1085910804067916,23.02825868645504,27.88446715114624,0.3852954021132308,0.8156288417092898,False,12.55034832562784,15.020982915219422,2.4706345895915813,2.47063458959158,Ethiopia,True,1.0,1_nonreciprocal,0.0,0.0,1.0,0.0,0.0,55612227.584,0.571,97366.776,0.0,0.0,0.0,True,never_reciprocal,0
ETH,2014,2017,Services,0.2145674606838543,0.2206592812568314,27.322320021392677,31.18313599459452,0.8284054795375836,0.1899620693818147,False,12.55034832562784,15.020982915219422,2.4706345895915813,2.47063458959158,Ethiopia,True,1.0,1_nonreciprocal,0.0,0.0,1.0,0.0,0.0,55612227.584,0.571,97366.776,0.0,0.0,0.0,True,never_reciprocal,0
GHA,1960,1963,Agriculture,0.6805647784747937,0.6662820572208261,1.7540071741390628,1.889754502985876,0.0923848507851762,-0.0269908368045772,False,3.2122795907240174,3.3882544393987875,0.1759748486747701,0.17597484867477,Ghana,True,1.0,1_nonreciprocal,0.0,0.0,1.0,0.0,0.0,1217230.08,0.183,6652.516,0.0,1.0,0.0,True,never_reciprocal,0
GHA,1960,1963,Manufacturing,0.137547849813891,0.1344996964652473,6.622641297711188,7.143752966926967,0.071677789613558,-0.0217752545280219,False,3.2122795907240174,3.3882544393987875,0.1759748486747701,0.17597484867477,Ghana,True,1.0,1_nonreciprocal,0.0,0.0,1.0,0.0,0.0,1217230.08,0.183,6652.516,0.0,1.0,0.0,True,never_reciprocal,0
GHA,1960,1963,Services,0.1818873717113152,0.1992182463139266,6.089669699455611,5.86448449100206,-0.040958345713881,0.101636645322516,False,3.2122795907240174,3.3882544393987875,0.1759748486747701,0.17597484867477,Ghana,True,1.0,1_nonreciprocal,0.0,0.0,1.0,0.0,0.0,1217230.08,0.183,6652.516,0.0,1.0,0.0,True,never_reciprocal,0
GHA,1963,1966,Agriculture,0.6662820572208261,0.6879935404123422,1.889754502985876,1.82499097680208,-0.0431507754586144,0.0396232609175068,False,3.3882544393987875,3.219487665465921,-0.168766773932866,-0.1687667739328662,Ghana,True,1.0,1_nonreciprocal,0.0,0.0,1.0,0.0,0.0,1540797.568,0.211,7303.664,0.0,1.0,0.0,True,never_reciprocal,0
GHA,1963,1966,Manufacturing,0.1344996964652473,0.1115723060749996,7.143752966926967,7.684844741356152,0.0727766794205673,-0.1761934354735145,False,3.3882544393987875,3.219487665465921,-0.168766773932866,-0.1687667739328662,Ghana,True,1.0,1_nonreciprocal,0.0,0.0,1.0,0.0,0.0,1540797.568,0.211,7303.664,0.0,1.0,0.0,True,never_reciprocal,0
GHA,1963,1966,Services,0.1992182463139266,0.2004341535126582,5.86448449100206,5.520465415211587,-0.068534876977516,0.0067123736387044,False,3.3882544393987875,3.219487665465921,-0.168766773932866,-0.1687667739328662,Ghana,True,1.0,1_nonreciprocal,0.0,0.0,1.0,0.0,0.0,1540797.568,0.211,7303.664,0.0,1.0,0.0,True,never_reciprocal,0
GHA,1966,1969,Agriculture,0.6879935404123422,0.6527723317566473,1.82499097680208,1.8274799757702076,0.0017124152121647,-0.0643660535407067,False,3.219487665465921,3.1387717170149347,-0.0807159484509867,-0.0807159484509865,Ghana,True,1.0,1_nonreciprocal,0.0,0.0,1.0,0.0,0.0,2126300.672,0.269,7891.194,0.0,1.0,0.0,True,never_reciprocal,0
GHA,1966,1969,Manufacturing,0.1115723060749996,0.1339987953930518,7.684844741356152,6.52696338945708,-0.1291874925926175,0.1463768747329772,False,3.219487665465921,3.1387717170149347,-0.0807159484509867,-0.0807159484509865,Ghana,True,1.0,1_nonreciprocal,0.0,0.0,1.0,0.0,0.0,2126300.672,0.269,7891.194,0.0,1.0,0.0,True,never_reciprocal,0
GHA,1966,1969,Services,0.2004341535126582,0.2132288728503009,5.520465415211587,5.023888678448847,-0.0995309378871178,0.0642792456243135,False,3.219487665465921,3.1387717170149347,-0.0807159484509867,-0.0807159484509865,Ghana,True,1.0,1_nonreciprocal,0.0,0.0,1.0,0.0,0.0,2126300.672,0.269,7891.194,0.0,1.0,0.0,True,never_reciprocal,0
GHA,1969,1972,Agriculture,0.6527723317566473,0.6473727796082359,1.8274799757702076,1.9518318947991773,0.0811734921429545,-0.0105390181009007,False,3.1387717170149347,3.132672256925088,-0.0060994600898469,-0.0060994600898472,Ghana,True,1.0,1_nonreciprocal,0.0,0.0,1.0,0.0,0.0,1962050.56,0.234,8397.508,0.0,1.0,0.0,True,never_reciprocal,0
GHA,1969,1972,Manufacturing,0.1339987953930518,0.1270407473468982,6.52696338945708,6.347056916238305,-0.0241072506947282,-0.0441631269748576,False,3.1387717170149347,3.132672256925088,-0.0060994600898469,-0.0060994600898472,Ghana,True,1.0,1_nonreciprocal,0.0,0.0,1.0,0.0,0.0,1962050.56,0.234,8397.508,0.0,1.0,0.0,True,never_reciprocal,0
GHA,1969,1972,Services,0.2132288728503009,0.2255864730448658,5.023888678448847,4.711162639425416,-0.0666822208119054,0.0582186643495903,False,3.1387717170149347,3.132672256925088,-0.0060994600898469,-0.0060994600898472,Ghana,True,1.0,1_nonreciprocal,0.0,0.0,1.0,0.0,0.0,1962050.56,0.234,8397.508,0.0,1.0,0.0,True,never_reciprocal,0
GHA,1972,1975,Agriculture,0.6473727796082359,0.612536492129876,1.9518318947991773,1.5082265312730727,-0.2871780372350163,-0.0525410130259182,False,3.132672256925088,2.66570618563886,-0.4669660712862278,-0.4669660712862274,Ghana,True,1.0,1_nonreciprocal,0.0,0.0,1.0,0.0,0.0,2112293.248,0.233,9083.737,0.0,1.0,0.0,True,never_reciprocal,0
GHA,1972,1975,Manufacturing,0.1270407473468982,0.1581080114179806,6.347056916238305,4.775408263783153,-0.199663419374648,0.1483588695781799,False,3.132672256925088,2.66570618563886,-0.4669660712862278,-0.4669660712862274,Ghana,True,1.0,1_nonreciprocal,0.0,0.0,1.0,0.0,0.0,2112293.248,0.233,9083.737,0.0,1.0,0.0,True,never_reciprocal,0
GHA,1972,1975,Services,0.2255864730448658,0.2293554964521434,4.711162639425416,4.302631102393505,-0.0921591885666266,0.0162167173378019,False,3.132672256925088,2.66570618563886,-0.4669660712862278,-0.4669660712862274,Ghana,True,1.0,1_nonreciprocal,0.0,0.0,1.0,0.0,0.0,2112293.248,0.233,9083.737,0.0,1.0,0.0,True,never_reciprocal,0
GHA,1975,1978,Agriculture,0.612536492129876,0.606297873785187,1.5082265312730727,1.4971625799948935,-0.0067770739050317,-0.0093402259365381,False,2.66570618563886,2.524125798689051,-0.1415803869498089,-0.141580386949809,Ghana,True,1.0,1_nonreciprocal,0.0,0.0,1.0,0.0,0.0,2810106.368,0.286,9831.636,0.0,1.0,0.0,True,never_reciprocal,0
GHA,1975,1978,Manufacturing,0.1581080114179806,0.164116158058483,4.775408263783153,3.805230732362094,-0.153392840215389,0.0228623842409779,False,2.66570618563886,2.524125798689051,-0.1415803869498089,-0.141580386949809,Ghana,True,1.0,1_nonreciprocal,0.0,0.0,1.0,0.0,0.0,2810106.368,0.286,9831.636,0.0,1.0,0.0,True,never_reciprocal,0
GHA,1975,1978,Services,0.2293554964521434,0.22958596815633,4.302631102393505,4.320383642656513,0.0040716426853089,0.0009957261808629,False,2.66570618563886,2.524125798689051,-0.1415803869498089,-0.141580386949809,Ghana,True,1.0,1_nonreciprocal,0.0,0.0,1.0,0.0,0.0,2810106.368,0.286,9831.636,0.0,1.0,0.0,True,never_reciprocal,0
GHA,1978,1981,Agriculture,0.606297873785187,0.6537642345688933,1.4971625799948935,1.3645820520536522,-0.0803832921960921,0.064771744001749,False,2.524125798689051,2.226697512929252,-0.2974282857597994,-0.2974282857597995,Ghana,True,1.0,1_nonreciprocal,0.0,0.0,1.0,0.0,0.0,3662478.08,0.354,10354.855,0.0,1.0,0.0,True,never_reciprocal,0
GHA,1978,1981,Manufacturing,0.164116158058483,0.1302137611310057,3.805230732362094,3.276324310508166,-0.0868020899271259,-0.1110752472379912,False,2.524125798689051,2.226697512929252,-0.2974282857597994,-0.2974282857597995,Ghana,True,1.0,1_nonreciprocal,0.0,0.0,1.0,0.0,0.0,3662478.08,0.354,10354.855,0.0,1.0,0.0,True,never_reciprocal,0
GHA,1978,1981,Services,0.22958596815633,0.216022004300101,4.320383642656513,4.203090624714215,-0.0269288310822603,-0.0570105693180788,False,2.524125798689051,2.226697512929252,-0.2974282857597994,-0.2974282857597995,Ghana,True,1.0,1_nonreciprocal,0.0,0.0,1.0,0.0,0.0,3662478.08,0.354,10354.855,0.0,1.0,0.0,True,never_reciprocal,0
GHA,1981,1984,Agriculture,0.6537642345688933,0.6809708335272417,1.3645820520536522,1.108763031149543,-0.1672453263895386,0.0301656711283284,False,2.226697512929252,1.9015344134956984,-0.3251630994335535,-0.3251630994335531,Ghana,True,1.0,1_nonreciprocal,0.0,0.0,1.0,0.0,0.0,4222441.728,0.38,11118.132,0.0,1.0,0.0,True,never_reciprocal,0
GHA,1981,1984,Manufacturing,0.1302137611310057,0.1125104445164146,3.276324310508166,2.6343683579193837,-0.083591499067023,-0.0466370571197072,False,2.226697512929252,1.9015344134956984,-0.3251630994335535,-0.3251630994335531,Ghana,True,1.0,1_nonreciprocal,0.0,0.0,1.0,0.0,0.0,4222441.728,0.38,11118.132,0.0,1.0,0.0,True,never_reciprocal,0
GHA,1981,1984,Services,0.216022004300101,0.2065187219563436,4.203090624714215,4.116358870358596,-0.0187359674123648,-0.0391189205732477,False,2.226697512929252,1.9015344134956984,-0.3251630994335535,-0.3251630994335531,Ghana,True,1.0,1_nonreciprocal,0.0,0.0,1.0,0.0,0.0,4222441.728,0.38,11118.132,0.0,1.0,0.0,True,never_reciprocal,0
GHA,1984,1987,Agriculture,0.6809708335272417,0.6311622854404781,1.108763031149543,1.117812965672365,0.0061627414553729,-0.0556766408526998,False,1.9015344134956984,2.0314564425798807,0.1299220290841825,0.129922029084182,Ghana,True,1.0,1_nonreciprocal,0.0,0.0,1.0,0.0,0.0,4412279.808,0.358,12311.805,0.0,1.0,0.0,True,never_reciprocal,0
GHA,1984,1987,Manufacturing,0.1125104445164146,0.1366596117245964,2.6343683579193837,2.5975440321513075,-0.0041431212611834,0.0627285251630365,False,1.9015344134956984,2.0314564425798807,0.1299220290841825,0.129922029084182,Ghana,True,1.0,1_nonreciprocal,0.0,0.0,1.0,0.0,0.0,4412279.808,0.358,12311.805,0.0,1.0,0.0,True,never_reciprocal,0
GHA,1984,1987,Services,0.2065187219563436,0.2321781028349254,4.116358870358596,4.18194345523662,0.0135444446490469,0.1073060799306088,False,1.9015344134956984,2.0314564425798807,0.1299220290841825,0.129922029084182,Ghana,True,1.0,1_nonreciprocal,0.0,0.0,1.0,0.0,0.0,4412279.808,0.358,12311.805,0.0,1.0,0.0,True,never_reciprocal,0
GHA,1987,1990,Agriculture,0.6311622854404781,0.6114089697030669,1.117812965672365,1.1708661908016906,0.0334851948226133,-0.0231284895531657,False,2.0314564425798807,2.2708188845525425,0.2393624419726618,0.2393624419726619,Ghana,True,1.0,1_nonreciprocal,0.0,0.0,1.0,0.0,0.0,5074829.824,0.376,13480.997,0.0,1.0,0.0,True,never_reciprocal,0
GHA,1987,1990,Manufacturing,0.1366596117245964,0.1406834037476085,2.5975440321513075,2.909313316548669,0.0426062693533987,0.0117064717155714,False,2.0314564425798807,2.2708188845525425,0.2393624419726618,0.2393624419726619,Ghana,True,1.0,1_nonreciprocal,0.0,0.0,1.0,0.0,0.0,5074829.824,0.376,13480.997,0.0,1.0,0.0,True,never_reciprocal,0
GHA,1987,1990,Services,0.2321781028349254,0.2479076265493245,4.18194345523662,4.621272484354464,0.1020025805008907,0.0726904151333534,False,2.0314564425798807,2.2708188845525425,0.2393624419726618,0.2393624419726619,Ghana,True,1.0,1_nonreciprocal,0.0,0.0,1.0,0.0,0.0,5074829.824,0.376,13480.997,0.0,1.0,0.0,True,never_reciprocal,0
GHA,1990,1993,Agriculture,0.6114089697030669,0.6309315875619207,1.1708661908016906,1.439294770733302,0.1641196414948438,0.0280988017952728,False,2.2708188845525425,2.5236720833832127,0.2528531988306701,0.2528531988306703,Ghana,True,1.0,1_nonreciprocal,0.0,0.0,1.0,0.0,0.0,5889175.04,0.403,14628.693,0.0,1.0,0.0,True,never_reciprocal,0
GHA,1990,1993,Manufacturing,0.1406834037476085,0.1345372911615053,2.909313316548669,3.161856231857444,0.0355285969179825,-0.0194331243820678,False,2.2708188845525425,2.5236720833832127,0.2528531988306701,0.2528531988306703,Ghana,True,1.0,1_nonreciprocal,0.0,0.0,1.0,0.0,0.0,5889175.04,0.403,14628.693,0.0,1.0,0.0,True,never_reciprocal,0
GHA,1990,1993,Services,0.2479076265493245,0.2345311212765739,4.621272484354464,5.074754982453309,0.1124217697853432,-0.0678824867807041,False,2.2708188845525425,2.5236720833832127,0.2528531988306701,0.2528531988306703,Ghana,True,1.0,1_nonreciprocal,0.0,0.0,1.0,0.0,0.0,5889175.04,0.403,14628.693,0.0,1.0,0.0,True,never_reciprocal,0
GHA,1993,1996,Agriculture,0.6309315875619207,0.6323141935804529,1.439294770733302,1.52555314766782,0.05442313469981,0.0021092389635563,False,2.5236720833832127,2.7245427108663645,0.2008706274831517,0.2008706274831515,Ghana,True,1.0,1_nonreciprocal,0.0,0.0,1.0,0.0,0.0,5968905.728,0.375,15907.265,0.0,1.0,0.0,True,never_reciprocal,0
GHA,1993,1996,Manufacturing,0.1345372911615053,0.1293373843815141,3.161856231857444,3.4891790432323706,0.0440371243777509,-0.018143405763507,False,2.5236720833832127,2.7245427108663645,0.2008706274831517,0.2008706274831515,Ghana,True,1.0,1_nonreciprocal,0.0,0.0,1.0,0.0,0.0,5968905.728,0.375,15907.265,0.0,1.0,0.0,True,never_reciprocal,0
GHA,1993,1996,Services,0.2345311212765739,0.2383484220380329,5.074754982453309,5.490418188022993,0.0974859576756728,0.0209585775298683,False,2.5236720833832127,2.7245427108663645,0.2008706274831517,0.2008706274831515,Ghana,True,1.0,1_nonreciprocal,0.0,0.0,1.0,0.0,0.0,5968905.728,0.375,15907.265,0.0,1.0,0.0,True,never_reciprocal,0
GHA,1996,1999,Agriculture,0.6323141935804529,0.6209058706088234,1.52555314766782,1.6617737399111585,0.0861342139333982,-0.0189580515306791,False,2.7245427108663645,2.98666067248824,0.2621179616218754,0.2621179616218755,Ghana,True,1.0,1_nonreciprocal,0.0,0.0,1.0,0.0,0.0,6932984.832,0.404,17169.151,1.0,1.0,0.0,True,never_reciprocal,0
GHA,1996,1999,Manufacturing,0.1293373843815141,0.132686351771619,3.4891790432323706,3.7157464081790583,0.0293036303684166,0.0124439135508909,False,2.7245427108663645,2.98666067248824,0.2621179616218754,0.2621179616218755,Ghana,True,1.0,1_nonreciprocal,0.0,0.0,1.0,0.0,0.0,6932984.832,0.404,17169.151,1.0,1.0,0.0,True,never_reciprocal,0
GHA,1996,1999,Services,0.2383484220380329,0.2464077776195575,5.490418188022993,5.9325512403307314,0.1053817153484085,0.0478125399514403,False,2.7245427108663645,2.98666067248824,0.2621179616218754,0.2621179616218755,Ghana,True,1.0,1_nonreciprocal,0.0,0.0,1.0,0.0,0.0,6932984.832,0.404,17169.151,1.0,1.0,0.0,True,never_reciprocal,0
GHA,1999,2002,Agriculture,0.6209058706088234,0.5985309065781379,1.6617737399111585,1.823023335615085,0.1001208206058673,-0.0407900815614878,False,2.98666067248824,3.2426544735084715,0.2559938010202316,0.2559938010202318,Ghana,True,1.0,1_nonreciprocal,0.0,0.0,1.0,0.0,0.0,7718110.72,0.42,18384.302,1.0,1.0,0.0,True,never_reciprocal,0
GHA,1999,2002,Manufacturing,0.132686351771619,0.1351129717573678,3.7157464081790583,3.917927311280216,0.0268266464303837,0.0095073207162637,False,2.98666067248824,3.2426544735084715,0.2559938010202316,0.2559938010202318,Ghana,True,1.0,1_nonreciprocal,0.0,0.0,1.0,0.0,0.0,7718110.72,0.42,18384.302,1.0,1.0,0.0,True,never_reciprocal,0
GHA,1999,2002,Services,0.2464077776195575,0.2663561216644942,5.9325512403307314,6.090176758229492,0.0388401535615654,0.1214889412676393,False,2.98666067248824,3.2426544735084715,0.2559938010202316,0.2559938010202318,Ghana,True,1.0,1_nonreciprocal,0.0,0.0,1.0,0.0,0.0,7718110.72,0.42,18384.302,1.0,1.0,0.0,True,never_reciprocal,0
GHA,2002,2005,Agriculture,0.5985309065781379,0.5629285475295025,1.823023335615085,2.1231921746073423,0.1796603273285429,-0.0755906501296235,False,3.2426544735084715,3.555428140517489,0.3127736670090177,0.3127736670090176,Ghana,True,1.0,1_nonreciprocal,0.0,0.0,1.0,0.0,0.0,6166197.248,0.312,19786.306,1.0,1.0,0.0,True,never_reciprocal,0
GHA,2002,2005,Manufacturing,0.1351129717573678,0.1391776747464034,3.917927311280216,4.1631824242243205,0.0331371471485668,0.0169221000436451,False,3.2426544735084715,3.555428140517489,0.3127736670090177,0.3127736670090176,Ghana,True,1.0,1_nonreciprocal,0.0,0.0,1.0,0.0,0.0,6166197.248,0.312,19786.306,1.0,1.0,0.0,True,never_reciprocal,0
GHA,2002,2005,Services,0.2663561216644942,0.297893777724094,6.090176758229492,5.977971805240237,-0.0298864761097648,0.1885312187276511,False,3.2426544735084715,3.555428140517489,0.3127736670090177,0.3127736670090176,Ghana,True,1.0,1_nonreciprocal,0.0,0.0,1.0,0.0,0.0,6166197.248,0.312,19786.306,1.0,1.0,0.0,True,never_reciprocal,0
GHA,2005,2008,Agriculture,0.5629285475295025,0.5252865560124375,2.1231921746073423,2.3257900057141887,0.1140481027976044,-0.0875473676655681,False,3.555428140517489,4.038937713283659,0.4835095727661693,0.4835095727661698,Ghana,True,1.0,1_nonreciprocal,0.0,0.0,1.0,0.0,0.0,10731883.52,0.502,21384.033,1.0,1.0,0.0,True,never_reciprocal,0
GHA,2005,2008,Manufacturing,0.1391776747464034,0.1389801579577651,4.1631824242243205,5.284903642368389,0.1561185508549946,-0.0010438571957037,False,3.555428140517489,4.038937713283659,0.4835095727661693,0.4835095727661698,Ghana,True,1.0,1_nonreciprocal,0.0,0.0,1.0,0.0,0.0,10731883.52,0.502,21384.033,1.0,1.0,0.0,True,never_reciprocal,0
GHA,2005,2008,Services,0.297893777724094,0.3357332860297976,5.977971805240237,6.203539639442031,0.0671952542634144,0.2347388897114282,False,3.555428140517489,4.038937713283659,0.4835095727661693,0.4835095727661698,Ghana,True,1.0,1_nonreciprocal,0.0,0.0,1.0,0.0,0.0,10731883.52,0.502,21384.033,1.0,1.0,0.0,True,never_reciprocal,0
GHA,2008,2011,Agriculture,0.5252865560124375,0.4844154096349011,2.3257900057141887,2.719505231148012,0.2068133148177935,-0.1111492963767261,False,4.038937713283659,4.912108586773092,0.8731708734894337,0.8731708734894339,Ghana,True,1.0,1_nonreciprocal,0.0,0.0,1.0,0.0,0.0,28528015.36,1.234,23110.14,1.0,1.0,1.0,True,switched_during_interval,1
GHA,2008,2011,Manufacturing,0.1389801579577651,0.1352713325538113,5.284903642368389,8.145343276322118,0.397544352155541,-0.0302096560671478,False,4.038937713283659,4.912108586773092,0.8731708734894337,0.8731708734894339,Ghana,True,1.0,1_nonreciprocal,0.0,0.0,1.0,0.0,0.0,28528015.36,1.234,23110.14,1.0,1.0,1.0,True,switched_during_interval,1
GHA,2008,2011,Services,0.3357332860297976,0.3803132578112876,6.203539639442031,6.554877738085425,0.1179558943650078,0.2922162645949654,False,4.038937713283659,4.912108586773092,0.8731708734894337,0.8731708734894339,Ghana,True,1.0,1_nonreciprocal,0.0,0.0,1.0,0.0,0.0,28528015.36,1.234,23110.14,1.0,1.0,1.0,True,switched_during_interval,1
GHA,2011,2014,Agriculture,0.4844154096349011,0.4044023717213553,2.719505231148012,3.366801851079273,0.3135604572992889,-0.2693880441578021,False,4.912108586773092,5.947430613837996,1.035322027064904,1.035322027064904,Ghana,True,2.0,2_reciprocal_pta,1.0,0.0,0.0,0.6814122646504691,0.378959243625367,39564771.328,1.594,24820.705,1.0,1.0,1.0,True,always_reciprocal,1
GHA,2011,2014,Manufacturing,0.1352713325538113,0.1577086220208423,8.145343276322118,7.968502901942375,-0.0239214330916626,0.1787916062297582,False,4.912108586773092,5.947430613837996,1.035322027064904,1.035322027064904,Ghana,True,2.0,2_reciprocal_pta,1.0,0.0,0.0,0.6814122646504691,0.378959243625367,39564771.328,1.594,24820.705,1.0,1.0,1.0,True,always_reciprocal,1
GHA,2011,2014,Services,0.3803132578112876,0.4378890062578023,6.554877738085425,7.602808703425754,0.3985420393899079,0.4377374013954137,False,4.912108586773092,5.947430613837996,1.035322027064904,1.035322027064904,Ghana,True,2.0,2_reciprocal_pta,1.0,0.0,0.0,0.6814122646504691,0.378959243625367,39564771.328,1.594,24820.705,1.0,1.0,1.0,True,always_reciprocal,1
GHA,2014,2017,Agriculture,0.4044023717213553,0.3426895008118155,3.366801851079273,4.141877227651165,0.3134423205484954,-0.2556071346731992,False,5.947430613837996,6.274554545512486,0.3271239316744898,0.3271239316744895,Ghana,True,2.0,2_reciprocal_pta,1.0,0.0,0.0,0.6517827181247745,0.3714304598175133,38616535.04,1.432,26962.563,1.0,1.0,1.0,True,always_reciprocal,1
GHA,2014,2017,Manufacturing,0.1577086220208423,0.1813233567415915,7.968502901942375,7.928022543574763,-0.0063841015370659,0.187218149226637,False,5.947430613837996,6.274554545512486,0.3271239316744898,0.3271239316744895,Ghana,True,2.0,2_reciprocal_pta,1.0,0.0,0.0,0.6517827181247745,0.3714304598175133,38616535.04,1.432,26962.563,1.0,1.0,1.0,True,always_reciprocal,1
GHA,2014,2017,Services,0.4378890062578023,0.475987142446593,7.602808703425754,7.18011211070552,-0.1850941909348222,0.2735488890444444,False,5.947430613837996,6.274554545512486,0.3271239316744898,0.3271239316744895,Ghana,True,2.0,2_reciprocal_pta,1.0,0.0,0.0,0.6517827181247745,0.3714304598175133,38616535.04,1.432,26962.563,1.0,1.0,1.0,True,always_reciprocal,1
KEN,1969,1972,Agriculture,0.8694710187096236,0.8711891087369139,69.87832381769485,72.69582924698298,2.4497393158230483,0.124897979254839,False,157.8197511801436,174.0123523355902,16.192601155446596,16.192601155446592,Kenya,True,1.0,1_nonreciprocal,0.0,0.0,1.0,0.0,0.0,1458379.392,0.134,10867.717,0.0,1.0,0.0,True,never_reciprocal,0
KEN,1969,1972,Manufacturing,0.0142401643827607,0.0156137199016032,1827.8168822035195,1978.8708033548785,2.151032667855936,2.718088913024372,False,157.8197511801436,174.0123523355902,16.192601155446596,16.192601155446592,Kenya,True,1.0,1_nonreciprocal,0.0,0.0,1.0,0.0,0.0,1458379.392,0.134,10867.717,0.0,1.0,0.0,True,never_reciprocal,0
KEN,1969,1972,Services,0.1162888169076156,0.1131971713614829,610.8425797892542,704.8144599408598,10.92787876541447,-2.1790364859260727,False,157.8197511801436,174.0123523355902,16.192601155446596,16.192601155446592,Kenya,True,1.0,1_nonreciprocal,0.0,0.0,1.0,0.0,0.0,1458379.392,0.134,10867.717,0.0,1.0,0.0,True,never_reciprocal,0
KEN,1972,1975,Agriculture,0.8711891087369139,0.861878563463105,72.69582924698298,68.19217757590772,-3.923532285385569,-0.6349063566401065,False,174.0123523355902,170.13653317288924,-3.875819162700964,-3.875819162700963,Kenya,True,1.0,1_nonreciprocal,0.0,0.0,1.0,0.0,0.0,2107279.104,0.174,12083.159,0.0,1.0,0.0,True,never_reciprocal,0
KEN,1972,1975,Manufacturing,0.0156137199016032,0.0147607460977567,1978.8708033548785,2137.947191964676,2.4837741747119635,-1.823612948753,False,174.0123523355902,170.13653317288924,-3.875819162700964,-3.875819162700963,Kenya,True,1.0,1_nonreciprocal,0.0,0.0,1.0,0.0,0.0,2107279.104,0.174,12083.159,0.0,1.0,0.0,True,never_reciprocal,0
KEN,1972,1975,Services,0.1131971713614829,0.1233606904391382,704.8144599408598,646.927811195378,-6.552604897584276,6.575063150950025,False,174.0123523355902,170.13653317288924,-3.875819162700964,-3.875819162700963,Kenya,True,1.0,1_nonreciprocal,0.0,0.0,1.0,0.0,0.0,2107279.104,0.174,12083.159,0.0,1.0,0.0,True,never_reciprocal,0
KEN,1975,1978,Agriculture,0.861878563463105,0.8606309361967245,68.19217757590772,66.81494322086832,-1.187008767473399,-0.0833601449640204,False,170.13653317288924,181.29846025714664,11.161927084257371,11.161927084257362,Kenya,True,1.0,1_nonreciprocal,0.0,0.0,1.0,0.0,0.0,3259344.896,0.242,13486.241,0.0,1.0,0.0,True,never_reciprocal,0
KEN,1975,1978,Manufacturing,0.0147607460977567,0.0156858237434283,2137.947191964676,2561.6819799454697,6.254641618171297,2.3697547349672985,False,170.13653317288924,181.29846025714664,11.161927084257371,11.161927084257362,Kenya,True,1.0,1_nonreciprocal,0.0,0.0,1.0,0.0,0.0,3259344.896,0.242,13486.241,0.0,1.0,0.0,True,never_reciprocal,0
KEN,1975,1978,Services,0.1233606904391382,0.1236832400598471,646.927811195378,676.028223843749,3.5898469963668704,0.2180526471893168,False,170.13653317288924,181.29846025714664,11.161927084257371,11.161927084257362,Kenya,True,1.0,1_nonreciprocal,0.0,0.0,1.0,0.0,0.0,3259344.896,0.242,13486.241,0.0,1.0,0.0,True,never_reciprocal,0
KEN,1978,1981,Agriculture,0.8606309361967245,0.847507913999096,66.81494322086832,62.81673240081032,-3.4409839211783826,-0.8243453736783238,False,181.29846025714664,177.61198827385118,-3.6864719832954336,-3.6864719832954496,Kenya,True,1.0,1_nonreciprocal,0.0,0.0,1.0,0.0,0.0,5303734.784,0.352,15081.677,0.0,1.0,0.0,True,never_reciprocal,0
KEN,1978,1981,Manufacturing,0.0156858237434283,0.0164801068366318,2561.6819799454697,2052.3812548879973,-7.98880140565178,1.6301717315652418,False,181.29846025714664,177.61198827385118,-3.6864719832954336,-3.6864719832954496,Kenya,True,1.0,1_nonreciprocal,0.0,0.0,1.0,0.0,0.0,5303734.784,0.352,15081.677,0.0,1.0,0.0,True,never_reciprocal,0
KEN,1978,1981,Services,0.1236832400598471,0.1360119791642722,676.028223843749,665.7564182135826,-1.2704502016039532,8.20793718725175,False,181.29846025714664,177.61198827385118,-3.6864719832954336,-3.6864719832954496,Kenya,True,1.0,1_nonreciprocal,0.0,0.0,1.0,0.0,0.0,5303734.784,0.352,15081.677,0.0,1.0,0.0,True,never_reciprocal,0
KEN,1981,1984,Agriculture,0.847507913999096,0.8339392734222294,62.81673240081032,61.30810231468735,-1.278575937286355,-0.8318676047577545,False,177.61198827385118,177.16013167350195,-0.451856600349231,-0.4518566003491973,Kenya,True,1.0,1_nonreciprocal,0.0,0.0,1.0,0.0,0.0,6854491.648,0.406,16901.167,0.0,1.0,0.0,True,never_reciprocal,0
KEN,1981,1984,Manufacturing,0.0164801068366318,0.0163792817513089,2052.3812548879973,2058.403905809588,0.0992539306275491,-0.2075387494322787,False,177.61198827385118,177.16013167350195,-0.451856600349231,-0.4518566003491973,Kenya,True,1.0,1_nonreciprocal,0.0,0.0,1.0,0.0,0.0,6854491.648,0.406,16901.167,0.0,1.0,0.0,True,never_reciprocal,0
KEN,1981,1984,Services,0.1360119791642722,0.1496814448264616,665.7564182135826,616.7612822690057,-6.663925409244474,8.430797169744116,False,177.61198827385118,177.16013167350195,-0.451856600349231,-0.4518566003491973,Kenya,True,1.0,1_nonreciprocal,0.0,0.0,1.0,0.0,0.0,6854491.648,0.406,16901.167,0.0,1.0,0.0,True,never_reciprocal,0
KEN,1984,1987,Agriculture,0.8339392734222294,0.817523489201774,61.30810231468735,64.58111611275515,2.729494748661593,-1.0601496668231654,False,177.16013167350195,185.95718786671995,8.797056193217998,8.797056193217973,Kenya,True,1.0,1_nonreciprocal,0.0,0.0,1.0,0.0,0.0,6191437.312,0.327,18942.465,0.0,1.0,0.0,True,never_reciprocal,0
KEN,1984,1987,Manufacturing,0.0163792817513089,0.0193990921117175,2058.403905809588,1843.108124183546,-3.5263902671212106,5.565837008762759,False,177.16013167350195,185.95718786671995,8.797056193217998,8.797056193217973,Kenya,True,1.0,1_nonreciprocal,0.0,0.0,1.0,0.0,0.0,6191437.312,0.327,18942.465,0.0,1.0,0.0,True,never_reciprocal,0
KEN,1984,1987,Services,0.1496814448264616,0.1630774186865084,616.7612822690057,597.2990313271522,-2.9131378405518022,8.001402210289799,False,177.16013167350195,185.95718786671995,8.797056193217998,8.797056193217973,Kenya,True,1.0,1_nonreciprocal,0.0,0.0,1.0,0.0,0.0,6191437.312,0.327,18942.465,0.0,1.0,0.0,True,never_reciprocal,0
KEN,1987,1990,Agriculture,0.817523489201774,0.7983510822211832,64.58111611275515,68.21262049547232,2.968840134010473,-1.3078001213517811,False,185.95718786671995,196.44355349008612,10.486365623366195,10.4863656233662,Kenya,True,1.0,1_nonreciprocal,0.0,0.0,1.0,0.0,0.0,7970820.608,0.377,21138.372,0.0,1.0,0.0,True,never_reciprocal,0
KEN,1987,1990,Manufacturing,0.0193990921117175,0.0233515540471626,1843.108124183546,1634.025479477181,-4.056013483620284,6.458423509181067,False,185.95718786671995,196.44355349008612,10.486365623366195,10.4863656233662,Kenya,True,1.0,1_nonreciprocal,0.0,0.0,1.0,0.0,0.0,7970820.608,0.377,21138.372,0.0,1.0,0.0,True,never_reciprocal,0
KEN,1987,1990,Services,0.1630774186865084,0.178297363731654,597.2990313271522,582.3355860392757,-2.4402000322037045,8.863115617350429,False,185.95718786671995,196.44355349008612,10.486365623366195,10.4863656233662,Kenya,True,1.0,1_nonreciprocal,0.0,0.0,1.0,0.0,0.0,7970820.608,0.377,21138.372,0.0,1.0,0.0,True,never_reciprocal,0
KEN,1990,1993,Agriculture,0.7983510822211832,0.7752763805241721,68.21262049547232,59.22175182857315,-7.177869730327483,-1.3665242574187464,False,196.44355349008612,184.6432241569966,-11.800329333089536,-11.800329333089543,Kenya,True,1.0,1_nonreciprocal,0.0,0.0,1.0,0.0,0.0,8572359.168,0.366,23446.44,0.0,1.0,0.0,True,never_reciprocal,0
KEN,1990,1993,Manufacturing,0.0233515540471626,0.0281254488765985,1634.025479477181,1267.273456449832,-8.564229687629387,6.0498302012272,False,196.44355349008612,184.6432241569966,-11.800329333089536,-11.800329333089543,Kenya,True,1.0,1_nonreciprocal,0.0,0.0,1.0,0.0,0.0,8572359.168,0.366,23446.44,0.0,1.0,0.0,True,never_reciprocal,0
KEN,1990,1993,Services,0.178297363731654,0.1965981705992293,582.3355860392757,524.3556622362265,-10.33766756344584,9.59613170450471,False,196.44355349008612,184.6432241569966,-11.800329333089536,-11.800329333089543,Kenya,True,1.0,1_nonreciprocal,0.0,0.0,1.0,0.0,0.0,8572359.168,0.366,23446.44,0.0,1.0,0.0,True,never_reciprocal,0
KEN,1993,1996,Agriculture,0.7752763805241721,0.7232769352718629,59.22175182857315,63.29963267419221,3.1614847022003976,-3.2915457837329445,False,184.6432241569966,182.477926144396,-2.1652980126006014,-2.165298012600584,Kenya,True,1.0,1_nonreciprocal,0.0,0.0,1.0,0.0,0.0,5751786.496,0.223,25839.132,0.0,1.0,0.0,True,never_reciprocal,0
KEN,1993,1996,Manufacturing,0.0281254488765985,0.0368252840172814,1267.273456449832,933.0906541386662,-9.39904132184114,8.117734862318345,False,184.6432241569966,182.477926144396,-2.1652980126006014,-2.165298012600584,Kenya,True,1.0,1_nonreciprocal,0.0,0.0,1.0,0.0,0.0,5751786.496,0.223,25839.132,0.0,1.0,0.0,True,never_reciprocal,0
KEN,1993,1996,Services,0.1965981705992293,0.2398977807108557,524.3556622362265,426.57098854442864,-19.22428796045005,18.470357488904806,False,184.6432241569966,182.477926144396,-2.1652980126006014,-2.165298012600584,Kenya,True,1.0,1_nonreciprocal,0.0,0.0,1.0,0.0,0.0,5751786.496,0.223,25839.132,0.0,1.0,0.0,True,never_reciprocal,0
KEN,1996,1999,Agriculture,0.7232769352718629,0.6863814908057481,63.29963267419221,67.91042888157145,3.334882550036384,-2.5055854574700587,False,182.477926144396,178.3753445419532,-4.102581602442797,-4.102581602442799,Kenya,True,1.0,1_nonreciprocal,0.0,0.0,1.0,0.0,0.0,12045864.96,0.427,28186.224,1.0,1.0,0.0,True,never_reciprocal,0
KEN,1996,1999,Manufacturing,0.0368252840172814,0.0464417754105233,933.0906541386662,679.8482934641182,-9.325721857047052,6.537755262807902,False,182.477926144396,178.3753445419532,-4.102581602442797,-4.102581602442799,Kenya,True,1.0,1_nonreciprocal,0.0,0.0,1.0,0.0,0.0,12045864.96,0.427,28186.224,1.0,1.0,0.0,True,never_reciprocal,0
KEN,1996,1999,Services,0.2398977807108557,0.2671767337837286,426.57098854442864,374.99343579735006,-12.373340438521252,10.229428337751278,False,182.477926144396,178.3753445419532,-4.102581602442797,-4.102581602442799,Kenya,True,1.0,1_nonreciprocal,0.0,0.0,1.0,0.0,0.0,12045864.96,0.427,28186.224,1.0,1.0,0.0,True,never_reciprocal,0
KEN,1999,2002,Agriculture,0.6863814908057481,0.6723241474849562,67.91042888157145,67.59758366620501,-0.2147311653146603,-0.950242441251798,False,178.3753445419532,172.7571014689837,-5.618243072969506,-5.618243072969502,Kenya,True,1.0,1_nonreciprocal,0.0,0.0,1.0,0.0,0.0,12896010.24,0.423,30478.598,1.0,1.0,0.0,True,never_reciprocal,0
KEN,1999,2002,Manufacturing,0.0464417754105233,0.0499589805972559,679.8482934641182,599.7871659184946,-3.71818090458712,2.1095745309041782,False,178.3753445419532,172.7571014689837,-5.618243072969506,-5.618243072969502,Kenya,True,1.0,1_nonreciprocal,0.0,0.0,1.0,0.0,0.0,12896010.24,0.423,30478.598,1.0,1.0,0.0,True,never_reciprocal,0
KEN,1999,2002,Services,0.2671767337837286,0.2777168719177879,374.99343579735006,350.51834482267634,-6.539174865672939,3.6945117729528367,False,178.3753445419532,172.7571014689837,-5.618243072969506,-5.618243072969502,Kenya,True,1.0,1_nonreciprocal,0.0,0.0,1.0,0.0,0.0,12896010.24,0.423,30478.598,1.0,1.0,0.0,True,never_reciprocal,0
KEN,2002,2005,Agriculture,0.6723241474849562,0.6534572306196131,67.59758366620501,72.28863966810427,3.153910227281104,-1.3638637549268615,False,172.7571014689837,180.673741330996,7.916639862012289,7.916639862012267,Kenya,True,1.0,1_nonreciprocal,0.0,0.0,1.0,0.0,0.0,13147737.088,0.398,33000.523,1.0,1.0,0.0,True,never_reciprocal,0
KEN,2002,2005,Manufacturing,0.0499589805972559,0.0561654526366523,599.7871659184946,571.4772567150892,-1.414334204603007,3.546857614953176,False,172.7571014689837,180.673741330996,7.916639862012289,7.916639862012267,Kenya,True,1.0,1_nonreciprocal,0.0,0.0,1.0,0.0,0.0,13147737.088,0.398,33000.523,1.0,1.0,0.0,True,never_reciprocal,0
KEN,2002,2005,Services,0.2777168719177879,0.2903773167437344,350.51834482267634,348.990511344577,-0.4243051343490264,4.418375113656882,False,172.7571014689837,180.673741330996,7.916639862012289,7.916639862012267,Kenya,True,1.0,1_nonreciprocal,0.0,0.0,1.0,0.0,0.0,13147737.088,0.398,33000.523,1.0,1.0,0.0,True,never_reciprocal,0
KEN,2005,2008,Agriculture,0.6534572306196131,0.6362764545518155,72.28863966810427,73.43090393942713,0.7464208473743654,-1.261599917039259,False,180.673741330996,189.6666379523634,8.992896621367407,8.99289662136743,Kenya,True,1.0,1_nonreciprocal,0.0,0.0,1.0,0.0,0.0,18737895.424,0.524,35785.717,1.0,1.0,0.0,True,never_reciprocal,0
KEN,2005,2008,Manufacturing,0.0561654526366523,0.0581020252843599,571.4772567150892,569.43133968125,-0.1149098562626129,1.1027451571742004,False,180.673741330996,189.6666379523634,8.992896621367407,8.99289662136743,Kenya,True,1.0,1_nonreciprocal,0.0,0.0,1.0,0.0,0.0,18737895.424,0.524,35785.717,1.0,1.0,0.0,True,never_reciprocal,0
KEN,2005,2008,Services,0.2903773167437344,0.3056215201638246,348.990511344577,359.46149533087254,3.0405362336071136,5.479704156513623,False,180.673741330996,189.6666379523634,8.992896621367407,8.99289662136743,Kenya,True,1.0,1_nonreciprocal,0.0,0.0,1.0,0.0,0.0,18737895.424,0.524,35785.717,1.0,1.0,0.0,True,never_reciprocal,0
KEN,2008,2011,Agriculture,0.6362764545518155,0.6095456740070776,73.43090393942713,93.89703435246038,13.022116897599885,-2.509941019077332,False,189.6666379523634,217.05967751098768,27.39303955862428,27.393039558624253,Kenya,True,1.0,1_nonreciprocal,0.0,0.0,1.0,0.0,0.0,35895144.448,0.926,38773.277,1.0,1.0,1.0,True,switched_during_interval,1
KEN,2008,2011,Manufacturing,0.0581020252843599,0.063167197251304,569.43133968125,632.082971238836,3.640186680865263,3.2016089467016298,False,189.6666379523634,217.05967751098768,27.39303955862428,27.393039558624253,Kenya,True,1.0,1_nonreciprocal,0.0,0.0,1.0,0.0,0.0,35895144.448,0.926,38773.277,1.0,1.0,1.0,True,switched_during_interval,1
KEN,2008,2011,Services,0.3056215201638246,0.3272871287416184,359.46149533087254,366.3396026507753,2.102097614958596,7.936970437576214,False,189.6666379523634,217.05967751098768,27.39303955862428,27.393039558624253,Kenya,True,1.0,1_nonreciprocal,0.0,0.0,1.0,0.0,0.0,35895144.448,0.926,38773.277,1.0,1.0,1.0,True,switched_during_interval,1
KEN,2011,2014,Agriculture,0.6095456740070776,0.5837441278534975,93.89703435246038,97.38226616466028,2.124407974038296,-2.5126130349877043,False,217.05967751098768,221.0431139563581,3.983436445370416,3.983436445370428,Kenya,True,2.0,2_reciprocal_pta,1.0,0.0,0.0,0.5673811169079774,0.378959243625367,41954955.264,0.998,42027.889,1.0,1.0,1.0,True,always_reciprocal,1
KEN,2011,2014,Manufacturing,0.063167197251304,0.0697409041860789,632.082971238836,580.5605250126034,-3.254528523642134,3.816434749331937,False,217.05967751098768,221.0431139563581,3.983436445370416,3.983436445370428,Kenya,True,2.0,2_reciprocal_pta,1.0,0.0,0.0,0.5673811169079774,0.378959243625367,41954955.264,0.998,42027.889,1.0,1.0,1.0,True,always_reciprocal,1
KEN,2011,2014,Services,0.3272871287416184,0.3465149679604235,366.3396026507753,357.0061423455644,-3.054721424516328,6.864456705146362,False,217.05967751098768,221.0431139563581,3.983436445370416,3.983436445370428,Kenya,True,2.0,2_reciprocal_pta,1.0,0.0,0.0,0.5673811169079774,0.378959243625367,41954955.264,0.998,42027.889,1.0,1.0,1.0,True,always_reciprocal,1
KEN,2014,2017,Agriculture,0.5837441278534975,0.5783432454300461,97.38226616466028,99.70658679580468,1.356808519679272,-0.538503552127791,False,221.0431139563581,234.83390317795164,13.790789221593542,13.79078922159356,Kenya,True,2.0,2_reciprocal_pta,1.0,0.0,0.0,0.4415470910802807,0.3714304598175133,61445345.28,1.335,46024.25,1.0,1.0,1.0,True,always_reciprocal,1
KEN,2014,2017,Manufacturing,0.0697409041860789,0.0722028280846816,580.5605250126034,593.7682635476126,0.9211196276848584,1.4618122782596756,False,221.0431139563581,234.83390317795164,13.790789221593542,13.79078922159356,Kenya,True,2.0,2_reciprocal_pta,1.0,0.0,0.0,0.4415470910802807,0.3714304598175133,61445345.28,1.335,46024.25,1.0,1.0,1.0,True,always_reciprocal,1
KEN,2014,2017,Services,0.3465149679604235,0.3494539264852723,357.0061423455644,384.3068117029875,9.460090567685578,1.1294617804119664,False,221.0431139563581,234.83390317795164,13.790789221593542,13.79078922159356,Kenya,True,2.0,2_reciprocal_pta,1.0,0.0,0.0,0.4415470910802807,0.3714304598175133,61445345.28,1.335,46024.25,1.0,1.0,1.0,True,always_reciprocal,1
LSO,1972,1975,Agriculture,0.729808455844434,0.7434798880340051,2.8256086982978106,2.76288353649889,-0.045777353475062,0.037772574916927,False,13.520081786007232,11.598871441923,-1.921210344084232,-1.921210344084232,Lesotho,True,1.0,1_nonreciprocal,0.0,0.0,1.0,0.0,0.0,80915.36,0.075,1075.281,0.0,0.0,0.0,True,never_reciprocal,0
LSO,1972,1975,Manufacturing,0.0589165264721982,0.0566321543200743,18.9474814891495,21.162844517323947,0.1305214944949692,-0.0483438126751035,False,13.520081786007232,11.598871441923,-1.921210344084232,-1.921210344084232,Lesotho,True,1.0,1_nonreciprocal,0.0,0.0,1.0,0.0,0.0,80915.36,0.075,1075.281,0.0,0.0,0.0,True,never_reciprocal,0
LSO,1972,1975,Services,0.2112750176833678,0.1998879576459205,48.94856468947802,41.754519488279534,-1.5199220270981575,-0.4754612202478047,False,13.520081786007232,11.598871441923,-1.921210344084232,-1.921210344084232,Lesotho,True,1.0,1_nonreciprocal,0.0,0.0,1.0,0.0,0.0,80915.36,0.075,1075.281,0.0,0.0,0.0,True,never_reciprocal,0
LSO,1975,1978,Agriculture,0.7434798880340051,0.7359355699019289,2.76288353649889,2.759274413731307,-0.002683310191144,-0.0208168439908871,False,11.598871441923,11.596036668448452,-0.0028347734745484,-0.0028347734745506,Lesotho,True,1.0,1_nonreciprocal,0.0,0.0,1.0,0.0,0.0,149558.944,0.13,1149.09,0.0,0.0,0.0,True,never_reciprocal,0
LSO,1975,1978,Manufacturing,0.0566321543200743,0.0563911054267184,21.162844517323947,22.47820418137168,0.0744916514807523,-0.0054183462425475,False,11.598871441923,11.596036668448452,-0.0028347734745484,-0.0028347734745506,Lesotho,True,1.0,1_nonreciprocal,0.0,0.0,1.0,0.0,0.0,149558.944,0.13,1149.09,0.0,0.0,0.0,True,never_reciprocal,0
LSO,1975,1978,Services,0.1998879576459205,0.2076733246713527,41.754519488279534,39.95610756268154,-0.3594808868138506,0.3110729622831263,False,11.598871441923,11.596036668448452,-0.0028347734745484,-0.0028347734745506,Lesotho,True,1.0,1_nonreciprocal,0.0,0.0,1.0,0.0,0.0,149558.944,0.13,1149.09,0.0,0.0,0.0,True,never_reciprocal,0
LSO,1978,1981,Agriculture,0.7359355699019289,0.7146569463829134,2.759274413731307,2.812543365777223,0.0392025165819896,-0.059847051411278,False,11.596036668448452,11.898872891947049,0.3028362234985948,0.3028362234985939,Lesotho,True,1.0,1_nonreciprocal,0.0,0.0,1.0,0.0,0.0,266570.0,0.215,1241.159,0.0,0.0,0.0,True,never_reciprocal,0
LSO,1978,1981,Manufacturing,0.0563911054267184,0.0578644802842296,22.47820418137168,23.236168079778498,0.0427424221047053,0.0342355858336509,False,11.596036668448452,11.898872891947049,0.3028362234985948,0.3028362234985939,Lesotho,True,1.0,1_nonreciprocal,0.0,0.0,1.0,0.0,0.0,266570.0,0.215,1241.159,0.0,0.0,0.0,True,never_reciprocal,0
LSO,1978,1981,Services,0.2076733246713527,0.2274785733328568,39.95610756268154,37.56099013490537,-0.497401999204576,0.7439047495941021,False,11.596036668448452,11.898872891947049,0.3028362234985948,0.3028362234985939,Lesotho,True,1.0,1_nonreciprocal,0.0,0.0,1.0,0.0,0.0,266570.0,0.215,1241.159,0.0,0.0,0.0,True,never_reciprocal,0
LSO,1981,1984,Agriculture,0.7146569463829134,0.6842518403680924,2.812543365777223,2.791403785641076,-0.0151075477879156,-0.0848729280325897,False,11.898872891947049,11.715945506858128,-0.1829273850889201,-0.1829273850889176,Lesotho,True,1.0,1_nonreciprocal,0.0,0.0,1.0,0.0,0.0,434174.016,0.324,1340.694,0.0,0.0,0.0,True,never_reciprocal,0
LSO,1981,1984,Manufacturing,0.0578644802842296,0.0611050201197975,23.236168079778498,17.770146398693424,-0.3162885037983192,0.0575848672888396,False,11.898872891947049,11.715945506858128,-0.1829273850889201,-0.1829273850889176,Lesotho,True,1.0,1_nonreciprocal,0.0,0.0,1.0,0.0,0.0,434174.016,0.324,1340.694,0.0,0.0,0.0,True,never_reciprocal,0
LSO,1981,1984,Services,0.2274785733328568,0.25464313951211,37.56099013490537,34.244304373588484,-0.7544749451777647,0.9302316724188322,False,11.898872891947049,11.715945506858128,-0.1829273850889201,-0.1829273850889176,Lesotho,True,1.0,1_nonreciprocal,0.0,0.0,1.0,0.0,0.0,434174.016,0.324,1340.694,0.0,0.0,0.0,True,never_reciprocal,0
LSO,1984,1987,Agriculture,0.6842518403680924,0.6633794790035784,2.791403785641076,2.977121318291205,0.1270775635044719,-0.0621395519813722,False,11.715945506858128,12.279246835831264,0.5633013289731359,0.5633013289731363,Lesotho,True,1.0,1_nonreciprocal,0.0,0.0,1.0,0.0,0.0,302993.856,0.211,1438.248,0.0,0.0,0.0,True,never_reciprocal,0
LSO,1984,1987,Manufacturing,0.0611050201197975,0.0635548569005013,17.770146398693424,18.789438630935116,0.0622838723590818,0.0460310578468416,False,11.715945506858128,12.279246835831264,0.5633013289731359,0.5633013289731363,Lesotho,True,1.0,1_nonreciprocal,0.0,0.0,1.0,0.0,0.0,302993.856,0.211,1438.248,0.0,0.0,0.0,True,never_reciprocal,0
LSO,1984,1987,Services,0.25464313951211,0.2730656640959201,34.244304373588484,33.36239872378403,-0.224571223419673,0.6146196106637862,False,11.715945506858128,12.279246835831264,0.5633013289731359,0.5633013289731363,Lesotho,True,1.0,1_nonreciprocal,0.0,0.0,1.0,0.0,0.0,302993.856,0.211,1438.248,0.0,0.0,0.0,True,never_reciprocal,0
LSO,1987,1990,Agriculture,0.6633794790035784,0.6662079390278197,2.977121318291205,3.2335527157204047,0.1701113268267421,0.009145974592692,False,12.279246835831264,16.21321190209231,3.933965066261049,3.933965066261049,Lesotho,True,1.0,1_nonreciprocal,0.0,0.0,1.0,0.0,0.0,369345.632,0.243,1520.244,0.0,0.0,0.0,True,never_reciprocal,0
LSO,1987,1990,Manufacturing,0.0635548569005013,0.0639491423837801,18.789438630935116,40.0905881311676,1.3537915083034624,0.015807136916227,False,12.279246835831264,16.21321190209231,3.933965066261049,3.933965066261049,Lesotho,True,1.0,1_nonreciprocal,0.0,0.0,1.0,0.0,0.0,369345.632,0.243,1520.244,0.0,0.0,0.0,True,never_reciprocal,0
LSO,1987,1990,Services,0.2730656640959201,0.2698429185884003,33.36239872378403,42.59972706750524,2.5223971986502955,-0.137288079028371,False,12.279246835831264,16.21321190209231,3.933965066261049,3.933965066261049,Lesotho,True,1.0,1_nonreciprocal,0.0,0.0,1.0,0.0,0.0,369345.632,0.243,1520.244,0.0,0.0,0.0,True,never_reciprocal,0
LSO,1990,1993,Agriculture,0.6662079390278197,0.6660014540878723,3.2335527157204047,3.262233721284153,0.0191075136058704,-0.0006736021340339,False,16.21321190209231,20.807604934550803,4.594393032458491,4.594393032458491,Lesotho,True,1.0,1_nonreciprocal,0.0,0.0,1.0,0.0,0.0,544578.752,0.341,1597.534,0.0,1.0,0.0,True,never_reciprocal,0
LSO,1990,1993,Manufacturing,0.0639491423837801,0.0652168461595303,40.0905881311676,64.43266197941183,1.5566547464378615,0.0816815288729364,False,16.21321190209231,20.807604934550803,4.594393032458491,4.594393032458491,Lesotho,True,1.0,1_nonreciprocal,0.0,0.0,1.0,0.0,0.0,544578.752,0.341,1597.534,0.0,1.0,0.0,True,never_reciprocal,0
LSO,1990,1993,Services,0.2698429185884003,0.2687816997525973,42.59972706750524,53.69732218348796,2.994607455409154,-0.0569846097332974,False,16.21321190209231,20.807604934550803,4.594393032458491,4.594393032458491,Lesotho,True,1.0,1_nonreciprocal,0.0,0.0,1.0,0.0,0.0,544578.752,0.341,1597.534,0.0,1.0,0.0,True,never_reciprocal,0
LSO,1993,1996,Agriculture,0.6660014540878723,0.6639307576601386,3.262233721284153,3.328143858187628,0.0438962470168447,-0.0068915755981326,False,20.807604934550803,25.752724649589474,4.945119715038672,4.945119715038668,Lesotho,True,1.0,1_nonreciprocal,0.0,0.0,1.0,0.0,0.0,721599.296,0.426,1693.459,0.0,1.0,0.0,True,never_reciprocal,0
LSO,1993,1996,Manufacturing,0.0652168461595303,0.0671692471967718,64.43266197941183,80.6602432191285,1.0583116692518828,0.1574811425251799,False,20.807604934550803,25.752724649589474,4.945119715038672,4.945119715038668,Lesotho,True,1.0,1_nonreciprocal,0.0,0.0,1.0,0.0,0.0,721599.296,0.426,1693.459,0.0,1.0,0.0,True,never_reciprocal,0
LSO,1993,1996,Services,0.2687816997525973,0.2688999951430895,53.69732218348796,67.40490921481313,3.6843485417862407,0.0079736900566528,False,20.807604934550803,25.752724649589474,4.945119715038672,4.945119715038668,Lesotho,True,1.0,1_nonreciprocal,0.0,0.0,1.0,0.0,0.0,721599.296,0.426,1693.459,0.0,1.0,0.0,True,never_reciprocal,0
LSO,1996,1999,Agriculture,0.6639307576601386,0.6889026282758381,3.328143858187628,3.524357777702051,0.1302724562466763,0.0880098064282098,False,25.752724649589474,23.52050634684097,-2.2322183027485,-2.2322183027484925,Lesotho,True,1.0,1_nonreciprocal,0.0,0.0,1.0,0.0,0.0,815937.472,0.459,1779.197,1.0,1.0,0.0,True,never_reciprocal,0
LSO,1996,1999,Manufacturing,0.0671692471967718,0.0696086592500629,80.6602432191285,64.2614362757777,-1.1014955173100691,0.1567601222129298,False,25.752724649589474,23.52050634684097,-2.2322183027485,-2.2322183027484925,Lesotho,True,1.0,1_nonreciprocal,0.0,0.0,1.0,0.0,0.0,815937.472,0.459,1779.197,1.0,1.0,0.0,True,never_reciprocal,0
LSO,1996,1999,Services,0.2688999951430895,0.2414887124740988,67.40490921481313,68.82066834465373,0.3806976231379205,-1.88646279346416,False,25.752724649589474,23.52050634684097,-2.2322183027485,-2.2322183027484925,Lesotho,True,1.0,1_nonreciprocal,0.0,0.0,1.0,0.0,0.0,815937.472,0.459,1779.197,1.0,1.0,0.0,True,never_reciprocal,0
LSO,1999,2002,Agriculture,0.6889026282758381,0.706776471311732,3.524357777702051,2.273819116080773,-0.861499370751447,0.0406418859728427,False,23.52050634684097,23.11799689963898,-0.402509447201993,-0.402509447201998,Lesotho,True,1.0,1_nonreciprocal,0.0,0.0,1.0,0.0,0.0,801540.672,0.436,1839.611,1.0,1.0,0.0,True,never_reciprocal,0
LSO,1999,2002,Manufacturing,0.0696086592500629,0.0730674641528594,64.2614362757777,78.14411890562478,0.9663549246577936,0.2702852615954833,False,23.52050634684097,23.11799689963898,-0.402509447201993,-0.402509447201998,Lesotho,True,1.0,1_nonreciprocal,0.0,0.0,1.0,0.0,0.0,801540.672,0.436,1839.611,1.0,1.0,0.0,True,never_reciprocal,0
LSO,1999,2002,Services,0.2414887124740988,0.2201560645354085,68.82066834465373,71.77236963617403,0.7128025444973739,-1.5310946931740443,False,23.52050634684097,23.11799689963898,-0.402509447201993,-0.402509447201998,Lesotho,True,1.0,1_nonreciprocal,0.0,0.0,1.0,0.0,0.0,801540.672,0.436,1839.611,1.0,1.0,0.0,True,never_reciprocal,0
LSO,2002,2005,Agriculture,0.706776471311732,0.718650029569654,2.273819116080773,2.025399484502324,-0.1755771506115769,0.0240486987748033,False,23.11799689963898,21.96746707363992,-1.1505298259990653,-1.1505298259990655,Lesotho,True,1.0,1_nonreciprocal,0.0,0.0,1.0,0.0,0.0,656750.016,0.348,1885.487,1.0,1.0,0.0,True,never_reciprocal,0
LSO,2002,2005,Manufacturing,0.0730674641528594,0.0776152259833399,78.14411890562478,72.04694451394629,-0.4455050712977006,0.3276523442632774,False,23.11799689963898,21.96746707363992,-1.1505298259990653,-1.1505298259990655,Lesotho,True,1.0,1_nonreciprocal,0.0,0.0,1.0,0.0,0.0,656750.016,0.348,1885.487,1.0,1.0,0.0,True,never_reciprocal,0
LSO,2002,2005,Services,0.2201560645354085,0.2037347444470061,71.77236963617403,73.23234843840652,0.3214231874046233,-1.202571834532492,False,23.11799689963898,21.96746707363992,-1.1505298259990653,-1.1505298259990655,Lesotho,True,1.0,1_nonreciprocal,0.0,0.0,1.0,0.0,0.0,656750.016,0.348,1885.487,1.0,1.0,0.0,True,never_reciprocal,0
LSO,2005,2008,Agriculture,0.718650029569654,0.7099749678383453,2.025399484502324,2.0427407863286504,0.0124623270702656,-0.0177209024224629,False,21.96746707363992,24.016685255284308,2.049218181644392,2.0492181816443944,Lesotho,True,1.0,1_nonreciprocal,0.0,0.0,1.0,0.0,0.0,1368346.496,0.711,1925.844,1.0,1.0,1.0,True,switched_during_interval,1
LSO,2005,2008,Manufacturing,0.0776152259833399,0.0837571992178857,72.04694451394629,83.27393753080365,0.8713856001167642,0.511466295449431,False,21.96746707363992,24.016685255284308,2.049218181644392,2.0492181816443944,Lesotho,True,1.0,1_nonreciprocal,0.0,0.0,1.0,0.0,0.0,1368346.496,0.711,1925.844,1.0,1.0,1.0,True,switched_during_interval,1
LSO,2005,2008,Services,0.2037347444470061,0.2062678329437689,73.23234843840652,75.58909420468733,0.4801509964197843,0.1914738650106121,False,21.96746707363992,24.016685255284308,2.049218181644392,2.0492181816443944,Lesotho,True,1.0,1_nonreciprocal,0.0,0.0,1.0,0.0,0.0,1368346.496,0.711,1925.844,1.0,1.0,1.0,True,switched_during_interval,1
LSO,2008,2011,Agriculture,0.7099749678383453,0.6903713897525529,2.0427407863286504,2.115497833827692,0.0516556824581448,-0.041471326975766,False,24.016685255284308,26.69500266663208,2.67831741134777,2.678317411347771,Lesotho,True,3.0,3_fta,1.0,1.0,0.0,0.0008776590550092,0.0235960043450332,1630667.648,0.827,1972.199,1.0,1.0,1.0,True,always_reciprocal,1
LSO,2008,2011,Manufacturing,0.0837571992178857,0.0884251145739755,83.27393753080365,80.03134279172454,-0.2715906535439172,0.3735795339859781,False,24.016685255284308,26.69500266663208,2.67831741134777,2.678317411347771,Lesotho,True,3.0,3_fta,1.0,1.0,0.0,0.0008776590550092,0.0235960043450332,1630667.648,0.827,1972.199,1.0,1.0,1.0,True,always_reciprocal,1
LSO,2008,2011,Services,0.2062678329437689,0.2212034956734716,75.58909420468733,82.08614776147137,1.3401331576774498,1.2260110177458814,False,24.016685255284308,26.69500266663208,2.67831741134777,2.678317411347771,Lesotho,True,3.0,3_fta,1.0,1.0,0.0,0.0008776590550092,0.0235960043450332,1630667.648,0.827,1972.199,1.0,1.0,1.0,True,always_reciprocal,1
LSO,2011,2014,Agriculture,0.6903713897525529,0.6809953833463038,2.115497833827692,2.496586127410435,0.2630924548591472,-0.0234080075243526,False,26.69500266663208,28.633528400462083,1.938525733830005,1.9385257338300037,Lesotho,True,3.0,3_fta,1.0,1.0,0.0,0.2709856917408099,0.4052172146582293,2487353.088,1.226,2029.516,1.0,1.0,1.0,True,always_reciprocal,1
LSO,2011,2014,Manufacturing,0.0884251145739755,0.0904842773387808,80.03134279172454,67.88135415998815,-1.0743641368337908,0.1397787569108102,False,26.69500266663208,28.633528400462083,1.938525733830005,1.9385257338300037,Lesotho,True,3.0,3_fta,1.0,1.0,0.0,0.2709856917408099,0.4052172146582293,2487353.088,1.226,2029.516,1.0,1.0,1.0,True,always_reciprocal,1
LSO,2011,2014,Services,0.2212034956734716,0.2285203393149153,82.08614776147137,90.98170237255442,1.9677277759258416,0.6656988904923474,False,26.69500266663208,28.633528400462083,1.938525733830005,1.9385257338300037,Lesotho,True,3.0,3_fta,1.0,1.0,0.0,0.2709856917408099,0.4052172146582293,2487353.088,1.226,2029.516,1.0,1.0,1.0,True,always_reciprocal,1
LSO,2014,2017,Agriculture,0.6809953833463038,0.6714688209900556,2.496586127410435,2.784608384787223,0.1961418275745736,-0.0265277454154072,False,28.633528400462083,27.836998277751803,-0.7965301227102799,-0.7965301227102811,Lesotho,True,3.0,3_fta,1.0,1.0,0.0,0.4588728128516342,0.3971537725985979,2520952.32,1.175,2145.785,1.0,1.0,1.0,True,always_reciprocal,1
LSO,2014,2017,Manufacturing,0.0904842773387808,0.0931429856727233,67.88135415998815,65.75623323712904,-0.1922900309624297,0.1748266453162205,False,28.633528400462083,27.836998277751803,-0.7965301227102799,-0.7965301227102811,Lesotho,True,3.0,3_fta,1.0,1.0,0.0,0.4588728128516342,0.3971537725985979,2520952.32,1.175,2145.785,1.0,1.0,1.0,True,always_reciprocal,1
LSO,2014,2017,Services,0.2285203393149153,0.235388193337221,90.98170237255442,84.29687316548991,-1.5276194386606383,0.5789386194374003,False,28.633528400462083,27.836998277751803,-0.7965301227102799,-0.7965301227102811,Lesotho,True,3.0,3_fta,1.0,1.0,0.0,0.4588728128516342,0.3971537725985979,2520952.32,1.175,2145.785,1.0,1.0,1.0,True,always_reciprocal,1
MAR,1972,1975,Agriculture,0.6230155430480361,0.6115480587501972,23.21677344660368,19.89808944293097,-2.0675917167529847,-0.2281810282438036,False,57.59005365731511,64.91999298352961,7.3299393262145,7.329939326214497,Morocco,True,1.0,1_nonreciprocal,0.0,0.0,1.0,0.0,0.0,5074117.632,0.305,16611.971,0.0,0.0,0.0,True,never_reciprocal,0
MAR,1972,1975,Manufacturing,0.1405837837711434,0.1473677589441964,136.65299523797657,158.49483312715975,3.0706082149772964,1.0752250129918275,False,57.59005365731511,64.91999298352961,7.3299393262145,7.329939326214497,Morocco,True,1.0,1_nonreciprocal,0.0,0.0,1.0,0.0,0.0,5074117.632,0.305,16611.971,0.0,0.0,0.0,True,never_reciprocal,0
MAR,1972,1975,Services,0.2364006731808205,0.2410841823056063,101.16065865916288,121.9255712613374,4.908839317694963,0.5710395255471978,False,57.59005365731511,64.91999298352961,7.3299393262145,7.329939326214497,Morocco,True,1.0,1_nonreciprocal,0.0,0.0,1.0,0.0,0.0,5074117.632,0.305,16611.971,0.0,0.0,0.0,True,never_reciprocal,0
MAR,1975,1978,Agriculture,0.6115480587501972,0.588836439324374,19.89808944293097,23.374580484811684,2.126041347924601,-0.5308745762093176,False,64.91999298352961,74.23453979261781,9.3145468090882,9.314546809088192,Morocco,True,1.0,1_nonreciprocal,0.0,0.0,1.0,0.0,0.0,8984823.808,0.508,17685.326,0.0,0.0,0.0,True,never_reciprocal,0
MAR,1975,1978,Manufacturing,0.1473677589441964,0.159628356618892,158.49483312715975,161.85850314004304,0.4956965116264067,1.9844819872285293,False,64.91999298352961,74.23453979261781,9.3145468090882,9.314546809088192,Morocco,True,1.0,1_nonreciprocal,0.0,0.0,1.0,0.0,0.0,8984823.808,0.508,17685.326,0.0,0.0,0.0,True,never_reciprocal,0
MAR,1975,1978,Services,0.2410841823056063,0.2515352040567338,121.9255712613374,137.68859241026888,3.800215064356124,1.4389864741618488,False,64.91999298352961,74.23453979261781,9.3145468090882,9.314546809088192,Morocco,True,1.0,1_nonreciprocal,0.0,0.0,1.0,0.0,0.0,8984823.808,0.508,17685.326,0.0,0.0,0.0,True,never_reciprocal,0
MAR,1978,1981,Agriculture,0.588836439324374,0.5570754531086166,23.374580484811684,17.197464935731887,-3.637310725215373,-0.5462084467697518,False,74.23453979261781,70.94001373395197,-3.294526058665838,-3.294526058665832,Morocco,True,1.0,1_nonreciprocal,0.0,0.0,1.0,0.0,0.0,13236853.76,0.7,18900.97,0.0,0.0,0.0,True,never_reciprocal,0
MAR,1978,1981,Manufacturing,0.159628356618892,0.1779076651047177,161.85850314004304,140.14546998692515,-3.466015799443729,2.561762278782025,False,74.23453979261781,70.94001373395197,-3.294526058665838,-3.294526058665832,Morocco,True,1.0,1_nonreciprocal,0.0,0.0,1.0,0.0,0.0,13236853.76,0.7,18900.97,0.0,0.0,0.0,True,never_reciprocal,0
MAR,1978,1981,Services,0.2515352040567338,0.2650168817866656,137.68859241026888,137.45077134937165,-0.0598203690817742,1.8530670030627727,False,74.23453979261781,70.94001373395197,-3.294526058665838,-3.294526058665832,Morocco,True,1.0,1_nonreciprocal,0.0,0.0,1.0,0.0,0.0,13236853.76,0.7,18900.97,0.0,0.0,0.0,True,never_reciprocal,0
MAR,1981,1984,Agriculture,0.5570754531086166,0.5248300762827051,17.197464935731887,20.91450390144612,2.0706711660476387,-0.6743960594291274,False,70.94001373395197,73.80964878382008,2.8696350498681085,2.8696350498681,Morocco,True,1.0,1_nonreciprocal,0.0,0.0,1.0,0.0,0.0,17108443.136,0.844,20274.839,0.0,0.0,0.0,True,never_reciprocal,0
MAR,1981,1984,Manufacturing,0.1779076651047177,0.1988887581034831,140.14546998692515,119.1881614827862,-3.728465822850608,2.50069790042221,False,70.94001373395197,73.80964878382008,2.8696350498681085,2.8696350498681,Morocco,True,1.0,1_nonreciprocal,0.0,0.0,1.0,0.0,0.0,17108443.136,0.844,20274.839,0.0,0.0,0.0,True,never_reciprocal,0
MAR,1981,1984,Services,0.2650168817866656,0.2762811656138117,137.45077134937165,141.62348924846276,1.105840686192533,1.595287179485453,False,70.94001373395197,73.80964878382008,2.8696350498681085,2.8696350498681,Morocco,True,1.0,1_nonreciprocal,0.0,0.0,1.0,0.0,0.0,17108443.136,0.844,20274.839,0.0,0.0,0.0,True,never_reciprocal,0
MAR,1984,1987,Agriculture,0.5248300762827051,0.4493839636928418,20.91450390144612,25.147479204808565,2.22159275136652,-1.897279547437231,False,73.80964878382008,70.6775878342398,-3.1320609495802785,-3.1320609495802767,Morocco,True,1.0,1_nonreciprocal,0.0,0.0,1.0,0.0,0.0,14171045.888,0.651,21776.104,0.0,0.0,0.0,True,never_reciprocal,0
MAR,1984,1987,Manufacturing,0.1988887581034831,0.2512138650485963,119.1881614827862,83.44970206119342,-7.107977810892312,4.366514584889772,False,73.80964878382008,70.6775878342398,-3.1320609495802785,-3.1320609495802767,Morocco,True,1.0,1_nonreciprocal,0.0,0.0,1.0,0.0,0.0,14171045.888,0.651,21776.104,0.0,0.0,0.0,True,never_reciprocal,0
MAR,1984,1987,Services,0.2762811656138117,0.2994021712585619,141.62348924846276,128.29897525085138,-3.681312258497621,2.966401330990597,False,73.80964878382008,70.6775878342398,-3.1320609495802785,-3.1320609495802767,Morocco,True,1.0,1_nonreciprocal,0.0,0.0,1.0,0.0,0.0,14171045.888,0.651,21776.104,0.0,0.0,0.0,True,never_reciprocal,0
MAR,1987,1990,Agriculture,0.4493839636928418,0.4356672387290325,25.147479204808565,31.89538302419803,3.0323997649753034,-0.4375001965582754,False,70.6775878342398,79.61511812385831,8.937530289618508,8.937530289618508,Morocco,True,1.0,1_nonreciprocal,0.0,0.0,1.0,0.0,0.0,20656951.296,0.888,23260.094,0.0,1.0,0.0,True,never_reciprocal,0
MAR,1987,1990,Manufacturing,0.2512138650485963,0.2324429965681443,83.44970206119342,97.9636477997751,3.646104406094708,-1.8388627487148947,False,70.6775878342398,79.61511812385831,8.937530289618508,8.937530289618508,Morocco,True,1.0,1_nonreciprocal,0.0,0.0,1.0,0.0,0.0,20656951.296,0.888,23260.094,0.0,1.0,0.0,True,never_reciprocal,0
MAR,1987,1990,Services,0.2994021712585619,0.3318897647028231,128.29897525085138,129.4055598931513,0.3313138445859713,4.204075219235695,False,70.6775878342398,79.61511812385831,8.937530289618508,8.937530289618508,Morocco,True,1.0,1_nonreciprocal,0.0,0.0,1.0,0.0,0.0,20656951.296,0.888,23260.094,0.0,1.0,0.0,True,never_reciprocal,0
MAR,1990,1993,Agriculture,0.4356672387290325,0.4148832406565476,31.89538302419803,22.76284657473024,-3.978746937531875,-0.4731029593334636,False,79.61511812385831,75.51792510110609,-4.097193022752222,-4.097193022752215,Morocco,True,1.0,1_nonreciprocal,0.0,0.0,1.0,0.0,0.0,28839383.04,1.169,24674.974,0.0,1.0,0.0,True,never_reciprocal,0
MAR,1990,1993,Manufacturing,0.2324429965681443,0.2370077641027351,97.9636477997751,89.24120247132612,-2.027471329546493,0.4073653437889549,False,79.61511812385831,75.51792510110609,-4.097193022752222,-4.097193022752215,Morocco,True,1.0,1_nonreciprocal,0.0,0.0,1.0,0.0,0.0,28839383.04,1.169,24674.974,0.0,1.0,0.0,True,never_reciprocal,0
MAR,1990,1993,Services,0.3318897647028231,0.3481089952407172,129.4055598931513,129.04907456637653,-0.1183138312232839,2.093076691093946,False,79.61511812385831,75.51792510110609,-4.097193022752222,-4.097193022752215,Morocco,True,1.0,1_nonreciprocal,0.0,0.0,1.0,0.0,0.0,28839383.04,1.169,24674.974,0.0,1.0,0.0,True,never_reciprocal,0
MAR,1993,1996,Agriculture,0.4148832406565476,0.4055690293607448,22.76284657473024,34.304780006444666,4.788554745591829,-0.3195219694360584,False,75.51792510110609,79.02888589100351,3.5109607898974247,3.5109607898974198,Morocco,True,1.0,1_nonreciprocal,0.0,0.0,1.0,0.0,0.0,30137110.528,1.159,26000.345,0.0,1.0,0.0,True,never_reciprocal,0
MAR,1993,1996,Manufacturing,0.2370077641027351,0.2312956378897523,89.24120247132612,91.7654433525936,0.5982646873259218,-0.5241757944203416,False,75.51792510110609,79.02888589100351,3.5109607898974247,3.5109607898974198,Morocco,True,1.0,1_nonreciprocal,0.0,0.0,1.0,0.0,0.0,30137110.528,1.159,26000.345,0.0,1.0,0.0,True,never_reciprocal,0
MAR,1993,1996,Services,0.3481089952407172,0.3631353327495029,129.04907456637653,120.86673712678508,-2.848345264816687,1.816184385652756,False,75.51792510110609,79.02888589100351,3.5109607898974247,3.5109607898974198,Morocco,True,1.0,1_nonreciprocal,0.0,0.0,1.0,0.0,0.0,30137110.528,1.159,26000.345,0.0,1.0,0.0,True,never_reciprocal,0
MAR,1996,1999,Agriculture,0.4055690293607448,0.3932488099797103,34.304780006444666,26.126409542959586,-3.3168937706282287,-0.321883097208014,False,79.02888589100351,76.5516932491162,-2.4771926418873136,-2.47719264188732,Morocco,True,1.0,1_nonreciprocal,0.0,0.0,1.0,0.0,0.0,41383907.328,1.519,27237.15,1.0,1.0,0.0,True,never_reciprocal,0
MAR,1996,1999,Manufacturing,0.2312956378897523,0.2348667538949839,91.7654433525936,91.53465372075372,-0.0533806351147468,0.3268808669355163,False,79.02888589100351,76.5516932491162,-2.4771926418873136,-2.47719264188732,Morocco,True,1.0,1_nonreciprocal,0.0,0.0,1.0,0.0,0.0,41383907.328,1.519,27237.15,1.0,1.0,0.0,True,never_reciprocal,0
MAR,1996,1999,Services,0.3631353327495029,0.3718844361253057,120.86673712678508,120.41124190505712,-0.1654064089079905,1.0534904030361445,False,79.02888589100351,76.5516932491162,-2.4771926418873136,-2.47719264188732,Morocco,True,1.0,1_nonreciprocal,0.0,0.0,1.0,0.0,0.0,41383907.328,1.519,27237.15,1.0,1.0,0.0,True,never_reciprocal,0
MAR,1999,2002,Agriculture,0.3932488099797103,0.3844734364748418,26.126409542959586,27.07323003963407,0.3723360335816389,-0.237577705581015,False,76.5516932491162,79.0265103826589,2.4748171335427003,2.474817133542695,Morocco,True,1.0,1_nonreciprocal,0.0,0.0,1.0,0.0,0.0,39734022.144,1.4,28374.203,1.0,1.0,1.0,True,switched_during_interval,1
MAR,1999,2002,Manufacturing,0.2348667538949839,0.2357572511255513,91.53465372075372,92.99084392945066,0.3420106673703124,0.0828080889873026,False,76.5516932491162,79.0265103826589,2.4748171335427003,2.474817133542695,Morocco,True,1.0,1_nonreciprocal,0.0,0.0,1.0,0.0,0.0,39734022.144,1.4,28374.203,1.0,1.0,1.0,True,switched_during_interval,1
MAR,1999,2002,Services,0.3718844361253057,0.3797693123996069,120.41124190505712,122.95439711321642,0.9457598405654578,0.9694802086189984,False,76.5516932491162,79.0265103826589,2.4748171335427003,2.474817133542695,Morocco,True,1.0,1_nonreciprocal,0.0,0.0,1.0,0.0,0.0,39734022.144,1.4,28374.203,1.0,1.0,1.0,True,switched_during_interval,1
MAR,2002,2005,Agriculture,0.3844734364748418,0.3902625730342278,27.07323003963407,28.470057256334933,0.5370429601665696,0.1648170493104599,False,79.0265103826589,87.2326314731296,8.206121090470702,8.206121090470711,Morocco,True,3.0,3_fta,1.0,1.0,0.0,0.8622816802395976,0.3541873137889309,40416116.736,1.379,29311.443,1.0,1.0,1.0,True,always_reciprocal,1
MAR,2002,2005,Manufacturing,0.2357572511255513,0.232054026514032,92.99084392945066,102.23144289010946,2.1785382097185453,-0.3785859953817815,False,79.0265103826589,87.2326314731296,8.206121090470702,8.206121090470711,Morocco,True,3.0,3_fta,1.0,1.0,0.0,0.8622816802395976,0.3541873137889309,40416116.736,1.379,29311.443,1.0,1.0,1.0,True,always_reciprocal,1
MAR,2002,2005,Services,0.3797693123996069,0.3776834004517401,122.95439711321642,138.7368776392563,5.9937017773343655,-0.2893929106774487,False,79.0265103826589,87.2326314731296,8.206121090470702,8.206121090470711,Morocco,True,3.0,3_fta,1.0,1.0,0.0,0.8622816802395976,0.3541873137889309,40416116.736,1.379,29311.443,1.0,1.0,1.0,True,always_reciprocal,1
MAR,2005,2008,Agriculture,0.3902625730342278,0.381183380792603,28.470057256334933,30.68103939180436,0.8628635771210109,-0.2785590548110547,False,87.2326314731296,93.6649777236804,6.432346250550793,6.432346250550795,Morocco,True,3.0,3_fta,1.0,1.0,0.0,0.89079996501477,0.4035412801259514,59523858.432,1.976,30125.444,1.0,1.0,1.0,True,always_reciprocal,1
MAR,2005,2008,Manufacturing,0.232054026514032,0.2341019513470065,102.23144289010946,106.54871770851707,1.001841005179126,0.2182037649168651,False,87.2326314731296,93.6649777236804,6.432346250550793,6.432346250550795,Morocco,True,3.0,3_fta,1.0,1.0,0.0,0.89079996501477,0.4035412801259514,59523858.432,1.976,30125.444,1.0,1.0,1.0,True,always_reciprocal,1
MAR,2005,2008,Services,0.3776834004517401,0.3847146678603904,138.7368776392563,148.2309291458849,3.585745657087438,1.0422513010574104,False,87.2326314731296,93.6649777236804,6.432346250550793,6.432346250550795,Morocco,True,3.0,3_fta,1.0,1.0,0.0,0.89079996501477,0.4035412801259514,59523858.432,1.976,30125.444,1.0,1.0,1.0,True,always_reciprocal,1
MAR,2008,2011,Agriculture,0.381183380792603,0.364970893077389,30.68103939180436,38.91320571554068,3.1379649905288227,-0.6308798696227983,False,93.6649777236804,97.32248059057062,3.6575028668902254,3.65750286689023,Morocco,True,3.0,3_fta,1.0,1.0,0.0,0.9218981262054524,0.7781015492475022,88882970.624,2.871,30955.151,1.0,1.0,1.0,True,always_reciprocal,1
MAR,2008,2011,Manufacturing,0.2341019513470065,0.2334114308639358,106.54871770851707,104.88484318593312,-0.3895162725334756,-0.0724251325835475,False,93.6649777236804,97.32248059057062,3.6575028668902254,3.65750286689023,Morocco,True,3.0,3_fta,1.0,1.0,0.0,0.9218981262054524,0.7781015492475022,88882970.624,2.871,30955.151,1.0,1.0,1.0,True,always_reciprocal,1
MAR,2008,2011,Services,0.3847146678603904,0.4016176760586751,148.2309291458849,146.00694969294733,-0.8555975165652047,2.4679566676664333,False,93.6649777236804,97.32248059057062,3.6575028668902254,3.65750286689023,Morocco,True,3.0,3_fta,1.0,1.0,0.0,0.9218981262054524,0.7781015492475022,88882970.624,2.871,30955.151,1.0,1.0,1.0,True,always_reciprocal,1
MAR,2011,2014,Agriculture,0.364970893077389,0.3614650234335648,38.91320571554068,40.83857296214261,0.7027030034942597,-0.1431747132450759,False,97.32248059057062,104.10074618263752,6.7782655920669015,6.77826559206691,Morocco,True,3.0,3_fta,1.0,1.0,0.0,0.933940552757054,0.7442794988559724,99211337.728,3.095,32059.425,1.0,1.0,1.0,True,always_reciprocal,1
MAR,2011,2014,Manufacturing,0.2334114308639358,0.2344284617065114,104.88484318593312,107.19307145384644,0.5387668627742292,0.1090186597789684,False,97.32248059057062,104.10074618263752,6.7782655920669015,6.77826559206691,Morocco,True,3.0,3_fta,1.0,1.0,0.0,0.933940552757054,0.7442794988559724,99211337.728,3.095,32059.425,1.0,1.0,1.0,True,always_reciprocal,1
MAR,2011,2014,Services,0.4016176760586751,0.4041065148599238,146.00694969294733,158.8935620738981,5.175491316706397,0.3954604625581319,False,97.32248059057062,104.10074618263752,6.7782655920669015,6.77826559206691,Morocco,True,3.0,3_fta,1.0,1.0,0.0,0.933940552757054,0.7442794988559724,99211337.728,3.095,32059.425,1.0,1.0,1.0,True,always_reciprocal,1
MAR,2014,2017,Agriculture,0.3614650234335648,0.3572174429116745,40.83857296214261,45.736241763235626,1.7703359679569273,-0.1942683696579819,False,104.10074618263752,112.63073526026902,8.529989077631498,8.529989077631493,Morocco,True,3.0,3_fta,1.0,1.0,0.0,0.9423446227455567,0.764416394117871,109881401.344,3.202,34318.081,1.0,1.0,1.0,True,always_reciprocal,1
MAR,2014,2017,Manufacturing,0.2344284617065114,0.234658669720284,107.19307145384644,114.11174611349117,1.6219342575083335,0.0262694384209135,False,104.10074618263752,112.63073526026902,8.529989077631498,8.529989077631493,Morocco,True,3.0,3_fta,1.0,1.0,0.0,0.9423446227455567,0.764416394117871,109881401.344,3.202,34318.081,1.0,1.0,1.0,True,always_reciprocal,1
MAR,2014,2017,Services,0.4041065148599238,0.4081238873680414,158.8935620738981,170.3297541221272,4.621439711878642,0.6842780715246587,False,104.10074618263752,112.63073526026902,8.529989077631498,8.529989077631493,Morocco,True,3.0,3_fta,1.0,1.0,0.0,0.9423446227455567,0.764416394117871,109881401.344,3.202,34318.081,1.0,1.0,1.0,True,always_reciprocal,1
MOZ,1972,1975,Agriculture,0.8461928101177859,0.8612952676389158,12.742942602143728,10.430849344881404,-1.956476690617191,0.1575314591403773,False,23.010020394455616,18.438430131867637,-4.571590262587982,-4.571590262587982,Mozambique,True,1.0,1_nonreciprocal,0.0,0.0,1.0,0.0,0.0,,,9882.718,0.0,0.0,0.0,True,never_reciprocal,0
MOZ,1972,1975,Manufacturing,0.0311630027324255,0.0245884980218883,41.877425133056576,43.75717449263224,0.0585786344287314,-0.2876817498216054,False,23.010020394455616,18.438430131867637,-4.571590262587982,-4.571590262587982,Mozambique,True,1.0,1_nonreciprocal,0.0,0.0,1.0,0.0,0.0,,,9882.718,0.0,0.0,0.0,True,never_reciprocal,0
MOZ,1972,1975,Services,0.1226441871497885,0.1141162343391957,89.05442585379319,73.42045418627623,-1.9174157470854407,-0.6261261686328528,False,23.010020394455616,18.438430131867637,-4.571590262587982,-4.571590262587982,Mozambique,True,1.0,1_nonreciprocal,0.0,0.0,1.0,0.0,0.0,,,9882.718,0.0,0.0,0.0,True,never_reciprocal,0
MOZ,1975,1978,Agriculture,0.8612952676389158,0.8742112778639091,10.430849344881404,8.17102055611893,-1.946379841435301,0.1055369850514619,False,18.438430131867637,14.653871780292867,-3.784558351574765,-3.784558351574764,Mozambique,True,1.0,1_nonreciprocal,0.0,0.0,1.0,0.0,0.0,2833999.872,0.267,10620.26,0.0,0.0,0.0,True,never_reciprocal,0
MOZ,1975,1978,Manufacturing,0.0245884980218883,0.0196556859401231,43.75717449263224,49.852052161517214,0.1498638875050299,-0.245910805203124,False,18.438430131867637,14.653871780292867,-3.784558351574765,-3.784558351574764,Mozambique,True,1.0,1_nonreciprocal,0.0,0.0,1.0,0.0,0.0,2833999.872,0.267,10620.26,0.0,0.0,0.0,True,never_reciprocal,0
MOZ,1975,1978,Services,0.1141162343391957,0.1061330361959677,73.42045418627623,61.53406528067056,-1.356429941798913,-0.4912386356939178,False,18.438430131867637,14.653871780292867,-3.784558351574765,-3.784558351574764,Mozambique,True,1.0,1_nonreciprocal,0.0,0.0,1.0,0.0,0.0,2833999.872,0.267,10620.26,0.0,0.0,0.0,True,never_reciprocal,0
MOZ,1978,1981,Agriculture,0.8742112778639091,0.8801583305814553,8.17102055611893,4.137395424531587,-3.52624058070895,0.024605308703024,False,14.653871780292867,10.150841508905245,-4.503030271387624,-4.503030271387624,Mozambique,True,1.0,1_nonreciprocal,0.0,0.0,1.0,0.0,0.0,3295300.096,0.286,11527.369,0.0,0.0,0.0,True,never_reciprocal,0
MOZ,1978,1981,Manufacturing,0.0196556859401231,0.0170021384251822,49.852052161517214,57.62566830079575,0.1527957574527313,-0.1529124489163866,False,14.653871780292867,10.150841508905245,-4.503030271387624,-4.503030271387624,Mozambique,True,1.0,1_nonreciprocal,0.0,0.0,1.0,0.0,0.0,3295300.096,0.286,11527.369,0.0,0.0,0.0,True,never_reciprocal,0
MOZ,1978,1981,Services,0.1061330361959677,0.1028395309933625,61.53406528067056,53.76841780965817,-0.8241917441260838,-0.1770865637919592,False,14.653871780292867,10.150841508905245,-4.503030271387624,-4.503030271387624,Mozambique,True,1.0,1_nonreciprocal,0.0,0.0,1.0,0.0,0.0,3295300.096,0.286,11527.369,0.0,0.0,0.0,True,never_reciprocal,0
MOZ,1981,1984,Agriculture,0.8801583305814553,0.8742868294557578,4.137395424531587,3.1028291421120167,-0.9105821320102718,-0.0182182648007579,False,10.150841508905245,8.209030761670796,-1.9418107472344488,-1.9418107472344497,Mozambique,True,1.0,1_nonreciprocal,0.0,0.0,1.0,0.0,0.0,3532146.176,0.284,12438.624,0.0,0.0,0.0,True,never_reciprocal,0
MOZ,1981,1984,Manufacturing,0.0170021384251822,0.016909011993556,57.62566830079575,63.80732176490037,0.1051013278932138,-0.0059421481875878,False,10.150841508905245,8.209030761670796,-1.9418107472344488,-1.9418107472344497,Mozambique,True,1.0,1_nonreciprocal,0.0,0.0,1.0,0.0,0.0,3532146.176,0.284,12438.624,0.0,0.0,0.0,True,never_reciprocal,0
MOZ,1981,1984,Services,0.1028395309933625,0.1088041585506863,53.76841780965817,40.59908553599579,-1.3543279545191915,0.2421584243901459,False,10.150841508905245,8.209030761670796,-1.9418107472344488,-1.9418107472344497,Mozambique,True,1.0,1_nonreciprocal,0.0,0.0,1.0,0.0,0.0,3532146.176,0.284,12438.624,0.0,0.0,0.0,True,never_reciprocal,0
MOZ,1984,1987,Agriculture,0.8742868294557578,0.8668231535972734,3.1028291421120167,3.471171347277034,0.322036738708465,-0.0259076977853343,False,8.209030761670796,9.46135295089015,1.2523221892193543,1.2523221892193543,Mozambique,True,1.0,1_nonreciprocal,0.0,0.0,1.0,0.0,0.0,3372771.584,0.255,13200.833,0.0,0.0,0.0,True,never_reciprocal,0
MOZ,1984,1987,Manufacturing,0.016909011993556,0.017006540244972,63.80732176490037,71.85765824628552,0.1361232361159032,0.0070081517596063,False,8.209030761670796,9.46135295089015,1.2523221892193543,1.2523221892193543,Mozambique,True,1.0,1_nonreciprocal,0.0,0.0,1.0,0.0,0.0,3372771.584,0.255,13200.833,0.0,0.0,0.0,True,never_reciprocal,0
MOZ,1984,1987,Services,0.1088041585506863,0.1161703061577546,40.59908553599579,45.02364909832799,0.4814109153535818,0.3316508450671322,False,8.209030761670796,9.46135295089015,1.2523221892193543,1.2523221892193543,Mozambique,True,1.0,1_nonreciprocal,0.0,0.0,1.0,0.0,0.0,3372771.584,0.255,13200.833,0.0,0.0,0.0,True,never_reciprocal,0
MOZ,1987,1990,Agriculture,0.8668231535972734,0.8576453261440602,3.471171347277034,4.60883388806307,0.9861522313336384,-0.0422990821851643,False,9.46135295089015,10.796975387362238,1.3356224364720877,1.3356224364720866,Mozambique,True,1.0,1_nonreciprocal,0.0,0.0,1.0,0.0,0.0,2353864.192,0.176,13374.618,0.0,0.0,0.0,True,never_reciprocal,0
MOZ,1987,1990,Manufacturing,0.017006540244972,0.0172856709027942,71.85765824628552,81.28026620427651,0.1602459614501672,0.022687814173571,False,9.46135295089015,10.796975387362238,1.3356224364720877,1.3356224364720866,Mozambique,True,1.0,1_nonreciprocal,0.0,0.0,1.0,0.0,0.0,2353864.192,0.176,13374.618,0.0,0.0,0.0,True,never_reciprocal,0
MOZ,1987,1990,Services,0.1161703061577546,0.1250690029531454,45.02364909832799,43.489965405973976,-0.178168504089921,0.3870040157897952,False,9.46135295089015,10.796975387362238,1.3356224364720877,1.3356224364720866,Mozambique,True,1.0,1_nonreciprocal,0.0,0.0,1.0,0.0,0.0,2353864.192,0.176,13374.618,0.0,0.0,0.0,True,never_reciprocal,0
MOZ,1990,1993,Agriculture,0.8576453261440602,0.8533483152852073,4.60883388806307,6.615347757810774,1.72087724223235,-0.0284262211504012,False,10.796975387362238,15.59665122861277,4.799675841250531,4.799675841250533,Mozambique,True,1.0,1_nonreciprocal,0.0,0.0,1.0,0.0,0.0,2512109.568,0.185,13567.959,0.0,0.0,0.0,True,never_reciprocal,0
MOZ,1990,1993,Manufacturing,0.0172856709027942,0.0165207672008531,81.28026620427651,75.76508178264183,-0.095333662880595,-0.0579529915334144,False,10.796975387362238,15.59665122861277,4.799675841250531,4.799675841250533,Mozambique,True,1.0,1_nonreciprocal,0.0,0.0,1.0,0.0,0.0,2512109.568,0.185,13567.959,0.0,0.0,0.0,True,never_reciprocal,0
MOZ,1990,1993,Services,0.1250690029531454,0.1301309175139395,43.489965405973976,66.8538903173616,2.922102793739407,0.3384086808431866,False,10.796975387362238,15.59665122861277,4.799675841250531,4.799675841250533,Mozambique,True,1.0,1_nonreciprocal,0.0,0.0,1.0,0.0,0.0,2512109.568,0.185,13567.959,0.0,0.0,0.0,True,never_reciprocal,0
MOZ,1993,1996,Agriculture,0.8533483152852073,0.8386189996652482,6.615347757810774,7.278721509357912,0.5660888732871782,-0.1072105864211174,False,15.59665122861277,16.041652241988892,0.4450010133761228,0.4450010133761251,Mozambique,True,1.0,1_nonreciprocal,0.0,0.0,1.0,0.0,0.0,2027650.56,0.136,14893.218,0.0,1.0,0.0,True,never_reciprocal,0
MOZ,1993,1996,Manufacturing,0.0165207672008531,0.0222189748302117,75.76508178264183,64.08009534110522,-0.193044940745752,0.3651416881627089,False,15.59665122861277,16.041652241988892,0.4450010133761228,0.4450010133761251,Mozambique,True,1.0,1_nonreciprocal,0.0,0.0,1.0,0.0,0.0,2027650.56,0.136,14893.218,0.0,1.0,0.0,True,never_reciprocal,0
MOZ,1993,1996,Services,0.1301309175139395,0.13916202550454,66.8538903173616,61.178931785452455,-0.7384875606108968,0.5525135397040043,False,15.59665122861277,16.041652241988892,0.4450010133761228,0.4450010133761251,Mozambique,True,1.0,1_nonreciprocal,0.0,0.0,1.0,0.0,0.0,2027650.56,0.136,14893.218,0.0,1.0,0.0,True,never_reciprocal,0
MOZ,1996,1999,Agriculture,0.8386189996652482,0.8200354980657159,7.278721509357912,8.52477487274609,1.0449640251341112,-0.1584201674833303,False,16.041652241988892,19.111309801434395,3.0696575594455027,3.0696575594455,Mozambique,True,1.0,1_nonreciprocal,0.0,0.0,1.0,0.0,0.0,3241719.296,0.197,16463.427,1.0,1.0,0.0,True,never_reciprocal,0
MOZ,1996,1999,Manufacturing,0.0222189748302117,0.0289967127192674,64.08009534110522,75.50963134413372,0.253952572772289,0.5117844893497648,False,16.041652241988892,19.111309801434395,3.0696575594455027,3.0696575594455,Mozambique,True,1.0,1_nonreciprocal,0.0,0.0,1.0,0.0,0.0,3241719.296,0.197,16463.427,1.0,1.0,0.0,True,never_reciprocal,0
MOZ,1996,1999,Services,0.13916202550454,0.1509677892150167,61.178931785452455,65.78330885534666,0.6407544392331369,0.7766222004395287,False,16.041652241988892,19.111309801434395,3.0696575594455027,3.0696575594455,Mozambique,True,1.0,1_nonreciprocal,0.0,0.0,1.0,0.0,0.0,3241719.296,0.197,16463.427,1.0,1.0,0.0,True,never_reciprocal,0
MOZ,1999,2002,Agriculture,0.8200354980657159,0.8054731086540381,8.52477487274609,8.599391728715576,0.0611884706490354,-0.1252276910571169,False,19.111309801434395,21.799218163976622,2.687908362542231,2.687908362542232,Mozambique,True,1.0,1_nonreciprocal,0.0,0.0,1.0,0.0,0.0,4536279.04,0.255,17798.101,1.0,1.0,0.0,True,never_reciprocal,0
MOZ,1999,2002,Manufacturing,0.0289967127192674,0.0312149768915682,75.50963134413372,106.85574368204296,0.908934214328239,0.2370342678144345,False,19.111309801434395,21.799218163976622,2.687908362542231,2.687908362542232,Mozambique,True,1.0,1_nonreciprocal,0.0,0.0,1.0,0.0,0.0,4536279.04,0.255,17798.101,1.0,1.0,0.0,True,never_reciprocal,0
MOZ,1999,2002,Services,0.1509677892150167,0.1633119144543935,65.78330885534666,70.64481391019281,0.7339306703877516,0.8720484304198888,False,19.111309801434395,21.799218163976622,2.687908362542231,2.687908362542232,Mozambique,True,1.0,1_nonreciprocal,0.0,0.0,1.0,0.0,0.0,4536279.04,0.255,17798.101,1.0,1.0,0.0,True,never_reciprocal,0
MOZ,2002,2005,Agriculture,0.8054731086540381,0.7934344393324931,8.599391728715576,9.614365201092614,0.8175338379969165,-0.115744163392523,False,21.799218163976622,24.84945589907484,3.0502377350982144,3.0502377350982144,Mozambique,True,1.0,1_nonreciprocal,0.0,0.0,1.0,0.0,0.0,4201332.992,0.217,19319.895,1.0,1.0,0.0,True,never_reciprocal,0
MOZ,2002,2005,Manufacturing,0.0312149768915682,0.0372710680752581,106.85574368204296,113.51920503308028,0.2079997920904879,0.6874826567803266,False,21.799218163976622,24.84945589907484,3.0502377350982144,3.0502377350982144,Mozambique,True,1.0,1_nonreciprocal,0.0,0.0,1.0,0.0,0.0,4201332.992,0.217,19319.895,1.0,1.0,0.0,True,never_reciprocal,0
MOZ,2002,2005,Services,0.1633119144543935,0.1692944925922486,70.64481391019281,76.7308210601869,0.993917479048662,0.459048132574344,False,21.799218163976622,24.84945589907484,3.0502377350982144,3.0502377350982144,Mozambique,True,1.0,1_nonreciprocal,0.0,0.0,1.0,0.0,0.0,4201332.992,0.217,19319.895,1.0,1.0,0.0,True,never_reciprocal,0
MOZ,2005,2008,Agriculture,0.7934344393324931,0.7777486665166035,9.614365201092614,11.754159599390045,1.6977865686999316,-0.184373077117741,False,24.84945589907484,29.771676043282024,4.922220144207184,4.922220144207186,Mozambique,True,1.0,1_nonreciprocal,0.0,0.0,1.0,0.0,0.0,6578515.456,0.313,21010.376,1.0,1.0,0.0,True,never_reciprocal,0
MOZ,2005,2008,Manufacturing,0.0372710680752581,0.0457876342740857,113.51920503308028,98.40673410415654,-0.5632579327772765,0.8380874654084703,False,24.84945589907484,29.771676043282024,4.922220144207184,4.922220144207186,Mozambique,True,1.0,1_nonreciprocal,0.0,0.0,1.0,0.0,0.0,6578515.456,0.313,21010.376,1.0,1.0,0.0,True,never_reciprocal,0
MOZ,2005,2008,Services,0.1692944925922486,0.1764636992093107,76.7308210601869,91.37336806273872,2.478902565055164,0.655074554938638,False,24.84945589907484,29.771676043282024,4.922220144207184,4.922220144207186,Mozambique,True,1.0,1_nonreciprocal,0.0,0.0,1.0,0.0,0.0,6578515.456,0.313,21010.376,1.0,1.0,0.0,True,never_reciprocal,0
MOZ,2008,2011,Agriculture,0.7777486665166035,0.7573536622692137,11.754159599390045,13.04195555736024,1.0015815890567925,-0.26599073898663,False,29.771676043282024,34.22179601246211,4.450119969180083,4.450119969180079,Mozambique,True,1.0,1_nonreciprocal,0.0,0.0,1.0,0.0,0.0,11026247.68,0.484,22762.526,1.0,1.0,1.0,True,switched_during_interval,1
MOZ,2008,2011,Manufacturing,0.0457876342740857,0.0557890914965767,98.40673410415654,87.31505196359187,-0.5078618853365836,0.8732777570934431,False,29.771676043282024,34.22179601246211,4.450119969180083,4.450119969180079,Mozambique,True,1.0,1_nonreciprocal,0.0,0.0,1.0,0.0,0.0,11026247.68,0.484,22762.526,1.0,1.0,1.0,True,switched_during_interval,1
MOZ,2008,2011,Services,0.1764636992093107,0.1868572462342095,91.37336806273872,104.21429287526716,2.2659570936873883,1.0831561536656689,False,29.771676043282024,34.22179601246211,4.450119969180083,4.450119969180079,Mozambique,True,1.0,1_nonreciprocal,0.0,0.0,1.0,0.0,0.0,11026247.68,0.484,22762.526,1.0,1.0,1.0,True,switched_during_interval,1
MOZ,2011,2014,Agriculture,0.7573536622692137,0.7298280548048566,13.04195555736024,13.574413132228852,0.4032586943297275,-0.3736439674367465,False,34.22179601246211,38.44936107788431,4.227565065422198,4.227565065422198,Mozambique,True,2.0,2_reciprocal_pta,1.0,0.0,0.0,0.7269004216257194,0.378959243625367,13244879.872,0.539,24581.367,1.0,1.0,1.0,True,always_reciprocal,1
MOZ,2011,2014,Manufacturing,0.0557890914965767,0.069772954597564,87.31505196359187,75.82248036833283,-0.6411601282588654,1.06029118544806,False,34.22179601246211,38.44936107788431,4.227565065422198,4.227565065422198,Mozambique,True,2.0,2_reciprocal_pta,1.0,0.0,0.0,0.7269004216257194,0.378959243625367,13244879.872,0.539,24581.367,1.0,1.0,1.0,True,always_reciprocal,1
MOZ,2011,2014,Services,0.1868572462342095,0.2003989905975795,104.21429287526716,116.0286037216132,2.207589590903176,1.5712296904368463,False,34.22179601246211,38.44936107788431,4.227565065422198,4.227565065422198,Mozambique,True,2.0,2_reciprocal_pta,1.0,0.0,0.0,0.7269004216257194,0.378959243625367,13244879.872,0.539,24581.367,1.0,1.0,1.0,True,always_reciprocal,1
MOZ,2014,2017,Agriculture,0.7298280548048566,0.7192139246132998,13.574413132228852,14.12602188515619,0.4025795431622906,-0.149935435377828,False,38.44936107788431,39.99453169115233,1.5451706132680272,1.5451706132680283,Mozambique,True,2.0,2_reciprocal_pta,1.0,0.0,0.0,0.6550372424932382,0.3714304598175133,16961127.424,0.623,27212.381,1.0,1.0,1.0,True,always_reciprocal,1
MOZ,2014,2017,Manufacturing,0.069772954597564,0.0761789632772047,75.82248036833283,79.50521197594966,0.2569550652532629,0.5093110779946135,False,38.44936107788431,39.99453169115233,1.5451706132680272,1.5451706132680283,Mozambique,True,2.0,2_reciprocal_pta,1.0,0.0,0.0,0.6550372424932382,0.3714304598175133,16961127.424,0.623,27212.381,1.0,1.0,1.0,True,always_reciprocal,1
MOZ,2014,2017,Services,0.2003989905975795,0.2046071121094953,116.0286037216132,116.21431524710933,0.0372164022517614,0.4890439599839279,False,38.44936107788431,39.99453169115233,1.5451706132680272,1.5451706132680283,Mozambique,True,2.0,2_reciprocal_pta,1.0,0.0,0.0,0.6550372424932382,0.3714304598175133,16961127.424,0.623,27212.381,1.0,1.0,1.0,True,always_reciprocal,1
MUS,1972,1975,Agriculture,0.3228006577357828,0.2798441447574373,43.06627136299886,133.4577839173585,29.17843970627957,-5.7328810269072425,False,142.80472719274593,226.0762487347298,83.27152154198387,83.27152154198386,Mauritius,True,1.0,1_nonreciprocal,0.0,0.0,1.0,0.0,0.0,314429.984,0.369,852.053,0.0,1.0,0.0,True,never_reciprocal,0
MUS,1972,1975,Manufacturing,0.2155068347456914,0.2953033802893365,166.21171066471865,190.9449559690668,5.330183408528797,15.236747875314943,False,142.80472719274593,226.0762487347298,83.27152154198387,83.27152154198386,Mauritius,True,1.0,1_nonreciprocal,0.0,0.0,1.0,0.0,0.0,314429.984,0.369,852.053,0.0,1.0,0.0,True,never_reciprocal,0
MUS,1972,1975,Services,0.4616925075185259,0.4248524749532261,201.61285984002447,311.5014886069804,50.7347565631883,-11.475724984420514,False,142.80472719274593,226.0762487347298,83.27152154198387,83.27152154198386,Mauritius,True,1.0,1_nonreciprocal,0.0,0.0,1.0,0.0,0.0,314429.984,0.369,852.053,0.0,1.0,0.0,True,never_reciprocal,0
MUS,1975,1978,Agriculture,0.2798441447574373,0.2291270203543927,133.4577839173585,161.08351187790825,7.730898214421664,-8.169692511191185,False,226.0762487347298,241.1209635643827,15.04471482965289,15.044714829652891,Mauritius,True,1.0,1_nonreciprocal,0.0,0.0,1.0,0.0,0.0,664360.0,0.745,892.0,0.0,1.0,0.0,True,never_reciprocal,0
MUS,1975,1978,Manufacturing,0.2953033802893365,0.3390026476011414,190.9449559690668,175.84431198532795,-4.459271212943906,7.684267594707264,False,226.0762487347298,241.1209635643827,15.04471482965289,15.044714829652891,Mauritius,True,1.0,1_nonreciprocal,0.0,0.0,1.0,0.0,0.0,664360.0,0.745,892.0,0.0,1.0,0.0,True,never_reciprocal,0
MUS,1975,1978,Services,0.4248524749532261,0.4318703320444658,311.5014886069804,334.8243220283551,9.908763501992858,2.349749242666197,False,226.0762487347298,241.1209635643827,15.04471482965289,15.044714829652891,Mauritius,True,1.0,1_nonreciprocal,0.0,0.0,1.0,0.0,0.0,664360.0,0.745,892.0,0.0,1.0,0.0,True,never_reciprocal,0
MUS,1978,1981,Agriculture,0.2291270203543927,0.2243900185919862,161.08351187790825,124.11354557030324,-8.470818222663825,-0.5879260841050447,False,241.1209635643827,219.48654469384277,-21.634418870539943,-21.63441887053992,Mauritius,True,1.0,1_nonreciprocal,0.0,0.0,1.0,0.0,0.0,1019635.008,1.089,936.435,0.0,1.0,0.0,True,never_reciprocal,0
MUS,1978,1981,Manufacturing,0.3390026476011414,0.3159410402560879,175.84431198532795,164.21241573413351,-3.943243625776705,-3.7870022528432674,False,241.1209635643827,219.48654469384277,-21.634418870539943,-21.63441887053992,Mauritius,True,1.0,1_nonreciprocal,0.0,0.0,1.0,0.0,0.0,1019635.008,1.089,936.435,0.0,1.0,0.0,True,never_reciprocal,0
MUS,1978,1981,Services,0.4318703320444658,0.4596689411519258,334.8243220283551,304.03459954369,-13.297167673009271,8.451738987858196,False,241.1209635643827,219.48654469384277,-21.634418870539943,-21.63441887053992,Mauritius,True,1.0,1_nonreciprocal,0.0,0.0,1.0,0.0,0.0,1019635.008,1.089,936.435,0.0,1.0,0.0,True,never_reciprocal,0
MUS,1981,1984,Agriculture,0.2243900185919862,0.230285255892765,124.11354557030324,123.61778276102665,-0.1112442259907944,0.7287561639723767,False,219.48654469384277,235.12811279666263,15.641568102819916,15.641568102819887,Mauritius,True,1.0,1_nonreciprocal,0.0,0.0,1.0,0.0,0.0,1147187.584,1.172,979.133,0.0,1.0,0.0,True,never_reciprocal,0
MUS,1981,1984,Manufacturing,0.3159410402560879,0.313033507997881,164.21241573413351,182.3891802949165,5.742785903823783,-0.5303024252553824,False,219.48654469384277,235.12811279666263,15.641568102819916,15.641568102819887,Mauritius,True,1.0,1_nonreciprocal,0.0,0.0,1.0,0.0,0.0,1147187.584,1.172,979.133,0.0,1.0,0.0,True,never_reciprocal,0
MUS,1981,1984,Services,0.4596689411519258,0.4566812361093539,304.03459954369,327.5081682932411,10.790070492163109,-0.978497805893202,False,219.48654469384277,235.12811279666263,15.641568102819916,15.641568102819887,Mauritius,True,1.0,1_nonreciprocal,0.0,0.0,1.0,0.0,0.0,1147187.584,1.172,979.133,0.0,1.0,0.0,True,never_reciprocal,0
MUS,1984,1987,Agriculture,0.230285255892765,0.2126938692274313,123.61778276102665,139.90406115552602,3.750489787618103,-2.461106435837346,False,235.12811279666263,257.982971670478,22.85485887381532,22.854858873815324,Mauritius,True,1.0,1_nonreciprocal,0.0,0.0,1.0,0.0,0.0,1044926.08,1.035,1009.233,0.0,1.0,0.0,True,never_reciprocal,0
MUS,1984,1987,Manufacturing,0.313033507997881,0.3681265946678085,182.3891802949165,201.28635975386797,5.915450377301056,11.089486863394056,False,235.12811279666263,257.982971670478,22.85485887381532,22.854858873815324,Mauritius,True,1.0,1_nonreciprocal,0.0,0.0,1.0,0.0,0.0,1044926.08,1.035,1009.233,0.0,1.0,0.0,True,never_reciprocal,0
MUS,1984,1987,Services,0.4566812361093539,0.41917953610476,327.5081682932411,367.6882102729559,18.34947123822189,-13.788932956882435,False,235.12811279666263,257.982971670478,22.85485887381532,22.854858873815324,Mauritius,True,1.0,1_nonreciprocal,0.0,0.0,1.0,0.0,0.0,1044926.08,1.035,1009.233,0.0,1.0,0.0,True,never_reciprocal,0
MUS,1987,1990,Agriculture,0.2126938692274313,0.1640555081906023,139.90406115552602,142.18537418526947,0.4852212952150873,-6.915663563779771,False,257.982971670478,250.4011953521601,-7.581776318317878,-7.581776318317895,Mauritius,True,1.0,1_nonreciprocal,0.0,0.0,1.0,0.0,0.0,1888752.256,1.829,1032.76,0.0,1.0,0.0,True,never_reciprocal,0
MUS,1987,1990,Manufacturing,0.3681265946678085,0.4078842537789122,201.28635975386797,186.8732260862392,-5.305857815556126,7.429642019728894,False,257.982971670478,250.4011953521601,-7.581776318317878,-7.581776318317895,Mauritius,True,1.0,1_nonreciprocal,0.0,0.0,1.0,0.0,0.0,1888752.256,1.829,1032.76,0.0,1.0,0.0,True,never_reciprocal,0
MUS,1987,1990,Services,0.41917953610476,0.4280602380304855,367.6882102729559,352.40894097885774,-6.404757014719782,3.129638760793802,False,257.982971670478,250.4011953521601,-7.581776318317878,-7.581776318317895,Mauritius,True,1.0,1_nonreciprocal,0.0,0.0,1.0,0.0,0.0,1888752.256,1.829,1032.76,0.0,1.0,0.0,True,never_reciprocal,0
MUS,1990,1993,Agriculture,0.1640555081906023,0.1485892064614485,142.18537418526947,152.02368950814832,1.6140298200342802,-2.3512442519122034,False,250.4011953521601,288.27913165757434,37.87793630541424,37.87793630541423,Mauritius,True,1.0,1_nonreciprocal,0.0,0.0,1.0,0.0,0.0,2653486.08,2.506,1058.775,0.0,1.0,0.0,True,never_reciprocal,0
MUS,1990,1993,Manufacturing,0.4078842537789122,0.4026275416004647,186.8732260862392,212.6531098748858,10.515208661639218,-1.1178561924640296,False,250.4011953521601,288.27913165757434,37.87793630541424,37.87793630541423,Mauritius,True,1.0,1_nonreciprocal,0.0,0.0,1.0,0.0,0.0,2653486.08,2.506,1058.775,0.0,1.0,0.0,True,never_reciprocal,0
MUS,1990,1993,Services,0.4280602380304855,0.4487832519380866,352.40894097885774,401.2405825082801,20.90288409650388,8.314914171613085,False,250.4011953521601,288.27913165757434,37.87793630541424,37.87793630541423,Mauritius,True,1.0,1_nonreciprocal,0.0,0.0,1.0,0.0,0.0,2653486.08,2.506,1058.775,0.0,1.0,0.0,True,never_reciprocal,0
MUS,1993,1996,Agriculture,0.1485892064614485,0.1366278241747441,152.02368950814832,164.40802853194427,1.8401791080953904,-1.9665472802739905,False,288.27913165757434,312.31244603579256,24.033314378218225,24.033314378218243,Mauritius,True,1.0,1_nonreciprocal,0.0,0.0,1.0,0.0,0.0,3263363.84,2.974,1097.374,0.0,1.0,0.0,True,never_reciprocal,0
MUS,1993,1996,Manufacturing,0.4026275416004647,0.3783430007191686,212.6531098748858,243.0784312432511,12.250072344949,-5.903048100888057,False,288.27913165757434,312.31244603579256,24.033314378218225,24.033314378218243,Mauritius,True,1.0,1_nonreciprocal,0.0,0.0,1.0,0.0,0.0,3263363.84,2.974,1097.374,0.0,1.0,0.0,True,never_reciprocal,0
MUS,1993,1996,Services,0.4487832519380866,0.4850291751060871,401.2405825082801,407.9810491619447,3.025008544411837,14.787649761924069,False,288.27913165757434,312.31244603579256,24.033314378218225,24.033314378218243,Mauritius,True,1.0,1_nonreciprocal,0.0,0.0,1.0,0.0,0.0,3263363.84,2.974,1097.374,0.0,1.0,0.0,True,never_reciprocal,0
MUS,1996,1999,Agriculture,0.1366278241747441,0.1119819604799743,164.40802853194427,149.90678751820167,-1.9812730075412128,-3.694582252094421,False,312.31244603579256,353.4799538316796,41.16750779588705,41.16750779588699,Mauritius,True,1.0,1_nonreciprocal,0.0,0.0,1.0,0.0,0.0,4421952.0,3.899,1133.996,1.0,1.0,0.0,True,never_reciprocal,0
MUS,1996,1999,Manufacturing,0.3783430007191686,0.3780670442039499,243.0784312432511,271.5471437651452,10.770938122144798,-0.0749352035110269,False,312.31244603579256,353.4799538316796,41.16750779588705,41.16750779588699,Mauritius,True,1.0,1_nonreciprocal,0.0,0.0,1.0,0.0,0.0,4421952.0,3.899,1133.996,1.0,1.0,0.0,True,never_reciprocal,0
MUS,1996,1999,Services,0.4850291751060871,0.5099509953160757,407.9810491619447,458.9265910261972,24.71007414575102,11.43728599113784,False,312.31244603579256,353.4799538316796,41.16750779588705,41.16750779588699,Mauritius,True,1.0,1_nonreciprocal,0.0,0.0,1.0,0.0,0.0,4421952.0,3.899,1133.996,1.0,1.0,0.0,True,never_reciprocal,0
MUS,1999,2002,Agriculture,0.1119819604799743,0.1079910669611499,149.90678751820167,178.06476298144858,3.153185295521403,-0.7106375085136702,False,353.4799538316796,391.5763824485363,38.09642861685671,38.0964286168568,Mauritius,True,1.0,1_nonreciprocal,0.0,0.0,1.0,0.0,0.0,4291171.328,3.651,1175.267,1.0,1.0,0.0,True,never_reciprocal,0
MUS,1999,2002,Manufacturing,0.3780670442039499,0.356384131211673,271.5471437651452,298.42499157365137,10.161628475525532,-6.470723127012457,False,353.4799538316796,391.5763824485363,38.09642861685671,38.0964286168568,Mauritius,True,1.0,1_nonreciprocal,0.0,0.0,1.0,0.0,0.0,4291171.328,3.651,1175.267,1.0,1.0,0.0,True,never_reciprocal,0
MUS,1999,2002,Services,0.5099509953160757,0.5356248018271772,458.9265910261972,496.6033059798139,19.2132782908369,12.749697190499084,False,353.4799538316796,391.5763824485363,38.09642861685671,38.0964286168568,Mauritius,True,1.0,1_nonreciprocal,0.0,0.0,1.0,0.0,0.0,4291171.328,3.651,1175.267,1.0,1.0,0.0,True,never_reciprocal,0
MUS,2002,2005,Agriculture,0.1079910669611499,0.1002150808165922,178.06476298144858,205.28600495062105,2.9396509642585684,-1.5963011301676209,False,391.5763824485363,441.0425399616964,49.466157513160056,49.46615751316004,Mauritius,True,1.0,1_nonreciprocal,0.0,0.0,1.0,0.0,0.0,4767303.168,3.939,1210.196,1.0,1.0,0.0,True,never_reciprocal,0
MUS,2002,2005,Manufacturing,0.356384131211673,0.3166253747624369,298.42499157365137,330.98729907966566,11.604689670778242,-13.159643411898896,False,391.5763824485363,441.0425399616964,49.466157513160056,49.46615751316004,Mauritius,True,1.0,1_nonreciprocal,0.0,0.0,1.0,0.0,0.0,4767303.168,3.939,1210.196,1.0,1.0,0.0,True,never_reciprocal,0
MUS,2002,2005,Services,0.5356248018271772,0.5831595444209708,496.6033059798139,541.3112274202484,23.946671561637743,25.731089858552,False,391.5763824485363,441.0425399616964,49.466157513160056,49.46615751316004,Mauritius,True,1.0,1_nonreciprocal,0.0,0.0,1.0,0.0,0.0,4767303.168,3.939,1210.196,1.0,1.0,0.0,True,never_reciprocal,0
MUS,2005,2008,Agriculture,0.1002150808165922,0.0914413058148175,205.28600495062105,218.95165476637013,1.369504200696546,-1.9210325551863836,False,441.0425399616964,496.9954229188658,55.95288295716944,55.95288295716939,Mauritius,True,1.0,1_nonreciprocal,0.0,0.0,1.0,0.0,0.0,6283795.968,5.054,1243.253,1.0,1.0,0.0,True,never_reciprocal,0
MUS,2005,2008,Manufacturing,0.3166253747624369,0.3102987361826582,330.98729907966566,377.4563088207428,14.71326762410789,-2.3880296455661827,False,441.0425399616964,496.9954229188658,55.95288295716944,55.95288295716939,Mauritius,True,1.0,1_nonreciprocal,0.0,0.0,1.0,0.0,0.0,6283795.968,5.054,1243.253,1.0,1.0,0.0,True,never_reciprocal,0
MUS,2005,2008,Services,0.5831595444209708,0.5982599580025242,541.3112274202484,601.4943458809053,35.09635994334996,9.082813389767564,False,441.0425399616964,496.9954229188658,55.95288295716944,55.95288295716939,Mauritius,True,1.0,1_nonreciprocal,0.0,0.0,1.0,0.0,0.0,6283795.968,5.054,1243.253,1.0,1.0,0.0,True,never_reciprocal,0
MUS,2008,2011,Agriculture,0.0914413058148175,0.0772598745072622,218.95165476637013,286.8429695609461,6.208070478300866,-4.067843868883752,False,496.9954229188658,543.5813282158285,46.58590529696272,46.58590529696268,Mauritius,True,1.0,1_nonreciprocal,0.0,0.0,1.0,0.0,0.0,9641076.736,7.6,1268.565,1.0,1.0,1.0,True,switched_during_interval,1
MUS,2008,2011,Manufacturing,0.3102987361826582,0.2685134840766457,377.4563088207428,448.5492174611019,22.060039702652592,-18.74274213356673,False,496.9954229188658,543.5813282158285,46.58590529696272,46.58590529696268,Mauritius,True,1.0,1_nonreciprocal,0.0,0.0,1.0,0.0,0.0,9641076.736,7.6,1268.565,1.0,1.0,1.0,True,switched_during_interval,1
MUS,2008,2011,Services,0.5982599580025242,0.654226641416092,601.4943458809053,612.904363472568,6.826156645196202,34.30222447326351,False,496.9954229188658,543.5813282158285,46.58590529696272,46.58590529696268,Mauritius,True,1.0,1_nonreciprocal,0.0,0.0,1.0,0.0,0.0,9641076.736,7.6,1268.565,1.0,1.0,1.0,True,switched_during_interval,1
MUS,2011,2014,Agriculture,0.0772598745072622,0.0745798467038495,286.8429695609461,298.15557723789146,0.874010649470692,-0.7990652367401158,False,543.5813282158285,576.2690459296233,32.68771771379477,32.68771771379483,Mauritius,True,2.0,2_reciprocal_pta,1.0,0.0,0.0,0.6804969765618203,0.378959243625367,11252406.272,8.75,1286.051,1.0,1.0,1.0,True,always_reciprocal,1
MUS,2011,2014,Manufacturing,0.2685134840766457,0.2604074190879802,448.5492174611019,442.9847436562317,-1.494136248398928,-3.590863121064769,False,543.5813282158285,576.2690459296233,32.68771771379477,32.68771771379483,Mauritius,True,2.0,2_reciprocal_pta,1.0,0.0,0.0,0.6804969765618203,0.378959243625367,11252406.272,8.75,1286.051,1.0,1.0,1.0,True,always_reciprocal,1
MUS,2011,2014,Services,0.654226641416092,0.6650127342081703,612.904363472568,659.650728969551,30.582717697500275,7.115053973027681,False,543.5813282158285,576.2690459296233,32.68771771379477,32.68771771379483,Mauritius,True,2.0,2_reciprocal_pta,1.0,0.0,0.0,0.6804969765618203,0.378959243625367,11252406.272,8.75,1286.051,1.0,1.0,1.0,True,always_reciprocal,1
MUS,2014,2017,Agriculture,0.0745798467038495,0.0717054623273849,298.15557723789146,314.451865700558,1.2153746953873783,-0.9038555299197988,False,576.2690459296233,625.4519335850756,49.18288765545231,49.18288765545228,Mauritius,True,2.0,2_reciprocal_pta,1.0,0.0,0.0,0.6559536401014797,0.3714304598175133,12803445.76,10.154,1260.934,1.0,1.0,1.0,True,always_reciprocal,1
MUS,2014,2017,Manufacturing,0.2604074190879802,0.2560591835125465,442.9847436562317,448.9765625,1.560314080748436,-1.9522558615984225,False,576.2690459296233,625.4519335850756,49.18288765545231,49.18288765545228,Mauritius,True,2.0,2_reciprocal_pta,1.0,0.0,0.0,0.6559536401014797,0.3714304598175133,12803445.76,10.154,1260.934,1.0,1.0,1.0,True,always_reciprocal,1
MUS,2014,2017,Services,0.6650127342081703,0.6722353541600685,659.650728969551,725.8461521634034,44.02079937021074,5.242510900623944,False,576.2690459296233,625.4519335850756,49.18288765545231,49.18288765545228,Mauritius,True,2.0,2_reciprocal_pta,1.0,0.0,0.0,0.6559536401014797,0.3714304598175133,12803445.76,10.154,1260.934,1.0,1.0,1.0,True,always_reciprocal,1
MWI,1966,1969,Agriculture,0.8439415983012524,0.8612486892711053,62.82218275621907,44.92254712780169,-15.106247101256605,0.77747860973837,False,129.76965203695116,114.82169850091314,-14.947953536038014,-14.947953536038009,Malawi,True,1.0,1_nonreciprocal,0.0,0.0,1.0,0.0,0.0,260400.208,0.064,4073.777,0.0,1.0,0.0,True,never_reciprocal,0
MWI,1966,1969,Manufacturing,0.0570090869804481,0.0522980607186364,291.89946756395153,318.8894538340179,1.5386744748713146,-1.5022965916268582,False,129.76965203695116,114.82169850091314,-14.947953536038014,-14.947953536038009,Malawi,True,1.0,1_nonreciprocal,0.0,0.0,1.0,0.0,0.0,260400.208,0.064,4073.777,0.0,1.0,0.0,True,never_reciprocal,0
MWI,1966,1969,Services,0.0990493147182995,0.0864532500102582,606.8742297506165,687.7117244542624,8.006898453940297,-8.662461381704526,False,129.76965203695116,114.82169850091314,-14.947953536038014,-14.947953536038009,Malawi,True,1.0,1_nonreciprocal,0.0,0.0,1.0,0.0,0.0,260400.208,0.064,4073.777,0.0,1.0,0.0,True,never_reciprocal,0
MWI,1969,1972,Agriculture,0.8612486892711053,0.8627928657501002,44.92254712780169,53.589114967500855,7.464070192420018,0.0827510508629657,False,114.82169850091314,130.04490327492908,15.22320477401594,15.22320477401596,Malawi,True,1.0,1_nonreciprocal,0.0,0.0,1.0,0.0,0.0,265800.112,0.06,4403.344,0.0,1.0,0.0,True,never_reciprocal,0
MWI,1969,1972,Manufacturing,0.0522980607186364,0.0596923913984152,318.8894538340179,332.8170758246459,0.728387620532078,2.460959514524453,False,114.82169850091314,130.04490327492908,15.22320477401594,15.22320477401596,Malawi,True,1.0,1_nonreciprocal,0.0,0.0,1.0,0.0,0.0,265800.112,0.06,4403.344,0.0,1.0,0.0,True,never_reciprocal,0
MWI,1969,1972,Services,0.0864532500102582,0.0775147428514846,687.7117244542624,824.9004988304877,11.860415409748722,-7.373379014072277,False,114.82169850091314,130.04490327492908,15.22320477401594,15.22320477401596,Malawi,True,1.0,1_nonreciprocal,0.0,0.0,1.0,0.0,0.0,265800.112,0.06,4403.344,0.0,1.0,0.0,True,never_reciprocal,0
MWI,1972,1975,Agriculture,0.8627928657501002,0.8504794186705439,53.589114967500855,48.42154827568963,-4.458539674982571,-0.596236172202884,False,130.04490327492908,148.62038663978257,18.575483364853483,18.575483364853447,Malawi,True,1.0,1_nonreciprocal,0.0,0.0,1.0,0.0,0.0,406084.192,0.084,4812.216,0.0,1.0,0.0,True,never_reciprocal,0
MWI,1972,1975,Manufacturing,0.0596923913984152,0.0624964136743321,332.8170758246459,360.0409274957676,1.625056809324999,1.0095627809399053,False,130.04490327492908,148.62038663978257,18.575483364853483,18.575483364853447,Malawi,True,1.0,1_nonreciprocal,0.0,0.0,1.0,0.0,0.0,406084.192,0.084,4812.216,0.0,1.0,0.0,True,never_reciprocal,0
MWI,1972,1975,Services,0.0775147428514846,0.087024167655124,824.9004988304877,976.0230055090848,11.714222244263224,9.281417377510772,False,130.04490327492908,148.62038663978257,18.575483364853483,18.575483364853447,Malawi,True,1.0,1_nonreciprocal,0.0,0.0,1.0,0.0,0.0,406084.192,0.084,4812.216,0.0,1.0,0.0,True,never_reciprocal,0
MWI,1975,1978,Agriculture,0.8504794186705439,0.853486487369727,48.42154827568963,56.4458112302422,6.82447049284745,0.1697364321504593,False,148.62038663978257,163.58198628325957,14.961599643477,14.961599643477028,Malawi,True,1.0,1_nonreciprocal,0.0,0.0,1.0,0.0,0.0,613196.864,0.116,5299.532,0.0,1.0,0.0,True,never_reciprocal,0
MWI,1975,1978,Manufacturing,0.0624964136743321,0.0646653357046633,360.0409274957676,355.77982533130813,-0.266303603578652,0.7716587011084654,False,148.62038663978257,163.58198628325957,14.961599643477,14.961599643477028,Malawi,True,1.0,1_nonreciprocal,0.0,0.0,1.0,0.0,0.0,613196.864,0.116,5299.532,0.0,1.0,0.0,True,never_reciprocal,0
MWI,1975,1978,Services,0.087024167655124,0.0818481769256097,976.0230055090848,1128.9149099998922,13.305290729519236,-5.84325310856993,False,148.62038663978257,163.58198628325957,14.961599643477,14.961599643477028,Malawi,True,1.0,1_nonreciprocal,0.0,0.0,1.0,0.0,0.0,613196.864,0.116,5299.532,0.0,1.0,0.0,True,never_reciprocal,0
MWI,1978,1981,Agriculture,0.853486487369727,0.8842174709300242,56.4458112302422,40.592598632186125,-13.530502733840382,1.247450481235456,False,163.58198628325957,143.01630195776625,-20.56568432549332,-20.56568432549332,Malawi,True,1.0,1_nonreciprocal,0.0,0.0,1.0,0.0,0.0,948983.36,0.162,5862.115,0.0,1.0,0.0,True,never_reciprocal,0
MWI,1978,1981,Manufacturing,0.0646653357046633,0.0464429490882451,355.77982533130813,429.0838863190313,4.740231712286233,-7.818932467380622,False,163.58198628325957,143.01630195776625,-20.56568432549332,-20.56568432549332,Malawi,True,1.0,1_nonreciprocal,0.0,0.0,1.0,0.0,0.0,948983.36,0.162,5862.115,0.0,1.0,0.0,True,never_reciprocal,0
MWI,1978,1981,Services,0.0818481769256097,0.0693395799817306,1128.9149099998922,1257.516933226448,10.525841150038524,-15.729772467832529,False,163.58198628325957,143.01630195776625,-20.56568432549332,-20.56568432549332,Malawi,True,1.0,1_nonreciprocal,0.0,0.0,1.0,0.0,0.0,948983.36,0.162,5862.115,0.0,1.0,0.0,True,never_reciprocal,0
MWI,1981,1984,Agriculture,0.8842174709300242,0.8745702318426474,40.592598632186125,43.16955938903035,2.27859372310272,-0.4164670607226902,False,143.01630195776625,138.34169688018352,-4.674605077582726,-4.674605077582754,Malawi,True,1.0,1_nonreciprocal,0.0,0.0,1.0,0.0,0.0,1237686.912,0.193,6403.934,0.0,1.0,0.0,True,never_reciprocal,0
MWI,1981,1984,Manufacturing,0.0464429490882451,0.0490169068573676,429.0838863190313,352.2460743619715,-3.56857458877388,0.9066665197469216,False,143.01630195776625,138.34169688018352,-4.674605077582726,-4.674605077582754,Malawi,True,1.0,1_nonreciprocal,0.0,0.0,1.0,0.0,0.0,1237686.912,0.193,6403.934,0.0,1.0,0.0,True,never_reciprocal,0
MWI,1981,1984,Services,0.0693395799817306,0.0764128612999848,1257.516933226448,1090.403773414471,-11.587556310782322,7.712732639846496,False,143.01630195776625,138.34169688018352,-4.674605077582726,-4.674605077582754,Malawi,True,1.0,1_nonreciprocal,0.0,0.0,1.0,0.0,0.0,1237686.912,0.193,6403.934,0.0,1.0,0.0,True,never_reciprocal,0
MWI,1984,1987,Agriculture,0.8745702318426474,0.8709188663272914,43.16955938903035,39.75380155773789,-2.987320118431779,-0.1451556601122274,False,138.34169688018352,132.66055951355204,-5.681137366631475,-5.681137366631446,Malawi,True,1.0,1_nonreciprocal,0.0,0.0,1.0,0.0,0.0,1208026.112,0.174,6958.278,0.0,1.0,0.0,True,never_reciprocal,0
MWI,1984,1987,Manufacturing,0.0490169068573676,0.0445490348993102,352.2460743619715,387.9890112247389,1.7520082070110414,-1.733485223285446,False,138.34169688018352,132.66055951355204,-5.681137366631475,-5.681137366631446,Malawi,True,1.0,1_nonreciprocal,0.0,0.0,1.0,0.0,0.0,1208026.112,0.174,6958.278,0.0,1.0,0.0,True,never_reciprocal,0
MWI,1984,1987,Services,0.0764128612999848,0.0845320987733983,1090.403773414471,955.3020556553328,-10.32350882051874,7.756324248705704,False,138.34169688018352,132.66055951355204,-5.681137366631475,-5.681137366631446,Malawi,True,1.0,1_nonreciprocal,0.0,0.0,1.0,0.0,0.0,1208026.112,0.174,6958.278,0.0,1.0,0.0,True,never_reciprocal,0
MWI,1987,1990,Agriculture,0.8709188663272914,0.8609538471598062,39.75380155773789,36.72950227293758,-2.633919304552728,-0.3660101941620167,False,132.66055951355204,128.61326847548222,-4.0472910380698295,-4.04729103806983,Malawi,True,1.0,1_nonreciprocal,0.0,0.0,1.0,0.0,0.0,1183071.36,0.145,8150.04,0.0,1.0,0.0,True,never_reciprocal,0
MWI,1987,1990,Manufacturing,0.0445490348993102,0.0467645274949541,387.9890112247389,394.930285524767,0.3092270710376377,0.8749651233756532,False,132.66055951355204,128.61326847548222,-4.0472910380698295,-4.04729103806983,Malawi,True,1.0,1_nonreciprocal,0.0,0.0,1.0,0.0,0.0,1183071.36,0.145,8150.04,0.0,1.0,0.0,True,never_reciprocal,0
MWI,1987,1990,Services,0.0845320987733983,0.0922816253452397,955.3020556553328,850.8967381052875,-8.825600615608451,6.594046881840074,False,132.66055951355204,128.61326847548222,-4.0472910380698295,-4.04729103806983,Malawi,True,1.0,1_nonreciprocal,0.0,0.0,1.0,0.0,0.0,1183071.36,0.145,8150.04,0.0,1.0,0.0,True,never_reciprocal,0
MWI,1990,1993,Agriculture,0.8609538471598062,0.8536489203151493,36.72950227293758,46.23550062275756,8.184225850372282,-0.337746949675332,False,128.61326847548222,132.40170376273772,3.78843528725551,3.788435287255495,Malawi,True,1.0,1_nonreciprocal,0.0,0.0,1.0,0.0,0.0,1880784.256,0.199,9447.123,0.0,1.0,0.0,True,never_reciprocal,0
MWI,1990,1993,Manufacturing,0.0467645274949541,0.04290322105222,394.930285524767,397.5668248599188,0.1232965162302362,-1.5351273422489502,False,128.61326847548222,132.40170376273772,3.78843528725551,3.788435287255495,Malawi,True,1.0,1_nonreciprocal,0.0,0.0,1.0,0.0,0.0,1880784.256,0.199,9447.123,0.0,1.0,0.0,True,never_reciprocal,0
MWI,1990,1993,Services,0.0922816253452397,0.1034478586326307,850.8967381052875,733.4701965687891,-10.836312111658373,8.19009932423563,False,128.61326847548222,132.40170376273772,3.78843528725551,3.788435287255495,Malawi,True,1.0,1_nonreciprocal,0.0,0.0,1.0,0.0,0.0,1880784.256,0.199,9447.123,0.0,1.0,0.0,True,never_reciprocal,0
MWI,1993,1996,Agriculture,0.8536489203151493,0.8425106738128042,46.23550062275756,53.198665037657065,5.9440977847558285,-0.5925398447851109,False,132.40170376273772,134.64125802808954,2.239554265351813,2.239554265351819,Malawi,True,1.0,1_nonreciprocal,0.0,0.0,1.0,0.0,0.0,2070647.168,0.211,9800.635,0.0,1.0,0.0,True,never_reciprocal,0
MWI,1993,1996,Manufacturing,0.04290322105222,0.0439667958532939,397.5668248599188,403.5047250694699,0.2547550452763927,0.4291574576981539,False,132.40170376273772,134.64125802808954,2.239554265351813,2.239554265351819,Malawi,True,1.0,1_nonreciprocal,0.0,0.0,1.0,0.0,0.0,2070647.168,0.211,9800.635,0.0,1.0,0.0,True,never_reciprocal,0
MWI,1993,1996,Services,0.1034478586326307,0.1135225303339018,733.4701965687891,634.9400847241058,-10.192729081166098,6.396812903572652,False,132.40170376273772,134.64125802808954,2.239554265351813,2.239554265351819,Malawi,True,1.0,1_nonreciprocal,0.0,0.0,1.0,0.0,0.0,2070647.168,0.211,9800.635,0.0,1.0,0.0,True,never_reciprocal,0
MWI,1996,1999,Agriculture,0.8425106738128042,0.8251253208508326,53.198665037657065,65.21181070609491,10.121203451726938,-1.1337303464147406,False,134.64125802808954,141.54558762429224,6.9043295962027,6.904329596202683,Malawi,True,1.0,1_nonreciprocal,0.0,0.0,1.0,0.0,0.0,2281039.104,0.225,10153.315,1.0,1.0,0.0,True,never_reciprocal,0
MWI,1996,1999,Manufacturing,0.0439667958532939,0.0460124506485987,403.5047250694699,387.1908220934601,-0.7172700417166671,0.7920587619134924,False,134.64125802808954,141.54558762429224,6.9043295962027,6.904329596202683,Malawi,True,1.0,1_nonreciprocal,0.0,0.0,1.0,0.0,0.0,2281039.104,0.225,10153.315,1.0,1.0,0.0,True,never_reciprocal,0
MWI,1996,1999,Services,0.1135225303339018,0.1288622285005686,634.9400847241058,542.6110786116633,-10.48142239709876,8.323490167792421,False,134.64125802808954,141.54558762429224,6.9043295962027,6.904329596202683,Malawi,True,1.0,1_nonreciprocal,0.0,0.0,1.0,0.0,0.0,2281039.104,0.225,10153.315,1.0,1.0,0.0,True,never_reciprocal,0
MWI,1999,2002,Agriculture,0.8251253208508326,0.8085252776328429,65.21181070609491,66.23756119875942,0.8463727043727067,-1.0995463785536437,False,141.54558762429224,138.18757029215567,-3.358017332136569,-3.3580173321365443,Malawi,True,1.0,1_nonreciprocal,0.0,0.0,1.0,0.0,0.0,1775920.0,0.161,11012.707,1.0,1.0,0.0,True,never_reciprocal,0
MWI,1999,2002,Manufacturing,0.0460124506485987,0.0461370178828668,387.1908220934601,332.0945279693374,-2.535115514306878,0.0413680968647003,False,141.54558762429224,138.18757029215567,-3.358017332136569,-3.3580173321365443,Malawi,True,1.0,1_nonreciprocal,0.0,0.0,1.0,0.0,0.0,1775920.0,0.161,11012.707,1.0,1.0,0.0,True,never_reciprocal,0
MWI,1999,2002,Services,0.1288622285005686,0.1453377044842903,542.6110786116633,476.896045691809,-8.468185588040651,7.857089347527222,False,141.54558762429224,138.18757029215567,-3.358017332136569,-3.3580173321365443,Malawi,True,1.0,1_nonreciprocal,0.0,0.0,1.0,0.0,0.0,1775920.0,0.161,11012.707,1.0,1.0,0.0,True,never_reciprocal,0
MWI,2002,2005,Agriculture,0.8085252776328429,0.7541879752998177,66.23756119875942,65.15214907484791,-0.8775831388316074,-3.540192021926335,False,138.18757029215567,143.52304748591763,5.33547719376196,5.335477193761973,Malawi,True,1.0,1_nonreciprocal,0.0,0.0,1.0,0.0,0.0,2665158.912,0.223,11926.778,1.0,1.0,0.0,True,never_reciprocal,0
MWI,2002,2005,Manufacturing,0.0461370178828668,0.057918550777683,332.0945279693374,309.6985569975854,-1.0332833132278874,3.6487237367441785,False,138.18757029215567,143.52304748591763,5.33547719376196,5.335477193761973,Malawi,True,1.0,1_nonreciprocal,0.0,0.0,1.0,0.0,0.0,2665158.912,0.223,11926.778,1.0,1.0,0.0,True,never_reciprocal,0
MWI,2002,2005,Services,0.1453377044842903,0.1878934739224991,476.896045691809,406.8730376501495,-10.176983249859797,17.31479518086342,False,138.18757029215567,143.52304748591763,5.33547719376196,5.335477193761973,Malawi,True,1.0,1_nonreciprocal,0.0,0.0,1.0,0.0,0.0,2665158.912,0.223,11926.778,1.0,1.0,0.0,True,never_reciprocal,0
MWI,2005,2008,Agriculture,0.7541879752998177,0.6918205732695819,65.15214907484791,73.628299056748,6.392610393186818,-4.5920057280746365,False,143.52304748591763,158.80519334623818,15.282145860320554,15.282145860320536,Malawi,True,1.0,1_nonreciprocal,0.0,0.0,1.0,0.0,0.0,2754995.968,0.213,12924.746,1.0,1.0,0.0,True,never_reciprocal,0
MWI,2005,2008,Manufacturing,0.057918550777683,0.0818493526323797,309.6985569975854,295.0222168084943,-0.8500323544724234,7.06011821317744,False,143.52304748591763,158.80519334623818,15.282145860320554,15.282145860320536,Malawi,True,1.0,1_nonreciprocal,0.0,0.0,1.0,0.0,0.0,2754995.968,0.213,12924.746,1.0,1.0,0.0,True,never_reciprocal,0
MWI,2005,2008,Services,0.1878934739224991,0.2263300740980383,406.8730376501495,369.903311169001,-6.946370338507609,14.217825675010948,False,143.52304748591763,158.80519334623818,15.282145860320554,15.282145860320536,Malawi,True,1.0,1_nonreciprocal,0.0,0.0,1.0,0.0,0.0,2754995.968,0.213,12924.746,1.0,1.0,0.0,True,never_reciprocal,0
MWI,2008,2011,Agriculture,0.6918205732695819,0.6279027916596601,73.628299056748,81.09169232147768,5.16332900694162,-5.183201080183181,False,158.80519334623818,159.58257823312476,0.7773848868865798,0.7773848868865976,Malawi,True,1.0,1_nonreciprocal,0.0,0.0,1.0,0.0,0.0,4276769.792,0.302,14138.207,1.0,1.0,0.0,True,never_reciprocal,0
MWI,2008,2011,Manufacturing,0.0818493526323797,0.0956247844451431,295.0222168084943,243.62229893252743,-4.2070500035053735,3.3560023670136974,False,158.80519334623818,159.58257823312476,0.7773848868865798,0.7773848868865976,Malawi,True,1.0,1_nonreciprocal,0.0,0.0,1.0,0.0,0.0,4276769.792,0.302,14138.207,1.0,1.0,0.0,True,never_reciprocal,0
MWI,2008,2011,Services,0.2263300740980383,0.2764724238951967,369.903311169001,308.7778058290923,-13.834540152861566,15.4828447494814,False,158.80519334623818,159.58257823312476,0.7773848868865798,0.7773848868865976,Malawi,True,1.0,1_nonreciprocal,0.0,0.0,1.0,0.0,0.0,4276769.792,0.302,14138.207,1.0,1.0,0.0,True,never_reciprocal,0
MWI,2011,2014,Agriculture,0.6279027916596601,0.5618787024851939,81.09169232147768,84.04703168551565,1.8556658369811247,-5.549128714853674,False,159.58257823312476,148.03484149802756,-11.547736735097205,-11.547736735097216,Malawi,True,1.0,1_nonreciprocal,0.0,0.0,1.0,0.0,0.0,5627897.856,0.364,15457.531,1.0,1.0,0.0,True,never_reciprocal,0
MWI,2011,2014,Manufacturing,0.0956247844451431,0.1254142040199252,243.62229893252743,166.41276480853998,-7.383145057716226,4.957339673481123,False,159.58257823312476,148.03484149802756,-11.547736735097205,-11.547736735097216,Malawi,True,1.0,1_nonreciprocal,0.0,0.0,1.0,0.0,0.0,5627897.856,0.364,15457.531,1.0,1.0,0.0,True,never_reciprocal,0
MWI,2011,2014,Services,0.2764724238951967,0.3127070934948808,308.7778058290923,255.63884418544103,-14.691457528894151,9.262989055904589,False,159.58257823312476,148.03484149802756,-11.547736735097205,-11.547736735097216,Malawi,True,1.0,1_nonreciprocal,0.0,0.0,1.0,0.0,0.0,5627897.856,0.364,15457.531,1.0,1.0,0.0,True,never_reciprocal,0
MWI,2014,2017,Agriculture,0.5618787024851939,0.5311779011613937,84.04703168551565,77.21564468583396,-3.838410863555366,-2.370582166588933,False,148.03484149802756,138.72523782728342,-9.30960367074414,-9.30960367074414,Malawi,True,1.0,1_nonreciprocal,0.0,0.0,1.0,0.0,0.0,6054750.208,0.355,17068.838,1.0,1.0,0.0,True,never_reciprocal,0
MWI,2014,2017,Manufacturing,0.1254142040199252,0.1406459092089807,166.41276480853998,138.52800087079743,-3.4971454735354977,2.1100176696932107,False,148.03484149802756,138.72523782728342,-9.30960367074414,-9.30960367074414,Malawi,True,1.0,1_nonreciprocal,0.0,0.0,1.0,0.0,0.0,6054750.208,0.355,17068.838,1.0,1.0,0.0,True,never_reciprocal,0
MWI,2014,2017,Services,0.3127070934948808,0.3281761896296256,255.63884418544103,238.3676804863501,-5.400815401617017,3.6873325648594655,False,148.03484149802756,138.72523782728342,-9.30960367074414,-9.30960367074414,Malawi,True,1.0,1_nonreciprocal,0.0,0.0,1.0,0.0,0.0,6054750.208,0.355,17068.838,1.0,1.0,0.0,True,never_reciprocal,0
NAM,1966,1969,Agriculture,0.5933724578077945,0.5713621390174314,14.16129298004864,11.423718479580089,-1.624401309774969,-0.2514396855069196,False,71.39288931992759,59.39544167333883,-11.99744764658876,-11.997447646588766,Namibia,True,0.0,0_none,0.0,0.0,0.0,,0.0,,,700.316,0.0,0.0,0.0,True,never_reciprocal,0
NAM,1966,1969,Manufacturing,0.1464307980062323,0.1472217070256426,179.78555843519803,135.54167039392124,-6.478667832782558,0.1072011296204958,False,71.39288931992759,59.39544167333883,-11.99744764658876,-11.997447646588766,Namibia,True,0.0,0_none,0.0,0.0,0.0,,0.0,,,700.316,0.0,0.0,0.0,True,never_reciprocal,0
NAM,1966,1969,Services,0.2601967441859731,0.2814161539569261,140.908086385403,116.95734198631224,-6.231905713473854,2.4817657653290377,False,71.39288931992759,59.39544167333883,-11.99744764658876,-11.997447646588766,Namibia,True,0.0,0_none,0.0,0.0,0.0,,0.0,,,700.316,0.0,0.0,0.0,True,never_reciprocal,0
NAM,1969,1972,Agriculture,0.5713621390174314,0.559119404818785,11.423718479580089,12.82959986093354,0.8032673932548889,-0.1570693809724002,False,59.39544167333883,62.23478246764721,2.8393407943083773,2.8393407943083773,Namibia,True,0.0,0_none,0.0,0.0,0.0,,0.0,,,758.305,0.0,0.0,0.0,True,never_reciprocal,0
NAM,1969,1972,Manufacturing,0.1472217070256426,0.1406889299894515,135.54167039392124,133.3929098915198,-0.3163441891528181,-0.8714261385300323,False,59.39544167333883,62.23478246764721,2.8393407943083773,2.8393407943083773,Namibia,True,0.0,0_none,0.0,0.0,0.0,,0.0,,,758.305,0.0,0.0,0.0,True,never_reciprocal,0
NAM,1969,1972,Services,0.2814161539569261,0.3001916651917634,116.95734198631224,120.90475078758944,1.1108646029511513,2.2700485067575875,False,59.39544167333883,62.23478246764721,2.8393407943083773,2.8393407943083773,Namibia,True,0.0,0_none,0.0,0.0,0.0,,0.0,,,758.305,0.0,0.0,0.0,True,never_reciprocal,0
NAM,1972,1975,Agriculture,0.559119404818785,0.5509598166642218,12.82959986093354,15.208900327183096,1.3303130605745088,-0.1240983629536154,False,62.23478246764721,71.33773467553554,9.102952207888336,9.102952207888332,Namibia,True,0.0,0_none,0.0,0.0,0.0,0.0,0.0,,,829.806,0.0,0.0,0.0,True,never_reciprocal,0
NAM,1972,1975,Manufacturing,0.1406889299894515,0.1314930932863443,133.3929098915198,182.96771975005493,6.97462695342782,-1.6825412727613815,False,62.23478246764721,71.33773467553554,9.102952207888336,9.102952207888332,Namibia,True,0.0,0_none,0.0,0.0,0.0,0.0,0.0,,,829.806,0.0,0.0,0.0,True,never_reciprocal,0
NAM,1972,1975,Services,0.3001916651917634,0.317547090049434,120.90475078758944,122.49915529714669,0.4786269447132436,2.1260248848877583,False,62.23478246764721,71.33773467553554,9.102952207888336,9.102952207888332,Namibia,True,0.0,0_none,0.0,0.0,0.0,0.0,0.0,,,829.806,0.0,0.0,0.0,True,never_reciprocal,0
NAM,1975,1978,Agriculture,0.5509598166642218,0.5415130292146757,15.208900327183096,15.071495881342212,-0.0757043282893416,-0.142377218137749,False,71.33773467553554,74.42096772958897,3.083233054053423,3.0832330540534247,Namibia,True,0.0,0_none,0.0,0.0,0.0,0.0,0.0,,,905.647,0.0,0.0,0.0,True,never_reciprocal,0
NAM,1975,1978,Manufacturing,0.1314930932863443,0.1232385507946939,182.96771975005493,226.49782836386476,5.723908632720394,-1.8696359484960583,False,71.33773467553554,74.42096772958897,3.083233054053423,3.0832330540534247,Namibia,True,0.0,0_none,0.0,0.0,0.0,0.0,0.0,,,905.647,0.0,0.0,0.0,True,never_reciprocal,0
NAM,1975,1978,Services,0.317547090049434,0.3352484199906303,122.49915529714669,114.38172390327908,-2.5776667177985795,2.0247086340547598,False,71.33773467553554,74.42096772958897,3.083233054053423,3.0832330540534247,Namibia,True,0.0,0_none,0.0,0.0,0.0,0.0,0.0,,,905.647,0.0,0.0,0.0,True,never_reciprocal,0
NAM,1978,1981,Agriculture,0.5415130292146757,0.531278853373679,15.071495881342212,16.01473954208186,0.5107787320146661,-0.1638976605214291,False,74.42096772958897,82.77985893745904,8.358891207870073,8.35889120787006,Namibia,True,0.0,0_none,0.0,0.0,0.0,0.0,0.0,,,970.569,0.0,0.0,0.0,True,never_reciprocal,0
NAM,1978,1981,Manufacturing,0.1232385507946939,0.1227670647433464,226.49782836386476,223.3796269211173,-0.3842826268901159,-0.1053203782485159,False,74.42096772958897,82.77985893745904,8.358891207870073,8.35889120787006,Namibia,True,0.0,0_none,0.0,0.0,0.0,0.0,0.0,,,970.569,0.0,0.0,0.0,True,never_reciprocal,0
NAM,1978,1981,Services,0.3352484199906303,0.3459540818829746,114.38172390327908,135.41654170087648,7.051889431435323,1.449723710080132,False,74.42096772958897,82.77985893745904,8.358891207870073,8.35889120787006,Namibia,True,0.0,0_none,0.0,0.0,0.0,0.0,0.0,,,970.569,0.0,0.0,0.0,True,never_reciprocal,0
NAM,1981,1984,Agriculture,0.531278853373679,0.5140028283630547,16.01473954208186,14.890775042369198,-0.5971385706400635,-0.2572534020595505,False,82.77985893745904,78.22458979180401,-4.555269145655032,-4.555269145655017,Namibia,True,0.0,0_none,0.0,0.0,0.0,0.0,0.0,2259233.28,2.184,1034.446,0.0,0.0,0.0,True,never_reciprocal,0
NAM,1981,1984,Manufacturing,0.1227670647433464,0.1343393530286366,223.3796269211173,164.74874638562767,-7.197941106659868,1.906519987814635,False,82.77985893745904,78.22458979180401,-4.555269145655032,-4.555269145655017,Namibia,True,0.0,0_none,0.0,0.0,0.0,0.0,0.0,2259233.28,2.184,1034.446,0.0,0.0,0.0,True,never_reciprocal,0
NAM,1981,1984,Services,0.3459540818829746,0.3516578186083088,135.41654170087648,137.74313192716716,0.8048933856542932,0.7856505602355366,False,82.77985893745904,78.22458979180401,-4.555269145655032,-4.555269145655017,Namibia,True,0.0,0_none,0.0,0.0,0.0,0.0,0.0,2259233.28,2.184,1034.446,0.0,0.0,0.0,True,never_reciprocal,0
NAM,1984,1987,Agriculture,0.5140028283630547,0.5093730562028937,14.890775042369198,15.236391280687238,0.1776477240236724,-0.0705410201726443,False,78.22458979180401,74.09073410908283,-4.133855682721176,-4.13385568272117,Namibia,True,0.0,0_none,0.0,0.0,0.0,0.0,0.0,1960596.992,1.763,1112.044,0.0,0.0,0.0,True,never_reciprocal,0
NAM,1984,1987,Manufacturing,0.1343393530286366,0.1341856960160947,164.74874638562767,154.7007171707843,-1.3498457439348992,-0.0237708500385499,False,78.22458979180401,74.09073410908283,-4.133855682721176,-4.13385568272117,Namibia,True,0.0,0_none,0.0,0.0,0.0,0.0,0.0,1960596.992,1.763,1112.044,0.0,0.0,0.0,True,never_reciprocal,0
NAM,1984,1987,Services,0.3516578186083088,0.3564412477810115,137.74313192716716,127.85025244099438,-3.478908419862405,0.611562627263656,False,78.22458979180401,74.09073410908283,-4.133855682721176,-4.13385568272117,Namibia,True,0.0,0_none,0.0,0.0,0.0,0.0,0.0,1960596.992,1.763,1112.044,0.0,0.0,0.0,True,never_reciprocal,0
NAM,1987,1990,Agriculture,0.5093730562028937,0.5297963564625446,15.236391280687238,15.576106171626623,0.1730416122354273,0.3181154932193318,False,74.09073410908283,71.6341446157754,-2.4565894933074333,-2.4565894933074333,Namibia,True,0.0,0_none,0.0,0.0,0.0,0.0,0.0,2310417.152,1.853,1247.186,0.0,0.0,0.0,True,never_reciprocal,0
NAM,1987,1990,Manufacturing,0.1341856960160947,0.1298845891092737,154.7007171707843,145.07800167423036,-1.2912307764699484,-0.6239959950288176,False,74.09073410908283,71.6341446157754,-2.4565894933074333,-2.4565894933074333,Namibia,True,0.0,0_none,0.0,0.0,0.0,0.0,0.0,2310417.152,1.853,1247.186,0.0,0.0,0.0,True,never_reciprocal,0
NAM,1987,1990,Services,0.3564412477810115,0.3403190544281816,127.85025244099438,130.87302371816213,1.0774403657902742,-2.109960193053701,False,74.09073410908283,71.6341446157754,-2.4565894933074333,-2.4565894933074333,Namibia,True,0.0,0_none,0.0,0.0,0.0,0.0,0.0,2310417.152,1.853,1247.186,0.0,0.0,0.0,True,never_reciprocal,0
NAM,1990,1993,Agriculture,0.5297963564625446,0.4906870345837453,15.576106171626623,19.269691886282647,1.9568482539068652,-0.753624582485915,False,71.6341446157754,81.75902524289944,10.124880627124044,10.124880627124044,Namibia,True,1.0,1_nonreciprocal,0.0,0.0,1.0,0.0,0.0,2804357.12,1.981,1415.447,0.0,0.0,0.0,True,never_reciprocal,0
NAM,1990,1993,Manufacturing,0.1298845891092737,0.1262119081824387,145.07800167423036,163.63501806683547,2.4102704492475717,-0.6009792098163597,False,71.6341446157754,81.75902524289944,10.124880627124044,10.124880627124044,Namibia,True,1.0,1_nonreciprocal,0.0,0.0,1.0,0.0,0.0,2804357.12,1.981,1415.447,0.0,0.0,0.0,True,never_reciprocal,0
NAM,1990,1993,Services,0.3403190544281816,0.3831010572338158,130.87302371816213,134.8233016404076,1.3443548472271023,5.768010869044779,False,71.6341446157754,81.75902524289944,10.124880627124044,10.124880627124044,Namibia,True,1.0,1_nonreciprocal,0.0,0.0,1.0,0.0,0.0,2804357.12,1.981,1415.447,0.0,0.0,0.0,True,never_reciprocal,0
NAM,1993,1996,Agriculture,0.4906870345837453,0.411607429925842,19.269691886282647,28.598293141746176,4.577423686857602,-2.2615417155401167,False,81.75902524289944,89.38284869092843,7.623823448028986,7.623823448028981,Namibia,True,1.0,1_nonreciprocal,0.0,0.0,1.0,0.0,0.0,3218435.072,2.064,1559.48,0.0,1.0,0.0,True,never_reciprocal,0
NAM,1993,1996,Manufacturing,0.1262119081824387,0.1232575567061864,163.63501806683547,181.91832752035728,2.3075713740190094,-0.5374506794671187,False,81.75902524289944,89.38284869092843,7.623823448028986,7.623823448028981,Namibia,True,1.0,1_nonreciprocal,0.0,0.0,1.0,0.0,0.0,3218435.072,2.064,1559.48,0.0,1.0,0.0,True,never_reciprocal,0
NAM,1993,1996,Services,0.3831010572338158,0.4651350133679715,134.8233016404076,118.65107677175271,-6.195596445004698,9.733417227164304,False,81.75902524289944,89.38284869092843,7.623823448028986,7.623823448028981,Namibia,True,1.0,1_nonreciprocal,0.0,0.0,1.0,0.0,0.0,3218435.072,2.064,1559.48,0.0,1.0,0.0,True,never_reciprocal,0
NAM,1996,1999,Agriculture,0.411607429925842,0.3374611123535755,28.598293141746176,36.05001805302849,3.0671853392472856,-2.67297608704579,False,89.38284869092843,95.92297671752598,6.540128026597557,6.540128026597551,Namibia,True,1.0,1_nonreciprocal,0.0,0.0,1.0,0.0,0.0,3945295.616,2.314,1705.309,1.0,1.0,0.0,True,never_reciprocal,0
NAM,1996,1999,Manufacturing,0.1232575567061864,0.1163030555014487,181.91832752035728,211.84582221193008,3.688789874020629,-1.4732820257915196,False,89.38284869092843,95.92297671752598,6.540128026597557,6.540128026597551,Namibia,True,1.0,1_nonreciprocal,0.0,0.0,1.0,0.0,0.0,3945295.616,2.314,1705.309,1.0,1.0,0.0,True,never_reciprocal,0
NAM,1996,1999,Services,0.4651350133679715,0.5462358321449757,118.65107677175271,108.23014095279932,-4.847142121455654,8.7775530476226,False,89.38284869092843,95.92297671752598,6.540128026597557,6.540128026597551,Namibia,True,1.0,1_nonreciprocal,0.0,0.0,1.0,0.0,0.0,3945295.616,2.314,1705.309,1.0,1.0,0.0,True,never_reciprocal,0
NAM,1999,2002,Agriculture,0.3374611123535755,0.30939865161921,36.05001805302849,41.83269066910753,1.9514271333985933,-1.1739282393146868,False,95.92297671752598,100.37829036218832,4.455313644662326,4.455313644662329,Namibia,True,1.0,1_nonreciprocal,0.0,0.0,1.0,0.0,0.0,3818964.224,2.056,1857.149,1.0,1.0,0.0,True,never_reciprocal,0
NAM,1999,2002,Manufacturing,0.1163030555014487,0.1227451452690875,211.84582221193008,222.6816203894558,1.260236436843269,1.4345349881521432,False,95.92297671752598,100.37829036218832,4.455313644662326,4.455313644662329,Namibia,True,1.0,1_nonreciprocal,0.0,0.0,1.0,0.0,0.0,3818964.224,2.056,1857.149,1.0,1.0,0.0,True,never_reciprocal,0
NAM,1999,2002,Services,0.5462358321449757,0.5678562031117025,108.23014095279932,105.84057038165471,-1.3052690693983169,2.2883123949813275,False,95.92297671752598,100.37829036218832,4.455313644662326,4.455313644662329,Namibia,True,1.0,1_nonreciprocal,0.0,0.0,1.0,0.0,0.0,3818964.224,2.056,1857.149,1.0,1.0,0.0,True,never_reciprocal,0
NAM,2002,2005,Agriculture,0.30939865161921,0.3035488480023628,41.83269066910753,45.53268503356402,1.1447732673615152,-0.2663572655941059,False,100.37829036218832,114.62887685823829,14.250586496049976,14.250586496049984,Namibia,True,1.0,1_nonreciprocal,0.0,0.0,1.0,0.0,0.0,3361236.224,1.716,1958.303,1.0,1.0,0.0,True,never_reciprocal,0
NAM,2002,2005,Manufacturing,0.1227451452690875,0.1302732683882648,222.6816203894558,245.7657828105466,2.833468869792003,1.850155071478777,False,100.37829036218832,114.62887685823829,14.250586496049976,14.250586496049984,Namibia,True,1.0,1_nonreciprocal,0.0,0.0,1.0,0.0,0.0,3361236.224,1.716,1958.303,1.0,1.0,0.0,True,never_reciprocal,0
NAM,2002,2005,Services,0.5678562031117025,0.5661778836093724,105.84057038165471,121.5002792878016,8.892462841279068,-0.203916288267272,False,100.37829036218832,114.62887685823829,14.250586496049976,14.250586496049984,Namibia,True,1.0,1_nonreciprocal,0.0,0.0,1.0,0.0,0.0,3361236.224,1.716,1958.303,1.0,1.0,0.0,True,never_reciprocal,0
NAM,2005,2008,Agriculture,0.3035488480023628,0.3139949966204862,45.53268503356402,30.94601665096552,-4.427766383730265,0.3232666890749046,False,114.62887685823829,123.24564582392829,8.616768965689985,8.616768965689968,Namibia,True,1.0,1_nonreciprocal,0.0,0.0,1.0,0.0,0.0,7261301.248,3.582,2027.026,1.0,1.0,1.0,True,switched_during_interval,1
NAM,2005,2008,Manufacturing,0.1302732683882648,0.126877026872234,245.7657828105466,302.3358493209168,7.369567457247449,-1.0268055632481288,False,114.62887685823829,123.24564582392829,8.616768965689985,8.616768965689968,Namibia,True,1.0,1_nonreciprocal,0.0,0.0,1.0,0.0,0.0,7261301.248,3.582,2027.026,1.0,1.0,1.0,True,switched_during_interval,1
NAM,2005,2008,Services,0.5661778836093724,0.5591279765072799,121.5002792878016,134.44020136681976,7.3262976967687,-0.9477909304226916,False,114.62887685823829,123.24564582392829,8.616768965689985,8.616768965689968,Namibia,True,1.0,1_nonreciprocal,0.0,0.0,1.0,0.0,0.0,7261301.248,3.582,2027.026,1.0,1.0,1.0,True,switched_during_interval,1
NAM,2008,2011,Agriculture,0.3139949966204862,0.2943888304418693,30.94601665096552,37.17395036407928,1.9555400252017685,-0.7288386483537939,False,123.24564582392829,127.4146115184593,4.168965694531025,4.168965694531035,Namibia,True,3.0,3_fta,1.0,1.0,0.0,0.0495879938270116,0.0235960043450332,8486515.712,4.021,2110.791,1.0,1.0,1.0,True,always_reciprocal,1
NAM,2008,2011,Manufacturing,0.126877026872234,0.1257656759892067,302.3358493209168,274.5616390214834,-3.523909226516288,-0.305134319971941,False,123.24564582392829,127.4146115184593,4.168965694531025,4.168965694531035,Namibia,True,3.0,3_fta,1.0,1.0,0.0,0.0495879938270116,0.0235960043450332,8486515.712,4.021,2110.791,1.0,1.0,1.0,True,always_reciprocal,1
NAM,2008,2011,Services,0.5591279765072799,0.5798454935689239,134.44020136681976,141.3145165814633,3.843621955836845,2.9276859083344458,False,123.24564582392829,127.4146115184593,4.168965694531025,4.168965694531035,Namibia,True,3.0,3_fta,1.0,1.0,0.0,0.0495879938270116,0.0235960043450332,8486515.712,4.021,2110.791,1.0,1.0,1.0,True,always_reciprocal,1
NAM,2011,2014,Agriculture,0.2943888304418693,0.2932083725866009,37.17395036407928,30.759320396893177,-1.888395413757284,-0.0363100813852311,False,127.4146115184593,129.4698521581514,2.055240639692116,2.0552406396921343,Namibia,True,3.0,3_fta,1.0,1.0,0.0,0.7434962572719388,0.4052172146582293,12412389.376,5.597,2217.618,1.0,1.0,1.0,True,always_reciprocal,1
NAM,2011,2014,Manufacturing,0.1257656759892067,0.1406620537309554,274.5616390214834,253.00742157428795,-2.710780727664893,3.7688941232364335,False,127.4146115184593,129.4698521581514,2.055240639692116,2.0552406396921343,Namibia,True,3.0,3_fta,1.0,1.0,0.0,0.7434962572719388,0.4052172146582293,12412389.376,5.597,2217.618,1.0,1.0,1.0,True,always_reciprocal,1
NAM,2011,2014,Services,0.5798454935689239,0.5661295736824438,141.3145165814633,149.8992850751461,4.97783932439446,-2.056006585131351,False,127.4146115184593,129.4698521581514,2.055240639692116,2.0552406396921343,Namibia,True,3.0,3_fta,1.0,1.0,0.0,0.7434962572719388,0.4052172146582293,12412389.376,5.597,2217.618,1.0,1.0,1.0,True,always_reciprocal,1
NAM,2014,2017,Agriculture,0.2932083725866009,0.1990480044048096,30.759320396893177,48.35130309287039,5.158116616859122,-4.5527765012940575,False,129.4698521581514,136.15315815488248,6.683305996731065,6.683305996731053,Namibia,True,3.0,3_fta,1.0,1.0,0.0,0.5872456616042545,0.3971537725985979,12853962.752,5.421,2370.992,1.0,1.0,1.0,True,always_reciprocal,1
NAM,2014,2017,Manufacturing,0.1406620537309554,0.1791653465031635,253.00742157428795,188.24194728913403,-9.110044623809127,7.247934808484108,False,129.4698521581514,136.15315815488248,6.683305996731065,6.683305996731053,Namibia,True,3.0,3_fta,1.0,1.0,0.0,0.5872456616042545,0.3971537725985979,12853962.752,5.421,2370.992,1.0,1.0,1.0,True,always_reciprocal,1
NAM,2014,2017,Services,0.5661295736824438,0.6217866490920269,149.8992850751461,149.25134559724432,-0.3668177003965636,8.306893396887574,False,129.4698521581514,136.15315815488248,6.683305996731065,6.683305996731053,Namibia,True,3.0,3_fta,1.0,1.0,0.0,0.5872456616042545,0.3971537725985979,12853962.752,5.421,2370.992,1.0,1.0,1.0,True,always_reciprocal,1
NGA,1960,1963,Agriculture,0.7692963465397996,0.7103171608091763,224.9422170507887,234.80217534656347,7.585229893974311,-13.848441109719351,False,298.97129019714754,311.7388135362769,12.767523339129411,12.767523339129422,Nigeria,True,1.0,1_nonreciprocal,0.0,0.0,1.0,0.0,0.0,4196174.336,0.093,45211.613,0.0,1.0,0.0,True,never_reciprocal,0
NGA,1960,1963,Manufacturing,0.0962911412296076,0.130512443013182,490.74421100888696,486.6749894744264,-0.391829985469302,16.65465168532221,False,298.97129019714754,311.7388135362769,12.767523339129411,12.767523339129422,Nigeria,True,1.0,1_nonreciprocal,0.0,0.0,1.0,0.0,0.0,4196174.336,0.093,45211.613,0.0,1.0,0.0,True,never_reciprocal,0
NGA,1960,1963,Services,0.1344125122305926,0.1591703961776417,585.2858710994213,511.6382136265922,-9.899166660821136,12.667079515842692,False,298.97129019714754,311.7388135362769,12.767523339129411,12.767523339129422,Nigeria,True,1.0,1_nonreciprocal,0.0,0.0,1.0,0.0,0.0,4196174.336,0.093,45211.613,0.0,1.0,0.0,True,never_reciprocal,0
NGA,1963,1966,Agriculture,0.7103171608091763,0.6353155989484351,234.80217534656347,205.37657477747868,-20.901509051337197,-15.403563877920195,False,311.7388135362769,325.5463825645615,13.807569028284547,13.807569028284572,Nigeria,True,1.0,1_nonreciprocal,0.0,0.0,1.0,0.0,0.0,5165590.016,0.107,48128.46,0.0,1.0,0.0,True,never_reciprocal,0
NGA,1963,1966,Manufacturing,0.130512443013182,0.162400533575388,486.6749894744264,706.1093829503016,28.638918773652318,22.51647995034264,False,311.7388135362769,325.5463825645615,13.807569028284547,13.807569028284572,Nigeria,True,1.0,1_nonreciprocal,0.0,0.0,1.0,0.0,0.0,5165590.016,0.107,48128.46,0.0,1.0,0.0,True,never_reciprocal,0
NGA,1963,1966,Services,0.1591703961776417,0.2022838674761768,511.6382136265922,397.4360456875324,-18.17760431520573,17.134847548752735,False,311.7388135362769,325.5463825645615,13.807569028284547,13.807569028284572,Nigeria,True,1.0,1_nonreciprocal,0.0,0.0,1.0,0.0,0.0,5165590.016,0.107,48128.46,0.0,1.0,0.0,True,never_reciprocal,0
NGA,1966,1969,Agriculture,0.6353155989484351,0.6305103467780887,205.37657477747868,193.6011050824199,-7.481139582215412,-0.9303021303787676,False,325.5463825645615,345.8672070851617,20.320824520600183,20.3208245206002,Nigeria,True,1.0,1_nonreciprocal,0.0,0.0,1.0,0.0,0.0,6366792.704,0.124,51336.376,0.0,1.0,0.0,True,never_reciprocal,0
NGA,1966,1969,Manufacturing,0.162400533575388,0.1559463505337151,706.1093829503016,870.7037172198995,26.73020770886849,-5.619681166002247,False,325.5463825645615,345.8672070851617,20.320824520600183,20.3208245206002,Nigeria,True,1.0,1_nonreciprocal,0.0,0.0,1.0,0.0,0.0,6366792.704,0.124,51336.376,0.0,1.0,0.0,True,never_reciprocal,0
NGA,1966,1969,Services,0.2022838674761768,0.2135433026881961,397.4360456875324,412.1723274785051,2.980912072896725,4.640827617431409,False,325.5463825645615,345.8672070851617,20.320824520600183,20.3208245206002,Nigeria,True,1.0,1_nonreciprocal,0.0,0.0,1.0,0.0,0.0,6366792.704,0.124,51336.376,0.0,1.0,0.0,True,never_reciprocal,0
NGA,1969,1972,Agriculture,0.6305103467780887,0.5972169277750295,193.6011050824199,227.60596406392145,21.440415428566524,-7.577780729175361,False,345.8672070851617,582.2482884399652,236.38108135480357,236.38108135480363,Nigeria,True,1.0,1_nonreciprocal,0.0,0.0,1.0,0.0,0.0,6634187.264,0.121,54859.203,0.0,1.0,0.0,True,never_reciprocal,0
NGA,1969,1972,Manufacturing,0.1559463505337151,0.1579909093190314,870.7037172198995,2056.3503179631125,184.8972604086089,4.204329108279363,False,345.8672070851617,582.2482884399652,236.38108135480357,236.38108135480363,Nigeria,True,1.0,1_nonreciprocal,0.0,0.0,1.0,0.0,0.0,6634187.264,0.121,54859.203,0.0,1.0,0.0,True,never_reciprocal,0
NGA,1969,1972,Services,0.2135433026881961,0.244792162905939,412.1723274785051,496.0677489974446,17.915305391572698,15.5015517469515,False,345.8672070851617,582.2482884399652,236.38108135480357,236.38108135480363,Nigeria,True,1.0,1_nonreciprocal,0.0,0.0,1.0,0.0,0.0,6634187.264,0.121,54859.203,0.0,1.0,0.0,True,never_reciprocal,0
NGA,1972,1975,Agriculture,0.5972169277750295,0.5497334211938667,227.60596406392145,220.5645041430112,-4.205279061017026,-10.47317608404559,False,582.2482884399652,644.6781972368067,62.42990879684146,62.429908796841296,Nigeria,True,1.0,1_nonreciprocal,0.0,0.0,1.0,0.0,0.0,12274415.616,0.209,58829.323,0.0,1.0,0.0,True,never_reciprocal,0
NGA,1972,1975,Manufacturing,0.1579909093190314,0.1570331980789963,2056.3503179631125,2205.277353197929,23.52911771893612,-2.1120189085525185,False,582.2482884399652,644.6781972368067,62.42990879684146,62.429908796841296,Nigeria,True,1.0,1_nonreciprocal,0.0,0.0,1.0,0.0,0.0,12274415.616,0.209,58829.323,0.0,1.0,0.0,True,never_reciprocal,0
NGA,1972,1975,Services,0.244792162905939,0.2932333807271369,496.0677489974446,604.0402423396179,26.43082017957769,29.260444951942628,False,582.2482884399652,644.6781972368067,62.42990879684146,62.429908796841296,Nigeria,True,1.0,1_nonreciprocal,0.0,0.0,1.0,0.0,0.0,12274415.616,0.209,58829.323,0.0,1.0,0.0,True,never_reciprocal,0
NGA,1975,1978,Agriculture,0.5497334211938667,0.4857004329711122,220.5645041430112,223.09174894289956,1.38931093003704,-14.285231332654387,False,644.6781972368067,683.0962216131302,38.4180243763235,38.41802437632346,Nigeria,True,1.0,1_nonreciprocal,0.0,0.0,1.0,0.0,0.0,27778934.784,0.437,63565.601,0.0,1.0,0.0,True,never_reciprocal,0
NGA,1975,1978,Manufacturing,0.1570331980789963,0.1701052430774459,2205.277353197929,2323.7862965642366,18.60983837777391,30.37663903546839,False,644.6781972368067,683.0962216131302,38.4180243763235,38.41802437632346,Nigeria,True,1.0,1_nonreciprocal,0.0,0.0,1.0,0.0,0.0,27778934.784,0.437,63565.601,0.0,1.0,0.0,True,never_reciprocal,0
NGA,1975,1978,Services,0.2932333807271369,0.3441943239514417,604.0402423396179,521.3689396792624,-24.24198556821237,26.569452933910878,False,644.6781972368067,683.0962216131302,38.4180243763235,38.41802437632346,Nigeria,True,1.0,1_nonreciprocal,0.0,0.0,1.0,0.0,0.0,27778934.784,0.437,63565.601,0.0,1.0,0.0,True,never_reciprocal,0
NGA,1978,1981,Agriculture,0.4857004329711122,0.4091721926643978,223.09174894289956,205.9911891642268,-8.30574928854972,-15.764143225425814,False,683.0962216131302,620.4161345094934,-62.680087103636765,-62.68008710363674,Nigeria,True,1.0,1_nonreciprocal,0.0,0.0,1.0,0.0,0.0,36527861.76,0.525,69512.238,0.0,1.0,0.0,True,never_reciprocal,0
NGA,1978,1981,Manufacturing,0.1701052430774459,0.1641227147352722,2323.7862965642366,2051.559552541826,-46.30719646411371,-12.273513168738658,False,683.0962216131302,620.4161345094934,-62.680087103636765,-62.68008710363674,Nigeria,True,1.0,1_nonreciprocal,0.0,0.0,1.0,0.0,0.0,36527861.76,0.525,69512.238,0.0,1.0,0.0,True,never_reciprocal,0
NGA,1978,1981,Services,0.3441943239514417,0.4267050926003299,521.3689396792624,467.3549676899749,-18.591302572784954,38.561817615976125,False,683.0962216131302,620.4161345094934,-62.680087103636765,-62.68008710363674,Nigeria,True,1.0,1_nonreciprocal,0.0,0.0,1.0,0.0,0.0,36527861.76,0.525,69512.238,0.0,1.0,0.0,True,never_reciprocal,0
NGA,1981,1984,Agriculture,0.4091721926643978,0.3977598308660023,205.9911891642268,229.37075672403316,9.56626892199137,-2.6176620617064232,False,620.4161345094934,603.1979640137648,-17.2181704957286,-17.218170495728558,Nigeria,True,1.0,1_nonreciprocal,0.0,0.0,1.0,0.0,0.0,61076492.288,0.807,75729.576,0.0,1.0,0.0,True,never_reciprocal,0
NGA,1981,1984,Manufacturing,0.1641227147352722,0.1040703252042049,2051.559552541826,2820.2548372628253,126.16035693261335,-169.363042064184,False,620.4161345094934,603.1979640137648,-17.2181704957286,-17.218170495728558,Nigeria,True,1.0,1_nonreciprocal,0.0,0.0,1.0,0.0,0.0,61076492.288,0.807,75729.576,0.0,1.0,0.0,True,never_reciprocal,0
NGA,1981,1984,Services,0.4267050926003299,0.4981698439297926,467.3549676899749,438.5224340711389,-12.30298892772752,31.338896703284654,False,620.4161345094934,603.1979640137648,-17.2181704957286,-17.218170495728558,Nigeria,True,1.0,1_nonreciprocal,0.0,0.0,1.0,0.0,0.0,61076492.288,0.807,75729.576,0.0,1.0,0.0,True,never_reciprocal,0
NGA,1984,1987,Agriculture,0.3977598308660023,0.4501342770615733,229.37075672403316,247.4380044926393,7.186425416654934,12.959428453039182,False,603.1979640137648,661.6211022992136,58.42313828544877,58.42313828544877,Nigeria,True,1.0,1_nonreciprocal,0.0,0.0,1.0,0.0,0.0,28500815.872,0.349,81775.215,0.0,1.0,0.0,True,never_reciprocal,0
NGA,1984,1987,Manufacturing,0.1040703252042049,0.1075746709829808,2820.2548372628253,2967.452022824275,15.318858970523776,10.398977969904244,False,603.1979640137648,661.6211022992136,58.42313828544877,58.42313828544877,Nigeria,True,1.0,1_nonreciprocal,0.0,0.0,1.0,0.0,0.0,28500815.872,0.349,81775.215,0.0,1.0,0.0,True,never_reciprocal,0
NGA,1984,1987,Services,0.4981698439297926,0.4422910519554459,438.5224340711389,522.3214419439131,41.74613867345139,-29.186691198124755,False,603.1979640137648,661.6211022992136,58.42313828544877,58.42313828544877,Nigeria,True,1.0,1_nonreciprocal,0.0,0.0,1.0,0.0,0.0,28500815.872,0.349,81775.215,0.0,1.0,0.0,True,never_reciprocal,0
NGA,1987,1990,Agriculture,0.4501342770615733,0.4864753394263799,247.4380044926393,252.44726662001307,2.2548405863173246,9.174201860062857,False,661.6211022992136,760.7113577084606,99.090255409247,99.09025540924704,Nigeria,True,1.0,1_nonreciprocal,0.0,0.0,1.0,0.0,0.0,24093202.432,0.273,88412.918,0.0,1.0,0.0,True,never_reciprocal,0
NGA,1987,1990,Manufacturing,0.1075746709829808,0.1152274320513752,2967.452022824275,3416.801062317044,48.338575079953095,26.14796214814829,False,661.6211022992136,760.7113577084606,99.090255409247,99.09025540924704,Nigeria,True,1.0,1_nonreciprocal,0.0,0.0,1.0,0.0,0.0,24093202.432,0.273,88412.918,0.0,1.0,0.0,True,never_reciprocal,0
NGA,1987,1990,Services,0.4422910519554459,0.3982972285222449,522.3214419439131,613.0918275706405,40.14692934524673,-26.972253610481246,False,661.6211022992136,760.7113577084606,99.090255409247,99.09025540924704,Nigeria,True,1.0,1_nonreciprocal,0.0,0.0,1.0,0.0,0.0,24093202.432,0.273,88412.918,0.0,1.0,0.0,True,never_reciprocal,0
NGA,1990,1993,Agriculture,0.4864753394263799,0.4968496448458773,252.44726662001307,247.49807285978352,-2.4076607143945905,2.567620598584417,False,760.7113577084606,725.3480358259251,-35.3633218825355,-35.363321882535544,Nigeria,True,1.0,1_nonreciprocal,0.0,0.0,1.0,0.0,0.0,30757074.944,0.322,95617.348,0.0,1.0,0.0,True,never_reciprocal,0
NGA,1990,1993,Manufacturing,0.1152274320513752,0.1190777533874345,3416.801062317044,2970.213983208057,-51.45908231305286,11.436278272207812,False,760.7113577084606,725.3480358259251,-35.3633218825355,-35.363321882535544,Nigeria,True,1.0,1_nonreciprocal,0.0,0.0,1.0,0.0,0.0,30757074.944,0.322,95617.348,0.0,1.0,0.0,True,never_reciprocal,0
NGA,1990,1993,Services,0.3982972285222449,0.3840726017666882,613.0918275706405,647.513769222769,13.710163960397232,-9.210641686277562,False,760.7113577084606,725.3480358259251,-35.3633218825355,-35.363321882535544,Nigeria,True,1.0,1_nonreciprocal,0.0,0.0,1.0,0.0,0.0,30757074.944,0.322,95617.348,0.0,1.0,0.0,True,never_reciprocal,0
NGA,1993,1996,Agriculture,0.4968496448458773,0.4962841321112272,247.49807285978352,253.27380217472864,2.8696690588564078,-0.1432295604830614,False,725.3480358259251,686.0868383807808,-39.26119744514426,-39.26119744514431,Nigeria,True,1.0,1_nonreciprocal,0.0,0.0,1.0,0.0,0.0,15789003.776,0.153,103144.753,0.0,1.0,0.0,True,never_reciprocal,0
NGA,1993,1996,Manufacturing,0.1190777533874345,0.1193777488919193,2970.213983208057,2643.6133169017708,-38.89087359859182,0.7930721106665681,False,725.3480358259251,686.0868383807808,-39.26119744514426,-39.26119744514431,Nigeria,True,1.0,1_nonreciprocal,0.0,0.0,1.0,0.0,0.0,15789003.776,0.153,103144.753,0.0,1.0,0.0,True,never_reciprocal,0
NGA,1993,1996,Services,0.3840726017666882,0.3843381189968536,647.513769222769,636.9455707607174,-4.058955479306897,0.1691200237144925,False,725.3480358259251,686.0868383807808,-39.26119744514426,-39.26119744514431,Nigeria,True,1.0,1_nonreciprocal,0.0,0.0,1.0,0.0,0.0,15789003.776,0.153,103144.753,0.0,1.0,0.0,True,never_reciprocal,0
NGA,1996,1999,Agriculture,0.4962841321112272,0.4815060031399114,253.27380217472864,274.79403782606954,10.680151473054806,-4.060941731542274,False,686.0868383807808,673.7729588145565,-12.313879566224273,-12.31387956622418,Nigeria,True,1.0,1_nonreciprocal,0.0,0.0,1.0,0.0,0.0,34987950.08,0.315,111166.206,1.0,1.0,0.0,True,never_reciprocal,0
NGA,1996,1999,Manufacturing,0.1193777488919193,0.1170137043330366,2643.6133169017708,2446.661911517198,-23.511615415910136,-5.784017779347675,False,686.0868383807808,673.7729588145565,-12.313879566224273,-12.31387956622418,Nigeria,True,1.0,1_nonreciprocal,0.0,0.0,1.0,0.0,0.0,34987950.08,0.315,111166.206,1.0,1.0,0.0,True,never_reciprocal,0
NGA,1996,1999,Services,0.3843381189968536,0.4014802925270518,636.9455707607174,635.5604775790569,-0.5323441080747725,10.894887995595871,False,686.0868383807808,673.7729588145565,-12.313879566224273,-12.31387956622418,Nigeria,True,1.0,1_nonreciprocal,0.0,0.0,1.0,0.0,0.0,34987950.08,0.315,111166.206,1.0,1.0,0.0,True,never_reciprocal,0
NGA,1999,2002,Agriculture,0.4815060031399114,0.4833051849495008,274.79403782606954,422.3330056240404,71.04089869178904,0.7598538613079822,False,673.7729588145565,801.8896977308758,128.11673891631926,128.1167389163192,Nigeria,True,1.0,1_nonreciprocal,0.0,0.0,1.0,0.0,0.0,35870793.728,0.299,119831.886,1.0,1.0,0.0,True,never_reciprocal,0
NGA,1999,2002,Manufacturing,0.1170137043330366,0.1189724130173246,2446.661911517198,2546.699488447266,11.705767449088397,4.988242404293338,False,673.7729588145565,801.8896977308758,128.11673891631926,128.1167389163192,Nigeria,True,1.0,1_nonreciprocal,0.0,0.0,1.0,0.0,0.0,35870793.728,0.299,119831.886,1.0,1.0,0.0,True,never_reciprocal,0
NGA,1999,2002,Services,0.4014802925270518,0.3977224020331746,635.5604775790569,741.187776851263,42.40727901064779,-2.785302500807339,False,673.7729588145565,801.8896977308758,128.11673891631926,128.1167389163192,Nigeria,True,1.0,1_nonreciprocal,0.0,0.0,1.0,0.0,0.0,35870793.728,0.299,119831.886,1.0,1.0,0.0,True,never_reciprocal,0
NGA,2002,2005,Agriculture,0.4833051849495008,0.4491174021051672,422.3330056240404,514.3910155482747,44.49211351251506,-17.58588833664062,False,801.8896977308758,930.8636911515516,128.9739934206758,128.9739934206758,Nigeria,True,1.0,1_nonreciprocal,0.0,0.0,1.0,0.0,0.0,59116867.584,0.457,129224.64,1.0,1.0,0.0,True,never_reciprocal,0
NGA,2002,2005,Manufacturing,0.1189724130173246,0.1159043495101495,2546.699488447266,2813.6913704125136,31.76466845344221,-8.632583814016023,False,801.8896977308758,930.8636911515516,128.9739934206758,128.9739934206758,Nigeria,True,1.0,1_nonreciprocal,0.0,0.0,1.0,0.0,0.0,59116867.584,0.457,129224.64,1.0,1.0,0.0,True,never_reciprocal,0
NGA,2002,2005,Services,0.3977224020331746,0.4349782483846832,741.187776851263,859.1755287997246,46.926372115436514,32.009311489938675,False,801.8896977308758,930.8636911515516,128.9739934206758,128.9739934206758,Nigeria,True,1.0,1_nonreciprocal,0.0,0.0,1.0,0.0,0.0,59116867.584,0.457,129224.64,1.0,1.0,0.0,True,never_reciprocal,0
NGA,2005,2008,Agriculture,0.4491174021051672,0.4221591279129068,514.3910155482747,617.838796058627,46.460198436355,-16.655867670764543,False,930.8636911515516,1037.078598862218,106.21490771066624,106.21490771066637,Nigeria,True,1.0,1_nonreciprocal,0.0,0.0,1.0,0.0,0.0,112248324.096,0.804,139585.892,1.0,1.0,0.0,True,never_reciprocal,0
NGA,2005,2008,Manufacturing,0.1159043495101495,0.1135005704316702,2813.6913704125136,2489.002131789715,-37.632894995521205,-5.983011250686428,False,930.8636911515516,1037.078598862218,106.21490771066624,106.21490771066637,Nigeria,True,1.0,1_nonreciprocal,0.0,0.0,1.0,0.0,0.0,112248324.096,0.804,139585.892,1.0,1.0,0.0,True,never_reciprocal,0
NGA,2005,2008,Services,0.4349782483846832,0.4643403016554229,859.1755287997246,1063.3346879504172,88.80479343905806,31.22168975222548,False,930.8636911515516,1037.078598862218,106.21490771066624,106.21490771066637,Nigeria,True,1.0,1_nonreciprocal,0.0,0.0,1.0,0.0,0.0,112248324.096,0.804,139585.892,1.0,1.0,0.0,True,never_reciprocal,0
NGA,2008,2011,Agriculture,0.4221591279129068,0.4018478599527596,617.838796058627,693.0825204762972,31.76482508108272,-14.077384791888283,False,1037.078598862218,1192.443102691625,155.3645038294071,155.36450382940697,Nigeria,True,1.0,1_nonreciprocal,0.0,0.0,1.0,0.0,0.0,208064724.992,1.376,151208.084,1.0,1.0,0.0,True,never_reciprocal,0
NGA,2008,2011,Manufacturing,0.1135005704316702,0.1155115995532524,2489.002131789715,2637.8387501032366,16.893041079705498,5.3047705444956375,False,1037.078598862218,1192.443102691625,155.3645038294071,155.36450382940697,Nigeria,True,1.0,1_nonreciprocal,0.0,0.0,1.0,0.0,0.0,208064724.992,1.376,151208.084,1.0,1.0,0.0,True,never_reciprocal,0
NGA,2008,2011,Services,0.4643403016554229,0.4826405404939879,1063.3346879504172,1262.2818652076576,92.37919230112188,23.10005961488954,False,1037.078598862218,1192.443102691625,155.3645038294071,155.36450382940697,Nigeria,True,1.0,1_nonreciprocal,0.0,0.0,1.0,0.0,0.0,208064724.992,1.376,151208.084,1.0,1.0,0.0,True,never_reciprocal,0
NGA,2011,2014,Agriculture,0.4018478599527596,0.376975901153132,693.0825204762972,786.765174541332,37.64617405072895,-19.56839100617384,False,1192.443102691625,1295.1661895134537,102.7230868218287,102.72308682182882,Nigeria,True,1.0,1_nonreciprocal,0.0,0.0,1.0,0.0,0.0,411743813.632,2.508,164192.932,1.0,1.0,0.0,True,never_reciprocal,0
NGA,2011,2014,Manufacturing,0.1155115995532524,0.1154742319515745,2637.8387501032366,2732.0080077967136,10.877641584915954,-0.102088587016366,False,1192.443102691625,1295.1661895134537,102.7230868218287,102.72308682182882,Nigeria,True,1.0,1_nonreciprocal,0.0,0.0,1.0,0.0,0.0,411743813.632,2.508,164192.932,1.0,1.0,0.0,True,never_reciprocal,0
NGA,2011,2014,Services,0.4826405404939879,0.5075498668952935,1262.2818652076576,1345.873966310938,40.34493685751532,33.524813921858794,False,1192.443102691625,1295.1661895134537,102.7230868218287,102.72308682182882,Nigeria,True,1.0,1_nonreciprocal,0.0,0.0,1.0,0.0,0.0,411743813.632,2.508,164192.932,1.0,1.0,0.0,True,never_reciprocal,0
NGA,2014,2017,Agriculture,0.376975901153132,0.3680831794548346,786.765174541332,841.1182794856592,20.489810716858475,-7.479830774816708,False,1295.1661895134537,1226.0102219573755,-69.15596755607817,-69.15596755607827,Nigeria,True,1.0,1_nonreciprocal,0.0,0.0,1.0,0.0,0.0,568498913.28,3.222,176460.495,1.0,1.0,0.0,True,never_reciprocal,0
NGA,2014,2017,Manufacturing,0.1154742319515745,0.1127279843380208,2732.0080077967136,2375.7416664934767,-41.13958213218879,-6.524374882027671,False,1295.1661895134537,1226.0102219573755,-69.15596755607817,-69.15596755607827,Nigeria,True,1.0,1_nonreciprocal,0.0,0.0,1.0,0.0,0.0,568498913.28,3.222,176460.495,1.0,1.0,0.0,True,never_reciprocal,0
NGA,2014,2017,Services,0.5075498668952935,0.5191888362071446,1345.873966310938,1249.2490530290956,-49.04196187496832,14.53997139106476,False,1295.1661895134537,1226.0102219573755,-69.15596755607817,-69.15596755607827,Nigeria,True,1.0,1_nonreciprocal,0.0,0.0,1.0,0.0,0.0,568498913.28,3.222,176460.495,1.0,1.0,0.0,True,never_reciprocal,0
RWA,1972,1975,Agriculture,0.9302390509578388,0.9300846176057586,183.34520724601887,234.03606135809585,47.15461202146072,-0.0361429734631799,False,243.20633450583168,314.7621547831487,71.555820277317,71.55582027731704,Rwanda,True,1.0,1_nonreciprocal,0.0,0.0,1.0,0.0,0.0,246457.84,0.062,3983.659,0.0,1.0,0.0,True,never_reciprocal,0
RWA,1972,1975,Manufacturing,0.0252758157780443,0.0257582697448083,287.52504521228565,693.097987486261,10.251186973476434,0.3343878734188505,False,243.20633450583168,314.7621547831487,71.555820277317,71.55582027731704,Rwanda,True,1.0,1_nonreciprocal,0.0,0.0,1.0,0.0,0.0,246457.84,0.062,3983.659,0.0,1.0,0.0,True,never_reciprocal,0
RWA,1972,1975,Services,0.044485133264117,0.0441571126494331,1469.795143853325,1794.406483429994,14.440378700111662,-0.588602317687456,False,243.20633450583168,314.7621547831487,71.555820277317,71.55582027731704,Rwanda,True,1.0,1_nonreciprocal,0.0,0.0,1.0,0.0,0.0,246457.84,0.062,3983.659,0.0,1.0,0.0,True,never_reciprocal,0
RWA,1975,1978,Agriculture,0.9300846176057586,0.9297140134130452,234.03606135809585,214.72221957817916,-17.963507146371935,-0.0795769548443999,False,314.7621547831487,314.043146785486,-0.7190079976626862,-0.7190079976627093,Rwanda,True,1.0,1_nonreciprocal,0.0,0.0,1.0,0.0,0.0,571863.488,0.131,4359.166,0.0,1.0,0.0,True,never_reciprocal,0
RWA,1975,1978,Manufacturing,0.0257582697448083,0.0264353818721444,693.097987486261,881.977128314414,4.865199858619207,0.5971974096147609,False,314.7621547831487,314.043146785486,-0.7190079976626862,-0.7190079976627093,Rwanda,True,1.0,1_nonreciprocal,0.0,0.0,1.0,0.0,0.0,571863.488,0.131,4359.166,0.0,1.0,0.0,True,never_reciprocal,0
RWA,1975,1978,Services,0.0441571126494331,0.0438506047148105,1794.406483429994,2077.4511242314275,12.49843408868723,-0.6367552533675713,False,314.7621547831487,314.043146785486,-0.7190079976626862,-0.7190079976627093,Rwanda,True,1.0,1_nonreciprocal,0.0,0.0,1.0,0.0,0.0,571863.488,0.131,4359.166,0.0,1.0,0.0,True,never_reciprocal,0
RWA,1978,1981,Agriculture,0.9297140134130452,0.9236675079276636,214.72221957817916,227.4903503984686,11.870710148714108,-1.3755216515556856,False,314.043146785486,351.97852080750346,37.93537402201747,37.93537402201746,Rwanda,True,1.0,1_nonreciprocal,0.0,0.0,1.0,0.0,0.0,905709.056,0.189,4804.354,0.0,1.0,0.0,True,never_reciprocal,0
RWA,1978,1981,Manufacturing,0.0264353818721444,0.0265118514213474,881.977128314414,680.2755099268697,-5.332059306304283,0.0520203615779498,False,314.043146785486,351.97852080750346,37.93537402201747,37.93537402201746,Rwanda,True,1.0,1_nonreciprocal,0.0,0.0,1.0,0.0,0.0,905709.056,0.189,4804.354,0.0,1.0,0.0,True,never_reciprocal,0
RWA,1978,1981,Services,0.0438506047148105,0.0498206406509888,2077.4511242314275,2485.2693766020216,17.883076980187763,14.837147489397614,False,314.043146785486,351.97852080750346,37.93537402201747,37.93537402201746,Rwanda,True,1.0,1_nonreciprocal,0.0,0.0,1.0,0.0,0.0,905709.056,0.189,4804.354,0.0,1.0,0.0,True,never_reciprocal,0
RWA,1981,1984,Agriculture,0.9236675079276636,0.9161351270879072,227.4903503984686,213.82740290117405,-12.620020665772582,-1.610629432627671,False,351.97852080750346,332.52056653119223,-19.457954276311227,-19.457954276311213,Rwanda,True,1.0,1_nonreciprocal,0.0,0.0,1.0,0.0,0.0,1407062.528,0.265,5313.633,0.0,1.0,0.0,True,never_reciprocal,0
RWA,1981,1984,Manufacturing,0.0265118514213474,0.0267951336455767,680.2755099268697,967.9469194779168,7.626701668186946,0.274202156285638,False,351.97852080750346,332.52056653119223,-19.457954276311227,-19.457954276311213,Rwanda,True,1.0,1_nonreciprocal,0.0,0.0,1.0,0.0,0.0,1407062.528,0.265,5313.633,0.0,1.0,0.0,True,never_reciprocal,0
RWA,1981,1984,Services,0.0498206406509888,0.0570697392665159,2485.2693766020216,1939.5481029498376,-27.188183470225415,14.059975467841875,False,351.97852080750346,332.52056653119223,-19.457954276311227,-19.457954276311213,Rwanda,True,1.0,1_nonreciprocal,0.0,0.0,1.0,0.0,0.0,1407062.528,0.265,5313.633,0.0,1.0,0.0,True,never_reciprocal,0
RWA,1984,1987,Agriculture,0.9161351270879072,0.9067974568493908,213.82740290117405,158.17036474623714,-50.98936772340961,-1.4769427075062562,False,332.52056653119223,275.1868744867343,-57.33369204445791,-57.33369204445793,Rwanda,True,1.0,1_nonreciprocal,0.0,0.0,1.0,0.0,0.0,1587413.12,0.27,5873.794,0.0,1.0,0.0,True,never_reciprocal,0
RWA,1984,1987,Manufacturing,0.0267951336455767,0.0272258963259323,967.9469194779168,641.7535877652969,-8.740393917535608,0.2764434955935794,False,332.52056653119223,275.1868744867343,-57.33369204445791,-57.33369204445793,Rwanda,True,1.0,1_nonreciprocal,0.0,0.0,1.0,0.0,0.0,1587413.12,0.27,5873.794,0.0,1.0,0.0,True,never_reciprocal,0
RWA,1984,1987,Services,0.0570697392665159,0.0659766468246769,1939.5481029498376,1732.22009360844,-11.832155435759343,15.428724244159302,False,332.52056653119223,275.1868744867343,-57.33369204445791,-57.33369204445793,Rwanda,True,1.0,1_nonreciprocal,0.0,0.0,1.0,0.0,0.0,1587413.12,0.27,5873.794,0.0,1.0,0.0,True,never_reciprocal,0
RWA,1987,1990,Agriculture,0.9067974568493908,0.8980808504814795,158.17036474623714,164.58765930808462,5.819186388536724,-1.4346458392044614,False,275.1868744867343,277.5966995454696,2.4098250587352936,2.4098250587353025,Rwanda,True,1.0,1_nonreciprocal,0.0,0.0,1.0,0.0,0.0,2157432.576,0.32,6740.876,0.0,1.0,0.0,True,never_reciprocal,0
RWA,1987,1990,Manufacturing,0.0272258963259323,0.0273354442157078,641.7535877652969,644.41830003668,0.0725491800391162,0.070594664901705,False,275.1868744867343,277.5966995454696,2.4098250587352936,2.4098250587353025,Rwanda,True,1.0,1_nonreciprocal,0.0,0.0,1.0,0.0,0.0,2157432.576,0.32,6740.876,0.0,1.0,0.0,True,never_reciprocal,0
RWA,1987,1990,Services,0.0659766468246769,0.0745837053028126,1732.22009360844,1503.9238604151917,-15.062219948795027,12.944360613257247,False,275.1868744867343,277.5966995454696,2.4098250587352936,2.4098250587353025,Rwanda,True,1.0,1_nonreciprocal,0.0,0.0,1.0,0.0,0.0,2157432.576,0.32,6740.876,0.0,1.0,0.0,True,never_reciprocal,0
RWA,1990,1993,Agriculture,0.8980808504814795,0.8939130587753763,164.58765930808462,148.2946363918678,-14.63245187751023,-0.6180611556136093,False,277.5966995454696,270.97637158166833,-6.620327963801287,-6.620327963801267,Rwanda,True,1.0,1_nonreciprocal,0.0,0.0,1.0,0.0,0.0,2550185.728,0.353,7214.696,0.0,1.0,0.0,True,never_reciprocal,0
RWA,1990,1993,Manufacturing,0.0273354442157078,0.026651083431344,644.41830003668,679.9024959829676,0.9699762588289904,-0.4652986054417959,False,277.5966995454696,270.97637158166833,-6.620327963801287,-6.620327963801267,Rwanda,True,1.0,1_nonreciprocal,0.0,0.0,1.0,0.0,0.0,2550185.728,0.353,7214.696,0.0,1.0,0.0,True,never_reciprocal,0
RWA,1990,1993,Services,0.0745837053028126,0.0794358577932796,1503.9238604151917,1514.350379800234,0.777648449148067,7.347858966787309,False,277.5966995454696,270.97637158166833,-6.620327963801287,-6.620327963801267,Rwanda,True,1.0,1_nonreciprocal,0.0,0.0,1.0,0.0,0.0,2550185.728,0.353,7214.696,0.0,1.0,0.0,True,never_reciprocal,0
RWA,1993,1996,Agriculture,0.8939130587753763,0.8891081183119377,148.2946363918678,188.2557147258323,35.72172976547661,-0.9045575011597056,False,270.97637158166833,344.91438784057107,73.93801625890273,73.93801625890266,Rwanda,True,1.0,1_nonreciprocal,0.0,0.0,1.0,0.0,0.0,1971525.76,0.325,6066.268,0.0,1.0,0.0,True,never_reciprocal,0
RWA,1993,1996,Manufacturing,0.026651083431344,0.0259834454288057,679.9024959829676,702.1684159285245,0.5934108901446639,-0.4687943186559616,False,270.97637158166833,344.91438784057107,73.93801625890273,73.93801625890266,Rwanda,True,1.0,1_nonreciprocal,0.0,0.0,1.0,0.0,0.0,1971525.76,0.325,6066.268,0.0,1.0,0.0,True,never_reciprocal,0
RWA,1993,1996,Services,0.0794358577932796,0.0849084362592565,1514.350379800234,1876.0202856137512,28.72955920631139,10.266668216785677,False,270.97637158166833,344.91438784057107,73.93801625890273,73.93801625890266,Rwanda,True,1.0,1_nonreciprocal,0.0,0.0,1.0,0.0,0.0,1971525.76,0.325,6066.268,0.0,1.0,0.0,True,never_reciprocal,0
RWA,1996,1999,Agriculture,0.8891081183119377,0.8835151097949863,188.2557147258323,162.34667361370276,-23.03593879047212,-0.9080063282201746,False,344.91438784057107,347.4543520145371,2.539964173966041,2.539964173966068,Rwanda,True,1.0,1_nonreciprocal,0.0,0.0,1.0,0.0,0.0,1382334.848,0.233,5929.575,1.0,1.0,0.0,True,never_reciprocal,0
RWA,1996,1999,Manufacturing,0.0259834454288057,0.0253280521667311,702.1684159285245,1036.7719240837696,8.69415199443878,-0.679493333352692,False,344.91438784057107,347.4543520145371,2.539964173966041,2.539964173966068,Rwanda,True,1.0,1_nonreciprocal,0.0,0.0,1.0,0.0,0.0,1382334.848,0.233,5929.575,1.0,1.0,0.0,True,never_reciprocal,0
RWA,1996,1999,Services,0.0849084362592565,0.0911568380382825,1876.0202856137512,1950.036917680573,6.284636485970584,12.18461414560169,False,344.91438784057107,347.4543520145371,2.539964173966041,2.539964173966068,Rwanda,True,1.0,1_nonreciprocal,0.0,0.0,1.0,0.0,0.0,1382334.848,0.233,5929.575,1.0,1.0,0.0,True,never_reciprocal,0
RWA,1999,2002,Agriculture,0.8835151097949863,0.8770885807246374,162.34667361370276,199.1334076170788,32.501635331991714,-1.2797366329287954,False,347.4543520145371,407.2588321573878,59.80448014285071,59.80448014285074,Rwanda,True,1.0,1_nonreciprocal,0.0,0.0,1.0,0.0,0.0,1817655.168,0.231,7853.015,1.0,1.0,0.0,True,never_reciprocal,0
RWA,1999,2002,Manufacturing,0.0253280521667311,0.0269782804233037,1036.7719240837696,1238.638586832886,5.112889364833534,2.044036395672796,False,347.4543520145371,407.2588321573878,59.80448014285071,59.80448014285074,Rwanda,True,1.0,1_nonreciprocal,0.0,0.0,1.0,0.0,0.0,1817655.168,0.231,7853.015,1.0,1.0,0.0,True,never_reciprocal,0
RWA,1999,2002,Services,0.0911568380382825,0.095933138852059,1950.036917680573,2076.2883143449467,11.508678117841283,9.916977565440208,False,347.4543520145371,407.2588321573878,59.80448014285071,59.80448014285074,Rwanda,True,1.0,1_nonreciprocal,0.0,0.0,1.0,0.0,0.0,1817655.168,0.231,7853.015,1.0,1.0,0.0,True,never_reciprocal,0
RWA,2002,2005,Agriculture,0.8770885807246374,0.7959592342762077,199.1334076170788,213.7606482057264,12.829385687814751,-17.342261685323262,False,407.2588321573878,446.6918952133908,39.43306305600299,39.43306305600299,Rwanda,True,1.0,1_nonreciprocal,0.0,0.0,1.0,0.0,0.0,1677447.04,0.187,8987.523,1.0,1.0,0.0,True,never_reciprocal,0
RWA,2002,2005,Manufacturing,0.0269782804233037,0.0373739494045055,1238.638586832886,1186.990713537639,-1.3933708090264298,12.339562541697864,False,407.2588321573878,446.6918952133908,39.43306305600299,39.43306305600299,Rwanda,True,1.0,1_nonreciprocal,0.0,0.0,1.0,0.0,0.0,1677447.04,0.187,8987.523,1.0,1.0,0.0,True,never_reciprocal,0
RWA,2002,2005,Services,0.095933138852059,0.1666668163192865,2076.2883143449467,1393.1063639747051,-65.53978890608884,98.5395362269289,False,407.2588321573878,446.6918952133908,39.43306305600299,39.43306305600299,Rwanda,True,1.0,1_nonreciprocal,0.0,0.0,1.0,0.0,0.0,1677447.04,0.187,8987.523,1.0,1.0,0.0,True,never_reciprocal,0
RWA,2005,2008,Agriculture,0.7959592342762077,0.7776556363738701,213.7606482057264,226.42599451610363,10.081099351050854,-4.144410358259659,False,446.6918952133908,543.0033288872029,96.31143367381208,96.31143367381212,Rwanda,True,1.0,1_nonreciprocal,0.0,0.0,1.0,0.0,0.0,2581465.6,0.274,9429.457,1.0,1.0,0.0,True,never_reciprocal,0
RWA,2005,2008,Manufacturing,0.0373739494045055,0.0486576658456039,1186.990713537639,1217.1437766019378,1.1269390533559664,13.7339052432239,False,446.6918952133908,543.0033288872029,96.31143367381208,96.31143367381212,Rwanda,True,1.0,1_nonreciprocal,0.0,0.0,1.0,0.0,0.0,2581465.6,0.274,9429.457,1.0,1.0,0.0,True,never_reciprocal,0
RWA,2005,2008,Services,0.1666668163192865,0.1736866977805258,1393.1063639747051,1771.572070827535,63.07767444718952,12.436225937251534,False,446.6918952133908,543.0033288872029,96.31143367381208,96.31143367381212,Rwanda,True,1.0,1_nonreciprocal,0.0,0.0,1.0,0.0,0.0,2581465.6,0.274,9429.457,1.0,1.0,0.0,True,never_reciprocal,0
RWA,2008,2011,Agriculture,0.7776556363738701,0.7704379895227601,226.42599451610363,250.34235182113216,18.59869005978684,-1.806882687321276,False,543.0033288872029,621.9746364547085,78.97130756750562,78.9713075675056,Rwanda,True,1.0,1_nonreciprocal,0.0,0.0,1.0,0.0,0.0,4796573.696,0.469,10222.961,1.0,1.0,1.0,True,switched_during_interval,1
RWA,2008,2011,Manufacturing,0.0486576658456039,0.0611522005094303,1217.1437766019378,1154.1602901786423,-3.0646294361758364,14.42069575324891,False,543.0033288872029,621.9746364547085,78.97130756750562,78.9713075675056,Rwanda,True,1.0,1_nonreciprocal,0.0,0.0,1.0,0.0,0.0,4796573.696,0.469,10222.961,1.0,1.0,1.0,True,switched_during_interval,1
RWA,2008,2011,Services,0.1736866977805258,0.1684098099678096,1771.572070827535,2128.866108267317,62.05722149958729,-11.23378762162033,False,543.0033288872029,621.9746364547085,78.97130756750562,78.9713075675056,Rwanda,True,1.0,1_nonreciprocal,0.0,0.0,1.0,0.0,0.0,4796573.696,0.469,10222.961,1.0,1.0,1.0,True,switched_during_interval,1
RWA,2011,2014,Agriculture,0.7704379895227601,0.6845259000946153,250.34235182113216,305.9380952480957,42.83307279189302,-26.283780998430675,False,621.9746364547085,711.5216879408786,89.54705148617006,89.54705148617006,Rwanda,True,2.0,2_reciprocal_pta,1.0,0.0,0.0,0.52853374662733,0.378959243625367,6406727.168,0.575,11144.315,1.0,1.0,1.0,True,always_reciprocal,1
RWA,2011,2014,Manufacturing,0.0611522005094303,0.077513878465673,1154.1602901786423,1122.1455040928786,-1.957774617983156,18.360183358013376,False,621.9746364547085,711.5216879408786,89.54705148617006,89.54705148617006,Rwanda,True,2.0,2_reciprocal_pta,1.0,0.0,0.0,0.52853374662733,0.378959243625367,6406727.168,0.575,11144.315,1.0,1.0,1.0,True,always_reciprocal,1
RWA,2011,2014,Services,0.1684098099678096,0.2379602214397116,2128.866108267317,1744.4818515520622,-64.73407962803384,121.32943058071132,False,621.9746364547085,711.5216879408786,89.54705148617006,89.54705148617006,Rwanda,True,2.0,2_reciprocal_pta,1.0,0.0,0.0,0.52853374662733,0.378959243625367,6406727.168,0.575,11144.315,1.0,1.0,1.0,True,always_reciprocal,1
RWA,2014,2017,Agriculture,0.6845259000946153,0.6708003752710066,305.9380952480957,332.3779091224072,18.098737390647127,-4.562061242478784,False,711.5216879408786,802.7358856294193,91.21419768854072,91.21419768854062,Rwanda,True,2.0,2_reciprocal_pta,1.0,0.0,0.0,0.542670355078237,0.3714304598175133,8016288.256,0.707,11345.357,1.0,1.0,1.0,True,always_reciprocal,1
RWA,2014,2017,Manufacturing,0.077513878465673,0.0838749841296568,1122.1455040928786,1140.4846220872043,1.421536163379805,7.25474318924536,False,711.5216879408786,802.7358856294193,91.21419768854072,91.21419768854062,Rwanda,True,2.0,2_reciprocal_pta,1.0,0.0,0.0,0.542670355078237,0.3714304598175133,8016288.256,0.707,11345.357,1.0,1.0,1.0,True,always_reciprocal,1
RWA,2014,2017,Services,0.2379602214397116,0.2453246405993365,1744.4818515520622,1973.3791464971305,54.46845099207939,14.532791195667713,False,711.5216879408786,802.7358856294193,91.21419768854072,91.21419768854062,Rwanda,True,2.0,2_reciprocal_pta,1.0,0.0,0.0,0.542670355078237,0.3714304598175133,8016288.256,0.707,11345.357,1.0,1.0,1.0,True,always_reciprocal,1
SEN,1972,1975,Agriculture,0.7196588520467316,0.719580789887951,664.1060020968783,617.2898166018358,-33.69168231056916,-0.0481869756772135,False,1810.9168505423177,1651.119235219507,-159.797615322811,-159.79761532281103,Senegal,True,1.0,1_nonreciprocal,0.0,0.0,1.0,0.0,0.0,1280328.064,0.285,4485.775,0.0,1.0,0.0,True,never_reciprocal,0
SEN,1972,1975,Manufacturing,0.0700770010188609,0.0716012033578794,4406.174945579928,4148.566017197147,-18.05246113674786,6.32325402698448,False,1810.9168505423177,1651.119235219507,-159.797615322811,-159.79761532281103,Senegal,True,1.0,1_nonreciprocal,0.0,0.0,1.0,0.0,0.0,1280328.064,0.285,4485.775,0.0,1.0,0.0,True,never_reciprocal,0
SEN,1972,1975,Services,0.2102641469344073,0.2088180067541694,4871.08989439249,4357.320695190864,-108.02724239130352,-6.301296535497737,False,1810.9168505423177,1651.119235219507,-159.797615322811,-159.79761532281103,Senegal,True,1.0,1_nonreciprocal,0.0,0.0,1.0,0.0,0.0,1280328.064,0.285,4485.775,0.0,1.0,0.0,True,never_reciprocal,0
SEN,1975,1978,Agriculture,0.719580789887951,0.7126143322785429,617.2898166018358,443.7496863285664,-124.87614401929714,-3.091363378996131,False,1651.119235219507,1421.9357075922856,-229.1835276272211,-229.1835276272211,Senegal,True,1.0,1_nonreciprocal,0.0,0.0,1.0,0.0,0.0,2235746.56,0.456,4901.053,0.0,1.0,0.0,True,never_reciprocal,0
SEN,1975,1978,Manufacturing,0.0716012033578794,0.0697080153570612,4148.566017197147,3814.4915469678376,-23.92013407956461,-7.221549625942004,False,1651.119235219507,1421.9357075922856,-229.1835276272211,-229.1835276272211,Senegal,True,1.0,1_nonreciprocal,0.0,0.0,1.0,0.0,0.0,2235746.56,0.456,4901.053,0.0,1.0,0.0,True,never_reciprocal,0
SEN,1975,1978,Services,0.2088180067541694,0.2176776523643958,4357.320695190864,3858.056519413243,-104.2553500296461,34.18101350622487,False,1651.119235219507,1421.9357075922856,-229.1835276272211,-229.1835276272211,Senegal,True,1.0,1_nonreciprocal,0.0,0.0,1.0,0.0,0.0,2235746.56,0.456,4901.053,0.0,1.0,0.0,True,never_reciprocal,0
SEN,1978,1981,Agriculture,0.7126143322785429,0.6964574328815402,443.7496863285664,472.2435854359896,20.3051608864486,-7.629992100769139,False,1421.9357075922856,1376.995311135041,-44.94039645724456,-44.940396457244695,Senegal,True,1.0,1_nonreciprocal,0.0,0.0,1.0,0.0,0.0,2591178.752,0.49,5289.871,0.0,1.0,0.0,True,never_reciprocal,0
SEN,1978,1981,Manufacturing,0.0697080153570612,0.0718071946868228,3814.4915469678376,3459.0158470792526,-24.779505546895585,7.261094567506481,False,1421.9357075922856,1376.995311135041,-44.94039645724456,-44.940396457244695,Senegal,True,1.0,1_nonreciprocal,0.0,0.0,1.0,0.0,0.0,2591178.752,0.49,5289.871,0.0,1.0,0.0,True,never_reciprocal,0
SEN,1978,1981,Services,0.2176776523643958,0.231735372431637,3858.056519413243,3450.9860241876177,-88.61014974752618,48.51299548399113,False,1421.9357075922856,1376.995311135041,-44.94039645724456,-44.940396457244695,Senegal,True,1.0,1_nonreciprocal,0.0,0.0,1.0,0.0,0.0,2591178.752,0.49,5289.871,0.0,1.0,0.0,True,never_reciprocal,0
SEN,1981,1984,Agriculture,0.6964574328815402,0.6866037969256203,472.2435854359896,379.2674033564129,-64.75395309026868,-3.737162922621094,False,1376.995311135041,1242.7409316932126,-134.2543794418284,-134.2543794418281,Senegal,True,1.0,1_nonreciprocal,0.0,0.0,1.0,0.0,0.0,3176771.584,0.555,5723.711,0.0,1.0,0.0,True,never_reciprocal,0
SEN,1981,1984,Manufacturing,0.0718071946868228,0.0725476588728252,3459.0158470792526,3300.33106795638,-11.394708828311613,2.4437769577727657,False,1376.995311135041,1242.7409316932126,-134.2543794418284,-134.2543794418281,Senegal,True,1.0,1_nonreciprocal,0.0,0.0,1.0,0.0,0.0,3176771.584,0.555,5723.711,0.0,1.0,0.0,True,never_reciprocal,0
SEN,1981,1984,Services,0.231735372431637,0.2408485442015544,3450.9860241876177,3084.524353161101,-84.92213181724992,28.10980025885042,False,1376.995311135041,1242.7409316932126,-134.2543794418284,-134.2543794418281,Senegal,True,1.0,1_nonreciprocal,0.0,0.0,1.0,0.0,0.0,3176771.584,0.555,5723.711,0.0,1.0,0.0,True,never_reciprocal,0
SEN,1984,1987,Agriculture,0.6866037969256203,0.6693909324604396,379.2674033564129,434.1553542928696,37.6862755184383,-7.473057270275705,False,1242.7409316932126,1220.914772410564,-21.826159282648632,-21.826159282648756,Senegal,True,1.0,1_nonreciprocal,0.0,0.0,1.0,0.0,0.0,2705536.0,0.433,6246.065,0.0,1.0,0.0,True,never_reciprocal,0
SEN,1984,1987,Manufacturing,0.0725476588728252,0.0762541985892089,3300.33106795638,3071.558792973145,-16.596892965043843,11.38485465736266,False,1242.7409316932126,1220.914772410564,-21.826159282648632,-21.826159282648756,Senegal,True,1.0,1_nonreciprocal,0.0,0.0,1.0,0.0,0.0,2705536.0,0.433,6246.065,0.0,1.0,0.0,True,never_reciprocal,0
SEN,1984,1987,Services,0.2408485442015544,0.2543548689503515,3084.524353161101,2736.6327354473874,-83.78918966627158,36.961850443141415,False,1242.7409316932126,1220.914772410564,-21.826159282648632,-21.826159282648756,Senegal,True,1.0,1_nonreciprocal,0.0,0.0,1.0,0.0,0.0,2705536.0,0.433,6246.065,0.0,1.0,0.0,True,never_reciprocal,0
SEN,1987,1990,Agriculture,0.6693909324604396,0.6581082437774071,434.1553542928696,329.07369454412463,-70.34071020370301,-3.71283604931669,False,1220.914772410564,1073.7167905264018,-147.19798188416212,-147.1979818841621,Senegal,True,1.0,1_nonreciprocal,0.0,0.0,1.0,0.0,0.0,5040708.608,0.736,6846.349,0.0,1.0,0.0,True,never_reciprocal,0
SEN,1987,1990,Manufacturing,0.0762541985892089,0.0749461438936895,3071.558792973145,2906.2403298527074,-12.606226917248703,-3.801521309771629,False,1220.914772410564,1073.7167905264018,-147.19798188416212,-147.1979818841621,Senegal,True,1.0,1_nonreciprocal,0.0,0.0,1.0,0.0,0.0,5040708.608,0.736,6846.349,0.0,1.0,0.0,True,never_reciprocal,0
SEN,1987,1990,Services,0.2543548689503515,0.2669456123289033,2736.6327354473874,2395.016602101372,-86.89172682855157,30.15503942442952,False,1220.914772410564,1073.7167905264018,-147.19798188416212,-147.1979818841621,Senegal,True,1.0,1_nonreciprocal,0.0,0.0,1.0,0.0,0.0,5040708.608,0.736,6846.349,0.0,1.0,0.0,True,never_reciprocal,0
SEN,1990,1993,Agriculture,0.6581082437774071,0.6517367176419702,329.07369454412463,342.9921292388373,9.159836613067895,-2.185383315694403,False,1073.7167905264018,1061.266331572476,-12.450458953925818,-12.45045895392578,Senegal,True,1.0,1_nonreciprocal,0.0,0.0,1.0,0.0,0.0,5716644.352,0.761,7514.11,0.0,1.0,0.0,True,never_reciprocal,0
SEN,1990,1993,Manufacturing,0.0749461438936895,0.0809514259396103,2906.2403298527074,2724.787786126185,-13.599168452003918,16.363119170967817,False,1073.7167905264018,1061.266331572476,-12.450458953925818,-12.45045895392578,Senegal,True,1.0,1_nonreciprocal,0.0,0.0,1.0,0.0,0.0,5716644.352,0.761,7514.11,0.0,1.0,0.0,True,never_reciprocal,0
SEN,1990,1993,Services,0.2669456123289033,0.2673118564184194,2395.016602101372,2308.7277859069613,-23.03442087615314,0.8455579058899629,False,1073.7167905264018,1061.266331572476,-12.450458953925818,-12.45045895392578,Senegal,True,1.0,1_nonreciprocal,0.0,0.0,1.0,0.0,0.0,5716644.352,0.761,7514.11,0.0,1.0,0.0,True,never_reciprocal,0
SEN,1993,1996,Agriculture,0.6517367176419702,0.6334502102690783,342.9921292388373,355.5511733421432,8.185190180609323,-6.501789152761445,False,1061.266331572476,1093.0105576114358,31.744226038959823,31.744226038959752,Senegal,True,1.0,1_nonreciprocal,0.0,0.0,1.0,0.0,0.0,5678828.544,0.69,8234.586,0.0,1.0,0.0,True,never_reciprocal,0
SEN,1993,1996,Manufacturing,0.0809514259396103,0.0932937494359204,2724.787786126185,2566.751492668698,-12.793263305594316,31.6796772571538,False,1061.266331572476,1093.0105576114358,31.744226038959823,31.744226038959752,Senegal,True,1.0,1_nonreciprocal,0.0,0.0,1.0,0.0,0.0,5678828.544,0.69,8234.586,0.0,1.0,0.0,True,never_reciprocal,0
SEN,1993,1996,Services,0.2673118564184194,0.2732560402950013,2308.7277859069613,2299.399203753387,-2.4936406132236533,13.668051672776038,False,1061.266331572476,1093.0105576114358,31.744226038959823,31.744226038959752,Senegal,True,1.0,1_nonreciprocal,0.0,0.0,1.0,0.0,0.0,5678828.544,0.69,8234.586,0.0,1.0,0.0,True,never_reciprocal,0
SEN,1996,1999,Agriculture,0.6334502102690783,0.5926093002003981,355.5511733421432,397.88209279676425,26.814529829413114,-16.24986676985091,False,1093.0105576114358,1166.2634312721016,73.25287366066573,73.25287366066564,Senegal,True,1.0,1_nonreciprocal,0.0,0.0,1.0,0.0,0.0,5065829.888,0.567,8940.298,1.0,1.0,0.0,True,never_reciprocal,0
SEN,1996,1999,Manufacturing,0.0932937494359204,0.1056171355023693,2566.751492668698,2373.570118236593,-18.022614741955557,29.250420922816343,False,1093.0105576114358,1166.2634312721016,73.25287366066573,73.25287366066564,Senegal,True,1.0,1_nonreciprocal,0.0,0.0,1.0,0.0,0.0,5065829.888,0.567,8940.298,1.0,1.0,0.0,True,never_reciprocal,0
SEN,1996,1999,Services,0.2732560402950013,0.3017735642972325,2299.399203753387,2252.633120725632,-12.779114668271603,64.23951908851426,False,1093.0105576114358,1166.2634312721016,73.25287366066573,73.25287366066564,Senegal,True,1.0,1_nonreciprocal,0.0,0.0,1.0,0.0,0.0,5065829.888,0.567,8940.298,1.0,1.0,0.0,True,never_reciprocal,0
SEN,1999,2002,Agriculture,0.5926093002003981,0.5637586226506204,397.88209279676425,315.2557045165746,-48.965166136809565,-9.095340676735711,False,1166.2634312721016,1158.094206645418,-8.169224626683672,-8.169224626683466,Senegal,True,1.0,1_nonreciprocal,0.0,0.0,1.0,0.0,0.0,5144045.056,0.535,9618.564,1.0,1.0,0.0,True,never_reciprocal,0
SEN,1999,2002,Manufacturing,0.1056171355023693,0.1193264105231551,2373.570118236593,2219.514588184368,-16.270903792415194,30.42793590206566,False,1166.2634312721016,1158.094206645418,-8.169224626683672,-8.169224626683466,Senegal,True,1.0,1_nonreciprocal,0.0,0.0,1.0,0.0,0.0,5144045.056,0.535,9618.564,1.0,1.0,0.0,True,never_reciprocal,0
SEN,1999,2002,Services,0.3017735642972325,0.3169149668262245,2252.633120725632,2257.7645452918214,1.5485282812613108,34.18572179595003,False,1166.2634312721016,1158.094206645418,-8.169224626683672,-8.169224626683466,Senegal,True,1.0,1_nonreciprocal,0.0,0.0,1.0,0.0,0.0,5144045.056,0.535,9618.564,1.0,1.0,0.0,True,never_reciprocal,0
SEN,2002,2005,Agriculture,0.5637586226506204,0.5287270637795617,315.2557045165746,413.1069015525628,55.16445606572314,-14.471778741779248,False,1158.094206645418,1269.0378091341263,110.9436024887084,110.94360248870824,Senegal,True,1.0,1_nonreciprocal,0.0,0.0,1.0,0.0,0.0,5333862.4,0.513,10390.05,1.0,1.0,0.0,True,never_reciprocal,0
SEN,2002,2005,Manufacturing,0.1193264105231551,0.1315455872494653,2219.514588184368,2056.417116496401,-19.461835861927007,25.127724169478796,False,1158.094206645418,1269.0378091341263,110.9436024887084,110.94360248870824,Senegal,True,1.0,1_nonreciprocal,0.0,0.0,1.0,0.0,0.0,5333862.4,0.513,10390.05,1.0,1.0,0.0,True,never_reciprocal,0
SEN,2002,2005,Services,0.3169149668262245,0.3397273489709729,2257.7645452918214,2296.266153410127,12.20173585956916,52.3833009976434,False,1158.094206645418,1269.0378091341263,110.9436024887084,110.94360248870824,Senegal,True,1.0,1_nonreciprocal,0.0,0.0,1.0,0.0,0.0,5333862.4,0.513,10390.05,1.0,1.0,0.0,True,never_reciprocal,0
SEN,2005,2008,Agriculture,0.5287270637795617,0.5166377803054563,413.1069015525628,392.6146915795956,-10.83478600936117,-4.746430302604205,False,1269.0378091341263,1265.406853145476,-3.630955988650385,-3.630955988650502,Senegal,True,1.0,1_nonreciprocal,0.0,0.0,1.0,0.0,0.0,8707014.656,0.773,11270.826,1.0,1.0,0.0,True,never_reciprocal,0
SEN,2005,2008,Manufacturing,0.1315455872494653,0.1323044584230615,2056.417116496401,1898.5891689881155,-20.761570039355234,1.4407845908469683,False,1269.0378091341263,1265.406853145476,-3.630955988650385,-3.630955988650502,Senegal,True,1.0,1_nonreciprocal,0.0,0.0,1.0,0.0,0.0,8707014.656,0.773,11270.826,1.0,1.0,0.0,True,never_reciprocal,0
SEN,2005,2008,Services,0.3397273489709729,0.3510577612714822,2296.266153410127,2311.2306523659536,5.083849558941815,26.187196212881325,False,1269.0378091341263,1265.406853145476,-3.630955988650385,-3.630955988650502,Senegal,True,1.0,1_nonreciprocal,0.0,0.0,1.0,0.0,0.0,8707014.656,0.773,11270.826,1.0,1.0,0.0,True,never_reciprocal,0
SEN,2008,2011,Agriculture,0.5166377803054563,0.5061008783778377,392.6146915795956,367.7676176876672,-12.836937102611572,-3.875131319728873,False,1265.406853145476,1249.342410503899,-16.06444264157699,-16.064442641576903,Senegal,True,1.0,1_nonreciprocal,0.0,0.0,1.0,0.0,0.0,13386346.496,1.094,12238.791,1.0,1.0,0.0,True,never_reciprocal,0
SEN,2008,2011,Manufacturing,0.1323044584230615,0.142933527561204,1898.5891689881155,1870.4866530478532,-3.7180881518017928,19.881531957218428,False,1265.406853145476,1249.342410503899,-16.06444264157699,-16.064442641576903,Senegal,True,1.0,1_nonreciprocal,0.0,0.0,1.0,0.0,0.0,13386346.496,1.094,12238.791,1.0,1.0,0.0,True,never_reciprocal,0
SEN,2008,2011,Services,0.3510577612714822,0.3509655940609582,2311.2306523659536,2267.628662309091,-15.306817016343626,-0.2090010083094674,False,1265.406853145476,1249.342410503899,-16.06444264157699,-16.064442641576903,Senegal,True,1.0,1_nonreciprocal,0.0,0.0,1.0,0.0,0.0,13386346.496,1.094,12238.791,1.0,1.0,0.0,True,never_reciprocal,0
SEN,2011,2014,Agriculture,0.5061008783778377,0.4880567315457383,367.7676176876672,383.13909526053874,7.779518301595541,-6.913418091998849,False,1249.342410503899,1258.606624425703,9.264213921804412,9.264213921804476,Senegal,True,1.0,1_nonreciprocal,0.0,0.0,1.0,0.0,0.0,14440676.352,1.083,13330.737,1.0,1.0,0.0,True,never_reciprocal,0
SEN,2011,2014,Manufacturing,0.142933527561204,0.1492511540339908,1870.4866530478532,1752.8542276271703,-16.813617520958495,11.073878271393578,False,1249.342410503899,1258.606624425703,9.264213921804412,9.264213921804476,Senegal,True,1.0,1_nonreciprocal,0.0,0.0,1.0,0.0,0.0,14440676.352,1.083,13330.737,1.0,1.0,0.0,True,never_reciprocal,0
SEN,2011,2014,Services,0.3509655940609582,0.3626921144202708,2267.628662309091,2233.29226452426,-12.050894246466491,26.1887472082392,False,1249.342410503899,1258.606624425703,9.264213921804412,9.264213921804476,Senegal,True,1.0,1_nonreciprocal,0.0,0.0,1.0,0.0,0.0,14440676.352,1.083,13330.737,1.0,1.0,0.0,True,never_reciprocal,0
SEN,2014,2017,Agriculture,0.4880567315457383,0.468630317925881,383.13909526053874,491.6696731918368,52.96907913791935,-9.551378435764688,False,1258.606624425703,1402.277272054138,143.6706476284346,143.67064762843458,Senegal,True,1.0,1_nonreciprocal,0.0,0.0,1.0,0.0,0.0,15308965.888,1.052,14546.111,1.0,1.0,0.0,True,never_reciprocal,0
SEN,2014,2017,Manufacturing,0.1492511540339908,0.1550178030223255,1752.8542276271703,1883.1502069075216,19.446825273581386,10.859466235545652,False,1258.606624425703,1402.277272054138,143.6706476284346,143.67064762843458,Senegal,True,1.0,1_nonreciprocal,0.0,0.0,1.0,0.0,0.0,15308965.888,1.052,14546.111,1.0,1.0,0.0,True,never_reciprocal,0
SEN,2014,2017,Services,0.3626921144202708,0.3763518790517933,2233.29226452426,2338.0888948206743,38.00891142632586,31.937743990827023,False,1258.606624425703,1402.277272054138,143.6706476284346,143.67064762843458,Senegal,True,1.0,1_nonreciprocal,0.0,0.0,1.0,0.0,0.0,15308965.888,1.052,14546.111,1.0,1.0,0.0,True,never_reciprocal,0
SLE,2002,2005,Agriculture,0.6850408986831347,0.6814482721398833,2655.126394074364,2925.53208479484,185.2389573801885,-10.510344220967314,False,3711.067557352348,3889.935531935816,178.86797458346746,178.86797458346712,Sierra Leone,True,1.0,1_nonreciprocal,0.0,0.0,1.0,0.0,0.0,1239004.288,0.276,4493.047,1.0,1.0,0.0,True,never_reciprocal,0
SLE,2002,2005,Manufacturing,0.0580545922876023,0.0569288378206881,5226.046737579322,6917.578069426661,98.20116181210228,-7.787494411885022,False,3711.067557352348,3889.935531935816,178.86797458346746,178.86797458346712,Sierra Leone,True,1.0,1_nonreciprocal,0.0,0.0,1.0,0.0,0.0,1239004.288,0.276,4493.047,1.0,1.0,0.0,True,never_reciprocal,0
SLE,2002,2005,Services,0.256904509029263,0.2616228900394285,6184.404390626088,5743.102476277209,-113.37245163947266,27.098145663501324,False,3711.067557352348,3889.935531935816,178.86797458346746,178.86797458346712,Sierra Leone,True,1.0,1_nonreciprocal,0.0,0.0,1.0,0.0,0.0,1239004.288,0.276,4493.047,1.0,1.0,0.0,True,never_reciprocal,0
SLE,2005,2008,Agriculture,0.6814482721398833,0.6606770212530113,2925.53208479484,3673.540776940932,509.72923080856833,-76.30403712099492,False,3889.935531935816,4352.729181866713,462.7936499308971,462.7936499308975,Sierra Leone,True,1.0,1_nonreciprocal,0.0,0.0,1.0,0.0,0.0,1627853.056,0.318,5119.895,1.0,1.0,0.0,True,never_reciprocal,0
SLE,2005,2008,Manufacturing,0.0569288378206881,0.050071067678085,6917.578069426661,6855.377690407297,-3.5409952895787016,-47.01260444154248,False,3889.935531935816,4352.729181866713,462.7936499308971,462.7936499308975,Sierra Leone,True,1.0,1_nonreciprocal,0.0,0.0,1.0,0.0,0.0,1627853.056,0.318,5119.895,1.0,1.0,0.0,True,never_reciprocal,0
SLE,2005,2008,Services,0.2616228900394285,0.2892519110689037,5743.102476277209,5470.83377172131,-71.23172535320555,151.15378132765076,False,3889.935531935816,4352.729181866713,462.7936499308971,462.7936499308975,Sierra Leone,True,1.0,1_nonreciprocal,0.0,0.0,1.0,0.0,0.0,1627853.056,0.318,5119.895,1.0,1.0,0.0,True,never_reciprocal,0
SLE,2008,2011,Agriculture,0.6606770212530113,0.631380189188599,3673.540776940932,4178.613092949611,333.689673257974,-122.42012604629949,False,4352.729181866713,4846.808900728292,494.0797188615789,494.0797188615787,Sierra Leone,True,1.0,1_nonreciprocal,0.0,0.0,1.0,0.0,0.0,2505620.48,0.453,5532.139,1.0,1.0,0.0,True,never_reciprocal,0
SLE,2008,2011,Manufacturing,0.050071067678085,0.0469440462558776,6855.377690407297,8369.276466408777,75.80252807094018,-26.170906798836164,False,4352.729181866713,4846.808900728292,494.0797188615789,494.0797188615787,Sierra Leone,True,1.0,1_nonreciprocal,0.0,0.0,1.0,0.0,0.0,2505620.48,0.453,5532.139,1.0,1.0,0.0,True,never_reciprocal,0
SLE,2008,2011,Services,0.2892519110689037,0.3216757645555233,5470.83377172131,5644.278724252782,50.16928398498361,183.00926639281656,False,4352.729181866713,4846.808900728292,494.0797188615789,494.0797188615787,Sierra Leone,True,1.0,1_nonreciprocal,0.0,0.0,1.0,0.0,0.0,2505620.48,0.453,5532.139,1.0,1.0,0.0,True,never_reciprocal,0
SLE,2011,2014,Agriculture,0.631380189188599,0.5764932739552704,4178.613092949611,4851.129039036562,424.6132452727287,-266.2635083515384,False,4846.808900728292,7052.989148379162,2206.18024765087,2206.1802476508697,Sierra Leone,True,1.0,1_nonreciprocal,0.0,0.0,1.0,0.0,0.0,2925391.36,0.499,5865.491,1.0,1.0,0.0,True,never_reciprocal,0
SLE,2011,2014,Manufacturing,0.0469440462558776,0.0559704995566745,8369.276466408777,39908.40334113573,1480.574230877177,360.2313390681294,False,4846.808900728292,7052.989148379162,2206.18024765087,2206.1802476508697,Sierra Leone,True,1.0,1_nonreciprocal,0.0,0.0,1.0,0.0,0.0,2925391.36,0.499,5865.491,1.0,1.0,0.0,True,never_reciprocal,0
SLE,2011,2014,Services,0.3216757645555233,0.3675362264880549,5644.278724252782,5503.274150959369,-45.357753919984006,252.38269470435716,False,4846.808900728292,7052.989148379162,2206.18024765087,2206.1802476508697,Sierra Leone,True,1.0,1_nonreciprocal,0.0,0.0,1.0,0.0,0.0,2925391.36,0.499,5865.491,1.0,1.0,0.0,True,never_reciprocal,0
SLE,2014,2017,Agriculture,0.5764932739552704,0.5924423462195972,4851.129039036562,4851.94443367166,0.4700695227529891,77.3840123951277,False,7052.989148379162,5035.425968658129,-2017.5631797210328,-2017.5631797210324,Sierra Leone,True,1.0,1_nonreciprocal,0.0,0.0,1.0,0.0,0.0,5015157.76,0.708,7079.162,1.0,1.0,0.0,True,never_reciprocal,0
SLE,2014,2017,Manufacturing,0.0559704995566745,0.0503029162806291,39908.40334113573,9948.00740595739,-1676.8983274076948,-56.38116040398036,False,7052.989148379162,5035.425968658129,-2017.5631797210328,-2017.5631797210324,Sierra Leone,True,1.0,1_nonreciprocal,0.0,0.0,1.0,0.0,0.0,5015157.76,0.708,7079.162,1.0,1.0,0.0,True,never_reciprocal,0
SLE,2014,2017,Services,0.3675362264880549,0.3572547374997736,5503.274150959369,4647.985503471944,-314.3495620556004,-47.78821177163763,False,7052.989148379162,5035.425968658129,-2017.5631797210328,-2017.5631797210324,Sierra Leone,True,1.0,1_nonreciprocal,0.0,0.0,1.0,0.0,0.0,5015157.76,0.708,7079.162,1.0,1.0,0.0,True,never_reciprocal,0
SWZ,1993,1996,Agriculture,0.1620073217727689,0.1586546601723878,52.09328202341876,65.61962698215028,2.1913669201386887,-0.2200004036143912,False,94.72330956149824,100.9057850088362,6.182475447337964,6.182475447337962,Eswatini,True,1.0,1_nonreciprocal,0.0,0.0,1.0,0.0,0.0,1357189.76,1.465,926.224,0.0,1.0,0.0,True,never_reciprocal,0
SWZ,1993,1996,Manufacturing,0.2514761423441801,0.2506805494580855,155.06273684749817,160.58422677129133,1.3885229860277637,-0.1277596684382411,False,94.72330956149824,100.9057850088362,6.182475447337964,6.182475447337962,Eswatini,True,1.0,1_nonreciprocal,0.0,0.0,1.0,0.0,0.0,1357189.76,1.465,926.224,0.0,1.0,0.0,True,never_reciprocal,0
SWZ,1993,1996,Services,0.5865165358830509,0.5906647903695267,80.62728786255451,85.05599793172826,2.5975116882021725,0.35283392502197,False,94.72330956149824,100.9057850088362,6.182475447337964,6.182475447337962,Eswatini,True,1.0,1_nonreciprocal,0.0,0.0,1.0,0.0,0.0,1357189.76,1.465,926.224,0.0,1.0,0.0,True,never_reciprocal,0
SWZ,1996,1999,Agriculture,0.1586546601723878,0.1551254703301293,65.61962698215028,76.28200194956878,1.6916354770863566,-0.2692136664275549,False,100.9057850088362,104.40664106881114,3.50085605997495,3.500856059974947,Eswatini,True,1.0,1_nonreciprocal,0.0,0.0,1.0,0.0,0.0,1602741.76,1.628,984.506,1.0,1.0,0.0,True,never_reciprocal,0
SWZ,1996,1999,Manufacturing,0.2506805494580855,0.2505941382877045,160.58422677129133,166.20792977580356,1.409752959160214,-0.0143622217385295,False,100.9057850088362,104.40664106881114,3.50085605997495,3.500856059974947,Eswatini,True,1.0,1_nonreciprocal,0.0,0.0,1.0,0.0,0.0,1602741.76,1.628,984.506,1.0,1.0,0.0,True,never_reciprocal,0
SWZ,1996,1999,Services,0.5906647903695267,0.5942803913821662,85.05599793172826,85.68787972538475,0.373230327188431,0.3098131847060301,False,100.9057850088362,104.40664106881114,3.50085605997495,3.500856059974947,Eswatini,True,1.0,1_nonreciprocal,0.0,0.0,1.0,0.0,0.0,1602741.76,1.628,984.506,1.0,1.0,0.0,True,never_reciprocal,0
SWZ,1999,2002,Agriculture,0.1551254703301293,0.1537160316593108,76.28200194956878,89.05821576681014,1.981916177437863,-0.1255220932558472,False,104.40664106881114,106.51443402088456,2.1077929520734244,2.10779295207343,Eswatini,True,1.0,1_nonreciprocal,0.0,0.0,1.0,0.0,0.0,1547888.512,1.477,1048.151,1.0,1.0,0.0,True,never_reciprocal,0
SWZ,1999,2002,Manufacturing,0.2505941382877045,0.2503956124517793,166.20792977580356,164.58645464451104,-0.4063321632811935,-0.0326746634902703,False,104.40664106881114,106.51443402088456,2.1077929520734244,2.10779295207343,Eswatini,True,1.0,1_nonreciprocal,0.0,0.0,1.0,0.0,0.0,1547888.512,1.477,1048.151,1.0,1.0,0.0,True,never_reciprocal,0
SWZ,1999,2002,Services,0.5942803913821662,0.5958883558889099,85.68787972538475,86.61527261693062,0.5511314105529233,0.1392742841099556,False,104.40664106881114,106.51443402088456,2.1077929520734244,2.10779295207343,Eswatini,True,1.0,1_nonreciprocal,0.0,0.0,1.0,0.0,0.0,1547888.512,1.477,1048.151,1.0,1.0,0.0,True,never_reciprocal,0
SWZ,2002,2005,Agriculture,0.1537160316593108,0.1473719196092841,89.05821576681014,102.8464261780474,2.119468988098985,-0.6524692516183251,False,106.51443402088456,119.09142934106288,12.576995320178312,12.576995320178302,Eswatini,True,1.0,1_nonreciprocal,0.0,0.0,1.0,0.0,0.0,1224220.672,1.131,1082.183,1.0,1.0,0.0,True,never_reciprocal,0
SWZ,2002,2005,Manufacturing,0.2503956124517793,0.2485562154746563,164.58645464451104,171.3965389218285,1.7052152234671307,-0.3152662755821583,False,106.51443402088456,119.09142934106288,12.576995320178312,12.576995320178302,Eswatini,True,1.0,1_nonreciprocal,0.0,0.0,1.0,0.0,0.0,1224220.672,1.131,1082.183,1.0,1.0,0.0,True,never_reciprocal,0
SWZ,2002,2005,Services,0.5958883558889099,0.6040718649160595,86.61527261693062,101.532752297457,8.889152440835087,0.8308941949775831,False,106.51443402088456,119.09142934106288,12.576995320178312,12.576995320178302,Eswatini,True,1.0,1_nonreciprocal,0.0,0.0,1.0,0.0,0.0,1224220.672,1.131,1082.183,1.0,1.0,0.0,True,never_reciprocal,0
SWZ,2005,2008,Agriculture,0.1473719196092841,0.142316006809258,102.8464261780474,98.39475570966157,-0.6560512223939806,-0.4974753048479188,False,119.09142934106288,122.37978064740835,3.288351306345476,3.288351306345481,Eswatini,True,1.0,1_nonreciprocal,0.0,0.0,1.0,0.0,0.0,2584077.824,2.339,1104.642,1.0,1.0,1.0,True,switched_during_interval,1
SWZ,2005,2008,Manufacturing,0.2485562154746563,0.2463418666261061,171.3965389218285,181.5871339630041,2.532935736869424,-0.4020972610025053,False,119.09142934106288,122.37978064740835,3.288351306345476,3.288351306345481,Eswatini,True,1.0,1_nonreciprocal,0.0,0.0,1.0,0.0,0.0,2584077.824,2.339,1104.642,1.0,1.0,1.0,True,switched_during_interval,1
SWZ,2005,2008,Services,0.6040718649160595,0.6113421265646358,101.532752297457,104.10556646201722,1.5541646504683415,0.756874707252121,False,119.09142934106288,122.37978064740835,3.288351306345476,3.288351306345481,Eswatini,True,1.0,1_nonreciprocal,0.0,0.0,1.0,0.0,0.0,2584077.824,2.339,1104.642,1.0,1.0,1.0,True,switched_during_interval,1
SWZ,2008,2011,Agriculture,0.142316006809258,0.1382331823010072,98.39475570966157,91.51892231287356,-0.9785411525166066,-0.3736556989877025,False,122.37978064740835,117.21211062092404,-5.167670026484302,-5.167670026484302,Eswatini,True,3.0,3_fta,1.0,1.0,0.0,0.0035048169028753,0.0235960043450332,3019770.624,2.617,1153.929,1.0,1.0,1.0,True,always_reciprocal,1
SWZ,2008,2011,Manufacturing,0.2463418666261061,0.2413989262041,181.5871339630041,178.26945765780977,-0.8172825738827836,-0.8811753082658884,False,122.37978064740835,117.21211062092404,-5.167670026484302,-5.167670026484302,Eswatini,True,3.0,3_fta,1.0,1.0,0.0,0.0035048169028753,0.0235960043450332,3019770.624,2.617,1153.929,1.0,1.0,1.0,True,always_reciprocal,1
SWZ,2008,2011,Services,0.6113421265646358,0.6203678914948927,104.10556646201722,99.17841322672784,-3.0121763367716445,0.8951610439403235,False,122.37978064740835,117.21211062092404,-5.167670026484302,-5.167670026484302,Eswatini,True,3.0,3_fta,1.0,1.0,0.0,0.0035048169028753,0.0235960043450332,3019770.624,2.617,1153.929,1.0,1.0,1.0,True,always_reciprocal,1
SWZ,2011,2014,Agriculture,0.1382331823010072,0.1333303528925847,91.51892231287356,93.0722718523008,0.21472445006083,-0.4563174715461554,False,117.21211062092404,113.9410747478255,-3.2710358730985547,-3.2710358730985503,Eswatini,True,3.0,3_fta,1.0,1.0,0.0,0.5735060912692876,0.4052172146582293,4145772.288,3.42,1212.159,1.0,1.0,1.0,True,always_reciprocal,1
SWZ,2011,2014,Manufacturing,0.2413989262041,0.237740606226937,178.26945765780977,177.62284100648696,-0.1560925652950153,-0.6498011876544755,False,117.21211062092404,113.9410747478255,-3.2710358730985547,-3.2710358730985503,Eswatini,True,3.0,3_fta,1.0,1.0,0.0,0.5735060912692876,0.4052172146582293,4145772.288,3.42,1212.159,1.0,1.0,1.0,True,always_reciprocal,1
SWZ,2011,2014,Services,0.6203678914948927,0.6289290408804782,99.17841322672784,94.29291723210576,-3.030804849090441,0.8072557504267064,False,117.21211062092404,113.9410747478255,-3.2710358730985547,-3.2710358730985503,Eswatini,True,3.0,3_fta,1.0,1.0,0.0,0.5735060912692876,0.4052172146582293,4145772.288,3.42,1212.159,1.0,1.0,1.0,True,always_reciprocal,1
SWZ,2014,2017,Agriculture,0.1333303528925847,0.1310864092137988,93.0722718523008,76.68469480647174,-2.184961430574808,-0.1720761361706071,False,113.9410747478255,107.51114086202932,-6.429933885796174,-6.429933885796171,Eswatini,True,3.0,3_fta,1.0,1.0,0.0,0.6026651052963784,0.3971537725985979,4486261.76,3.464,1295.097,1.0,1.0,1.0,True,always_reciprocal,1
SWZ,2014,2017,Manufacturing,0.237740606226937,0.2366581153648272,177.62284100648696,167.37174400916464,-2.437102014634543,-0.1811783834653046,False,113.9410747478255,107.51114086202932,-6.429933885796174,-6.429933885796171,Eswatini,True,3.0,3_fta,1.0,1.0,0.0,0.6026651052963784,0.3971537725985979,4486261.76,3.464,1295.097,1.0,1.0,1.0,True,always_reciprocal,1
SWZ,2014,2017,Services,0.6289290408804782,0.632255475421374,94.29291723210576,91.49614408179792,-1.758971854983376,0.3043559340324679,False,113.9410747478255,107.51114086202932,-6.429933885796174,-6.429933885796171,Eswatini,True,3.0,3_fta,1.0,1.0,0.0,0.6026651052963784,0.3971537725985979,4486261.76,3.464,1295.097,1.0,1.0,1.0,True,always_reciprocal,1
TZA,1960,1963,Agriculture,0.90939621118968,0.902875836715022,464.7380608538506,446.8994977439916,-16.22232170517374,-2.913952077827318,False,1048.395423119106,1058.1451943200627,9.74977120095673,9.749771200956822,United Republic of Tanzania,False,,,,,,0.0,0.0,,,10074.49,0.0,0.0,,False,missing_reciprocal_data,0
TZA,1960,1963,Manufacturing,0.0140779082742787,0.0152542318041529,13638.488875465418,13989.411703220798,4.940259380490756,16.456074155596376,False,1048.395423119106,1058.1451943200627,9.74977120095673,9.749771200956822,United Republic of Tanzania,False,,,,,,0.0,0.0,,,10074.49,0.0,0.0,,False,missing_reciprocal_data,0
TZA,1960,1963,Services,0.0765258805360412,0.0818699314808249,5668.18693174152,5389.679696331733,-21.31301142539251,28.802722873263264,False,1048.395423119106,1058.1451943200627,9.74977120095673,9.749771200956822,United Republic of Tanzania,False,,,,,,0.0,0.0,,,10074.49,0.0,0.0,,False,missing_reciprocal_data,0
TZA,1963,1966,Agriculture,0.902875836715022,0.908564556588688,446.8994977439916,502.0263591995686,49.77271116217719,2.8558873266827347,False,1058.1451943200627,1269.3966305536424,211.2514362335796,211.25143623357968,United Republic of Tanzania,False,,,,,,0.0,0.0,778380.032,0.071,11005.491,0.0,1.0,0.0,True,missing_reciprocal_data,0
TZA,1963,1966,Manufacturing,0.0152542318041529,0.0216895447916135,13989.411703220798,12809.84473128674,-17.99338801840494,82.43536016660249,False,1058.1451943200627,1269.3966305536424,211.2514362335796,211.25143623357968,United Republic of Tanzania,False,,,,,,0.0,0.0,778380.032,0.071,11005.491,0.0,1.0,0.0,True,missing_reciprocal_data,0
TZA,1963,1966,Services,0.0818699314808249,0.0697458986196984,5389.679696331733,7676.918408612656,187.25607665472955,-93.0752110582073,False,1058.1451943200627,1269.3966305536424,211.2514362335796,211.25143623357968,United Republic of Tanzania,False,,,,,,0.0,0.0,778380.032,0.071,11005.491,0.0,1.0,0.0,True,missing_reciprocal_data,0
TZA,1966,1969,Agriculture,0.908564556588688,0.9079096925972886,502.0263591995686,476.6219219247855,-23.081571287948453,-0.3121225341801507,False,1269.3966305536424,1305.9778665875542,36.58123603391186,36.58123603391175,United Republic of Tanzania,True,1.0,1_nonreciprocal,0.0,0.0,1.0,0.0,0.0,985870.016,0.082,12038.204,0.0,1.0,0.0,True,never_reciprocal,0
TZA,1966,1969,Manufacturing,0.0216895447916135,0.0257451355971037,12809.84473128674,11588.1714321994,-26.49753774127309,46.99688151287294,False,1269.3966305536424,1305.9778665875542,36.58123603391186,36.58123603391175,United Republic of Tanzania,True,1.0,1_nonreciprocal,0.0,0.0,1.0,0.0,0.0,985870.016,0.082,12038.204,0.0,1.0,0.0,True,never_reciprocal,0
TZA,1966,1969,Services,0.0697458986196984,0.0663451718056077,7676.918408612656,8665.425734486405,68.94433173521969,-29.468745650779194,False,1269.3966305536424,1305.9778665875542,36.58123603391186,36.58123603391175,United Republic of Tanzania,True,1.0,1_nonreciprocal,0.0,0.0,1.0,0.0,0.0,985870.016,0.082,12038.204,0.0,1.0,0.0,True,never_reciprocal,0
TZA,1969,1972,Agriculture,0.9079096925972886,0.8922733474169926,476.6219219247855,484.0766405395714,6.768211285949568,-7.569189445194805,False,1305.9778665875542,1404.5357286106555,98.55786202310128,98.55786202310122,United Republic of Tanzania,True,1.0,1_nonreciprocal,0.0,0.0,1.0,0.0,0.0,1181569.92,0.09,13185.844,0.0,1.0,0.0,True,never_reciprocal,0
TZA,1969,1972,Manufacturing,0.0257451355971037,0.0300983774386928,11588.1714321994,11339.808935946714,-6.3941261432605945,49.36493073558914,False,1305.9778665875542,1404.5357286106555,98.55786202310128,98.55786202310122,United Republic of Tanzania,True,1.0,1_nonreciprocal,0.0,0.0,1.0,0.0,0.0,1181569.92,0.09,13185.844,0.0,1.0,0.0,True,never_reciprocal,0
TZA,1969,1972,Services,0.0663451718056077,0.0776282751443145,8665.425734486405,8132.309954583466,-35.3696580099411,91.75769359995904,False,1305.9778665875542,1404.5357286106555,98.55786202310128,98.55786202310122,United Republic of Tanzania,True,1.0,1_nonreciprocal,0.0,0.0,1.0,0.0,0.0,1181569.92,0.09,13185.844,0.0,1.0,0.0,True,never_reciprocal,0
TZA,1972,1975,Agriculture,0.8922733474169926,0.8773540264763993,484.0766405395714,470.5385267931129,-12.079698070264548,-7.020115296140429,False,1404.5357286106555,1408.118998569739,3.583269959083509,3.583269959083609,United Republic of Tanzania,True,1.0,1_nonreciprocal,0.0,0.0,1.0,0.0,0.0,1596000.0,0.11,14504.939,0.0,1.0,0.0,True,never_reciprocal,0
TZA,1972,1975,Manufacturing,0.0300983774386928,0.0284264645523828,11339.808935946714,10778.935118777315,-16.88139184464498,-18.02144052578349,False,1404.5357286106555,1408.118998569739,3.583269959083509,3.583269959083609,United Republic of Tanzania,True,1.0,1_nonreciprocal,0.0,0.0,1.0,0.0,0.0,1596000.0,0.11,14504.939,0.0,1.0,0.0,True,never_reciprocal,0
TZA,1972,1975,Services,0.0776282751443145,0.0942195089712179,8132.309954583466,7311.469969766127,-63.72039219085531,121.30630788677236,False,1404.5357286106555,1408.118998569739,3.583269959083509,3.583269959083609,United Republic of Tanzania,True,1.0,1_nonreciprocal,0.0,0.0,1.0,0.0,0.0,1596000.0,0.11,14504.939,0.0,1.0,0.0,True,never_reciprocal,0
TZA,1975,1978,Agriculture,0.8773540264763993,0.8688784472511301,470.5385267931129,443.2625608171313,-23.93067857506072,-3.7569069518013047,False,1408.118998569739,1337.6664107040515,-70.45258786568752,-70.45258786568743,United Republic of Tanzania,True,1.0,1_nonreciprocal,0.0,0.0,1.0,0.0,0.0,2715849.984,0.17,15978.207,0.0,1.0,0.0,True,never_reciprocal,0
TZA,1975,1978,Manufacturing,0.0284264645523828,0.027304699842818,10778.935118777315,9909.533855849992,-24.71400418240046,-11.116165367730083,False,1408.118998569739,1337.6664107040515,-70.45258786568752,-70.45258786568743,United Republic of Tanzania,True,1.0,1_nonreciprocal,0.0,0.0,1.0,0.0,0.0,2715849.984,0.17,15978.207,0.0,1.0,0.0,True,never_reciprocal,0
TZA,1975,1978,Services,0.0942195089712179,0.1038168529060517,7311.469969766127,6568.762763764367,-69.97750825887104,63.04267547017616,False,1408.118998569739,1337.6664107040515,-70.45258786568752,-70.45258786568743,United Republic of Tanzania,True,1.0,1_nonreciprocal,0.0,0.0,1.0,0.0,0.0,2715849.984,0.17,15978.207,0.0,1.0,0.0,True,never_reciprocal,0
TZA,1978,1981,Agriculture,0.8688784472511301,0.8612532158495232,443.2625608171313,434.83420572013705,-7.323216089557526,-3.31571143994997,False,1337.6664107040515,1327.6602462436294,-10.006164460422042,-10.00616446042195,United Republic of Tanzania,True,1.0,1_nonreciprocal,0.0,0.0,1.0,0.0,0.0,4171290.112,0.238,17556.181,0.0,1.0,0.0,True,never_reciprocal,0
TZA,1978,1981,Manufacturing,0.027304699842818,0.0255822676728567,9909.533855849992,9583.157035763788,-8.911621108107212,-16.50633796819017,False,1337.6664107040515,1327.6602462436294,-10.006164460422042,-10.00616446042195,United Republic of Tanzania,True,1.0,1_nonreciprocal,0.0,0.0,1.0,0.0,0.0,4171290.112,0.238,17556.181,0.0,1.0,0.0,True,never_reciprocal,0
TZA,1978,1981,Services,0.1038168529060517,0.1131645164776201,6568.762763764367,6256.369238372305,-32.43171267443071,58.48243481981364,False,1337.6664107040515,1327.6602462436294,-10.006164460422042,-10.00616446042195,United Republic of Tanzania,True,1.0,1_nonreciprocal,0.0,0.0,1.0,0.0,0.0,4171290.112,0.238,17556.181,0.0,1.0,0.0,True,never_reciprocal,0
TZA,1981,1984,Agriculture,0.8612532158495232,0.8640687595012063,434.83420572013705,433.1629300410657,-1.439391553171302,1.2195891378215853,False,1327.6602462436294,1210.3593351056209,-117.3009111380086,-117.3009111380088,United Republic of Tanzania,True,1.0,1_nonreciprocal,0.0,0.0,1.0,0.0,0.0,5930189.824,0.308,19282.215,0.0,1.0,0.0,True,never_reciprocal,0
TZA,1981,1984,Manufacturing,0.0255822676728567,0.0216268236117795,9583.157035763788,8754.427402324882,-21.200783311062604,-34.627647876657555,False,1327.6602462436294,1210.3593351056209,-117.3009111380086,-117.3009111380088,United Republic of Tanzania,True,1.0,1_nonreciprocal,0.0,0.0,1.0,0.0,0.0,5930189.824,0.308,19282.215,0.0,1.0,0.0,True,never_reciprocal,0
TZA,1981,1984,Services,0.1131645164776201,0.114304416887014,6256.369238372305,5658.104383404589,-67.70235303797512,6.449675503036192,False,1327.6602462436294,1210.3593351056209,-117.3009111380086,-117.3009111380088,United Republic of Tanzania,True,1.0,1_nonreciprocal,0.0,0.0,1.0,0.0,0.0,5930189.824,0.308,19282.215,0.0,1.0,0.0,True,never_reciprocal,0
TZA,1984,1987,Agriculture,0.8640687595012063,0.8546263059417433,433.1629300410657,466.85209984302713,29.109759159406323,-4.40822927190559,False,1210.3593351056209,1216.5538592346868,6.19452412906594,6.194524129066039,United Republic of Tanzania,True,1.0,1_nonreciprocal,0.0,0.0,1.0,0.0,0.0,5813729.792,0.274,21183.697,0.0,1.0,0.0,True,never_reciprocal,0
TZA,1984,1987,Manufacturing,0.0216268236117795,0.0225284019550655,8754.427402324882,9159.541208704264,8.76132483326353,8.258043988203154,False,1210.3593351056209,1216.5538592346868,6.19452412906594,6.194524129066039,United Republic of Tanzania,True,1.0,1_nonreciprocal,0.0,0.0,1.0,0.0,0.0,5813729.792,0.274,21183.697,0.0,1.0,0.0,True,never_reciprocal,0
TZA,1984,1987,Services,0.114304416887014,0.1228452921031911,5658.104383404589,4975.526022906826,-78.02172147639075,42.49534689648937,False,1210.3593351056209,1216.5538592346868,6.19452412906594,6.194524129066039,United Republic of Tanzania,True,1.0,1_nonreciprocal,0.0,0.0,1.0,0.0,0.0,5813729.792,0.274,21183.697,0.0,1.0,0.0,True,never_reciprocal,0
TZA,1987,1990,Agriculture,0.8546263059417433,0.8429380983646496,466.85209984302713,502.0539206690295,30.08440209494951,-5.868110439673328,False,1216.5538592346868,1291.1273553655603,74.57349613087354,74.57349613087354,United Republic of Tanzania,True,1.0,1_nonreciprocal,0.0,0.0,1.0,0.0,0.0,3523870.208,0.152,23218.477,0.0,1.0,0.0,True,never_reciprocal,0
TZA,1987,1990,Manufacturing,0.0225284019550655,0.0261378883317075,9159.541208704264,9606.913574147406,10.07858447229157,34.676023667462474,False,1216.5538592346868,1291.1273553655603,74.57349613087354,74.57349613087354,United Republic of Tanzania,True,1.0,1_nonreciprocal,0.0,0.0,1.0,0.0,0.0,3523870.208,0.152,23218.477,0.0,1.0,0.0,True,never_reciprocal,0
TZA,1987,1990,Services,0.1228452921031911,0.130924013303643,4975.526022906826,4711.301833960035,-32.45869767189736,38.06129400774066,False,1216.5538592346868,1291.1273553655603,74.57349613087354,74.57349613087354,United Republic of Tanzania,True,1.0,1_nonreciprocal,0.0,0.0,1.0,0.0,0.0,3523870.208,0.152,23218.477,0.0,1.0,0.0,True,never_reciprocal,0
TZA,1990,1993,Agriculture,0.8429380983646496,0.8430090834696985,502.0539206690295,519.4591808424245,14.671556912103595,0.0368738645207056,False,1291.1273553655603,1262.5532675494412,-28.57408781611912,-28.57408781611908,United Republic of Tanzania,True,1.0,1_nonreciprocal,0.0,0.0,1.0,0.0,0.0,4258742.784,0.167,25484.814,0.0,1.0,0.0,True,never_reciprocal,0
TZA,1990,1993,Manufacturing,0.0261378883317075,0.0253923803143215,9606.913574147406,8718.195477951618,-23.22921435673325,-6.499484625951615,False,1291.1273553655603,1262.5532675494412,-28.57408781611912,-28.57408781611908,United Republic of Tanzania,True,1.0,1_nonreciprocal,0.0,0.0,1.0,0.0,0.0,4258742.784,0.167,25484.814,0.0,1.0,0.0,True,never_reciprocal,0
TZA,1990,1993,Services,0.130924013303643,0.13159853621598,4711.301833960035,4584.159837361077,-16.645940454173715,3.0921208441152035,False,1291.1273553655603,1262.5532675494412,-28.57408781611912,-28.57408781611908,United Republic of Tanzania,True,1.0,1_nonreciprocal,0.0,0.0,1.0,0.0,0.0,4258742.784,0.167,25484.814,0.0,1.0,0.0,True,never_reciprocal,0
TZA,1993,1996,Agriculture,0.8430090834696985,0.840866603759931,519.4591808424245,546.7495396043729,23.00602032746935,-1.1713997949270594,False,1262.5532675494412,1260.8543745374948,-1.6988930119464385,-1.6988930119465548,United Republic of Tanzania,True,1.0,1_nonreciprocal,0.0,0.0,1.0,0.0,0.0,4257702.144,0.151,28157.055,0.0,1.0,0.0,True,never_reciprocal,0
TZA,1993,1996,Manufacturing,0.0253923803143215,0.0248766352574735,8718.195477951618,8534.922776914857,-4.653730125958405,-4.401844232773154,False,1262.5532675494412,1260.8543745374948,-1.6988930119464385,-1.6988930119465548,United Republic of Tanzania,True,1.0,1_nonreciprocal,0.0,0.0,1.0,0.0,0.0,4257702.144,0.151,28157.055,0.0,1.0,0.0,True,never_reciprocal,0
TZA,1993,1996,Services,0.13159853621598,0.1342567609825954,4584.159837361077,4385.557798965329,-26.135737542390235,11.657798356632949,False,1262.5532675494412,1260.8543745374948,-1.6988930119464385,-1.6988930119465548,United Republic of Tanzania,True,1.0,1_nonreciprocal,0.0,0.0,1.0,0.0,0.0,4257702.144,0.151,28157.055,0.0,1.0,0.0,True,never_reciprocal,0
TZA,1996,1999,Agriculture,0.840866603759931,0.8272708833282126,546.7495396043729,561.249997735066,12.192950981319,-7.630598061508552,False,1260.8543745374948,1354.861693627264,94.00731908976924,94.00731908976933,United Republic of Tanzania,True,1.0,1_nonreciprocal,0.0,0.0,1.0,0.0,0.0,6496195.584,0.211,30780.453,1.0,1.0,0.0,True,never_reciprocal,0
TZA,1996,1999,Manufacturing,0.0248766352574735,0.0284602476554071,8534.922776914857,8943.439281870435,10.162516090437803,32.04981989067704,False,1260.8543745374948,1354.861693627264,94.00731908976924,94.00731908976933,United Republic of Tanzania,True,1.0,1_nonreciprocal,0.0,0.0,1.0,0.0,0.0,6496195.584,0.211,30780.453,1.0,1.0,0.0,True,never_reciprocal,0
TZA,1996,1999,Services,0.1342567609825954,0.1442688690163801,4385.557798965329,4408.59777799794,3.0932729580252616,44.13935723081875,False,1260.8543745374948,1354.861693627264,94.00731908976924,94.00731908976933,United Republic of Tanzania,True,1.0,1_nonreciprocal,0.0,0.0,1.0,0.0,0.0,6496195.584,0.211,30780.453,1.0,1.0,0.0,True,never_reciprocal,0
TZA,1999,2002,Agriculture,0.8272708833282126,0.8074750956630443,561.249997735066,603.1606222752746,34.67143938421541,-11.940039606552128,False,1354.861693627264,1477.5319074839267,122.67021385666273,122.67021385666276,United Republic of Tanzania,True,1.0,1_nonreciprocal,0.0,0.0,1.0,0.0,0.0,9697847.296,0.292,33183.094,1.0,1.0,0.0,True,never_reciprocal,0
TZA,1999,2002,Manufacturing,0.0284602476554071,0.0333055172065023,8943.439281870435,8711.262364029306,-6.607812581627638,42.20841428403303,False,1354.861693627264,1477.5319074839267,122.67021385666273,122.67021385666276,United Republic of Tanzania,True,1.0,1_nonreciprocal,0.0,0.0,1.0,0.0,0.0,9697847.296,0.292,33183.094,1.0,1.0,0.0,True,never_reciprocal,0
TZA,1999,2002,Services,0.1442688690163801,0.1592193871304532,4408.59777799794,4398.720786323944,-1.424942418091693,65.76315479468578,False,1354.861693627264,1477.5319074839267,122.67021385666273,122.67021385666276,United Republic of Tanzania,True,1.0,1_nonreciprocal,0.0,0.0,1.0,0.0,0.0,9697847.296,0.292,33183.094,1.0,1.0,0.0,True,never_reciprocal,0
TZA,2002,2005,Agriculture,0.8074750956630443,0.7465171431370504,603.1606222752746,673.9066059865324,57.12561996502411,-41.07996689468072,False,1477.5319074839267,1669.08814122648,191.55623374255333,191.5562337425532,United Republic of Tanzania,True,1.0,1_nonreciprocal,0.0,0.0,1.0,0.0,0.0,10805600.256,0.302,35806.496,1.0,1.0,0.0,True,never_reciprocal,0
TZA,2002,2005,Manufacturing,0.0333055172065023,0.0482707269349933,8711.262364029306,7706.42355548134,-33.4666762278556,115.32824476436122,False,1477.5319074839267,1669.08814122648,191.55623374255333,191.5562337425532,United Republic of Tanzania,True,1.0,1_nonreciprocal,0.0,0.0,1.0,0.0,0.0,10805600.256,0.302,35806.496,1.0,1.0,0.0,True,never_reciprocal,0
TZA,2002,2005,Services,0.1592193871304532,0.2052121299279562,4398.720786323944,3869.218842818603,-84.30697492930418,177.95598706500834,False,1477.5319074839267,1669.08814122648,191.55623374255333,191.5562337425532,United Republic of Tanzania,True,1.0,1_nonreciprocal,0.0,0.0,1.0,0.0,0.0,10805600.256,0.302,35806.496,1.0,1.0,0.0,True,never_reciprocal,0
TZA,2005,2008,Agriculture,0.7465171431370504,0.7139144661459189,673.9066059865324,736.6116813717675,46.81041373677908,-24.01551271565802,False,1669.08814122648,1829.928473211276,160.84033198479574,160.84033198479588,United Republic of Tanzania,True,1.0,1_nonreciprocal,0.0,0.0,1.0,0.0,0.0,14141916.16,0.364,38824.383,1.0,1.0,0.0,True,never_reciprocal,0
TZA,2005,2008,Manufacturing,0.0482707269349933,0.0555349659915214,7706.42355548134,7805.300115026199,4.772843406061473,56.69956594349675,False,1669.08814122648,1829.928473211276,160.84033198479574,160.84033198479588,United Republic of Tanzania,True,1.0,1_nonreciprocal,0.0,0.0,1.0,0.0,0.0,14141916.16,0.364,38824.383,1.0,1.0,0.0,True,never_reciprocal,0
TZA,2005,2008,Services,0.2052121299279562,0.2305505678625596,3869.218842818603,3776.107209700277,-19.10763655328214,95.68065816739872,False,1669.08814122648,1829.928473211276,160.84033198479574,160.84033198479588,United Republic of Tanzania,True,1.0,1_nonreciprocal,0.0,0.0,1.0,0.0,0.0,14141916.16,0.364,38824.383,1.0,1.0,0.0,True,never_reciprocal,0
TZA,2008,2011,Agriculture,0.7139144661459189,0.6999788246569432,736.6116813717675,777.0307434285255,28.85575311036914,-10.82842186633223,False,1829.928473211276,2063.5840909837466,233.6556177724708,233.6556177724708,United Republic of Tanzania,True,1.0,1_nonreciprocal,0.0,0.0,1.0,0.0,0.0,20715085.824,0.489,42353.79,1.0,1.0,1.0,True,switched_during_interval,1
TZA,2008,2011,Manufacturing,0.0555349659915214,0.0574334035003805,7805.300115026199,9008.69149048835,66.8302991107808,17.102437831282657,False,1829.928473211276,2063.5840909837466,233.6556177724708,233.6556177724708,United Republic of Tanzania,True,1.0,1_nonreciprocal,0.0,0.0,1.0,0.0,0.0,20715085.824,0.489,42353.79,1.0,1.0,1.0,True,switched_during_interval,1
TZA,2008,2011,Services,0.2305505678625596,0.2425877718426763,3776.107209700277,4131.614728473105,81.96246033248507,49.73308925388538,False,1829.928473211276,2063.5840909837466,233.6556177724708,233.6556177724708,United Republic of Tanzania,True,1.0,1_nonreciprocal,0.0,0.0,1.0,0.0,0.0,20715085.824,0.489,42353.79,1.0,1.0,1.0,True,switched_during_interval,1
TZA,2011,2014,Agriculture,0.6999788246569432,0.6805033108533536,777.0307434285255,837.3920781422785,42.25165612765714,-16.30864097687651,False,2063.5840909837466,2283.294735960452,219.71064497670525,219.71064497670503,United Republic of Tanzania,True,2.0,2_reciprocal_pta,1.0,0.0,0.0,0.4387879201925824,0.378959243625367,23874164.736,0.515,46354.607,1.0,1.0,1.0,True,always_reciprocal,1
TZA,2011,2014,Manufacturing,0.0574334035003805,0.0609529189193524,9008.69149048835,9568.676519691404,32.161846136391326,33.67710455020847,False,2063.5840909837466,2283.294735960452,219.71064497670525,219.71064497670503,United Republic of Tanzania,True,2.0,2_reciprocal_pta,1.0,0.0,0.0,0.4387879201925824,0.378959243625367,23874164.736,0.515,46354.607,1.0,1.0,1.0,True,always_reciprocal,1
TZA,2011,2014,Services,0.2425877718426763,0.2585437702272939,4131.614728473105,4371.437336271526,58.17803206331899,69.75064707600559,False,2063.5840909837466,2283.294735960452,219.71064497670525,219.71064497670503,United Republic of Tanzania,True,2.0,2_reciprocal_pta,1.0,0.0,0.0,0.4387879201925824,0.378959243625367,23874164.736,0.515,46354.607,1.0,1.0,1.0,True,always_reciprocal,1
TZA,2014,2017,Agriculture,0.6805033108533536,0.669238219033451,837.3920781422785,900.9153851041588,43.22782070391349,-10.148894535161206,False,2283.294735960452,2542.1342933893907,258.83955742893886,258.839557428939,United Republic of Tanzania,True,2.0,2_reciprocal_pta,1.0,0.0,0.0,0.4238608603207461,0.3714304598175133,48197218.304,0.923,52234.867,1.0,1.0,1.0,True,always_reciprocal,1
TZA,2014,2017,Manufacturing,0.0609529189193524,0.0668980168740871,9568.676519691404,10832.522882300724,77.03512486664437,64.40040963218262,False,2283.294735960452,2542.1342933893907,258.83955742893886,258.839557428939,United Republic of Tanzania,True,2.0,2_reciprocal_pta,1.0,0.0,0.0,0.4238608603207461,0.3714304598175133,48197218.304,0.923,52234.867,1.0,1.0,1.0,True,always_reciprocal,1
TZA,2014,2017,Services,0.2585437702272939,0.2638637640924618,4371.437336271526,4602.879031801307,59.83780855006705,24.48728821129268,False,2283.294735960452,2542.1342933893907,258.83955742893886,258.839557428939,United Republic of Tanzania,True,2.0,2_reciprocal_pta,1.0,0.0,0.0,0.4238608603207461,0.3714304598175133,48197218.304,0.923,52234.867,1.0,1.0,1.0,True,always_reciprocal,1
UGA,1990,1993,Agriculture,0.9066351904109444,0.8900102160636754,1042.5335133069782,1085.4786159239316,38.93554128833906,-18.04605414424449,False,1860.460721531309,2121.095492740272,260.6347712089628,260.63477120896255,Uganda,True,1.0,1_nonreciprocal,0.0,0.0,1.0,0.0,0.0,4304399.36,0.245,17534.84,0.0,1.0,0.0,True,never_reciprocal,0
UGA,1990,1993,Manufacturing,0.0218970847193519,0.0253859401496947,8749.171681995269,8709.110970632619,-0.8772127906254581,30.384829103349624,False,1860.460721531309,2121.095492740272,260.6347712089628,260.63477120896255,Uganda,True,1.0,1_nonreciprocal,0.0,0.0,1.0,0.0,0.0,4304399.36,0.245,17534.84,0.0,1.0,0.0,True,never_reciprocal,0
UGA,1990,1993,Services,0.0714677248697036,0.08460384378663,10125.994621474529,11038.735636493288,65.2315237386548,145.00614401348903,False,1860.460721531309,2121.095492740272,260.6347712089628,260.63477120896255,Uganda,True,1.0,1_nonreciprocal,0.0,0.0,1.0,0.0,0.0,4304399.36,0.245,17534.84,0.0,1.0,0.0,True,never_reciprocal,0
UGA,1993,1996,Agriculture,0.8900102160636754,0.8643973842655864,1085.4786159239316,1132.222232718011,41.6022964824962,-28.999417604663115,False,2121.095492740272,2387.357028369866,266.26153562959416,266.26153562959433,Uganda,True,1.0,1_nonreciprocal,0.0,0.0,1.0,0.0,0.0,3220439.296,0.166,19430.462,0.0,1.0,0.0,True,never_reciprocal,0
UGA,1993,1996,Manufacturing,0.0253859401496947,0.0315784337751268,8709.110970632619,9309.18361465504,15.233408226622323,57.64706019172803,False,2121.095492740272,2387.357028369866,266.26153562959416,266.26153562959433,Uganda,True,1.0,1_nonreciprocal,0.0,0.0,1.0,0.0,0.0,3220439.296,0.166,19430.462,0.0,1.0,0.0,True,never_reciprocal,0
UGA,1993,1996,Services,0.08460384378663,0.1040241819592866,11038.735636493288,10715.75505550689,-27.32539861988817,208.10358695329907,False,2121.095492740272,2387.357028369866,266.26153562959416,266.26153562959433,Uganda,True,1.0,1_nonreciprocal,0.0,0.0,1.0,0.0,0.0,3220439.296,0.166,19430.462,0.0,1.0,0.0,True,never_reciprocal,0
UGA,1996,1999,Agriculture,0.8643973842655864,0.8290132422701658,1132.222232718011,1262.6691200259593,112.7579481745783,-44.67846343623134,False,2387.357028369866,2620.732963136422,233.37593476655596,233.37593476655576,Uganda,True,1.0,1_nonreciprocal,0.0,0.0,1.0,0.0,0.0,6044585.472,0.282,21407.694,1.0,1.0,0.0,True,never_reciprocal,0
UGA,1996,1999,Manufacturing,0.0315784337751268,0.0397482090761195,9309.18361465504,8935.170045131039,-11.810762736212515,72.99833154488108,False,2387.357028369866,2620.732963136422,233.37593476655596,233.37593476655576,Uganda,True,1.0,1_nonreciprocal,0.0,0.0,1.0,0.0,0.0,6044585.472,0.282,21407.694,1.0,1.0,0.0,True,never_reciprocal,0
UGA,1996,1999,Services,0.1040241819592866,0.1312385486537146,10715.75505550689,9286.955299701402,-148.6297257812945,252.7386070008347,False,2387.357028369866,2620.732963136422,233.37593476655596,233.37593476655576,Uganda,True,1.0,1_nonreciprocal,0.0,0.0,1.0,0.0,0.0,6044585.472,0.282,21407.694,1.0,1.0,0.0,True,never_reciprocal,0
UGA,1999,2002,Agriculture,0.8290132422701658,0.7804207605220799,1262.6691200259593,1315.9419967039912,44.16392021991396,-63.94488745637847,False,2620.732963136422,2707.779783386021,87.04682024959902,87.04682024959936,Uganda,True,1.0,1_nonreciprocal,0.0,0.0,1.0,0.0,0.0,5998563.328,0.255,23507.799,1.0,1.0,0.0,True,never_reciprocal,0
UGA,1999,2002,Manufacturing,0.0397482090761195,0.050170766083704,8935.170045131039,7442.114223767048,-59.34629494989327,77.56585975416785,False,2620.732963136422,2707.779783386021,87.04682024959902,87.04682024959936,Uganda,True,1.0,1_nonreciprocal,0.0,0.0,1.0,0.0,0.0,5998563.328,0.255,23507.799,1.0,1.0,0.0,True,never_reciprocal,0
UGA,1999,2002,Services,0.1312385486537146,0.169408473394216,9286.955299701402,7717.528712888821,-205.96926747183605,294.5774901536254,False,2620.732963136422,2707.779783386021,87.04682024959902,87.04682024959936,Uganda,True,1.0,1_nonreciprocal,0.0,0.0,1.0,0.0,0.0,5998563.328,0.255,23507.799,1.0,1.0,0.0,True,never_reciprocal,0
UGA,2002,2005,Agriculture,0.7804207605220799,0.7538438734304717,1315.9419967039912,1297.5821300333405,-14.328421110193396,-34.48569376198457,False,2707.779783386021,2858.894152895615,151.11436950959433,151.11436950959427,Uganda,True,1.0,1_nonreciprocal,0.0,0.0,1.0,0.0,0.0,6178563.584,0.238,25943.441,1.0,1.0,0.0,True,never_reciprocal,0
UGA,2002,2005,Manufacturing,0.050170766083704,0.0594156547403803,7442.114223767048,7487.443269370466,2.2741929437666086,69.2205793485101,False,2707.779783386021,2858.894152895615,151.11436950959433,151.11436950959427,Uganda,True,1.0,1_nonreciprocal,0.0,0.0,1.0,0.0,0.0,6178563.584,0.238,25943.441,1.0,1.0,0.0,True,never_reciprocal,0
UGA,2002,2005,Services,0.169408473394216,0.1867404718291479,7717.528712888821,7689.005257680306,-4.832115002802803,133.2658270922983,False,2707.779783386021,2858.894152895615,151.11436950959433,151.11436950959427,Uganda,True,1.0,1_nonreciprocal,0.0,0.0,1.0,0.0,0.0,6178563.584,0.238,25943.441,1.0,1.0,0.0,True,never_reciprocal,0
UGA,2005,2008,Agriculture,0.7538438734304717,0.7440683504482835,1297.5821300333405,1218.6378581521335,-59.511655700077,-11.912822389330788,False,2858.894152895615,3089.882235895383,230.9880829997678,230.98808299976804,Uganda,True,1.0,1_nonreciprocal,0.0,0.0,1.0,0.0,0.0,9013834.752,0.314,28724.869,1.0,1.0,0.0,True,never_reciprocal,0
UGA,2005,2008,Manufacturing,0.0594156547403803,0.0670408267722997,7487.443269370466,7506.3687651071,1.1244707204784292,57.237353168968006,False,2858.894152895615,3089.882235895383,230.9880829997678,230.98808299976804,Uganda,True,1.0,1_nonreciprocal,0.0,0.0,1.0,0.0,0.0,9013834.752,0.314,28724.869,1.0,1.0,0.0,True,never_reciprocal,0
UGA,2005,2008,Services,0.1867404718291479,0.1888908227794168,7689.005257680306,8893.492982861873,224.92660611282287,19.12413108690646,False,2858.894152895615,3089.882235895383,230.9880829997678,230.98808299976804,Uganda,True,1.0,1_nonreciprocal,0.0,0.0,1.0,0.0,0.0,9013834.752,0.314,28724.869,1.0,1.0,0.0,True,never_reciprocal,0
UGA,2008,2011,Agriculture,0.7440683504482835,0.6848536938964332,1218.6378581521335,1324.584351949622,78.83143287567641,-78.43480747465195,False,3089.882235895383,3399.9082828832607,310.02604698787763,310.02604698787763,Uganda,True,1.0,1_nonreciprocal,0.0,0.0,1.0,0.0,0.0,14239027.2,0.448,31778.799,1.0,1.0,1.0,True,switched_during_interval,1
UGA,2008,2011,Manufacturing,0.0670408267722997,0.0790728232849904,7506.3687651071,7314.025779302003,-12.89483279222646,88.00233267029147,False,3089.882235895383,3399.9082828832607,310.02604698787763,310.02604698787763,Uganda,True,1.0,1_nonreciprocal,0.0,0.0,1.0,0.0,0.0,14239027.2,0.448,31778.799,1.0,1.0,1.0,True,switched_during_interval,1
UGA,2008,2011,Services,0.1888908227794168,0.2360734828185762,8893.492982861873,8109.428919197081,-148.10250609741567,382.6244278062038,False,3089.882235895383,3399.9082828832607,310.02604698787763,310.02604698787763,Uganda,True,1.0,1_nonreciprocal,0.0,0.0,1.0,0.0,0.0,14239027.2,0.448,31778.799,1.0,1.0,1.0,True,switched_during_interval,1
UGA,2011,2014,Agriculture,0.6848536938964332,0.7168466858972307,1324.584351949622,1166.6381314835196,-108.17005252319068,37.32424440837749,False,3399.9082828832607,3339.8771721877965,-60.03111069546412,-60.03111069546395,Uganda,True,2.0,2_reciprocal_pta,1.0,0.0,0.0,0.5817218881461671,0.378959243625367,15493319.68,0.441,35148.064,1.0,1.0,1.0,True,always_reciprocal,1
UGA,2011,2014,Manufacturing,0.0790728232849904,0.0690840462176785,7314.025779302003,8108.890494820869,62.85219718569751,-80.99789941600966,False,3399.9082828832607,3339.8771721877965,-60.03111069546412,-60.03111069546395,Uganda,True,2.0,2_reciprocal_pta,1.0,0.0,0.0,0.5817218881461671,0.378959243625367,15493319.68,0.441,35148.064,1.0,1.0,1.0,True,always_reciprocal,1
UGA,2011,2014,Services,0.2360734828185762,0.2140692678850907,8109.428919197081,9078.283620409153,228.7209036602848,-199.76050401062344,False,3399.9082828832607,3339.8771721877965,-60.03111069546412,-60.03111069546395,Uganda,True,2.0,2_reciprocal_pta,1.0,0.0,0.0,0.5817218881461671,0.378959243625367,15493319.68,0.441,35148.064,1.0,1.0,1.0,True,always_reciprocal,1
UGA,2014,2017,Agriculture,0.7168466858972307,0.7106996857143181,1166.6381314835196,1122.127401154153,-31.90736952347184,-6.897717340145805,False,3339.8771721877965,3412.2126432769574,72.33547108916082,72.33547108916065,Uganda,True,2.0,2_reciprocal_pta,1.0,0.0,0.0,0.5895957767553447,0.3714304598175133,27927875.584,0.719,38833.34,1.0,1.0,1.0,True,always_reciprocal,1
UGA,2014,2017,Manufacturing,0.0690840462176785,0.0714802117426168,8108.890494820869,8097.265346345008,-0.8031122945937813,19.402388069189435,False,3339.8771721877965,3412.2126432769574,72.33547108916082,72.33547108916065,Uganda,True,2.0,2_reciprocal_pta,1.0,0.0,0.0,0.5895957767553447,0.3714304598175133,27927875.584,0.719,38833.34,1.0,1.0,1.0,True,always_reciprocal,1
UGA,2014,2017,Services,0.2140692678850907,0.217820102543065,9078.283620409153,9346.808612625004,57.48294849249692,35.05833368568572,False,3339.8771721877965,3412.2126432769574,72.33547108916082,72.33547108916065,Uganda,True,2.0,2_reciprocal_pta,1.0,0.0,0.0,0.5895957767553447,0.3714304598175133,27927875.584,0.719,38833.34,1.0,1.0,1.0,True,always_reciprocal,1
ZAF,1960,1963,Agriculture,0.3146294023876621,0.2814317837664801,16.391487133571374,19.80429958538269,1.0737711421745664,-0.657455584695167,False,123.78701725015068,138.89085745860282,15.10384020845214,15.10384020845214,South Africa,True,1.0,1_nonreciprocal,0.0,0.0,1.0,0.0,0.0,7363240.448,0.423,17396.0,0.0,1.0,0.0,True,never_reciprocal,0
ZAF,1960,1963,Manufacturing,0.2702208992341752,0.2798618396645684,213.65238599922063,237.83969941988016,6.535917582589455,2.2929983740896773,False,123.78701725015068,138.89085745860282,15.10384020845214,15.10384020845214,South Africa,True,1.0,1_nonreciprocal,0.0,0.0,1.0,0.0,0.0,7363240.448,0.423,17396.0,0.0,1.0,0.0,True,never_reciprocal,0
ZAF,1960,1963,Services,0.4151496983781625,0.4387063765689514,146.68548193274276,152.1633735921668,2.2741450701581445,3.584463624135465,False,123.78701725015068,138.89085745860282,15.10384020845214,15.10384020845214,South Africa,True,1.0,1_nonreciprocal,0.0,0.0,1.0,0.0,0.0,7363240.448,0.423,17396.0,0.0,1.0,0.0,True,never_reciprocal,0
ZAF,1963,1966,Agriculture,0.2814317837664801,0.2441667561233511,19.80429958538269,20.495137703067314,0.1944238037538612,-0.7637518730545383,False,138.89085745860282,152.21362157043245,13.322764111829628,13.3227641118296,South Africa,True,1.0,1_nonreciprocal,0.0,0.0,1.0,0.0,0.0,9175048.192,0.485,18936.138,0.0,1.0,0.0,True,never_reciprocal,0
ZAF,1963,1966,Manufacturing,0.2798618396645684,0.304580046267886,237.83969941988016,245.86883650289292,2.247049074970964,6.07743669799582,False,138.89085745860282,152.21362157043245,13.322764111829628,13.3227641118296,South Africa,True,1.0,1_nonreciprocal,0.0,0.0,1.0,0.0,0.0,9175048.192,0.485,18936.138,0.0,1.0,0.0,True,never_reciprocal,0
ZAF,1963,1966,Services,0.4387063765689514,0.4512531976087628,152.1633735921668,160.27066193998365,3.5567190948704104,2.010887313293081,False,138.89085745860282,152.21362157043245,13.322764111829628,13.3227641118296,South Africa,True,1.0,1_nonreciprocal,0.0,0.0,1.0,0.0,0.0,9175048.192,0.485,18936.138,0.0,1.0,0.0,True,never_reciprocal,0
ZAF,1966,1969,Agriculture,0.2441667561233511,0.2126467770462966,20.495137703067314,25.46711450992073,1.2139914484499363,-0.802722916505654,False,152.21362157043245,166.00614240874546,13.79252083831301,13.79252083831302,South Africa,True,1.0,1_nonreciprocal,0.0,0.0,1.0,0.0,0.0,11995195.392,0.592,20268.595,0.0,1.0,0.0,True,never_reciprocal,0
ZAF,1966,1969,Manufacturing,0.304580046267886,0.3116314530519865,245.86883650289292,251.79851392040783,1.8060614221803213,1.7755337492847991,False,152.21362157043245,166.00614240874546,13.79252083831301,13.79252083831302,South Africa,True,1.0,1_nonreciprocal,0.0,0.0,1.0,0.0,0.0,11995195.392,0.592,20268.595,0.0,1.0,0.0,True,never_reciprocal,0
ZAF,1966,1969,Services,0.4512531976087628,0.4757217699017168,160.27066193998365,172.62675583495073,5.575726880058005,4.223930254845613,False,152.21362157043245,166.00614240874546,13.79252083831301,13.79252083831302,South Africa,True,1.0,1_nonreciprocal,0.0,0.0,1.0,0.0,0.0,11995195.392,0.592,20268.595,0.0,1.0,0.0,True,never_reciprocal,0
ZAF,1969,1972,Agriculture,0.2126467770462966,0.1939166158072128,25.46711450992073,29.299809836828253,0.8150103086672869,-0.5487901625182853,False,166.00614240874546,174.19737051906796,8.191228110322498,8.191228110322507,South Africa,True,1.0,1_nonreciprocal,0.0,0.0,1.0,0.0,0.0,16315592.704,0.755,21612.522,0.0,1.0,0.0,True,never_reciprocal,0
ZAF,1969,1972,Manufacturing,0.3116314530519865,0.315659663946231,251.79851392040783,248.66555599314583,-0.9763282312233876,1.001677301674953,False,166.00614240874546,174.19737051906796,8.191228110322498,8.191228110322507,South Africa,True,1.0,1_nonreciprocal,0.0,0.0,1.0,0.0,0.0,16315592.704,0.755,21612.522,0.0,1.0,0.0,True,never_reciprocal,0
ZAF,1969,1972,Services,0.4757217699017168,0.4904237202465561,172.62675583495073,183.5595649139044,5.200975285037404,2.6986836086845365,False,166.00614240874546,174.19737051906796,8.191228110322498,8.191228110322507,South Africa,True,1.0,1_nonreciprocal,0.0,0.0,1.0,0.0,0.0,16315592.704,0.755,21612.522,0.0,1.0,0.0,True,never_reciprocal,0
ZAF,1972,1975,Agriculture,0.1939166158072128,0.1788069646712313,29.299809836828253,31.95074074257811,0.5140595499817617,-0.4827645461565468,False,174.19737051906796,185.11271024909428,10.915339730026318,10.915339730026304,South Africa,True,1.0,1_nonreciprocal,0.0,0.0,1.0,0.0,0.0,20753098.752,0.897,23126.276,0.0,1.0,0.0,True,never_reciprocal,0
ZAF,1972,1975,Manufacturing,0.315659663946231,0.3237102358436223,248.66555599314583,235.7336729175204,-4.082073865843891,1.8977908824586167,False,174.19737051906796,185.11271024909428,10.915339730026318,10.915339730026304,South Africa,True,1.0,1_nonreciprocal,0.0,0.0,1.0,0.0,0.0,20753098.752,0.897,23126.276,0.0,1.0,0.0,True,never_reciprocal,0
ZAF,1972,1975,Services,0.4904237202465561,0.4974827994851463,183.5595649139044,207.2238327198298,11.60551825429274,1.4628094552936215,False,174.19737051906796,185.11271024909428,10.915339730026318,10.915339730026304,South Africa,True,1.0,1_nonreciprocal,0.0,0.0,1.0,0.0,0.0,20753098.752,0.897,23126.276,0.0,1.0,0.0,True,never_reciprocal,0
ZAF,1975,1978,Agriculture,0.1788069646712313,0.1586298180280938,31.95074074257811,39.28185364538367,1.3108540458127622,-0.7925957214171715,False,185.11271024909428,188.0665080972787,2.953797848184422,2.9537978481844376,South Africa,True,1.0,1_nonreciprocal,0.0,0.0,1.0,0.0,0.0,36947550.208,1.494,24728.001,0.0,1.0,0.0,True,never_reciprocal,0
ZAF,1975,1978,Manufacturing,0.3237102358436223,0.3174810404524271,235.7336729175204,243.9399544782204,2.656457339413359,-1.5195496401640856,False,185.11271024909428,188.0665080972787,2.953797848184422,2.9537978481844376,South Africa,True,1.0,1_nonreciprocal,0.0,0.0,1.0,0.0,0.0,36947550.208,1.494,24728.001,0.0,1.0,0.0,True,never_reciprocal,0
ZAF,1975,1978,Services,0.4974827994851463,0.5238891415194791,207.2238327198298,199.25765963248315,-3.963034088676441,5.261665913216015,False,185.11271024909428,188.0665080972787,2.953797848184422,2.9537978481844376,South Africa,True,1.0,1_nonreciprocal,0.0,0.0,1.0,0.0,0.0,36947550.208,1.494,24728.001,0.0,1.0,0.0,True,never_reciprocal,0
ZAF,1978,1981,Agriculture,0.1586298180280938,0.1418058556268398,39.28185364538367,47.41046752267031,1.2894405401746178,-0.7976319230272778,False,188.0665080972787,203.3340445374256,15.267536440146898,15.267536440146898,South Africa,True,1.0,1_nonreciprocal,0.0,0.0,1.0,0.0,0.0,45328400.384,1.72,26355.318,0.0,1.0,0.0,True,never_reciprocal,0
ZAF,1978,1981,Manufacturing,0.3174810404524271,0.3446411255773037,243.9399544782204,239.1239922211111,-1.5289767081666636,6.49462798412571,False,188.0665080972787,203.3340445374256,15.267536440146898,15.267536440146898,South Africa,True,1.0,1_nonreciprocal,0.0,0.0,1.0,0.0,0.0,45328400.384,1.72,26355.318,0.0,1.0,0.0,True,never_reciprocal,0
ZAF,1978,1981,Services,0.5238891415194791,0.5135530187958565,199.25765963248315,222.37042060593583,12.108524504527043,-2.298447957486531,False,188.0665080972787,203.3340445374256,15.267536440146898,15.267536440146898,South Africa,True,1.0,1_nonreciprocal,0.0,0.0,1.0,0.0,0.0,45328400.384,1.72,26355.318,0.0,1.0,0.0,True,never_reciprocal,0
ZAF,1981,1984,Agriculture,0.1418058556268398,0.1380120299552503,47.41046752267031,35.57866204372376,-1.677819299552347,-0.1349792414222883,False,203.3340445374256,199.3528823891068,-3.981162148318816,-3.981162148318818,South Africa,True,1.0,1_nonreciprocal,0.0,0.0,1.0,0.0,0.0,86830014.464,3.073,28254.656,0.0,1.0,0.0,True,never_reciprocal,0
ZAF,1981,1984,Manufacturing,0.3446411255773037,0.3360961366377054,239.1239922211111,229.2975501513845,-3.3865960553307346,-1.9593450299205848,False,203.3340445374256,199.3528823891068,-3.981162148318816,-3.981162148318818,South Africa,True,1.0,1_nonreciprocal,0.0,0.0,1.0,0.0,0.0,86830014.464,3.073,28254.656,0.0,1.0,0.0,True,never_reciprocal,0
ZAF,1981,1984,Services,0.5135530187958565,0.5258918334070443,222.37042060593583,223.1952862065828,0.4236122193131104,2.753965258594026,False,203.3340445374256,199.3528823891068,-3.981162148318816,-3.981162148318818,South Africa,True,1.0,1_nonreciprocal,0.0,0.0,1.0,0.0,0.0,86830014.464,3.073,28254.656,0.0,1.0,0.0,True,never_reciprocal,0
ZAF,1984,1987,Agriculture,0.1380120299552503,0.1296675893964008,35.57866204372376,45.36426294776607,1.350530645098811,-0.3785393956636528,False,199.3528823891068,183.6483074402347,-15.70457494887208,-15.7045749488721,South Africa,True,1.0,1_nonreciprocal,0.0,0.0,1.0,0.0,0.0,85171208.192,2.792,30505.362,0.0,1.0,0.0,True,never_reciprocal,0
ZAF,1984,1987,Manufacturing,0.3360961366377054,0.3258422588958659,229.2975501513845,202.8073616446572,-8.903250015915617,-2.079561891449333,False,199.3528823891068,183.6483074402347,-15.70457494887208,-15.7045749488721,South Africa,True,1.0,1_nonreciprocal,0.0,0.0,1.0,0.0,0.0,85171208.192,2.792,30505.362,0.0,1.0,0.0,True,never_reciprocal,0
ZAF,1984,1987,Services,0.5258918334070443,0.5444901517077333,223.1952862065828,205.11449771821705,-9.50853900759166,3.8147847166493545,False,199.3528823891068,183.6483074402347,-15.70457494887208,-15.7045749488721,South Africa,True,1.0,1_nonreciprocal,0.0,0.0,1.0,0.0,0.0,85171208.192,2.792,30505.362,0.0,1.0,0.0,True,never_reciprocal,0
ZAF,1987,1990,Agriculture,0.1296675893964008,0.1140355188094148,45.36426294776607,48.60002127320279,0.4195729819287149,-0.7597189630717259,False,183.6483074402347,167.01745105734,-16.630856382894706,-16.63085638289469,South Africa,True,1.0,1_nonreciprocal,0.0,0.0,1.0,0.0,0.0,104022122.496,3.159,32933.083,0.0,1.0,0.0,True,never_reciprocal,0
ZAF,1987,1990,Manufacturing,0.3258422588958659,0.3038844250288803,202.8073616446572,194.13304478530688,-2.8264589998291902,-4.262741145487839,False,183.6483074402347,167.01745105734,-16.630856382894706,-16.63085638289469,South Africa,True,1.0,1_nonreciprocal,0.0,0.0,1.0,0.0,0.0,104022122.496,3.159,32933.083,0.0,1.0,0.0,True,never_reciprocal,0
ZAF,1987,1990,Services,0.5444901517077333,0.5820800561617049,205.11449771821705,176.06051373652116,-15.819608145907637,6.618097889472983,False,183.6483074402347,167.01745105734,-16.630856382894706,-16.63085638289469,South Africa,True,1.0,1_nonreciprocal,0.0,0.0,1.0,0.0,0.0,104022122.496,3.159,32933.083,0.0,1.0,0.0,True,never_reciprocal,0
ZAF,1990,1993,Agriculture,0.1140355188094148,0.1078698637146273,48.60002127320279,44.599219370296105,-0.4562335206516582,-0.274983404134011,False,167.01745105734,153.39926844076803,-13.618182616571971,-13.618182616571968,South Africa,True,1.0,1_nonreciprocal,0.0,0.0,1.0,0.0,0.0,112013934.592,3.182,35200.001,0.0,1.0,0.0,True,never_reciprocal,0
ZAF,1990,1993,Manufacturing,0.3038844250288803,0.2746549621493191,194.13304478530688,189.2271361378457,-1.490829228577964,-5.531007551546831,False,167.01745105734,153.39926844076803,-13.618182616571971,-13.618182616571968,South Africa,True,1.0,1_nonreciprocal,0.0,0.0,1.0,0.0,0.0,112013934.592,3.182,35200.001,0.0,1.0,0.0,True,never_reciprocal,0
ZAF,1990,1993,Services,0.5820800561617049,0.6174751741360535,176.06051373652116,156.46974786821647,-11.403394096873605,5.538265185212099,False,167.01745105734,153.39926844076803,-13.618182616571971,-13.618182616571968,South Africa,True,1.0,1_nonreciprocal,0.0,0.0,1.0,0.0,0.0,112013934.592,3.182,35200.001,0.0,1.0,0.0,True,never_reciprocal,0
ZAF,1993,1996,Agriculture,0.1078698637146273,0.1040317398054439,44.599219370296105,45.17547943188415,0.0621610943076851,-0.1733890877163391,False,153.39926844076803,152.29788231560946,-1.1013861251585697,-1.1013861251585777,South Africa,True,1.0,1_nonreciprocal,0.0,0.0,1.0,0.0,0.0,130405965.824,3.48,37473.797,0.0,1.0,0.0,True,never_reciprocal,0
ZAF,1993,1996,Manufacturing,0.2746549621493191,0.2696827281254081,189.2271361378457,182.6418815642381,-1.8086728456578145,-0.9081381777048286,False,153.39926844076803,152.29788231560946,-1.1013861251585697,-1.1013861251585777,South Africa,True,1.0,1_nonreciprocal,0.0,0.0,1.0,0.0,0.0,130405965.824,3.48,37473.797,0.0,1.0,0.0,True,never_reciprocal,0
ZAF,1993,1996,Services,0.6174751741360535,0.6262855320691479,156.46974786821647,157.02556209250906,0.3432014849323622,1.3834514066803574,False,153.39926844076803,152.29788231560946,-1.1013861251585697,-1.1013861251585777,South Africa,True,1.0,1_nonreciprocal,0.0,0.0,1.0,0.0,0.0,130405965.824,3.48,37473.797,0.0,1.0,0.0,True,never_reciprocal,0
ZAF,1996,1999,Agriculture,0.1040317398054439,0.1004835355375606,45.17547943188415,44.029401795555074,-0.1192284504594244,-0.156225311363334,False,152.29788231560946,148.87493394677492,-3.42294836883454,-3.4229483688345246,South Africa,True,1.0,1_nonreciprocal,0.0,0.0,1.0,0.0,0.0,143731998.72,3.593,40000.248,1.0,1.0,0.0,True,never_reciprocal,0
ZAF,1996,1999,Manufacturing,0.2696827281254081,0.2641685906852134,182.6418815642381,175.14609236916425,-2.0214848795804743,-0.9657796254366156,False,152.29788231560946,148.87493394677492,-3.42294836883454,-3.4229483688345246,South Africa,True,1.0,1_nonreciprocal,0.0,0.0,1.0,0.0,0.0,143731998.72,3.593,40000.248,1.0,1.0,0.0,True,never_reciprocal,0
ZAF,1996,1999,Services,0.6262855320691479,0.6353478737772259,157.02556209250906,154.53362111351848,-1.5606665819120311,1.4004364799173552,False,152.29788231560946,148.87493394677492,-3.42294836883454,-3.4229483688345246,South Africa,True,1.0,1_nonreciprocal,0.0,0.0,1.0,0.0,0.0,143731998.72,3.593,40000.248,1.0,1.0,0.0,True,never_reciprocal,0
ZAF,1999,2002,Agriculture,0.1004835355375606,0.109267157104464,44.029401795555074,42.91702259843131,-0.111775794585429,0.3769668852828602,False,148.87493394677492,161.2362455935985,12.361311646823594,12.361311646823587,South Africa,True,1.0,1_nonreciprocal,0.0,0.0,1.0,0.0,0.0,133183578.112,3.103,42923.485,1.0,1.0,1.0,True,switched_during_interval,1
ZAF,1999,2002,Manufacturing,0.2641685906852134,0.2771849902873559,175.14609236916425,177.8709249183629,0.7198151743750054,2.3152390363401,False,148.87493394677492,161.2362455935985,12.361311646823594,12.361311646823587,South Africa,True,1.0,1_nonreciprocal,0.0,0.0,1.0,0.0,0.0,133183578.112,3.103,42923.485,1.0,1.0,1.0,True,switched_during_interval,1
ZAF,1999,2002,Services,0.6353478737772259,0.6135478526081799,154.53362111351848,174.7926807845381,12.871550486708284,-3.810484141297232,False,148.87493394677492,161.2362455935985,12.361311646823594,12.361311646823587,South Africa,True,1.0,1_nonreciprocal,0.0,0.0,1.0,0.0,0.0,133183578.112,3.103,42923.485,1.0,1.0,1.0,True,switched_during_interval,1
ZAF,2002,2005,Agriculture,0.109267157104464,0.0704274764150627,42.91702259843131,63.70620972514829,2.271575375849086,-2.4743288436567887,False,161.2362455935985,167.030954805239,5.79470921164048,5.794709211640495,South Africa,True,3.0,3_fta,1.0,1.0,0.0,0.587829942121456,0.3358122416147929,111100854.272,2.425,45808.735,1.0,1.0,1.0,True,always_reciprocal,1
ZAF,2002,2005,Manufacturing,0.2771849902873559,0.2749962724751627,177.8709249183629,180.775144749772,0.8050061457614801,-0.3956657793156315,False,161.2362455935985,167.030954805239,5.79470921164048,5.794709211640495,South Africa,True,3.0,3_fta,1.0,1.0,0.0,0.587829942121456,0.3358122416147929,111100854.272,2.425,45808.735,1.0,1.0,1.0,True,always_reciprocal,1
ZAF,2002,2005,Services,0.6135478526081799,0.6545762511097745,174.7926807845381,172.37380071257817,-1.484098673867754,7.072220986870103,False,161.2362455935985,167.030954805239,5.79470921164048,5.794709211640495,South Africa,True,3.0,3_fta,1.0,1.0,0.0,0.587829942121456,0.3358122416147929,111100854.272,2.425,45808.735,1.0,1.0,1.0,True,always_reciprocal,1
ZAF,2005,2008,Agriculture,0.0704274764150627,0.0565730926197124,63.70620972514829,78.64006318450367,1.0517536122947548,-1.0895096170487106,False,167.030954805239,163.12211266815,-3.908842137088982,-3.908842137088997,South Africa,True,3.0,3_fta,1.0,1.0,0.0,0.5533621127557474,0.3832006040891502,247051567.104,5.186,47639.557,1.0,1.0,1.0,True,always_reciprocal,1
ZAF,2005,2008,Manufacturing,0.2749962724751627,0.2506873480830889,180.775144749772,184.4024648513405,0.997499507005574,-4.482625575783279,False,167.030954805239,163.12211266815,-3.908842137088982,-3.908842137088997,South Africa,True,3.0,3_fta,1.0,1.0,0.0,0.5533621127557474,0.3832006040891502,247051567.104,5.186,47639.557,1.0,1.0,1.0,True,always_reciprocal,1
ZAF,2005,2008,Services,0.6545762511097745,0.6927395592971984,172.37380071257817,162.32050658476118,-6.58064758149036,6.194687517933023,False,167.030954805239,163.12211266815,-3.908842137088982,-3.908842137088997,South Africa,True,3.0,3_fta,1.0,1.0,0.0,0.5533621127557474,0.3832006040891502,247051567.104,5.186,47639.557,1.0,1.0,1.0,True,always_reciprocal,1
ZAF,2008,2011,Agriculture,0.0565730926197124,0.0460042760108506,78.64006318450367,101.16260550779808,1.2741698728871296,-1.0691690252865589,False,163.12211266815,179.09302728257427,15.97091461442426,15.970914614424256,South Africa,True,3.0,3_fta,1.0,1.0,0.0,0.5850675652034454,0.4386218961654675,273141743.616,5.511,49561.256,1.0,1.0,1.0,True,always_reciprocal,1
ZAF,2008,2011,Manufacturing,0.2506873480830889,0.2353478256335295,184.4024648513405,205.1203372359443,5.1937084860201805,-3.146448017891965,False,163.12211266815,179.09302728257427,15.97091461442426,15.970914614424256,South Africa,True,3.0,3_fta,1.0,1.0,0.0,0.5850675652034454,0.4386218961654675,273141743.616,5.511,49561.256,1.0,1.0,1.0,True,always_reciprocal,1
ZAF,2008,2011,Services,0.6927395592971984,0.7186478983556199,162.32050658476118,175.5581415931296,9.1702334418343,4.5484198568611705,False,163.12211266815,179.09302728257427,15.97091461442426,15.970914614424256,South Africa,True,3.0,3_fta,1.0,1.0,0.0,0.5850675652034454,0.4386218961654675,273141743.616,5.511,49561.256,1.0,1.0,1.0,True,always_reciprocal,1
ZAF,2011,2014,Agriculture,0.0460042760108506,0.0464951774980181,101.16260550779808,106.00751359925889,0.2228864890867658,0.0520392460768061,False,179.09302728257427,178.54306485591144,-0.5499624266628302,-0.5499624266628285,South Africa,True,3.0,3_fta,1.0,1.0,0.0,0.5768425298406497,0.4052172146582293,403894304.768,7.831,51579.597,1.0,1.0,1.0,True,always_reciprocal,1
ZAF,2011,2014,Manufacturing,0.2353478256335295,0.2265353491281249,205.1203372359443,204.9366512649703,-0.0432300938681238,-1.8059994243688449,False,179.09302728257427,178.54306485591144,-0.5499624266628302,-0.5499624266628285,South Africa,True,3.0,3_fta,1.0,1.0,0.0,0.5768425298406497,0.4052172146582293,403894304.768,7.831,51579.597,1.0,1.0,1.0,True,always_reciprocal,1
ZAF,2011,2014,Services,0.7186478983556199,0.726969473373857,175.5581415931296,174.95759520857126,-0.4315813971279083,1.4559227535384764,False,179.09302728257427,178.54306485591144,-0.5499624266628302,-0.5499624266628285,South Africa,True,3.0,3_fta,1.0,1.0,0.0,0.5768425298406497,0.4052172146582293,403894304.768,7.831,51579.597,1.0,1.0,1.0,True,always_reciprocal,1
ZAF,2014,2017,Agriculture,0.0464951774980181,0.0513791278685731,106.00751359925889,91.65353821205647,-0.6673906334301595,0.4476313319134508,False,178.54306485591144,171.787501575057,-6.755563280854432,-6.7555632808544255,South Africa,True,3.0,3_fta,1.0,1.0,0.0,0.5917987516261003,0.3971537725985979,350850580.48,6.48,54146.736,1.0,1.0,1.0,True,always_reciprocal,1
ZAF,2014,2017,Manufacturing,0.2265353491281249,0.2208099525960315,204.9366512649703,199.1125928853328,-1.3193550983737576,-1.139998548801813,False,178.54306485591144,171.787501575057,-6.755563280854432,-6.7555632808544255,South Africa,True,3.0,3_fta,1.0,1.0,0.0,0.5917987516261003,0.3971537725985979,350850580.48,6.48,54146.736,1.0,1.0,1.0,True,always_reciprocal,1
ZAF,2014,2017,Services,0.726969473373857,0.7278109195353953,174.95759520857126,169.1543465684181,-4.218784607789671,0.1423342756275251,False,178.54306485591144,171.787501575057,-6.755563280854432,-6.7555632808544255,South Africa,True,3.0,3_fta,1.0,1.0,0.0,0.5917987516261003,0.3971537725985979,350850580.48,6.48,54146.736,1.0,1.0,1.0,True,always_reciprocal,1
ZMB,1966,1969,Agriculture,0.6309386035068162,0.6404707255339575,2.8141272367968755,2.8280574920548704,0.0087891357989728,0.0269573891140381,False,35.82028624361108,33.28463669072501,-2.5356495528860705,-2.535649552886074,Zambia,True,1.0,1_nonreciprocal,0.0,0.0,1.0,0.0,0.0,1238999.552,0.336,3692.409,0.0,0.0,0.0,True,never_reciprocal,0
ZMB,1966,1969,Manufacturing,0.1281731064962969,0.1227388964851919,221.6617400480361,204.8159967780053,-2.1591712461589383,-1.1130131401254946,False,35.82028624361108,33.28463669072501,-2.5356495528860705,-2.535649552886074,Zambia,True,1.0,1_nonreciprocal,0.0,0.0,1.0,0.0,0.0,1238999.552,0.336,3692.409,0.0,0.0,0.0,True,never_reciprocal,0
ZMB,1966,1969,Services,0.2408882899968868,0.2367903779808506,23.38706842693493,26.75133712739864,0.8104129343447523,-0.1096246258594039,False,35.82028624361108,33.28463669072501,-2.5356495528860705,-2.535649552886074,Zambia,True,1.0,1_nonreciprocal,0.0,0.0,1.0,0.0,0.0,1238999.552,0.336,3692.409,0.0,0.0,0.0,True,never_reciprocal,0
ZMB,1969,1972,Agriculture,0.6404707255339575,0.6197946043316335,2.8280574920548704,3.2664855917567275,0.2808003631105226,-0.067538252000807,False,33.28463669072501,30.78439091373509,-2.5002457769899173,-2.5002457769899187,Zambia,True,1.0,1_nonreciprocal,0.0,0.0,1.0,0.0,0.0,1926399.232,0.475,4056.584,0.0,0.0,0.0,True,never_reciprocal,0
ZMB,1969,1972,Manufacturing,0.1227388964851919,0.115190912109629,204.8159967780053,181.7640911820779,-2.829365454724952,-1.3719525202807106,False,33.28463669072501,30.78439091373509,-2.5002457769899173,-2.5002457769899187,Zambia,True,1.0,1_nonreciprocal,0.0,0.0,1.0,0.0,0.0,1926399.232,0.475,4056.584,0.0,0.0,0.0,True,never_reciprocal,0
ZMB,1969,1972,Services,0.2367903779808506,0.2650144835587374,26.75133712739864,29.51638420570398,0.6547365428067673,0.8330735440992609,False,33.28463669072501,30.78439091373509,-2.5002457769899173,-2.5002457769899187,Zambia,True,1.0,1_nonreciprocal,0.0,0.0,1.0,0.0,0.0,1926399.232,0.475,4056.584,0.0,0.0,0.0,True,never_reciprocal,0
ZMB,1972,1975,Agriculture,0.6197946043316335,0.6445189302755321,3.2664855917567275,2.771024299491028,-0.3070842356014589,0.0685117079790795,False,30.78439091373509,28.55995913970872,-2.2244317740263746,-2.2244317740263755,Zambia,True,1.0,1_nonreciprocal,0.0,0.0,1.0,0.0,0.0,1872416.64,0.418,4482.567,0.0,0.0,0.0,True,never_reciprocal,0
ZMB,1972,1975,Manufacturing,0.115190912109629,0.1119050947179554,181.7640911820779,162.81638360269355,-2.182603718455814,-0.5349849048911274,False,30.78439091373509,28.55995913970872,-2.2244317740263746,-2.2244317740263755,Zambia,True,1.0,1_nonreciprocal,0.0,0.0,1.0,0.0,0.0,1872416.64,0.418,4482.567,0.0,0.0,0.0,True,never_reciprocal,0
ZMB,1972,1975,Services,0.2650144835587374,0.2435759750065124,29.51638420570398,35.118400710538694,1.4846155109162955,-0.7528861339733506,False,30.78439091373509,28.55995913970872,-2.2244317740263746,-2.2244317740263755,Zambia,True,1.0,1_nonreciprocal,0.0,0.0,1.0,0.0,0.0,1872416.64,0.418,4482.567,0.0,0.0,0.0,True,never_reciprocal,0
ZMB,1975,1978,Agriculture,0.6445189302755321,0.6741654170461714,2.771024299491028,2.257786360626301,-0.3307915673339128,0.0669354334712375,False,28.55995913970872,26.883992380165004,-1.6759667595437122,-1.6759667595437124,Zambia,True,1.0,1_nonreciprocal,0.0,0.0,1.0,0.0,0.0,2442672.128,0.492,4963.655,0.0,0.0,0.0,True,never_reciprocal,0
ZMB,1975,1978,Manufacturing,0.1119050947179554,0.10118058676303,162.81638360269355,160.01399142030468,-0.3136019626070845,-1.7160713238864262,False,28.55995913970872,26.883992380165004,-1.6759667595437122,-1.6759667595437124,Zambia,True,1.0,1_nonreciprocal,0.0,0.0,1.0,0.0,0.0,2442672.128,0.492,4963.655,0.0,0.0,0.0,True,never_reciprocal,0
ZMB,1975,1978,Services,0.2435759750065124,0.2246539961907986,35.118400710538694,40.82527580218038,1.390057664687003,-0.7724950038745295,False,28.55995913970872,26.883992380165004,-1.6759667595437122,-1.6759667595437124,Zambia,True,1.0,1_nonreciprocal,0.0,0.0,1.0,0.0,0.0,2442672.128,0.492,4963.655,0.0,0.0,0.0,True,never_reciprocal,0
ZMB,1978,1981,Agriculture,0.6741654170461714,0.674834021221303,2.257786360626301,1.800140816625517,-0.3085287990306105,0.0012035816658206,False,26.883992380165004,24.73527528200522,-2.1487170981597856,-2.1487170981597816,Zambia,True,1.0,1_nonreciprocal,0.0,0.0,1.0,0.0,0.0,2811032.576,0.513,5479.897,0.0,0.0,0.0,True,never_reciprocal,0
ZMB,1978,1981,Manufacturing,0.10118058676303,0.0938083384816001,160.01399142030468,143.77350571264316,-1.6432218732177957,-1.0599339804051842,False,26.883992380165004,24.73527528200522,-2.1487170981597856,-2.1487170981597816,Zambia,True,1.0,1_nonreciprocal,0.0,0.0,1.0,0.0,0.0,2811032.576,0.513,5479.897,0.0,0.0,0.0,True,never_reciprocal,0
ZMB,1978,1981,Services,0.2246539961907986,0.2313576402970968,40.82527580218038,43.36716658457907,0.5710459221464211,0.290718050681567,False,26.883992380165004,24.73527528200522,-2.1487170981597856,-2.1487170981597816,Zambia,True,1.0,1_nonreciprocal,0.0,0.0,1.0,0.0,0.0,2811032.576,0.513,5479.897,0.0,0.0,0.0,True,never_reciprocal,0
ZMB,1981,1984,Agriculture,0.674834021221303,0.7083635097101103,1.800140816625517,1.886052861904285,0.0579763709868175,0.0632383877225018,False,24.73527528200522,23.46534276707018,-1.2699325149350391,-1.2699325149350402,Zambia,True,1.0,1_nonreciprocal,0.0,0.0,1.0,0.0,0.0,4008126.464,0.664,6038.971,0.0,0.0,0.0,True,never_reciprocal,0
ZMB,1981,1984,Manufacturing,0.0938083384816001,0.0900731159427654,143.77350571264316,135.4393315721787,-0.7818150287332886,-0.5058960439331018,False,24.73527528200522,23.46534276707018,-1.2699325149350391,-1.2699325149350402,Zambia,True,1.0,1_nonreciprocal,0.0,0.0,1.0,0.0,0.0,4008126.464,0.664,6038.971,0.0,0.0,0.0,True,never_reciprocal,0
ZMB,1981,1984,Services,0.2313576402970968,0.2015633743471242,43.36716658457907,49.26435250731862,1.3643590194782806,-1.46779522045625,False,24.73527528200522,23.46534276707018,-1.2699325149350391,-1.2699325149350402,Zambia,True,1.0,1_nonreciprocal,0.0,0.0,1.0,0.0,0.0,4008126.464,0.664,6038.971,0.0,0.0,0.0,True,never_reciprocal,0
ZMB,1984,1987,Agriculture,0.7083635097101103,0.7321894357500164,1.886052861904285,2.069441411885638,0.1299057569054392,0.049306358023506,False,23.46534276707018,21.93098908694928,-1.5343536801208977,-1.5343536801208963,Zambia,True,1.0,1_nonreciprocal,0.0,0.0,1.0,0.0,0.0,2719518.976,0.41,6636.56,0.0,1.0,0.0,True,never_reciprocal,0
ZMB,1984,1987,Manufacturing,0.0900731159427654,0.084314004562829,135.4393315721787,126.98954946913608,-0.7610982030584629,-0.7313469594807049,False,23.46534276707018,21.93098908694928,-1.5343536801208977,-1.5343536801208963,Zambia,True,1.0,1_nonreciprocal,0.0,0.0,1.0,0.0,0.0,2719518.976,0.41,6636.56,0.0,1.0,0.0,True,never_reciprocal,0
ZMB,1984,1987,Services,0.2015633743471242,0.1834965596871545,49.26435250731862,52.90981209916564,0.7347911363787761,-0.9559117688894496,False,23.46534276707018,21.93098908694928,-1.5343536801208977,-1.5343536801208963,Zambia,True,1.0,1_nonreciprocal,0.0,0.0,1.0,0.0,0.0,2719518.976,0.41,6636.56,0.0,1.0,0.0,True,never_reciprocal,0
ZMB,1987,1990,Agriculture,0.7321894357500164,0.7530171641912573,2.069441411885638,2.012049633074516,-0.0420216541444053,0.0419064233679744,False,21.93098908694928,20.038751294235787,-1.8922377927134943,-1.8922377927134957,Zambia,True,1.0,1_nonreciprocal,0.0,0.0,1.0,0.0,0.0,2265251.072,0.313,7243.918,0.0,1.0,0.0,True,never_reciprocal,0
ZMB,1987,1990,Manufacturing,0.084314004562829,0.0804724415774168,126.98954946913608,111.75079500617304,-1.2848404133220974,-0.4292977176860965,False,21.93098908694928,20.038751294235787,-1.8922377927134943,-1.8922377927134957,Zambia,True,1.0,1_nonreciprocal,0.0,0.0,1.0,0.0,0.0,2265251.072,0.313,7243.918,0.0,1.0,0.0,True,never_reciprocal,0
ZMB,1987,1990,Services,0.1834965596871545,0.1665103942313258,52.90981209916564,57.2383730574867,0.7942760442480464,-0.972260475176917,False,21.93098908694928,20.038751294235787,-1.8922377927134943,-1.8922377927134957,Zambia,True,1.0,1_nonreciprocal,0.0,0.0,1.0,0.0,0.0,2265251.072,0.313,7243.918,0.0,1.0,0.0,True,never_reciprocal,0
ZMB,1990,1993,Agriculture,0.7530171641912573,0.7519552338478281,2.012049633074516,2.619802793927412,0.4576485617137208,-0.002782048080672,False,20.038751294235787,18.78726326135532,-1.25148803288047,-1.2514880328804716,Zambia,True,1.0,1_nonreciprocal,0.0,0.0,1.0,0.0,0.0,3288381.696,0.419,7844.516,0.0,1.0,0.0,True,never_reciprocal,0
ZMB,1990,1993,Manufacturing,0.0804724415774168,0.0651677548487628,111.75079500617304,107.58821788238184,-0.3349727444057777,-1.6466039703840316,False,20.038751294235787,18.78726326135532,-1.25148803288047,-1.2514880328804716,Zambia,True,1.0,1_nonreciprocal,0.0,0.0,1.0,0.0,0.0,3288381.696,0.419,7844.516,0.0,1.0,0.0,True,never_reciprocal,0
ZMB,1990,1993,Services,0.1665103942313258,0.182877011303409,57.2383730574867,53.62077038195396,-0.6023684476752551,0.8775906159515439,False,20.038751294235787,18.78726326135532,-1.25148803288047,-1.2514880328804716,Zambia,True,1.0,1_nonreciprocal,0.0,0.0,1.0,0.0,0.0,3288381.696,0.419,7844.516,0.0,1.0,0.0,True,never_reciprocal,0
ZMB,1993,1996,Agriculture,0.7519552338478281,0.745948772347638,2.619802793927412,3.533775616316849,0.6872666473904091,-0.0212254871897178,False,18.78726326135532,18.363555268168955,-0.4237079931863619,-0.4237079931863613,Zambia,True,1.0,1_nonreciprocal,0.0,0.0,1.0,0.0,0.0,3273507.84,0.389,8423.058,0.0,1.0,0.0,True,never_reciprocal,0
ZMB,1993,1996,Manufacturing,0.0651677548487628,0.056951391829412,107.58821788238184,96.86014089360174,-0.6991246912034761,-0.7958380796872897,False,18.78726326135532,18.363555268168955,-0.4237079931863619,-0.4237079931863613,Zambia,True,1.0,1_nonreciprocal,0.0,0.0,1.0,0.0,0.0,3273507.84,0.389,8423.058,0.0,1.0,0.0,True,never_reciprocal,0
ZMB,1993,1996,Services,0.182877011303409,0.1970998358229499,53.62077038195396,51.80734832227007,-0.3316332065066616,0.7368468240103748,False,18.78726326135532,18.363555268168955,-0.4237079931863619,-0.4237079931863613,Zambia,True,1.0,1_nonreciprocal,0.0,0.0,1.0,0.0,0.0,3273507.84,0.389,8423.058,0.0,1.0,0.0,True,never_reciprocal,0
ZMB,1996,1999,Agriculture,0.745948772347638,0.7242323533906172,3.533775616316849,3.6058191465213416,0.0537407829116309,-0.0783054792691046,False,18.363555268168955,17.59984745360294,-0.7637078145660148,-0.763707814566013,Zambia,True,1.0,1_nonreciprocal,0.0,0.0,1.0,0.0,0.0,3597220.864,0.396,9073.311,1.0,1.0,0.0,True,never_reciprocal,0
ZMB,1996,1999,Manufacturing,0.056951391829412,0.052290463178439,96.86014089360174,80.65840594826821,-0.922711355187968,-0.375943075226101,False,18.363555268168955,17.59984745360294,-0.7637078145660148,-0.763707814566013,Zambia,True,1.0,1_nonreciprocal,0.0,0.0,1.0,0.0,0.0,3597220.864,0.396,9073.311,1.0,1.0,0.0,True,never_reciprocal,0
ZMB,1996,1999,Services,0.1970998358229499,0.2234771834309438,51.80734832227007,48.19611109997536,-0.7117742636320133,1.2712855758375434,False,18.363555268168955,17.59984745360294,-0.7637078145660148,-0.763707814566013,Zambia,True,1.0,1_nonreciprocal,0.0,0.0,1.0,0.0,0.0,3597220.864,0.396,9073.311,1.0,1.0,0.0,True,never_reciprocal,0
ZMB,1999,2002,Agriculture,0.7242323533906172,0.7292199235696719,3.6058191465213416,3.283275597713529,-0.2335964734240431,0.016375567460774,False,17.59984745360294,18.897515150186877,1.2976676965839324,1.2976676965839298,Zambia,True,1.0,1_nonreciprocal,0.0,0.0,1.0,0.0,0.0,3404284.672,0.346,9839.179,1.0,1.0,0.0,True,never_reciprocal,0
ZMB,1999,2002,Manufacturing,0.052290463178439,0.0589452779039762,80.65840594826821,85.32084385428242,0.243801037646194,0.5677944080767394,False,17.59984745360294,18.897515150186877,1.2976676965839324,1.2976676965839298,Zambia,True,1.0,1_nonreciprocal,0.0,0.0,1.0,0.0,0.0,3404284.672,0.346,9839.179,1.0,1.0,0.0,True,never_reciprocal,0
ZMB,1999,2002,Services,0.2234771834309438,0.2118347985263519,48.19611109997536,54.16496438541592,1.33390252054279,-0.6306093637185245,False,17.59984745360294,18.897515150186877,1.2976676965839324,1.2976676965839298,Zambia,True,1.0,1_nonreciprocal,0.0,0.0,1.0,0.0,0.0,3404284.672,0.346,9839.179,1.0,1.0,0.0,True,never_reciprocal,0
ZMB,2002,2005,Agriculture,0.7292199235696719,0.7369817286459376,3.283275597713529,3.2835171805811143,0.0001761670402359,0.02548602032024,False,18.897515150186877,21.002761653789275,2.1052465036024017,2.1052465036024026,Zambia,True,1.0,1_nonreciprocal,0.0,0.0,1.0,0.0,0.0,4193850.368,0.395,10625.423,1.0,1.0,0.0,True,never_reciprocal,0
ZMB,2002,2005,Manufacturing,0.0589452779039762,0.0670437920918751,85.32084385428242,93.11341544341616,0.4593352979081188,0.7540803160522355,False,18.897515150186877,21.002761653789275,2.1052465036024017,2.1052465036024026,Zambia,True,1.0,1_nonreciprocal,0.0,0.0,1.0,0.0,0.0,4193850.368,0.395,10625.423,1.0,1.0,0.0,True,never_reciprocal,0
ZMB,2002,2005,Services,0.2118347985263519,0.1959744792621872,54.16496438541592,62.968367445149205,1.864867113504872,-0.9986984112232996,False,18.897515150186877,21.002761653789275,2.1052465036024017,2.1052465036024026,Zambia,True,1.0,1_nonreciprocal,0.0,0.0,1.0,0.0,0.0,4193850.368,0.395,10625.423,1.0,1.0,0.0,True,never_reciprocal,0
ZMB,2005,2008,Agriculture,0.7369817286459376,0.7300069901967525,3.2835171805811143,3.1211977759761576,-0.1196264353985403,-0.0217695381356117,False,21.002761653789275,22.75457977219422,1.7518181184049446,1.7518181184049462,Zambia,True,1.0,1_nonreciprocal,0.0,0.0,1.0,0.0,0.0,8331864.064,0.726,11470.022,1.0,1.0,0.0,True,never_reciprocal,0
ZMB,2005,2008,Manufacturing,0.0670437920918751,0.067231150961828,93.11341544341616,102.04805053509828,0.5990118175035074,0.0191196074291552,False,21.002761653789275,22.75457977219422,1.7518181184049446,1.7518181184049462,Zambia,True,1.0,1_nonreciprocal,0.0,0.0,1.0,0.0,0.0,8331864.064,0.726,11470.022,1.0,1.0,0.0,True,never_reciprocal,0
ZMB,2005,2008,Services,0.1959744792621872,0.2027618588414194,62.968367445149205,67.14909680182089,0.8193162586098722,0.4557664083965634,False,21.002761653789275,22.75457977219422,1.7518181184049446,1.7518181184049462,Zambia,True,1.0,1_nonreciprocal,0.0,0.0,1.0,0.0,0.0,8331864.064,0.726,11470.022,1.0,1.0,0.0,True,never_reciprocal,0
ZMB,2008,2011,Agriculture,0.7300069901967525,0.7138307476209632,3.1211977759761576,3.5703552603809308,0.3278881033146733,-0.0577549327736673,False,22.75457977219422,25.030742304164782,2.276162531970563,2.2761625319705585,Zambia,True,1.0,1_nonreciprocal,0.0,0.0,1.0,0.0,0.0,17911046.144,1.438,12456.527,1.0,1.0,1.0,True,switched_during_interval,1
ZMB,2008,2011,Manufacturing,0.067231150961828,0.0719331204215508,102.04805053509828,109.65804785098976,0.5116288783638054,0.5156087920081678,False,22.75457977219422,25.030742304164782,2.276162531970563,2.2761625319705585,Zambia,True,1.0,1_nonreciprocal,0.0,0.0,1.0,0.0,0.0,17911046.144,1.438,12456.527,1.0,1.0,1.0,True,switched_during_interval,1
ZMB,2008,2011,Services,0.2027618588414194,0.2142361319574859,67.14909680182089,68.12140998238948,0.1971480278681001,0.7816436631894793,False,22.75457977219422,25.030742304164782,2.276162531970563,2.2761625319705585,Zambia,True,1.0,1_nonreciprocal,0.0,0.0,1.0,0.0,0.0,17911046.144,1.438,12456.527,1.0,1.0,1.0,True,switched_during_interval,1
ZMB,2011,2014,Agriculture,0.7138307476209632,0.6816148682487433,3.5703552603809308,3.3035656440829664,-0.1904426312594858,-0.1064272722879868,False,25.030742304164782,26.045798008901578,1.0150557047367954,1.0150557047367943,Zambia,True,2.0,2_reciprocal_pta,1.0,0.0,0.0,0.2830109240154991,0.378959243625367,23731894.272,1.741,13633.796,1.0,1.0,1.0,True,always_reciprocal,1
ZMB,2011,2014,Manufacturing,0.0719331204215508,0.0685974374655728,109.65804785098976,109.41550158399625,-0.017447109831441,-0.3649754237535168,False,25.030742304164782,26.045798008901578,1.0150557047367954,1.0150557047367943,Zambia,True,2.0,2_reciprocal_pta,1.0,0.0,0.0,0.2830109240154991,0.378959243625367,23731894.272,1.741,13633.796,1.0,1.0,1.0,True,always_reciprocal,1
ZMB,2011,2014,Services,0.2142361319574859,0.2497876942856838,68.12140998238948,65.20903908643814,-0.623935075574173,2.318283217443398,False,25.030742304164782,26.045798008901578,1.0150557047367954,1.0150557047367943,Zambia,True,2.0,2_reciprocal_pta,1.0,0.0,0.0,0.2830109240154991,0.378959243625367,23731894.272,1.741,13633.796,1.0,1.0,1.0,True,always_reciprocal,1
ZMB,2014,2017,Agriculture,0.6816148682487433,0.6773966881390276,3.3035656440829664,3.1625577699449505,-0.096113063552619,-0.0133402382810084,False,26.045798008901578,26.311366773698463,0.2655687647968854,0.2655687647968884,Zambia,True,2.0,2_reciprocal_pta,1.0,0.0,0.0,0.2310999066475171,0.3714304598175133,27150630.912,1.738,15620.974,1.0,1.0,1.0,True,always_reciprocal,1
ZMB,2014,2017,Manufacturing,0.0685974374655728,0.0704772084789693,109.41550158399625,115.92677597200031,0.4466567376522962,0.217915793148669,False,26.045798008901578,26.311366773698463,0.2655687647968854,0.2655687647968884,Zambia,True,2.0,2_reciprocal_pta,1.0,0.0,0.0,0.2310999066475171,0.3714304598175133,27150630.912,1.738,15620.974,1.0,1.0,1.0,True,always_reciprocal,1
ZMB,2014,2017,Services,0.2497876942856838,0.2521261033820031,65.20903908643814,63.45580580990321,-0.4379360976905944,0.1483856335201452,False,26.045798008901578,26.311366773698463,0.2655687647968854,0.2655687647968884,Zambia,True,2.0,2_reciprocal_pta,1.0,0.0,0.0,0.2310999066475171,0.3714304598175133,27150630.912,1.738,15620.974,1.0,1.0,1.0,True,always_reciprocal,1
AGO,2002,2005,Total,1.0,1.0,737.2029740134831,825.6386403722568,102.0699787834221,-13.63431242464836,False,737.2029740134831,825.6386403722568,88.43566635877369,88.43566635877374,Angola,True,1.0,1_nonreciprocal,0.0,0.0,1.0,0.0,0.0,12497345.536,0.84,14886.574,1.0,1.0,0.0,True,never_reciprocal,0
AGO,2005,2008,Total,1.0,1.0,825.6386403722568,935.3162900919172,174.23316347086325,-64.55551375120275,False,825.6386403722568,935.3162900919172,109.6776497196604,109.6776497196605,Angola,True,1.0,1_nonreciprocal,0.0,0.0,1.0,0.0,0.0,28233699.328,1.707,16544.376,1.0,1.0,0.0,True,never_reciprocal,0
AGO,2008,2011,Total,1.0,1.0,935.3162900919172,875.9689827521272,18.04993299861968,-77.39724033840977,False,935.3162900919172,875.9689827521272,-59.34730733978995,-59.34730733979009,Angola,True,1.0,1_nonreciprocal,0.0,0.0,1.0,0.0,0.0,84178083.84,4.596,18314.442,1.0,1.0,0.0,True,never_reciprocal,0
AGO,2011,2014,Total,1.0,1.0,875.9689827521272,943.8054905433128,47.6282897294873,20.20821806169829,False,875.9689827521272,943.8054905433128,67.83650779118557,67.8365077911856,Angola,True,1.0,1_nonreciprocal,0.0,0.0,1.0,0.0,0.0,104115871.744,5.159,20180.49,1.0,1.0,0.0,True,never_reciprocal,0
AGO,2014,2017,Total,1.0,1.0,943.8054905433128,896.4011112399073,-49.1891195384861,1.7847402350806294,False,943.8054905433128,896.4011112399073,-47.40437930340545,-47.40437930340548,Angola,True,1.0,1_nonreciprocal,0.0,0.0,1.0,0.0,0.0,126776877.056,4.709,26920.465,1.0,1.0,0.0,True,never_reciprocal,0
BFA,1972,1975,Total,1.0,1.0,214.1128035793854,235.39856134564732,21.593691199219077,-0.3079334329571254,False,214.1128035793854,235.39856134564732,21.285757766261952,21.28575776626195,Burkina Faso,True,1.0,1_nonreciprocal,0.0,0.0,1.0,0.0,0.0,578595.52,0.099,5825.171,0.0,1.0,0.0,True,never_reciprocal,0
BFA,1975,1978,Total,1.0,1.0,235.39856134564732,319.0766939741766,84.0827733263375,-0.4046406978082707,False,235.39856134564732,319.0766939741766,83.67813262852923,83.67813262852923,Burkina Faso,True,1.0,1_nonreciprocal,0.0,0.0,1.0,0.0,0.0,939972.672,0.153,6154.548,0.0,1.0,0.0,True,never_reciprocal,0
BFA,1978,1981,Total,1.0,1.0,319.0766939741766,429.51387603383336,110.59680822905946,-0.1596261694026834,False,319.0766939741766,429.51387603383336,110.43718205965678,110.43718205965678,Burkina Faso,True,1.0,1_nonreciprocal,0.0,0.0,1.0,0.0,0.0,1475583.616,0.226,6530.82,0.0,1.0,0.0,True,never_reciprocal,0
BFA,1981,1984,Total,1.0,1.0,429.51387603383336,409.3127745410626,-18.70739551784731,-1.493705974923475,False,429.51387603383336,409.3127745410626,-20.20110149277076,-20.201101492770785,Burkina Faso,True,1.0,1_nonreciprocal,0.0,0.0,1.0,0.0,0.0,1775842.304,0.254,6985.158,0.0,1.0,0.0,True,never_reciprocal,0
BFA,1984,1987,Total,1.0,1.0,409.3127745410626,399.3528153908646,-6.966048028036139,-2.993911122161856,False,409.3127745410626,399.3528153908646,-9.959959150198015,-9.959959150197996,Burkina Faso,True,1.0,1_nonreciprocal,0.0,0.0,1.0,0.0,0.0,1459880.192,0.194,7531.244,0.0,1.0,0.0,True,never_reciprocal,0
BFA,1987,1990,Total,1.0,1.0,399.3528153908646,393.7262958317308,-5.230924737563227,-0.3955948215705457,False,399.3528153908646,393.7262958317308,-5.626519559133783,-5.626519559133773,Burkina Faso,True,1.0,1_nonreciprocal,0.0,0.0,1.0,0.0,0.0,2369835.008,0.291,8140.076,0.0,1.0,0.0,True,never_reciprocal,0
BFA,1990,1993,Total,1.0,1.0,393.7262958317308,388.9280888110461,-3.988245404561745,-0.809961616122879,False,393.7262958317308,388.9280888110461,-4.798207020684686,-4.798207020684624,Burkina Faso,True,1.0,1_nonreciprocal,0.0,0.0,1.0,0.0,0.0,3101300.736,0.352,8811.033,0.0,1.0,0.0,True,never_reciprocal,0
BFA,1993,1996,Total,1.0,1.0,388.9280888110461,416.2218178976094,14.655540642653389,12.63818844390982,False,388.9280888110461,416.2218178976094,27.293729086563303,27.29372908656321,Burkina Faso,True,1.0,1_nonreciprocal,0.0,0.0,1.0,0.0,0.0,2332017.92,0.244,9552.473,0.0,1.0,0.0,True,never_reciprocal,0
BFA,1996,1999,Total,1.0,1.0,416.2218178976094,504.5927888581364,50.74014223343827,37.63082872708872,False,416.2218178976094,504.5927888581364,88.37097096052696,88.37097096052699,Burkina Faso,True,1.0,1_nonreciprocal,0.0,0.0,1.0,0.0,0.0,2586550.528,0.249,10372.562,1.0,1.0,0.0,True,never_reciprocal,0
BFA,1999,2002,Total,1.0,1.0,504.5927888581364,547.7164058415913,3.5452787743818326,39.57833820907313,False,504.5927888581364,547.7164058415913,43.123616983454895,43.123616983454966,Burkina Faso,True,1.0,1_nonreciprocal,0.0,0.0,1.0,0.0,0.0,3014665.472,0.267,11281.942,1.0,1.0,0.0,True,never_reciprocal,0
BFA,2002,2005,Total,1.0,1.0,547.7164058415913,632.2321413056129,38.61185854765257,45.903876916369086,False,547.7164058415913,632.2321413056129,84.51573546402165,84.51573546402165,Burkina Faso,True,1.0,1_nonreciprocal,0.0,0.0,1.0,0.0,0.0,3205592.32,0.261,12296.399,1.0,1.0,0.0,True,never_reciprocal,0
BFA,2005,2008,Total,1.0,1.0,632.2321413056129,702.1650534688208,-14.541065206290298,84.47397736949803,False,632.2321413056129,702.1650534688208,69.9329121632079,69.93291216320773,Burkina Faso,True,1.0,1_nonreciprocal,0.0,0.0,1.0,0.0,0.0,5462709.248,0.407,13421.929,1.0,1.0,0.0,True,never_reciprocal,0
BFA,2008,2011,Total,1.0,1.0,702.1650534688208,722.1373019963783,-87.53405637819161,107.50630490574908,False,702.1650534688208,722.1373019963783,19.97224852755744,19.972248527557483,Burkina Faso,True,1.0,1_nonreciprocal,0.0,0.0,1.0,0.0,0.0,8350710.272,0.57,14659.646,1.0,1.0,0.0,True,never_reciprocal,0
BFA,2011,2014,Total,1.0,1.0,722.1373019963783,665.965402635571,-113.79013609403373,57.61823673322648,False,722.1373019963783,665.965402635571,-56.17189936080729,-56.17189936080725,Burkina Faso,True,1.0,1_nonreciprocal,0.0,0.0,1.0,0.0,0.0,10395757.568,0.65,15995.313,1.0,1.0,0.0,True,never_reciprocal,0
BFA,2014,2017,Total,1.0,1.0,665.965402635571,690.707244785704,13.703426326182903,11.038415823950189,False,665.965402635571,690.707244785704,24.74184215013304,24.74184215013309,Burkina Faso,True,1.0,1_nonreciprocal,0.0,0.0,1.0,0.0,0.0,12400688.128,0.705,17585.978,1.0,1.0,0.0,True,never_reciprocal,0
BWA,1969,1972,Total,1.0,1.0,26.413502404940395,41.01321506465186,8.572462950638503,6.027249709072965,False,26.413502404940395,41.01321506465186,14.599712659711464,14.599712659711468,Botswana,True,1.0,1_nonreciprocal,0.0,0.0,1.0,0.0,0.0,77361.536,0.115,671.416,0.0,0.0,0.0,True,never_reciprocal,0
BWA,1972,1975,Total,1.0,1.0,41.01321506465186,41.5259242805663,-3.189247989215449,3.7019572051298826,False,41.01321506465186,41.5259242805663,0.5127092159144411,0.5127092159144331,Botswana,True,1.0,1_nonreciprocal,0.0,0.0,1.0,0.0,0.0,165253.184,0.223,740.118,0.0,0.0,0.0,True,never_reciprocal,0
BWA,1975,1978,Total,1.0,1.0,41.5259242805663,55.25265378088358,16.67047349858389,-2.943743998266608,False,41.5259242805663,55.25265378088358,13.726729500317276,13.72672950031728,Botswana,True,1.0,1_nonreciprocal,0.0,0.0,1.0,0.0,0.0,355168.704,0.432,822.806,0.0,0.0,0.0,True,never_reciprocal,0
BWA,1978,1981,Total,1.0,1.0,55.25265378088358,58.4399808813509,-3.155139688125785,6.342466788593108,False,55.25265378088358,58.4399808813509,3.1873271004673214,3.187327100467323,Botswana,True,1.0,1_nonreciprocal,0.0,0.0,1.0,0.0,0.0,590407.36,0.639,924.373,0.0,0.0,0.0,True,never_reciprocal,0
BWA,1981,1984,Total,1.0,1.0,58.4399808813509,79.39602127868287,22.10428121665941,-1.148240819327451,False,58.4399808813509,79.39602127868287,20.956040397331968,20.95604039733196,Botswana,True,1.0,1_nonreciprocal,0.0,0.0,1.0,0.0,0.0,1073812.352,1.038,1034.324,0.0,0.0,0.0,True,never_reciprocal,0
BWA,1984,1987,Total,1.0,1.0,79.39602127868287,81.95232889172605,-6.20521242981292,8.76152004285612,False,79.39602127868287,81.95232889172605,2.556307613043188,2.5563076130432,Botswana,True,1.0,1_nonreciprocal,0.0,0.0,1.0,0.0,0.0,1240821.888,1.083,1146.205,0.0,0.0,0.0,True,never_reciprocal,0
BWA,1987,1990,Total,1.0,1.0,81.95232889172605,90.00285389519976,-2.995199243493952,11.045724246967668,False,81.95232889172605,90.00285389519976,8.050525003473709,8.050525003473716,Botswana,True,1.0,1_nonreciprocal,0.0,0.0,1.0,0.0,0.0,1965227.136,1.556,1263.269,0.0,1.0,0.0,True,never_reciprocal,0
BWA,1990,1993,Total,1.0,1.0,90.00285389519976,89.7415478014168,3.1252653798822574,-3.386571473665229,False,90.00285389519976,89.7415478014168,-0.261306093782963,-0.2613060937829714,Botswana,True,1.0,1_nonreciprocal,0.0,0.0,1.0,0.0,0.0,3790636.544,2.739,1383.912,0.0,1.0,0.0,True,never_reciprocal,0
BWA,1993,1996,Total,1.0,1.0,89.7415478014168,98.5029853723932,10.031647780308711,-1.270210209332302,False,89.7415478014168,98.5029853723932,8.761437570976398,8.76143757097641,Botswana,True,1.0,1_nonreciprocal,0.0,0.0,1.0,0.0,0.0,4160129.28,2.764,1505.303,0.0,1.0,0.0,True,never_reciprocal,0
BWA,1996,1999,Total,1.0,1.0,98.5029853723932,102.14041736643355,12.03433529454862,-8.396903300508272,False,98.5029853723932,102.14041736643355,3.637431994040355,3.6374319940403455,Botswana,True,1.0,1_nonreciprocal,0.0,0.0,1.0,0.0,0.0,4847757.824,2.991,1620.989,1.0,1.0,0.0,True,never_reciprocal,0
BWA,1999,2002,Total,1.0,1.0,102.14041736643355,109.3109830054086,6.907767587020146,0.2627980519548909,False,102.14041736643355,109.3109830054086,7.1705656389750345,7.170565638975037,Botswana,True,1.0,1_nonreciprocal,0.0,0.0,1.0,0.0,0.0,5484262.912,3.179,1724.924,1.0,1.0,0.0,True,never_reciprocal,0
BWA,2002,2005,Total,1.0,1.0,109.3109830054086,105.53297838900652,-0.1765374790319775,-3.601467137370092,False,109.3109830054086,105.53297838900652,-3.7780046164020575,-3.7780046164020695,Botswana,True,1.0,1_nonreciprocal,0.0,0.0,1.0,0.0,0.0,5438856.704,3.007,1808.976,1.0,1.0,0.0,True,never_reciprocal,0
BWA,2005,2008,Total,1.0,1.0,105.53297838900652,113.22785890975264,13.541671315733833,-5.846790794987692,False,105.53297838900652,113.22785890975264,7.694880520746125,7.694880520746139,Botswana,True,1.0,1_nonreciprocal,0.0,0.0,1.0,0.0,0.0,9931223.04,5.294,1875.805,1.0,1.0,1.0,True,switched_during_interval,1
BWA,2008,2011,Total,1.0,1.0,113.22785890975264,112.53462670264376,0.3143791698330123,-1.0076113769419188,False,113.22785890975264,112.53462670264376,-0.6932322071089061,-0.6932322071089065,Botswana,True,3.0,3_fta,1.0,1.0,0.0,0.8944094643872402,0.7781015492475022,11113041.92,5.747,1933.719,1.0,1.0,1.0,True,always_reciprocal,1
BWA,2011,2014,Total,1.0,1.0,112.53462670264376,116.32731808268908,2.912192362266157,0.8804990177791678,False,112.53462670264376,116.32731808268908,3.792691380045341,3.792691380045325,Botswana,True,3.0,3_fta,1.0,1.0,0.0,0.9103431163008052,0.7442794988559724,15365213.184,7.734,1986.701,1.0,1.0,1.0,True,always_reciprocal,1
BWA,2014,2017,Total,1.0,1.0,116.32731808268908,112.6145379789222,-4.502017672702984,0.7892375689361243,False,116.32731808268908,112.6145379789222,-3.7127801037668746,-3.712780103766859,Botswana,True,3.0,3_fta,1.0,1.0,0.0,0.5830880383941497,0.764416394117871,16259444.736,7.498,2168.573,1.0,1.0,1.0,True,always_reciprocal,1
CMR,1966,1969,Total,1.0,1.0,465.2115322272758,535.282815586068,69.91137961161223,0.1599037471799877,False,465.2115322272758,535.282815586068,70.07128335879213,70.07128335879221,Cameroon,True,1.0,1_nonreciprocal,0.0,0.0,1.0,0.0,0.0,853268.736,0.139,6130.99,0.0,1.0,0.0,True,never_reciprocal,0
CMR,1969,1972,Total,1.0,1.0,535.282815586068,604.510844330101,69.12984068610407,0.098188057928972,False,535.282815586068,604.510844330101,69.22802874403305,69.22802874403304,Cameroon,True,1.0,1_nonreciprocal,0.0,0.0,1.0,0.0,0.0,1152418.432,0.175,6600.479,0.0,1.0,0.0,True,never_reciprocal,0
CMR,1972,1975,Total,1.0,1.0,604.510844330101,794.7085629256292,189.99188600785536,0.2058325876727852,False,604.510844330101,794.7085629256292,190.19771859552816,190.19771859552816,Cameroon,True,1.0,1_nonreciprocal,0.0,0.0,1.0,0.0,0.0,1430951.424,0.201,7134.374,0.0,1.0,0.0,True,never_reciprocal,0
CMR,1975,1978,Total,1.0,1.0,794.7085629256292,985.6318302734926,185.66970748333853,5.253559864524819,False,794.7085629256292,985.6318302734926,190.92326734786343,190.92326734786332,Cameroon,True,1.0,1_nonreciprocal,0.0,0.0,1.0,0.0,0.0,2752770.56,0.356,7740.196,0.0,1.0,0.0,True,never_reciprocal,0
CMR,1978,1981,Total,1.0,1.0,985.6318302734926,1321.957683256417,326.09082091727464,10.235032065649795,False,985.6318302734926,1321.957683256417,336.3258529829245,336.32585298292446,Cameroon,True,1.0,1_nonreciprocal,0.0,0.0,1.0,0.0,0.0,4409920.512,0.523,8425.707,0.0,1.0,0.0,True,never_reciprocal,0
CMR,1981,1984,Total,1.0,1.0,1321.957683256417,1746.4825585389935,410.4827085544662,14.0421667281103,False,1321.957683256417,1746.4825585389935,424.5248752825764,424.52487528257655,Cameroon,True,1.0,1_nonreciprocal,0.0,0.0,1.0,0.0,0.0,7636345.856,0.83,9201.146,0.0,1.0,0.0,True,never_reciprocal,0
CMR,1984,1987,Total,1.0,1.0,1746.4825585389935,1479.023959803323,-301.5986222234981,34.140023487827115,False,1746.4825585389935,1479.023959803323,-267.4585987356709,-267.458598735671,Cameroon,True,1.0,1_nonreciprocal,0.0,0.0,1.0,0.0,0.0,7801858.56,0.775,10070.779,0.0,1.0,0.0,True,never_reciprocal,0
CMR,1987,1990,Total,1.0,1.0,1479.023959803323,1463.390240580375,-100.15341158798736,84.51969236503948,False,1479.023959803323,1463.390240580375,-15.633719222948002,-15.633719222947876,Cameroon,True,1.0,1_nonreciprocal,0.0,0.0,1.0,0.0,0.0,12302473.216,1.115,11031.515,0.0,1.0,0.0,True,never_reciprocal,0
CMR,1990,1993,Total,1.0,1.0,1463.390240580375,1514.0399643310302,-39.416976927548944,90.06670067820451,False,1463.390240580375,1514.0399643310302,50.64972375065554,50.64972375065557,Cameroon,True,1.0,1_nonreciprocal,0.0,0.0,1.0,0.0,0.0,11151579.136,0.924,12070.359,0.0,1.0,0.0,True,never_reciprocal,0
CMR,1993,1996,Total,1.0,1.0,1514.0399643310302,1645.3138581793528,32.46002875051,98.81386509781272,False,1514.0399643310302,1645.3138581793528,131.2738938483226,131.2738938483227,Cameroon,True,1.0,1_nonreciprocal,0.0,0.0,1.0,0.0,0.0,13532134.4,1.028,13169.247,0.0,1.0,0.0,True,never_reciprocal,0
CMR,1996,1999,Total,1.0,1.0,1645.3138581793528,1798.0265738127075,49.45574075941698,103.25697487393782,False,1645.3138581793528,1798.0265738127075,152.71271563335495,152.7127156333548,Cameroon,True,1.0,1_nonreciprocal,0.0,0.0,1.0,0.0,0.0,9732328.448,0.68,14316.949,1.0,1.0,0.0,True,never_reciprocal,0
CMR,1999,2002,Total,1.0,1.0,1798.0265738127075,1753.9438573387856,-115.75668338015096,71.67396690622897,False,1798.0265738127075,1753.9438573387856,-44.08271647392212,-44.08271647392198,Cameroon,True,1.0,1_nonreciprocal,0.0,0.0,1.0,0.0,0.0,10486452.224,0.676,15513.653,1.0,1.0,0.0,True,never_reciprocal,0
CMR,2002,2005,Total,1.0,1.0,1753.9438573387856,1523.9379573512429,-227.85524304143505,-2.1506569461076968,False,1753.9438573387856,1523.9379573512429,-230.0058999875428,-230.0058999875427,Cameroon,True,1.0,1_nonreciprocal,0.0,0.0,1.0,0.0,0.0,10879778.816,0.648,16782.043,1.0,1.0,0.0,True,never_reciprocal,0
CMR,2005,2008,Total,1.0,1.0,1523.9379573512429,1239.7069270825464,-285.88700772798734,1.6559774592906484,False,1523.9379573512429,1239.7069270825464,-284.2310302686965,-284.2310302686967,Cameroon,True,1.0,1_nonreciprocal,0.0,0.0,1.0,0.0,0.0,16587857.92,0.915,18137.733,1.0,1.0,0.0,True,never_reciprocal,0
CMR,2008,2011,Total,1.0,1.0,1239.7069270825464,1167.3179676130069,-72.3889601327638,6.632241836831524e-07,False,1239.7069270825464,1167.3179676130069,-72.38895946953971,-72.38895946953961,Cameroon,True,1.0,1_nonreciprocal,0.0,0.0,1.0,0.0,0.0,23322257.408,1.19,19595.026,1.0,1.0,1.0,True,switched_during_interval,1
CMR,2011,2014,Total,1.0,1.0,1167.3179676130069,1256.8169575081824,89.49898872914041,1.1660352862035395e-06,False,1167.3179676130069,1256.8169575081824,89.49898989517578,89.4989898951757,Cameroon,True,2.0,2_reciprocal_pta,1.0,0.0,0.0,0.8383367472166452,0.378959243625367,26587310.08,1.257,21156.273,1.0,1.0,1.0,True,always_reciprocal,1
CMR,2014,2017,Total,1.0,1.0,1256.8169575081824,1335.878078587673,68.03255469389555,11.028566385595049,False,1256.8169575081824,1335.878078587673,79.06112107949048,79.06112107949059,Cameroon,True,2.0,2_reciprocal_pta,1.0,0.0,0.0,0.8166645891292537,0.3714304598175133,32050817.024,1.441,22239.904,1.0,1.0,1.0,True,always_reciprocal,1
DZA,1999,2002,Total,1.0,1.0,1189.5918588082457,1190.6496669761375,2.133933913007509,-1.0761257451155504,False,1189.5918588082457,1190.6496669761375,1.0578081678920626,1.0578081678919582,Algeria,True,2.0,2_reciprocal_pta,1.0,0.0,0.0,0.7424738002568126,0.3387396801336421,48640614.4,1.555,31276.295,0.0,0.0,1.0,True,always_reciprocal,1
DZA,2002,2005,Total,1.0,1.0,1190.6496669761375,1150.8089610879988,-83.5374898049129,43.69678391677382,False,1190.6496669761375,1150.8089610879988,-39.84070588813893,-39.84070588813908,Algeria,True,2.0,2_reciprocal_pta,1.0,0.0,0.0,0.7591559670571897,0.3280204420517112,56760287.232,1.743,32572.975,0.0,0.0,1.0,True,always_reciprocal,1
DZA,2005,2008,Total,1.0,1.0,1150.8089610879988,1145.283276266107,-52.1646928271335,46.63900800524176,False,1150.8089610879988,1145.283276266107,-5.5256848218919,-5.525684821891744,Algeria,True,3.0,3_fta,1.0,1.0,0.0,0.685206761474501,0.3832006040891502,103198646.272,3.039,33960.903,0.0,0.0,1.0,True,always_reciprocal,1
DZA,2008,2011,Total,1.0,1.0,1145.283276266107,1189.164324694737,26.102427619539316,17.77862080909074,False,1145.283276266107,1189.164324694737,43.88104842863004,43.88104842863005,Algeria,True,3.0,3_fta,1.0,1.0,0.0,0.6461787178693148,0.4150258918204342,171000168.448,4.787,35725.376,0.0,0.0,1.0,True,always_reciprocal,1
DZA,2011,2014,Total,1.0,1.0,1189.164324694737,1293.4409909872984,109.65495113888662,-5.378284846324986,False,1189.164324694737,1293.4409909872984,104.27666629256146,104.27666629256164,Algeria,True,3.0,3_fta,1.0,1.0,0.0,0.6900339799483309,0.378959243625367,199070859.264,5.272,37762.962,0.0,0.0,1.0,True,always_reciprocal,1
DZA,2014,2017,Total,1.0,1.0,1293.4409909872984,1402.5977939777554,113.4903396845578,-4.3335366941010935,False,1293.4409909872984,1402.5977939777554,109.15680299045698,109.1568029904567,Algeria,True,3.0,3_fta,1.0,1.0,0.0,0.8080067357283721,0.3714304598175133,213983100.928,5.471,39113.312,0.0,0.0,1.0,True,always_reciprocal,1
EGY,1960,1963,Total,1.0,1.0,9.719706716851212,11.762871880709946,0.7095405154369636,1.3336246484217709,False,9.719706716851212,11.762871880709946,2.043165163858733,2.0431651638587347,Egypt,True,1.0,1_nonreciprocal,0.0,0.0,1.0,0.0,0.0,3940000.0,0.141,27997.746,0.0,0.0,0.0,True,never_reciprocal,0
EGY,1963,1966,Total,1.0,1.0,11.762871880709946,11.941620906532464,0.3748170488776443,-0.1960680230551262,False,11.762871880709946,11.941620906532464,0.178749025822519,0.1787490258225181,Egypt,True,1.0,1_nonreciprocal,0.0,0.0,1.0,0.0,0.0,4112069.888,0.135,30409.962,0.0,0.0,0.0,True,never_reciprocal,0
EGY,1966,1969,Total,1.0,1.0,11.941620906532464,13.052603832127256,1.2306343871848042,-0.1196514615900121,False,11.941620906532464,13.052603832127256,1.1109829255947918,1.110982925594792,Egypt,True,1.0,1_nonreciprocal,0.0,0.0,1.0,0.0,0.0,5339520.512,0.162,32937.065,0.0,0.0,0.0,True,never_reciprocal,0
EGY,1969,1972,Total,1.0,1.0,13.052603832127256,12.124632745278443,-1.139417495393472,0.2114464085446587,False,13.052603832127256,12.124632745278443,-0.9279710868488138,-0.9279710868488134,Egypt,True,1.0,1_nonreciprocal,0.0,0.0,1.0,0.0,0.0,6861743.616,0.193,35510.567,0.0,0.0,0.0,True,never_reciprocal,0
EGY,1972,1975,Total,1.0,1.0,12.124632745278443,15.506470568723977,2.546697790397649,0.8351400330478829,False,12.124632745278443,15.506470568723977,3.381837823445533,3.381837823445532,Egypt,True,1.0,1_nonreciprocal,0.0,0.0,1.0,0.0,0.0,8763961.344,0.231,37945.431,0.0,1.0,0.0,True,never_reciprocal,0
EGY,1975,1978,Total,1.0,1.0,15.506470568723977,21.72951267982403,5.82558330213076,0.3974588089692923,False,15.506470568723977,21.72951267982403,6.223042111100053,6.223042111100053,Egypt,True,1.0,1_nonreciprocal,0.0,0.0,1.0,0.0,0.0,11437965.312,0.283,40359.039,0.0,1.0,1.0,True,switched_during_interval,1
EGY,1978,1981,Total,1.0,1.0,21.72951267982403,21.62439914115422,-1.1375768912556206,1.0324633525858138,False,21.72951267982403,21.62439914115422,-0.1051135386698085,-0.1051135386698067,Egypt,True,2.0,2_reciprocal_pta,1.0,0.0,0.0,0.5318413366601478,0.3274766497103912,14849908.736,0.345,43005.772,0.0,1.0,1.0,True,always_reciprocal,1
EGY,1981,1984,Total,1.0,1.0,21.62439914115422,28.078253296679165,5.87395908954554,0.5798950659794013,False,21.62439914115422,28.078253296679165,6.453854155524944,6.453854155524941,Egypt,True,2.0,2_reciprocal_pta,1.0,0.0,0.0,0.5809258593688953,0.3168294592435913,23405404.16,0.509,45945.656,0.0,1.0,1.0,True,always_reciprocal,1
EGY,1984,1987,Total,1.0,1.0,28.078253296679165,30.61079827637051,2.3630349764785445,0.1695100032127979,False,28.078253296679165,30.61079827637051,2.5325449796913446,2.5325449796913424,Egypt,True,2.0,2_reciprocal_pta,1.0,0.0,0.0,0.5225562601384305,0.2873590195996444,30642874.368,0.623,49190.418,0.0,1.0,1.0,True,always_reciprocal,1
EGY,1987,1990,Total,1.0,1.0,30.61079827637051,31.74312891953001,0.2385287772173999,0.8938018659421048,False,30.61079827637051,31.74312891953001,1.1323306431595022,1.1323306431595046,Egypt,True,2.0,2_reciprocal_pta,1.0,0.0,0.0,0.5598788898034636,0.3331677824860777,40507932.672,0.768,52776.852,0.0,1.0,1.0,True,always_reciprocal,1
EGY,1990,1993,Total,1.0,1.0,31.74312891953001,32.08699557444397,0.727206357727855,-0.383339702813897,False,31.74312891953001,32.08699557444397,0.3438666549139562,0.3438666549139579,Egypt,True,2.0,2_reciprocal_pta,1.0,0.0,0.0,0.5753661817451937,0.3665691638757245,43130417.152,0.766,56336.613,0.0,1.0,1.0,True,always_reciprocal,1
EGY,1993,1996,Total,1.0,1.0,32.08699557444397,35.64085303835927,2.493538078340544,1.0603193855747493,False,32.08699557444397,35.64085303835927,3.5538574639153,3.553857463915293,Egypt,True,2.0,2_reciprocal_pta,1.0,0.0,0.0,0.5279345124415058,0.3329751773486867,46578630.656,0.785,59307.777,0.0,1.0,1.0,True,always_reciprocal,1
EGY,1996,1999,Total,1.0,1.0,35.64085303835927,34.506317599771194,-1.7578834565806811,0.6233480179926181,False,35.64085303835927,34.506317599771194,-1.134535438588074,-1.1345354385880633,Egypt,True,2.0,2_reciprocal_pta,1.0,0.0,0.0,0.5657120565887013,0.370491318415812,67629719.552,1.089,62123.592,1.0,1.0,1.0,True,always_reciprocal,1
EGY,1999,2002,Total,1.0,1.0,34.506317599771194,37.0840704853052,2.8201853318983865,-0.2424324463643854,False,34.506317599771194,37.0840704853052,2.577752885534004,2.577752885534001,Egypt,True,2.0,2_reciprocal_pta,1.0,0.0,0.0,0.5777882784887025,0.3470703342670983,90710704.128,1.393,65097.778,1.0,1.0,1.0,True,always_reciprocal,1
EGY,2002,2005,Total,1.0,1.0,37.0840704853052,37.9560972818753,0.4268461363530687,0.4451806602170293,False,37.0840704853052,37.9560972818753,0.8720267965701041,0.8720267965700981,Egypt,True,2.0,2_reciprocal_pta,1.0,0.0,0.0,0.552284637179804,0.3358122416147929,87850680.32,1.286,68302.917,1.0,1.0,1.0,True,always_reciprocal,1
EGY,2005,2008,Total,1.0,1.0,37.9560972818753,43.90235840859136,4.472810204982709,1.473450921733345,False,37.9560972818753,43.90235840859136,5.946261126716053,5.946261126716054,Egypt,True,3.0,3_fta,1.0,1.0,0.0,0.6097646923657224,0.3744287677108465,89685721.088,1.249,71777.679,1.0,1.0,1.0,True,always_reciprocal,1
EGY,2008,2011,Total,1.0,1.0,43.90235840859136,46.52375496087264,1.959202708132449,0.6621938441488362,False,43.90235840859136,46.52375496087264,2.6213965522812828,2.621396552281285,Egypt,True,3.0,3_fta,1.0,1.0,0.0,0.6150727660897168,0.4264023031950381,162818179.072,2.157,75491.92,1.0,1.0,1.0,True,always_reciprocal,1
EGY,2011,2014,Total,1.0,1.0,46.52375496087264,47.05561120207712,-0.0742973382814118,0.6061535794858952,False,46.52375496087264,47.05561120207712,0.5318562412044869,0.5318562412044834,Egypt,True,3.0,3_fta,1.0,1.0,0.0,0.631122610538586,0.3941917934791636,236000739.328,2.973,79392.464,1.0,1.0,1.0,True,always_reciprocal,1
EGY,2014,2017,Total,1.0,1.0,47.05561120207712,50.27432318839823,2.3333129895996896,0.885398996721424,False,47.05561120207712,50.27432318839823,3.218711986321104,3.218711986321113,Egypt,True,3.0,3_fta,1.0,1.0,0.0,0.636738327397382,0.3866231446121009,305529651.2,3.328,91812.569,1.0,1.0,1.0,True,always_reciprocal,1
ETH,1963,1966,Total,1.0,1.0,7.564289065715719,7.711923375987706,-0.0942301016374778,0.2418644119094656,False,7.564289065715719,7.711923375987706,0.1476343102719877,0.1476343102719877,Ethiopia,True,0.0,0_none,0.0,0.0,0.0,0.0,0.0,,,25307.396,0.0,0.0,0.0,True,never_reciprocal,0
ETH,1966,1969,Total,1.0,1.0,7.711923375987706,8.15061209935125,0.2530520238476875,0.1856366995158554,False,7.711923375987706,8.15061209935125,0.4386887233635432,0.438688723363543,Ethiopia,True,0.0,0_none,0.0,0.0,0.0,0.0,0.0,,,27265.392,0.0,0.0,0.0,True,never_reciprocal,0
ETH,1969,1972,Total,1.0,1.0,8.15061209935125,8.2483430285588,-0.1256260384594111,0.2233569676669616,False,8.15061209935125,8.2483430285588,0.0977309292075503,0.0977309292075505,Ethiopia,True,0.0,0_none,0.0,0.0,0.0,0.0,0.0,,,29405.101,0.0,0.0,0.0,True,never_reciprocal,0
ETH,1972,1975,Total,1.0,1.0,8.2483430285588,7.601811261443071,-0.7552361092133544,0.1087043420976258,False,8.2483430285588,7.601811261443071,-0.6465317671157287,-0.6465317671157286,Ethiopia,True,1.0,1_nonreciprocal,0.0,0.0,1.0,0.0,0.0,,,32027.529,0.0,0.0,0.0,True,never_reciprocal,0
ETH,1975,1978,Total,1.0,1.0,7.601811261443071,6.892821812655574,-0.7302423524832405,0.0212529036957428,False,7.601811261443071,6.892821812655574,-0.7089894487874977,-0.7089894487874977,Ethiopia,True,1.0,1_nonreciprocal,0.0,0.0,1.0,0.0,0.0,,,34626.601,0.0,0.0,0.0,True,never_reciprocal,0
ETH,1978,1981,Total,1.0,1.0,6.892821812655574,7.006091534400816,-0.0578743764951284,0.1711440982403698,False,6.892821812655574,7.006091534400816,0.113269721745242,0.1132697217452413,Ethiopia,True,1.0,1_nonreciprocal,0.0,0.0,1.0,0.0,0.0,,,36316.035,0.0,0.0,0.0,True,never_reciprocal,0
ETH,1981,1984,Total,1.0,1.0,7.006091534400816,6.017166217805376,-1.024966189749686,0.0360408731542471,False,7.006091534400816,6.017166217805376,-0.9889253165954396,-0.9889253165954388,Ethiopia,True,1.0,1_nonreciprocal,0.0,0.0,1.0,0.0,0.0,,,38588.17,0.0,0.0,0.0,True,never_reciprocal,0
ETH,1984,1987,Total,1.0,1.0,6.017166217805376,6.114475578513234,0.1354521067948228,-0.0381427460869649,False,6.017166217805376,6.114475578513234,0.0973093607078583,0.0973093607078579,Ethiopia,True,1.0,1_nonreciprocal,0.0,0.0,1.0,0.0,0.0,,,42235.614,0.0,0.0,0.0,True,never_reciprocal,0
ETH,1987,1990,Total,1.0,1.0,6.114475578513234,5.737119633565675,-0.317238153371273,-0.0601177915762861,False,6.114475578513234,5.737119633565675,-0.377355944947559,-0.3773559449475592,Ethiopia,True,1.0,1_nonreciprocal,0.0,0.0,1.0,0.0,0.0,,,46506.121,0.0,0.0,0.0,True,never_reciprocal,0
ETH,1990,1993,Total,1.0,1.0,5.737119633565675,5.7650805353176215,-0.1368735647979986,0.1648344665499443,False,5.737119633565675,5.7650805353176215,0.0279609017519462,0.0279609017519457,Ethiopia,True,1.0,1_nonreciprocal,0.0,0.0,1.0,0.0,0.0,,,51315.318,0.0,0.0,0.0,True,never_reciprocal,0
ETH,1993,1996,Total,1.0,1.0,5.7650805353176215,5.843896936753582,-0.159820539619114,0.2386369410550755,False,5.7650805353176215,5.843896936753582,0.0788164014359606,0.0788164014359614,Ethiopia,True,1.0,1_nonreciprocal,0.0,0.0,1.0,0.0,0.0,9298657.728,0.305,56702.494,0.0,0.0,0.0,True,never_reciprocal,0
ETH,1996,1999,Total,1.0,1.0,5.843896936753582,5.680142084447686,-0.2399013636915018,0.0761465113856051,False,5.843896936753582,5.680142084447686,-0.163754852305896,-0.1637548523058967,Ethiopia,True,1.0,1_nonreciprocal,0.0,0.0,1.0,0.0,0.0,8547962.368,0.145,58815.117,0.0,0.0,0.0,True,never_reciprocal,0
ETH,1999,2002,Total,1.0,1.0,5.680142084447686,6.111276879489864,0.4383773786972418,-0.0072425836550634,False,5.680142084447686,6.111276879489864,0.431134795042178,0.4311347950421783,Ethiopia,True,1.0,1_nonreciprocal,0.0,0.0,1.0,0.0,0.0,7700876.288,0.12,64158.89,0.0,0.0,0.0,True,never_reciprocal,0
ETH,2002,2005,Total,1.0,1.0,6.111276879489864,6.975672730055326,0.7278825832002132,0.1365132673652498,False,6.111276879489864,6.975672730055326,0.8643958505654616,0.864395850565463,Ethiopia,True,1.0,1_nonreciprocal,0.0,0.0,1.0,0.0,0.0,7850789.376,0.112,69948.341,0.0,0.0,0.0,True,never_reciprocal,0
ETH,2005,2008,Total,1.0,1.0,6.975672730055326,8.793267613247075,1.279048341449431,0.5385465417423179,False,6.975672730055326,8.793267613247075,1.8175948831917488,1.8175948831917488,Ethiopia,True,1.0,1_nonreciprocal,0.0,0.0,1.0,0.0,0.0,12401031.168,0.163,76167.236,0.0,0.0,0.0,True,never_reciprocal,0
ETH,2008,2011,Total,1.0,1.0,8.793267613247075,10.606904394214569,1.2544393722346885,0.5591974087328035,False,8.793267613247075,10.606904394214569,1.8136367809674925,1.813636780967492,Ethiopia,True,1.0,1_nonreciprocal,0.0,0.0,1.0,0.0,0.0,27066912.768,0.328,82621.193,0.0,0.0,0.0,True,never_reciprocal,0
ETH,2011,2014,Total,1.0,1.0,10.606904394214569,12.55034832562784,0.9824406352690926,0.9610032961441808,False,10.606904394214569,12.55034832562784,1.9434439314132737,1.9434439314132732,Ethiopia,True,1.0,1_nonreciprocal,0.0,0.0,1.0,0.0,0.0,31952762.88,0.357,89393.066,0.0,0.0,0.0,True,never_reciprocal,0
ETH,2014,2017,Total,1.0,1.0,12.55034832562784,15.020982915219422,1.7344042185577373,0.7362303710338427,False,12.55034832562784,15.020982915219422,2.4706345895915813,2.47063458959158,Ethiopia,True,1.0,1_nonreciprocal,0.0,0.0,1.0,0.0,0.0,55612227.584,0.571,97366.776,0.0,0.0,0.0,True,never_reciprocal,0
GHA,1960,1963,Total,1.0,1.0,3.2122795907240174,3.3882544393987875,0.1231042946848532,0.0528705539899168,False,3.2122795907240174,3.3882544393987875,0.1759748486747701,0.17597484867477,Ghana,True,1.0,1_nonreciprocal,0.0,0.0,1.0,0.0,0.0,1217230.08,0.183,6652.516,0.0,1.0,0.0,True,never_reciprocal,0
GHA,1963,1966,Total,1.0,1.0,3.3882544393987875,3.219487665465921,-0.038908973015563,-0.1298578009173032,False,3.3882544393987875,3.219487665465921,-0.168766773932866,-0.1687667739328662,Ghana,True,1.0,1_nonreciprocal,0.0,0.0,1.0,0.0,0.0,1540797.568,0.211,7303.664,0.0,1.0,0.0,True,never_reciprocal,0
GHA,1966,1969,Total,1.0,1.0,3.219487665465921,3.1387717170149347,-0.2270060152675706,0.1462900668165841,False,3.219487665465921,3.1387717170149347,-0.0807159484509867,-0.0807159484509865,Ghana,True,1.0,1_nonreciprocal,0.0,0.0,1.0,0.0,0.0,2126300.672,0.269,7891.194,0.0,1.0,0.0,True,never_reciprocal,0
GHA,1969,1972,Total,1.0,1.0,3.1387717170149347,3.132672256925088,-0.0096159793636791,0.0035165192738319,False,3.1387717170149347,3.132672256925088,-0.0060994600898469,-0.0060994600898472,Ghana,True,1.0,1_nonreciprocal,0.0,0.0,1.0,0.0,0.0,1962050.56,0.234,8397.508,0.0,1.0,0.0,True,never_reciprocal,0
GHA,1972,1975,Total,1.0,1.0,3.132672256925088,2.66570618563886,-0.579000645176291,0.1120345738900635,False,3.132672256925088,2.66570618563886,-0.4669660712862278,-0.4669660712862274,Ghana,True,1.0,1_nonreciprocal,0.0,0.0,1.0,0.0,0.0,2112293.248,0.233,9083.737,0.0,1.0,0.0,True,never_reciprocal,0
GHA,1975,1978,Total,1.0,1.0,2.66570618563886,2.524125798689051,-0.1560982714351118,0.0145178844853027,False,2.66570618563886,2.524125798689051,-0.1415803869498089,-0.141580386949809,Ghana,True,1.0,1_nonreciprocal,0.0,0.0,1.0,0.0,0.0,2810106.368,0.286,9831.636,0.0,1.0,0.0,True,never_reciprocal,0
GHA,1978,1981,Total,1.0,1.0,2.524125798689051,2.226697512929252,-0.1941142132054784,-0.103314072554321,False,2.524125798689051,2.226697512929252,-0.2974282857597994,-0.2974282857597995,Ghana,True,1.0,1_nonreciprocal,0.0,0.0,1.0,0.0,0.0,3662478.08,0.354,10354.855,0.0,1.0,0.0,True,never_reciprocal,0
GHA,1981,1984,Total,1.0,1.0,2.226697512929252,1.9015344134956984,-0.2695727928689265,-0.0555903065646265,False,2.226697512929252,1.9015344134956984,-0.3251630994335535,-0.3251630994335531,Ghana,True,1.0,1_nonreciprocal,0.0,0.0,1.0,0.0,0.0,4222441.728,0.38,11118.132,0.0,1.0,0.0,True,never_reciprocal,0
GHA,1984,1987,Total,1.0,1.0,1.9015344134956984,2.0314564425798807,0.0155640648432364,0.1143579642409455,False,1.9015344134956984,2.0314564425798807,0.1299220290841825,0.129922029084182,Ghana,True,1.0,1_nonreciprocal,0.0,0.0,1.0,0.0,0.0,4412279.808,0.358,12311.805,0.0,1.0,0.0,True,never_reciprocal,0
GHA,1987,1990,Total,1.0,1.0,2.0314564425798807,2.2708188845525425,0.1780940446769028,0.0612683972957591,False,2.0314564425798807,2.2708188845525425,0.2393624419726618,0.2393624419726619,Ghana,True,1.0,1_nonreciprocal,0.0,0.0,1.0,0.0,0.0,5074829.824,0.376,13480.997,0.0,1.0,0.0,True,never_reciprocal,0
GHA,1990,1993,Total,1.0,1.0,2.2708188845525425,2.5236720833832127,0.3120700081981695,-0.0592168093674991,False,2.2708188845525425,2.5236720833832127,0.2528531988306701,0.2528531988306703,Ghana,True,1.0,1_nonreciprocal,0.0,0.0,1.0,0.0,0.0,5889175.04,0.403,14628.693,0.0,1.0,0.0,True,never_reciprocal,0
GHA,1993,1996,Total,1.0,1.0,2.5236720833832127,2.7245427108663645,0.1959462167532338,0.0049244107299176,False,2.5236720833832127,2.7245427108663645,0.2008706274831517,0.2008706274831515,Ghana,True,1.0,1_nonreciprocal,0.0,0.0,1.0,0.0,0.0,5968905.728,0.375,15907.265,0.0,1.0,0.0,True,never_reciprocal,0
GHA,1996,1999,Total,1.0,1.0,2.7245427108663645,2.98666067248824,0.2208195596502233,0.0412984019716521,False,2.7245427108663645,2.98666067248824,0.2621179616218754,0.2621179616218755,Ghana,True,1.0,1_nonreciprocal,0.0,0.0,1.0,0.0,0.0,6932984.832,0.404,17169.151,1.0,1.0,0.0,True,never_reciprocal,0
GHA,1999,2002,Total,1.0,1.0,2.98666067248824,3.2426544735084715,0.1657876205978165,0.0902061804224153,False,2.98666067248824,3.2426544735084715,0.2559938010202316,0.2559938010202318,Ghana,True,1.0,1_nonreciprocal,0.0,0.0,1.0,0.0,0.0,7718110.72,0.42,18384.302,1.0,1.0,0.0,True,never_reciprocal,0
GHA,2002,2005,Total,1.0,1.0,3.2426544735084715,3.555428140517489,0.182910998367345,0.1298626686416726,False,3.2426544735084715,3.555428140517489,0.3127736670090177,0.3127736670090176,Ghana,True,1.0,1_nonreciprocal,0.0,0.0,1.0,0.0,0.0,6166197.248,0.312,19786.306,1.0,1.0,0.0,True,never_reciprocal,0
GHA,2005,2008,Total,1.0,1.0,3.555428140517489,4.038937713283659,0.3373619079160135,0.1461476648501563,False,3.555428140517489,4.038937713283659,0.4835095727661693,0.4835095727661698,Ghana,True,1.0,1_nonreciprocal,0.0,0.0,1.0,0.0,0.0,10731883.52,0.502,21384.033,1.0,1.0,0.0,True,never_reciprocal,0
GHA,2008,2011,Total,1.0,1.0,4.038937713283659,4.912108586773092,0.7223135613383425,0.1508573121510915,False,4.038937713283659,4.912108586773092,0.8731708734894337,0.8731708734894339,Ghana,True,1.0,1_nonreciprocal,0.0,0.0,1.0,0.0,0.0,28528015.36,1.234,23110.14,1.0,1.0,1.0,True,switched_during_interval,1
GHA,2011,2014,Total,1.0,1.0,4.912108586773092,5.947430613837996,0.6881810635975341,0.3471409634673699,False,4.912108586773092,5.947430613837996,1.035322027064904,1.035322027064904,Ghana,True,2.0,2_reciprocal_pta,1.0,0.0,0.0,0.6814122646504691,0.378959243625367,39564771.328,1.594,24820.705,1.0,1.0,1.0,True,always_reciprocal,1
GHA,2014,2017,Total,1.0,1.0,5.947430613837996,6.274554545512486,0.1219640280766072,0.2051599035978822,False,5.947430613837996,6.274554545512486,0.3271239316744898,0.3271239316744895,Ghana,True,2.0,2_reciprocal_pta,1.0,0.0,0.0,0.6517827181247745,0.3714304598175133,38616535.04,1.432,26962.563,1.0,1.0,1.0,True,always_reciprocal,1
KEN,1969,1972,Total,1.0,1.0,157.8197511801436,174.0123523355902,15.528650749093456,0.6639504063531381,False,157.8197511801436,174.0123523355902,16.192601155446596,16.192601155446592,Kenya,True,1.0,1_nonreciprocal,0.0,0.0,1.0,0.0,0.0,1458379.392,0.134,10867.717,0.0,1.0,0.0,True,never_reciprocal,0
KEN,1972,1975,Total,1.0,1.0,174.0123523355902,170.13653317288924,-7.992363008257882,4.116543845556919,False,174.0123523355902,170.13653317288924,-3.875819162700964,-3.875819162700963,Kenya,True,1.0,1_nonreciprocal,0.0,0.0,1.0,0.0,0.0,2107279.104,0.174,12083.159,0.0,1.0,0.0,True,never_reciprocal,0
KEN,1975,1978,Total,1.0,1.0,170.13653317288924,181.29846025714664,8.657479847064767,2.504447237192595,False,170.13653317288924,181.29846025714664,11.161927084257371,11.161927084257362,Kenya,True,1.0,1_nonreciprocal,0.0,0.0,1.0,0.0,0.0,3259344.896,0.242,13486.241,0.0,1.0,0.0,True,never_reciprocal,0
KEN,1978,1981,Total,1.0,1.0,181.29846025714664,177.61198827385118,-12.700235528434115,9.013763545138668,False,181.29846025714664,177.61198827385118,-3.6864719832954336,-3.6864719832954496,Kenya,True,1.0,1_nonreciprocal,0.0,0.0,1.0,0.0,0.0,5303734.784,0.352,15081.677,0.0,1.0,0.0,True,never_reciprocal,0
KEN,1981,1984,Total,1.0,1.0,177.61198827385118,177.16013167350195,-7.84324741590328,7.391390815554082,False,177.61198827385118,177.16013167350195,-0.451856600349231,-0.4518566003491973,Kenya,True,1.0,1_nonreciprocal,0.0,0.0,1.0,0.0,0.0,6854491.648,0.406,16901.167,0.0,1.0,0.0,True,never_reciprocal,0
KEN,1984,1987,Total,1.0,1.0,177.16013167350195,185.95718786671995,-3.7100333590114194,12.507089552229392,False,177.16013167350195,185.95718786671995,8.797056193217998,8.797056193217973,Kenya,True,1.0,1_nonreciprocal,0.0,0.0,1.0,0.0,0.0,6191437.312,0.327,18942.465,0.0,1.0,0.0,True,never_reciprocal,0
KEN,1987,1990,Total,1.0,1.0,185.95718786671995,196.44355349008612,-3.5273733818135145,14.013739005179715,False,185.95718786671995,196.44355349008612,10.486365623366195,10.4863656233662,Kenya,True,1.0,1_nonreciprocal,0.0,0.0,1.0,0.0,0.0,7970820.608,0.377,21138.372,0.0,1.0,0.0,True,never_reciprocal,0
KEN,1990,1993,Total,1.0,1.0,196.44355349008612,184.6432241569966,-26.07976698140271,14.279437648313165,False,196.44355349008612,184.6432241569966,-11.800329333089536,-11.800329333089543,Kenya,True,1.0,1_nonreciprocal,0.0,0.0,1.0,0.0,0.0,8572359.168,0.366,23446.44,0.0,1.0,0.0,True,never_reciprocal,0
KEN,1993,1996,Total,1.0,1.0,184.6432241569966,182.477926144396,-25.46184458009079,23.296546567490207,False,184.6432241569966,182.477926144396,-2.1652980126006014,-2.165298012600584,Kenya,True,1.0,1_nonreciprocal,0.0,0.0,1.0,0.0,0.0,5751786.496,0.223,25839.132,0.0,1.0,0.0,True,never_reciprocal,0
KEN,1996,1999,Total,1.0,1.0,182.477926144396,178.3753445419532,-18.36417974553192,14.261598143089122,False,182.477926144396,178.3753445419532,-4.102581602442797,-4.102581602442799,Kenya,True,1.0,1_nonreciprocal,0.0,0.0,1.0,0.0,0.0,12045864.96,0.427,28186.224,1.0,1.0,0.0,True,never_reciprocal,0
KEN,1999,2002,Total,1.0,1.0,178.3753445419532,172.7571014689837,-10.47208693557472,4.853843862605217,False,178.3753445419532,172.7571014689837,-5.618243072969506,-5.618243072969502,Kenya,True,1.0,1_nonreciprocal,0.0,0.0,1.0,0.0,0.0,12896010.24,0.423,30478.598,1.0,1.0,0.0,True,never_reciprocal,0
KEN,2002,2005,Total,1.0,1.0,172.7571014689837,180.673741330996,1.3152708883290705,6.601368973683196,False,172.7571014689837,180.673741330996,7.916639862012289,7.916639862012267,Kenya,True,1.0,1_nonreciprocal,0.0,0.0,1.0,0.0,0.0,13147737.088,0.398,33000.523,1.0,1.0,0.0,True,never_reciprocal,0
KEN,2005,2008,Total,1.0,1.0,180.673741330996,189.6666379523634,3.672047224718866,5.320849396648565,False,180.673741330996,189.6666379523634,8.992896621367407,8.99289662136743,Kenya,True,1.0,1_nonreciprocal,0.0,0.0,1.0,0.0,0.0,18737895.424,0.524,35785.717,1.0,1.0,0.0,True,never_reciprocal,0
KEN,2008,2011,Total,1.0,1.0,189.6666379523634,217.05967751098768,18.76440119342374,8.628638365200512,False,189.6666379523634,217.05967751098768,27.39303955862428,27.393039558624253,Kenya,True,1.0,1_nonreciprocal,0.0,0.0,1.0,0.0,0.0,35895144.448,0.926,38773.277,1.0,1.0,1.0,True,switched_during_interval,1
KEN,2011,2014,Total,1.0,1.0,217.05967751098768,221.0431139563581,-4.184841974120166,8.168278419490594,False,217.05967751098768,221.0431139563581,3.983436445370416,3.983436445370428,Kenya,True,2.0,2_reciprocal_pta,1.0,0.0,0.0,0.5673811169079774,0.378959243625367,41954955.264,0.998,42027.889,1.0,1.0,1.0,True,always_reciprocal,1
KEN,2014,2017,Total,1.0,1.0,221.0431139563581,234.83390317795164,11.738018715049709,2.052770506543851,False,221.0431139563581,234.83390317795164,13.790789221593542,13.79078922159356,Kenya,True,2.0,2_reciprocal_pta,1.0,0.0,0.0,0.4415470910802807,0.3714304598175133,61445345.28,1.335,46024.25,1.0,1.0,1.0,True,always_reciprocal,1
LSO,1972,1975,Total,1.0,1.0,13.520081786007232,11.598871441923,-1.4351778860782505,-0.4860324580059812,False,13.520081786007232,11.598871441923,-1.921210344084232,-1.921210344084232,Lesotho,True,1.0,1_nonreciprocal,0.0,0.0,1.0,0.0,0.0,80915.36,0.075,1075.281,0.0,0.0,0.0,True,never_reciprocal,0
LSO,1975,1978,Total,1.0,1.0,11.598871441923,11.596036668448452,-0.2876725455242422,0.2848377720496916,False,11.598871441923,11.596036668448452,-0.0028347734745484,-0.0028347734745506,Lesotho,True,1.0,1_nonreciprocal,0.0,0.0,1.0,0.0,0.0,149558.944,0.13,1149.09,0.0,0.0,0.0,True,never_reciprocal,0
LSO,1978,1981,Total,1.0,1.0,11.596036668448452,11.898872891947049,-0.415457060517881,0.718293284016475,False,11.596036668448452,11.898872891947049,0.3028362234985948,0.3028362234985939,Lesotho,True,1.0,1_nonreciprocal,0.0,0.0,1.0,0.0,0.0,266570.0,0.215,1241.159,0.0,0.0,0.0,True,never_reciprocal,0
LSO,1981,1984,Total,1.0,1.0,11.898872891947049,11.715945506858128,-1.0858709967639997,0.902943611675082,False,11.898872891947049,11.715945506858128,-0.1829273850889201,-0.1829273850889176,Lesotho,True,1.0,1_nonreciprocal,0.0,0.0,1.0,0.0,0.0,434174.016,0.324,1340.694,0.0,0.0,0.0,True,never_reciprocal,0
LSO,1984,1987,Total,1.0,1.0,11.715945506858128,12.279246835831264,-0.0352097875561192,0.5985111165292556,False,11.715945506858128,12.279246835831264,0.5633013289731359,0.5633013289731363,Lesotho,True,1.0,1_nonreciprocal,0.0,0.0,1.0,0.0,0.0,302993.856,0.211,1438.248,0.0,0.0,0.0,True,never_reciprocal,0
LSO,1987,1990,Total,1.0,1.0,12.279246835831264,16.21321190209231,4.046300033780501,-0.1123349675194519,False,12.279246835831264,16.21321190209231,3.933965066261049,3.933965066261049,Lesotho,True,1.0,1_nonreciprocal,0.0,0.0,1.0,0.0,0.0,369345.632,0.243,1520.244,0.0,0.0,0.0,True,never_reciprocal,0
LSO,1990,1993,Total,1.0,1.0,16.21321190209231,20.807604934550803,4.570369715452886,0.024023317005605,False,16.21321190209231,20.807604934550803,4.594393032458491,4.594393032458491,Lesotho,True,1.0,1_nonreciprocal,0.0,0.0,1.0,0.0,0.0,544578.752,0.341,1597.534,0.0,1.0,0.0,True,never_reciprocal,0
LSO,1993,1996,Total,1.0,1.0,20.807604934550803,25.752724649589474,4.786556458054968,0.1585632569837,False,20.807604934550803,25.752724649589474,4.945119715038672,4.945119715038668,Lesotho,True,1.0,1_nonreciprocal,0.0,0.0,1.0,0.0,0.0,721599.296,0.426,1693.459,0.0,1.0,0.0,True,never_reciprocal,0
LSO,1996,1999,Total,1.0,1.0,25.752724649589474,23.52050634684097,-0.5905254379254723,-1.6416928648230205,False,25.752724649589474,23.52050634684097,-2.2322183027485,-2.2322183027484925,Lesotho,True,1.0,1_nonreciprocal,0.0,0.0,1.0,0.0,0.0,815937.472,0.459,1779.197,1.0,1.0,0.0,True,never_reciprocal,0
LSO,1999,2002,Total,1.0,1.0,23.52050634684097,23.11799689963898,0.8176580984037204,-1.2201675456057184,False,23.52050634684097,23.11799689963898,-0.402509447201993,-0.402509447201998,Lesotho,True,1.0,1_nonreciprocal,0.0,0.0,1.0,0.0,0.0,801540.672,0.436,1839.611,1.0,1.0,0.0,True,never_reciprocal,0
LSO,2002,2005,Total,1.0,1.0,23.11799689963898,21.96746707363992,-0.2996590345046542,-0.8508707914944112,False,23.11799689963898,21.96746707363992,-1.1505298259990653,-1.1505298259990655,Lesotho,True,1.0,1_nonreciprocal,0.0,0.0,1.0,0.0,0.0,656750.016,0.348,1885.487,1.0,1.0,0.0,True,never_reciprocal,0
LSO,2005,2008,Total,1.0,1.0,21.96746707363992,24.016685255284308,1.3639989236068142,0.6852192580375802,False,21.96746707363992,24.016685255284308,2.049218181644392,2.0492181816443944,Lesotho,True,1.0,1_nonreciprocal,0.0,0.0,1.0,0.0,0.0,1368346.496,0.711,1925.844,1.0,1.0,1.0,True,switched_during_interval,1
LSO,2008,2011,Total,1.0,1.0,24.016685255284308,26.69500266663208,1.1201981865916777,1.558119224756093,False,24.016685255284308,26.69500266663208,2.67831741134777,2.678317411347771,Lesotho,True,3.0,3_fta,1.0,1.0,0.0,0.0008776590550092,0.0235960043450332,1630667.648,0.827,1972.199,1.0,1.0,1.0,True,always_reciprocal,1
LSO,2011,2014,Total,1.0,1.0,26.69500266663208,28.633528400462083,1.1564560939511983,0.782069639878805,False,26.69500266663208,28.633528400462083,1.938525733830005,1.9385257338300037,Lesotho,True,3.0,3_fta,1.0,1.0,0.0,0.2709856917408099,0.4052172146582293,2487353.088,1.226,2029.516,1.0,1.0,1.0,True,always_reciprocal,1
LSO,2014,2017,Total,1.0,1.0,28.633528400462083,27.836998277751803,-1.523767642048495,0.7272375193382136,False,28.633528400462083,27.836998277751803,-0.7965301227102799,-0.7965301227102811,Lesotho,True,3.0,3_fta,1.0,1.0,0.0,0.4588728128516342,0.3971537725985979,2520952.32,1.175,2145.785,1.0,1.0,1.0,True,always_reciprocal,1
MAR,1972,1975,Total,1.0,1.0,57.59005365731511,64.91999298352961,5.911855815919274,1.4180835102952218,False,57.59005365731511,64.91999298352961,7.3299393262145,7.329939326214497,Morocco,True,1.0,1_nonreciprocal,0.0,0.0,1.0,0.0,0.0,5074117.632,0.305,16611.971,0.0,0.0,0.0,True,never_reciprocal,0
MAR,1975,1978,Total,1.0,1.0,64.91999298352961,74.23453979261781,6.421952923907131,2.8925938851810606,False,64.91999298352961,74.23453979261781,9.3145468090882,9.314546809088192,Morocco,True,1.0,1_nonreciprocal,0.0,0.0,1.0,0.0,0.0,8984823.808,0.508,17685.326,0.0,0.0,0.0,True,never_reciprocal,0
MAR,1978,1981,Total,1.0,1.0,74.23453979261781,70.94001373395197,-7.163146893740877,3.8686208350750455,False,74.23453979261781,70.94001373395197,-3.294526058665838,-3.294526058665832,Morocco,True,1.0,1_nonreciprocal,0.0,0.0,1.0,0.0,0.0,13236853.76,0.7,18900.97,0.0,0.0,0.0,True,never_reciprocal,0
MAR,1981,1984,Total,1.0,1.0,70.94001373395197,73.80964878382008,-0.5519539706104359,3.4215890204785357,False,70.94001373395197,73.80964878382008,2.8696350498681085,2.8696350498681,Morocco,True,1.0,1_nonreciprocal,0.0,0.0,1.0,0.0,0.0,17108443.136,0.844,20274.839,0.0,0.0,0.0,True,never_reciprocal,0
MAR,1984,1987,Total,1.0,1.0,73.80964878382008,70.6775878342398,-8.567697318023415,5.435636368443138,False,73.80964878382008,70.6775878342398,-3.1320609495802785,-3.1320609495802767,Morocco,True,1.0,1_nonreciprocal,0.0,0.0,1.0,0.0,0.0,14171045.888,0.651,21776.104,0.0,0.0,0.0,True,never_reciprocal,0
MAR,1987,1990,Total,1.0,1.0,70.6775878342398,79.61511812385831,7.009818015655983,1.9277122739625248,False,70.6775878342398,79.61511812385831,8.937530289618508,8.937530289618508,Morocco,True,1.0,1_nonreciprocal,0.0,0.0,1.0,0.0,0.0,20656951.296,0.888,23260.094,0.0,1.0,0.0,True,never_reciprocal,0
MAR,1990,1993,Total,1.0,1.0,79.61511812385831,75.51792510110609,-6.1245320983016525,2.0273390755494374,False,79.61511812385831,75.51792510110609,-4.097193022752222,-4.097193022752215,Morocco,True,1.0,1_nonreciprocal,0.0,0.0,1.0,0.0,0.0,28839383.04,1.169,24674.974,0.0,1.0,0.0,True,never_reciprocal,0
MAR,1993,1996,Total,1.0,1.0,75.51792510110609,79.02888589100351,2.538474168101064,0.972486621796356,False,75.51792510110609,79.02888589100351,3.5109607898974247,3.5109607898974198,Morocco,True,1.0,1_nonreciprocal,0.0,0.0,1.0,0.0,0.0,30137110.528,1.159,26000.345,0.0,1.0,0.0,True,never_reciprocal,0
MAR,1996,1999,Total,1.0,1.0,79.02888589100351,76.5516932491162,-3.535680814650966,1.0584881727636466,False,79.02888589100351,76.5516932491162,-2.4771926418873136,-2.47719264188732,Morocco,True,1.0,1_nonreciprocal,0.0,0.0,1.0,0.0,0.0,41383907.328,1.519,27237.15,1.0,1.0,0.0,True,never_reciprocal,0
MAR,1999,2002,Total,1.0,1.0,76.5516932491162,79.0265103826589,1.660106541517409,0.8147105920252862,False,76.5516932491162,79.0265103826589,2.4748171335427003,2.474817133542695,Morocco,True,1.0,1_nonreciprocal,0.0,0.0,1.0,0.0,0.0,39734022.144,1.4,28374.203,1.0,1.0,1.0,True,switched_during_interval,1
MAR,2002,2005,Total,1.0,1.0,79.0265103826589,87.2326314731296,8.709282947219481,-0.5031618567487703,False,79.0265103826589,87.2326314731296,8.206121090470702,8.206121090470711,Morocco,True,3.0,3_fta,1.0,1.0,0.0,0.8622816802395976,0.3541873137889309,40416116.736,1.379,29311.443,1.0,1.0,1.0,True,always_reciprocal,1
MAR,2005,2008,Total,1.0,1.0,87.2326314731296,93.6649777236804,5.450450239387575,0.9818960111632208,False,87.2326314731296,93.6649777236804,6.432346250550793,6.432346250550795,Morocco,True,3.0,3_fta,1.0,1.0,0.0,0.89079996501477,0.4035412801259514,59523858.432,1.976,30125.444,1.0,1.0,1.0,True,always_reciprocal,1
MAR,2008,2011,Total,1.0,1.0,93.6649777236804,97.32248059057062,1.8928512014301424,1.7646516654600874,False,93.6649777236804,97.32248059057062,3.6575028668902254,3.65750286689023,Morocco,True,3.0,3_fta,1.0,1.0,0.0,0.9218981262054524,0.7781015492475022,88882970.624,2.871,30955.151,1.0,1.0,1.0,True,always_reciprocal,1
MAR,2011,2014,Total,1.0,1.0,97.32248059057062,104.10074618263752,6.416961182974886,0.3613044090920244,False,97.32248059057062,104.10074618263752,6.7782655920669015,6.77826559206691,Morocco,True,3.0,3_fta,1.0,1.0,0.0,0.933940552757054,0.7442794988559724,99211337.728,3.095,32059.425,1.0,1.0,1.0,True,always_reciprocal,1
MAR,2014,2017,Total,1.0,1.0,104.10074618263752,112.63073526026902,8.013709937343902,0.5162791402875904,False,104.10074618263752,112.63073526026902,8.529989077631498,8.529989077631493,Morocco,True,3.0,3_fta,1.0,1.0,0.0,0.9423446227455567,0.764416394117871,109881401.344,3.202,34318.081,1.0,1.0,1.0,True,always_reciprocal,1
MOZ,1972,1975,Total,1.0,1.0,23.010020394455616,18.438430131867637,-3.815313803273901,-0.7562764593140807,False,23.010020394455616,18.438430131867637,-4.571590262587982,-4.571590262587982,Mozambique,True,1.0,1_nonreciprocal,0.0,0.0,1.0,0.0,0.0,,,9882.718,0.0,0.0,0.0,True,never_reciprocal,0
MOZ,1975,1978,Total,1.0,1.0,18.438430131867637,14.653871780292867,-3.152945895729184,-0.6316124558455799,False,18.438430131867637,14.653871780292867,-3.784558351574765,-3.784558351574764,Mozambique,True,1.0,1_nonreciprocal,0.0,0.0,1.0,0.0,0.0,2833999.872,0.267,10620.26,0.0,0.0,0.0,True,never_reciprocal,0
MOZ,1978,1981,Total,1.0,1.0,14.653871780292867,10.150841508905245,-4.197636567382302,-0.3053937040053218,False,14.653871780292867,10.150841508905245,-4.503030271387624,-4.503030271387624,Mozambique,True,1.0,1_nonreciprocal,0.0,0.0,1.0,0.0,0.0,3295300.096,0.286,11527.369,0.0,0.0,0.0,True,never_reciprocal,0
MOZ,1981,1984,Total,1.0,1.0,10.150841508905245,8.209030761670796,-2.1598087586362498,0.2179980114018001,False,10.150841508905245,8.209030761670796,-1.9418107472344488,-1.9418107472344497,Mozambique,True,1.0,1_nonreciprocal,0.0,0.0,1.0,0.0,0.0,3532146.176,0.284,12438.624,0.0,0.0,0.0,True,never_reciprocal,0
MOZ,1984,1987,Total,1.0,1.0,8.209030761670796,9.46135295089015,0.93957089017795,0.3127512990414042,False,8.209030761670796,9.46135295089015,1.2523221892193543,1.2523221892193543,Mozambique,True,1.0,1_nonreciprocal,0.0,0.0,1.0,0.0,0.0,3372771.584,0.255,13200.833,0.0,0.0,0.0,True,never_reciprocal,0
MOZ,1987,1990,Total,1.0,1.0,9.46135295089015,10.796975387362238,0.9682296886938848,0.3673927477782018,False,9.46135295089015,10.796975387362238,1.3356224364720877,1.3356224364720866,Mozambique,True,1.0,1_nonreciprocal,0.0,0.0,1.0,0.0,0.0,2353864.192,0.176,13374.618,0.0,0.0,0.0,True,never_reciprocal,0
MOZ,1990,1993,Total,1.0,1.0,10.796975387362238,15.59665122861277,4.547646373091162,0.2520294681593709,False,10.796975387362238,15.59665122861277,4.799675841250531,4.799675841250533,Mozambique,True,1.0,1_nonreciprocal,0.0,0.0,1.0,0.0,0.0,2512109.568,0.185,13567.959,0.0,0.0,0.0,True,never_reciprocal,0
MOZ,1993,1996,Total,1.0,1.0,15.59665122861277,16.041652241988892,-0.3654436280694707,0.8104446414455958,False,15.59665122861277,16.041652241988892,0.4450010133761228,0.4450010133761251,Mozambique,True,1.0,1_nonreciprocal,0.0,0.0,1.0,0.0,0.0,2027650.56,0.136,14893.218,0.0,1.0,0.0,True,never_reciprocal,0
MOZ,1996,1999,Total,1.0,1.0,16.041652241988892,19.111309801434395,1.939671037139537,1.129986522305963,False,16.041652241988892,19.111309801434395,3.0696575594455027,3.0696575594455,Mozambique,True,1.0,1_nonreciprocal,0.0,0.0,1.0,0.0,0.0,3241719.296,0.197,16463.427,1.0,1.0,0.0,True,never_reciprocal,0
MOZ,1999,2002,Total,1.0,1.0,19.111309801434395,21.799218163976622,1.704053355365026,0.9838550071772064,False,19.111309801434395,21.799218163976622,2.687908362542231,2.687908362542232,Mozambique,True,1.0,1_nonreciprocal,0.0,0.0,1.0,0.0,0.0,4536279.04,0.255,17798.101,1.0,1.0,0.0,True,never_reciprocal,0
MOZ,2002,2005,Total,1.0,1.0,21.799218163976622,24.84945589907484,2.0194511091360665,1.0307866259621477,False,21.799218163976622,24.84945589907484,3.0502377350982144,3.0502377350982144,Mozambique,True,1.0,1_nonreciprocal,0.0,0.0,1.0,0.0,0.0,4201332.992,0.217,19319.895,1.0,1.0,0.0,True,never_reciprocal,0
MOZ,2005,2008,Total,1.0,1.0,24.84945589907484,29.771676043282024,3.6134312009778182,1.3087889432293671,False,24.84945589907484,29.771676043282024,4.922220144207184,4.922220144207186,Mozambique,True,1.0,1_nonreciprocal,0.0,0.0,1.0,0.0,0.0,6578515.456,0.313,21010.376,1.0,1.0,0.0,True,never_reciprocal,0
MOZ,2008,2011,Total,1.0,1.0,29.771676043282024,34.22179601246211,2.759676797407597,1.690443171772482,False,29.771676043282024,34.22179601246211,4.450119969180083,4.450119969180079,Mozambique,True,1.0,1_nonreciprocal,0.0,0.0,1.0,0.0,0.0,11026247.68,0.484,22762.526,1.0,1.0,1.0,True,switched_during_interval,1
MOZ,2011,2014,Total,1.0,1.0,34.22179601246211,38.44936107788431,1.9696881569740377,2.25787690844816,False,34.22179601246211,38.44936107788431,4.227565065422198,4.227565065422198,Mozambique,True,2.0,2_reciprocal_pta,1.0,0.0,0.0,0.7269004216257194,0.378959243625367,13244879.872,0.539,24581.367,1.0,1.0,1.0,True,always_reciprocal,1
MOZ,2014,2017,Total,1.0,1.0,38.44936107788431,39.99453169115233,0.6967510106673149,0.8484196026007135,False,38.44936107788431,39.99453169115233,1.5451706132680272,1.5451706132680283,Mozambique,True,2.0,2_reciprocal_pta,1.0,0.0,0.0,0.6550372424932382,0.3714304598175133,16961127.424,0.623,27212.381,1.0,1.0,1.0,True,always_reciprocal,1
MUS,1972,1975,Total,1.0,1.0,142.80472719274593,226.0762487347298,85.24337967799667,-1.9718581360128145,False,142.80472719274593,226.0762487347298,83.27152154198387,83.27152154198386,Mauritius,True,1.0,1_nonreciprocal,0.0,0.0,1.0,0.0,0.0,314429.984,0.369,852.053,0.0,1.0,0.0,True,never_reciprocal,0
MUS,1975,1978,Total,1.0,1.0,226.0762487347298,241.1209635643827,13.180390503470615,1.8643243261822768,False,226.0762487347298,241.1209635643827,15.04471482965289,15.044714829652891,Mauritius,True,1.0,1_nonreciprocal,0.0,0.0,1.0,0.0,0.0,664360.0,0.745,892.0,0.0,1.0,0.0,True,never_reciprocal,0
MUS,1978,1981,Total,1.0,1.0,241.1209635643827,219.48654469384277,-25.7112295214498,4.076810650909884,False,241.1209635643827,219.48654469384277,-21.634418870539943,-21.63441887053992,Mauritius,True,1.0,1_nonreciprocal,0.0,0.0,1.0,0.0,0.0,1019635.008,1.089,936.435,0.0,1.0,0.0,True,never_reciprocal,0
MUS,1981,1984,Total,1.0,1.0,219.48654469384277,235.12811279666263,16.421612169996095,-0.7800440671762078,False,219.48654469384277,235.12811279666263,15.641568102819916,15.641568102819887,Mauritius,True,1.0,1_nonreciprocal,0.0,0.0,1.0,0.0,0.0,1147187.584,1.172,979.133,0.0,1.0,0.0,True,never_reciprocal,0
MUS,1984,1987,Total,1.0,1.0,235.12811279666263,257.982971670478,28.01541140314105,-5.160552529325727,False,235.12811279666263,257.982971670478,22.85485887381532,22.854858873815324,Mauritius,True,1.0,1_nonreciprocal,0.0,0.0,1.0,0.0,0.0,1044926.08,1.035,1009.233,0.0,1.0,0.0,True,never_reciprocal,0
MUS,1987,1990,Total,1.0,1.0,257.982971670478,250.4011953521601,-11.22539353506082,3.6436172167429257,False,257.982971670478,250.4011953521601,-7.581776318317878,-7.581776318317895,Mauritius,True,1.0,1_nonreciprocal,0.0,0.0,1.0,0.0,0.0,1888752.256,1.829,1032.76,0.0,1.0,0.0,True,never_reciprocal,0
MUS,1990,1993,Total,1.0,1.0,250.4011953521601,288.27913165757434,33.03212257817738,4.845813727236852,False,250.4011953521601,288.27913165757434,37.87793630541424,37.87793630541423,Mauritius,True,1.0,1_nonreciprocal,0.0,0.0,1.0,0.0,0.0,2653486.08,2.506,1058.775,0.0,1.0,0.0,True,never_reciprocal,0
MUS,1993,1996,Total,1.0,1.0,288.27913165757434,312.31244603579256,17.115259997456224,6.91805438076202,False,288.27913165757434,312.31244603579256,24.033314378218225,24.033314378218243,Mauritius,True,1.0,1_nonreciprocal,0.0,0.0,1.0,0.0,0.0,3263363.84,2.974,1097.374,0.0,1.0,0.0,True,never_reciprocal,0
MUS,1996,1999,Total,1.0,1.0,312.31244603579256,353.4799538316796,33.4997392603546,7.667768535532391,False,312.31244603579256,353.4799538316796,41.16750779588705,41.16750779588699,Mauritius,True,1.0,1_nonreciprocal,0.0,0.0,1.0,0.0,0.0,4421952.0,3.899,1133.996,1.0,1.0,0.0,True,never_reciprocal,0
MUS,1999,2002,Total,1.0,1.0,353.4799538316796,391.5763824485363,32.52809206188384,5.568336554972957,False,353.4799538316796,391.5763824485363,38.09642861685671,38.0964286168568,Mauritius,True,1.0,1_nonreciprocal,0.0,0.0,1.0,0.0,0.0,4291171.328,3.651,1175.267,1.0,1.0,0.0,True,never_reciprocal,0
MUS,2002,2005,Total,1.0,1.0,391.5763824485363,441.0425399616964,38.49101219667456,10.975145316485484,False,391.5763824485363,441.0425399616964,49.466157513160056,49.46615751316004,Mauritius,True,1.0,1_nonreciprocal,0.0,0.0,1.0,0.0,0.0,4767303.168,3.939,1210.196,1.0,1.0,0.0,True,never_reciprocal,0
MUS,2005,2008,Total,1.0,1.0,441.0425399616964,496.9954229188658,51.17913176815439,4.773751189014998,False,441.0425399616964,496.9954229188658,55.95288295716944,55.95288295716939,Mauritius,True,1.0,1_nonreciprocal,0.0,0.0,1.0,0.0,0.0,6283795.968,5.054,1243.253,1.0,1.0,0.0,True,never_reciprocal,0
MUS,2008,2011,Total,1.0,1.0,496.9954229188658,543.5813282158285,35.094266826149656,11.491638470813026,False,496.9954229188658,543.5813282158285,46.58590529696272,46.58590529696268,Mauritius,True,1.0,1_nonreciprocal,0.0,0.0,1.0,0.0,0.0,9641076.736,7.6,1268.565,1.0,1.0,1.0,True,switched_during_interval,1
MUS,2011,2014,Total,1.0,1.0,543.5813282158285,576.2690459296233,29.96259209857204,2.7251256152227965,False,543.5813282158285,576.2690459296233,32.68771771379477,32.68771771379483,Mauritius,True,2.0,2_reciprocal_pta,1.0,0.0,0.0,0.6804969765618203,0.378959243625367,11252406.272,8.75,1286.051,1.0,1.0,1.0,True,always_reciprocal,1
MUS,2014,2017,Total,1.0,1.0,576.2690459296233,625.4519335850756,46.79648814634656,2.3863995091057224,False,576.2690459296233,625.4519335850756,49.18288765545231,49.18288765545228,Mauritius,True,2.0,2_reciprocal_pta,1.0,0.0,0.0,0.6559536401014797,0.3714304598175133,12803445.76,10.154,1260.934,1.0,1.0,1.0,True,always_reciprocal,1
MWI,1966,1969,Total,1.0,1.0,129.76965203695116,114.82169850091314,-5.560674172444994,-9.387279363593017,False,129.76965203695116,114.82169850091314,-14.947953536038014,-14.947953536038009,Malawi,True,1.0,1_nonreciprocal,0.0,0.0,1.0,0.0,0.0,260400.208,0.064,4073.777,0.0,1.0,0.0,True,never_reciprocal,0
MWI,1969,1972,Total,1.0,1.0,114.82169850091314,130.04490327492908,20.052873222700818,-4.829668448684858,False,114.82169850091314,130.04490327492908,15.22320477401594,15.22320477401596,Malawi,True,1.0,1_nonreciprocal,0.0,0.0,1.0,0.0,0.0,265800.112,0.06,4403.344,0.0,1.0,0.0,True,never_reciprocal,0
MWI,1972,1975,Total,1.0,1.0,130.04490327492908,148.62038663978257,8.880739378605652,9.694743986247794,False,130.04490327492908,148.62038663978257,18.575483364853483,18.575483364853447,Malawi,True,1.0,1_nonreciprocal,0.0,0.0,1.0,0.0,0.0,406084.192,0.084,4812.216,0.0,1.0,0.0,True,never_reciprocal,0
MWI,1975,1978,Total,1.0,1.0,148.62038663978257,163.58198628325957,19.863457618788036,-4.901857975311005,False,148.62038663978257,163.58198628325957,14.961599643477,14.961599643477028,Malawi,True,1.0,1_nonreciprocal,0.0,0.0,1.0,0.0,0.0,613196.864,0.116,5299.532,0.0,1.0,0.0,True,never_reciprocal,0
MWI,1978,1981,Total,1.0,1.0,163.58198628325957,143.01630195776625,1.7355701284843743,-22.30125445397769,False,163.58198628325957,143.01630195776625,-20.56568432549332,-20.56568432549332,Malawi,True,1.0,1_nonreciprocal,0.0,0.0,1.0,0.0,0.0,948983.36,0.162,5862.115,0.0,1.0,0.0,True,never_reciprocal,0
MWI,1981,1984,Total,1.0,1.0,143.01630195776625,138.34169688018352,-12.87753717645348,8.202932098870727,False,143.01630195776625,138.34169688018352,-4.674605077582726,-4.674605077582754,Malawi,True,1.0,1_nonreciprocal,0.0,0.0,1.0,0.0,0.0,1237686.912,0.193,6403.934,0.0,1.0,0.0,True,never_reciprocal,0
MWI,1984,1987,Total,1.0,1.0,138.34169688018352,132.66055951355204,-11.558820731939475,5.877683365308031,False,138.34169688018352,132.66055951355204,-5.681137366631475,-5.681137366631446,Malawi,True,1.0,1_nonreciprocal,0.0,0.0,1.0,0.0,0.0,1208026.112,0.174,6958.278,0.0,1.0,0.0,True,never_reciprocal,0
MWI,1987,1990,Total,1.0,1.0,132.66055951355204,128.61326847548222,-11.150292849123542,7.103001811053711,False,132.66055951355204,128.61326847548222,-4.0472910380698295,-4.04729103806983,Malawi,True,1.0,1_nonreciprocal,0.0,0.0,1.0,0.0,0.0,1183071.36,0.145,8150.04,0.0,1.0,0.0,True,never_reciprocal,0
MWI,1990,1993,Total,1.0,1.0,128.61326847548222,132.40170376273772,-2.528789745055853,6.317225032311348,False,128.61326847548222,132.40170376273772,3.78843528725551,3.788435287255495,Malawi,True,1.0,1_nonreciprocal,0.0,0.0,1.0,0.0,0.0,1880784.256,0.199,9447.123,0.0,1.0,0.0,True,never_reciprocal,0
MWI,1993,1996,Total,1.0,1.0,132.40170376273772,134.64125802808954,-3.993876251133877,6.233430516485695,False,132.40170376273772,134.64125802808954,2.239554265351813,2.239554265351819,Malawi,True,1.0,1_nonreciprocal,0.0,0.0,1.0,0.0,0.0,2070647.168,0.211,9800.635,0.0,1.0,0.0,True,never_reciprocal,0
MWI,1996,1999,Total,1.0,1.0,134.64125802808954,141.54558762429224,-1.0774889870884898,7.981818583291173,False,134.64125802808954,141.54558762429224,6.9043295962027,6.904329596202683,Malawi,True,1.0,1_nonreciprocal,0.0,0.0,1.0,0.0,0.0,2281039.104,0.225,10153.315,1.0,1.0,0.0,True,never_reciprocal,0
MWI,1999,2002,Total,1.0,1.0,141.54558762429224,138.18757029215567,-10.156928397974823,6.798911065838279,False,141.54558762429224,138.18757029215567,-3.358017332136569,-3.3580173321365443,Malawi,True,1.0,1_nonreciprocal,0.0,0.0,1.0,0.0,0.0,1775920.0,0.161,11012.707,1.0,1.0,0.0,True,never_reciprocal,0
MWI,2002,2005,Total,1.0,1.0,138.18757029215567,143.52304748591763,-12.087849701919293,17.423326895681264,False,138.18757029215567,143.52304748591763,5.33547719376196,5.335477193761973,Malawi,True,1.0,1_nonreciprocal,0.0,0.0,1.0,0.0,0.0,2665158.912,0.223,11926.778,1.0,1.0,0.0,True,never_reciprocal,0
MWI,2005,2008,Total,1.0,1.0,143.52304748591763,158.80519334623818,-1.4037922997932153,16.68593816011375,False,143.52304748591763,158.80519334623818,15.282145860320554,15.282145860320536,Malawi,True,1.0,1_nonreciprocal,0.0,0.0,1.0,0.0,0.0,2754995.968,0.213,12924.746,1.0,1.0,0.0,True,never_reciprocal,0
MWI,2008,2011,Total,1.0,1.0,158.80519334623818,159.58257823312476,-12.87826114942532,13.655646036311918,False,158.80519334623818,159.58257823312476,0.7773848868865798,0.7773848868865976,Malawi,True,1.0,1_nonreciprocal,0.0,0.0,1.0,0.0,0.0,4276769.792,0.302,14138.207,1.0,1.0,0.0,True,never_reciprocal,0
MWI,2011,2014,Total,1.0,1.0,159.58257823312476,148.03484149802756,-20.21893674962925,8.671200014532037,False,159.58257823312476,148.03484149802756,-11.547736735097205,-11.547736735097216,Malawi,True,1.0,1_nonreciprocal,0.0,0.0,1.0,0.0,0.0,5627897.856,0.364,15457.531,1.0,1.0,0.0,True,never_reciprocal,0
MWI,2014,2017,Total,1.0,1.0,148.03484149802756,138.72523782728342,-12.73637173870788,3.4267680679637427,False,148.03484149802756,138.72523782728342,-9.30960367074414,-9.30960367074414,Malawi,True,1.0,1_nonreciprocal,0.0,0.0,1.0,0.0,0.0,6054750.208,0.355,17068.838,1.0,1.0,0.0,True,never_reciprocal,0
NAM,1966,1969,Total,1.0,1.0,71.39288931992759,59.39544167333883,-14.33497485603138,2.337527209442614,False,71.39288931992759,59.39544167333883,-11.99744764658876,-11.997447646588766,Namibia,True,0.0,0_none,0.0,0.0,0.0,,0.0,,,700.316,0.0,0.0,0.0,True,never_reciprocal,0
NAM,1969,1972,Total,1.0,1.0,59.39544167333883,62.23478246764721,1.597787807053222,1.241552987255155,False,59.39544167333883,62.23478246764721,2.8393407943083773,2.8393407943083773,Namibia,True,0.0,0_none,0.0,0.0,0.0,,0.0,,,758.305,0.0,0.0,0.0,True,never_reciprocal,0
NAM,1972,1975,Total,1.0,1.0,62.23478246764721,71.33773467553554,8.783566958715571,0.3193852491727613,False,62.23478246764721,71.33773467553554,9.102952207888336,9.102952207888332,Namibia,True,0.0,0_none,0.0,0.0,0.0,0.0,0.0,,,829.806,0.0,0.0,0.0,True,never_reciprocal,0
NAM,1975,1978,Total,1.0,1.0,71.33773467553554,74.42096772958897,3.070537586632473,0.0126954674209516,False,71.33773467553554,74.42096772958897,3.083233054053423,3.0832330540534247,Namibia,True,0.0,0_none,0.0,0.0,0.0,0.0,0.0,,,905.647,0.0,0.0,0.0,True,never_reciprocal,0
NAM,1978,1981,Total,1.0,1.0,74.42096772958897,82.77985893745904,7.178385536559873,1.180505671310187,False,74.42096772958897,82.77985893745904,8.358891207870073,8.35889120787006,Namibia,True,0.0,0_none,0.0,0.0,0.0,0.0,0.0,,,970.569,0.0,0.0,0.0,True,never_reciprocal,0
NAM,1981,1984,Total,1.0,1.0,82.77985893745904,78.22458979180401,-6.990186291645638,2.434917145990621,False,82.77985893745904,78.22458979180401,-4.555269145655032,-4.555269145655017,Namibia,True,0.0,0_none,0.0,0.0,0.0,0.0,0.0,2259233.28,2.184,1034.446,0.0,0.0,0.0,True,never_reciprocal,0
NAM,1984,1987,Total,1.0,1.0,78.22458979180401,74.09073410908283,-4.651106439773631,0.5172507570524617,False,78.22458979180401,74.09073410908283,-4.133855682721176,-4.13385568272117,Namibia,True,0.0,0_none,0.0,0.0,0.0,0.0,0.0,1960596.992,1.763,1112.044,0.0,0.0,0.0,True,never_reciprocal,0
NAM,1987,1990,Total,1.0,1.0,74.09073410908283,71.6341446157754,-0.0407487984442467,-2.4158406948631868,False,74.09073410908283,71.6341446157754,-2.4565894933074333,-2.4565894933074333,Namibia,True,0.0,0_none,0.0,0.0,0.0,0.0,0.0,2310417.152,1.853,1247.186,0.0,0.0,0.0,True,never_reciprocal,0
NAM,1990,1993,Total,1.0,1.0,71.6341446157754,81.75902524289944,5.711473550381539,4.413407076742504,False,71.6341446157754,81.75902524289944,10.124880627124044,10.124880627124044,Namibia,True,1.0,1_nonreciprocal,0.0,0.0,1.0,0.0,0.0,2804357.12,1.981,1415.447,0.0,0.0,0.0,True,never_reciprocal,0
NAM,1993,1996,Total,1.0,1.0,81.75902524289944,89.38284869092843,0.6893986158719141,6.934424832157067,False,81.75902524289944,89.38284869092843,7.623823448028986,7.623823448028981,Namibia,True,1.0,1_nonreciprocal,0.0,0.0,1.0,0.0,0.0,3218435.072,2.064,1559.48,0.0,1.0,0.0,True,never_reciprocal,0
NAM,1996,1999,Total,1.0,1.0,89.38284869092843,95.92297671752598,1.9088330918122605,4.6312949347852905,False,89.38284869092843,95.92297671752598,6.540128026597557,6.540128026597551,Namibia,True,1.0,1_nonreciprocal,0.0,0.0,1.0,0.0,0.0,3945295.616,2.314,1705.309,1.0,1.0,0.0,True,never_reciprocal,0
NAM,1999,2002,Total,1.0,1.0,95.92297671752598,100.37829036218832,1.9063945008435452,2.548919143818784,False,95.92297671752598,100.37829036218832,4.455313644662326,4.455313644662329,Namibia,True,1.0,1_nonreciprocal,0.0,0.0,1.0,0.0,0.0,3818964.224,2.056,1857.149,1.0,1.0,0.0,True,never_reciprocal,0
NAM,2002,2005,Total,1.0,1.0,100.37829036218832,114.62887685823829,12.870704978432586,1.379881517617399,False,100.37829036218832,114.62887685823829,14.250586496049976,14.250586496049984,Namibia,True,1.0,1_nonreciprocal,0.0,0.0,1.0,0.0,0.0,3361236.224,1.716,1958.303,1.0,1.0,0.0,True,never_reciprocal,0
NAM,2005,2008,Total,1.0,1.0,114.62887685823829,123.24564582392829,10.268098770285883,-1.6513298045959155,False,114.62887685823829,123.24564582392829,8.616768965689985,8.616768965689968,Namibia,True,1.0,1_nonreciprocal,0.0,0.0,1.0,0.0,0.0,7261301.248,3.582,2027.026,1.0,1.0,1.0,True,switched_during_interval,1
NAM,2008,2011,Total,1.0,1.0,123.24564582392829,127.4146115184593,2.2752527545223247,1.8937129400087107,False,123.24564582392829,127.4146115184593,4.168965694531025,4.168965694531035,Namibia,True,3.0,3_fta,1.0,1.0,0.0,0.0495879938270116,0.0235960043450332,8486515.712,4.021,2110.791,1.0,1.0,1.0,True,always_reciprocal,1
NAM,2011,2014,Total,1.0,1.0,127.4146115184593,129.4698521581514,0.3786631829722831,1.6765774567198513,False,127.4146115184593,129.4698521581514,2.055240639692116,2.0552406396921343,Namibia,True,3.0,3_fta,1.0,1.0,0.0,0.7434962572719388,0.4052172146582293,12412389.376,5.597,2217.618,1.0,1.0,1.0,True,always_reciprocal,1
NAM,2014,2017,Total,1.0,1.0,129.4698521581514,136.15315815488248,-4.318745707346571,11.002051704077624,False,129.4698521581514,136.15315815488248,6.683305996731065,6.683305996731053,Namibia,True,3.0,3_fta,1.0,1.0,0.0,0.5872456616042545,0.3971537725985979,12853962.752,5.421,2370.992,1.0,1.0,1.0,True,always_reciprocal,1
NGA,1960,1963,Total,1.0,1.0,298.97129019714754,311.7388135362769,-2.705766752316128,15.47329009144555,False,298.97129019714754,311.7388135362769,12.767523339129411,12.767523339129422,Nigeria,True,1.0,1_nonreciprocal,0.0,0.0,1.0,0.0,0.0,4196174.336,0.093,45211.613,0.0,1.0,0.0,True,never_reciprocal,0
NGA,1963,1966,Total,1.0,1.0,311.7388135362769,325.5463825645615,-10.44019459289061,24.24776362117518,False,311.7388135362769,325.5463825645615,13.807569028284547,13.807569028284572,Nigeria,True,1.0,1_nonreciprocal,0.0,0.0,1.0,0.0,0.0,5165590.016,0.107,48128.46,0.0,1.0,0.0,True,never_reciprocal,0
NGA,1966,1969,Total,1.0,1.0,325.5463825645615,345.8672070851617,22.229980199549807,-1.9091556789496047,False,325.5463825645615,345.8672070851617,20.320824520600183,20.3208245206002,Nigeria,True,1.0,1_nonreciprocal,0.0,0.0,1.0,0.0,0.0,6366792.704,0.124,51336.376,0.0,1.0,0.0,True,never_reciprocal,0
NGA,1969,1972,Total,1.0,1.0,345.8672070851617,582.2482884399652,224.25298122874813,12.128100126055504,False,345.8672070851617,582.2482884399652,236.38108135480357,236.38108135480363,Nigeria,True,1.0,1_nonreciprocal,0.0,0.0,1.0,0.0,0.0,6634187.264,0.121,54859.203,0.0,1.0,0.0,True,never_reciprocal,0
NGA,1972,1975,Total,1.0,1.0,582.2482884399652,644.6781972368067,45.75465883749678,16.67524995934452,False,582.2482884399652,644.6781972368067,62.42990879684146,62.429908796841296,Nigeria,True,1.0,1_nonreciprocal,0.0,0.0,1.0,0.0,0.0,12274415.616,0.209,58829.323,0.0,1.0,0.0,True,never_reciprocal,0
NGA,1975,1978,Total,1.0,1.0,644.6781972368067,683.0962216131302,-4.242836260401418,42.66086063672488,False,644.6781972368067,683.0962216131302,38.4180243763235,38.41802437632346,Nigeria,True,1.0,1_nonreciprocal,0.0,0.0,1.0,0.0,0.0,27778934.784,0.437,63565.601,0.0,1.0,0.0,True,never_reciprocal,0
NGA,1978,1981,Total,1.0,1.0,683.0962216131302,620.4161345094934,-73.20424832544839,10.524161221811651,False,683.0962216131302,620.4161345094934,-62.680087103636765,-62.68008710363674,Nigeria,True,1.0,1_nonreciprocal,0.0,0.0,1.0,0.0,0.0,36527861.76,0.525,69512.238,0.0,1.0,0.0,True,never_reciprocal,0
NGA,1981,1984,Total,1.0,1.0,620.4161345094934,603.1979640137648,123.4236369268772,-140.64180742260575,False,620.4161345094934,603.1979640137648,-17.2181704957286,-17.218170495728558,Nigeria,True,1.0,1_nonreciprocal,0.0,0.0,1.0,0.0,0.0,61076492.288,0.807,75729.576,0.0,1.0,0.0,True,never_reciprocal,0
NGA,1984,1987,Total,1.0,1.0,603.1979640137648,661.6211022992136,64.2514230606301,-5.828284775181331,False,603.1979640137648,661.6211022992136,58.42313828544877,58.42313828544877,Nigeria,True,1.0,1_nonreciprocal,0.0,0.0,1.0,0.0,0.0,28500815.872,0.349,81775.215,0.0,1.0,0.0,True,never_reciprocal,0
NGA,1987,1990,Total,1.0,1.0,661.6211022992136,760.7113577084606,90.74034501151716,8.349910397729907,False,661.6211022992136,760.7113577084606,99.090255409247,99.09025540924704,Nigeria,True,1.0,1_nonreciprocal,0.0,0.0,1.0,0.0,0.0,24093202.432,0.273,88412.918,0.0,1.0,0.0,True,never_reciprocal,0
NGA,1990,1993,Total,1.0,1.0,760.7113577084606,725.3480358259251,-40.15657906705022,4.793257184514669,False,760.7113577084606,725.3480358259251,-35.3633218825355,-35.363321882535544,Nigeria,True,1.0,1_nonreciprocal,0.0,0.0,1.0,0.0,0.0,30757074.944,0.322,95617.348,0.0,1.0,0.0,True,never_reciprocal,0
NGA,1993,1996,Total,1.0,1.0,725.3480358259251,686.0868383807808,-40.0801600190423,0.8189625738979992,False,725.3480358259251,686.0868383807808,-39.26119744514426,-39.26119744514431,Nigeria,True,1.0,1_nonreciprocal,0.0,0.0,1.0,0.0,0.0,15789003.776,0.153,103144.753,0.0,1.0,0.0,True,never_reciprocal,0
NGA,1996,1999,Total,1.0,1.0,686.0868383807808,673.7729588145565,-13.363808050930102,1.0499284847059212,False,686.0868383807808,673.7729588145565,-12.313879566224273,-12.31387956622418,Nigeria,True,1.0,1_nonreciprocal,0.0,0.0,1.0,0.0,0.0,34987950.08,0.315,111166.206,1.0,1.0,0.0,True,never_reciprocal,0
NGA,1999,2002,Total,1.0,1.0,673.7729588145565,801.8896977308758,125.15394515152522,2.962793764793981,False,673.7729588145565,801.8896977308758,128.11673891631926,128.1167389163192,Nigeria,True,1.0,1_nonreciprocal,0.0,0.0,1.0,0.0,0.0,35870793.728,0.299,119831.886,1.0,1.0,0.0,True,never_reciprocal,0
NGA,2002,2005,Total,1.0,1.0,801.8896977308758,930.8636911515516,123.18315408139378,5.790839339282034,False,801.8896977308758,930.8636911515516,128.9739934206758,128.9739934206758,Nigeria,True,1.0,1_nonreciprocal,0.0,0.0,1.0,0.0,0.0,59116867.584,0.457,129224.64,1.0,1.0,0.0,True,never_reciprocal,0
NGA,2005,2008,Total,1.0,1.0,930.8636911515516,1037.078598862218,97.63209687989186,8.582810830774505,False,930.8636911515516,1037.078598862218,106.21490771066624,106.21490771066637,Nigeria,True,1.0,1_nonreciprocal,0.0,0.0,1.0,0.0,0.0,112248324.096,0.804,139585.892,1.0,1.0,0.0,True,never_reciprocal,0
NGA,2008,2011,Total,1.0,1.0,1037.078598862218,1192.443102691625,141.03705846191008,14.32744536749689,False,1037.078598862218,1192.443102691625,155.3645038294071,155.36450382940697,Nigeria,True,1.0,1_nonreciprocal,0.0,0.0,1.0,0.0,0.0,208064724.992,1.376,151208.084,1.0,1.0,0.0,True,never_reciprocal,0
NGA,2011,2014,Total,1.0,1.0,1192.443102691625,1295.1661895134537,88.86875249316023,13.854334328668587,False,1192.443102691625,1295.1661895134537,102.7230868218287,102.72308682182882,Nigeria,True,1.0,1_nonreciprocal,0.0,0.0,1.0,0.0,0.0,411743813.632,2.508,164192.932,1.0,1.0,0.0,True,never_reciprocal,0
NGA,2014,2017,Total,1.0,1.0,1295.1661895134537,1226.0102219573755,-69.69173329029864,0.5357657342203801,False,1295.1661895134537,1226.0102219573755,-69.15596755607817,-69.15596755607827,Nigeria,True,1.0,1_nonreciprocal,0.0,0.0,1.0,0.0,0.0,568498913.28,3.222,176460.495,1.0,1.0,0.0,True,never_reciprocal,0
RWA,1972,1975,Total,1.0,1.0,243.20633450583168,314.7621547831487,71.84617769504882,-0.2903574177317853,False,243.20633450583168,314.7621547831487,71.555820277317,71.55582027731704,Rwanda,True,1.0,1_nonreciprocal,0.0,0.0,1.0,0.0,0.0,246457.84,0.062,3983.659,0.0,1.0,0.0,True,never_reciprocal,0
RWA,1975,1978,Total,1.0,1.0,314.7621547831487,314.043146785486,-0.5998731990654989,-0.1191347985972104,False,314.7621547831487,314.043146785486,-0.7190079976626862,-0.7190079976627093,Rwanda,True,1.0,1_nonreciprocal,0.0,0.0,1.0,0.0,0.0,571863.488,0.131,4359.166,0.0,1.0,0.0,True,never_reciprocal,0
RWA,1978,1981,Total,1.0,1.0,314.043146785486,351.97852080750346,24.421727822597585,13.513646199419878,False,314.043146785486,351.97852080750346,37.93537402201747,37.93537402201746,Rwanda,True,1.0,1_nonreciprocal,0.0,0.0,1.0,0.0,0.0,905709.056,0.189,4804.354,0.0,1.0,0.0,True,never_reciprocal,0
RWA,1981,1984,Total,1.0,1.0,351.97852080750346,332.52056653119223,-32.18150246781106,12.723548191499845,False,351.97852080750346,332.52056653119223,-19.457954276311227,-19.457954276311213,Rwanda,True,1.0,1_nonreciprocal,0.0,0.0,1.0,0.0,0.0,1407062.528,0.265,5313.633,0.0,1.0,0.0,True,never_reciprocal,0
RWA,1984,1987,Total,1.0,1.0,332.52056653119223,275.1868744867343,-71.56191707670456,14.228225032246623,False,332.52056653119223,275.1868744867343,-57.33369204445791,-57.33369204445793,Rwanda,True,1.0,1_nonreciprocal,0.0,0.0,1.0,0.0,0.0,1587413.12,0.27,5873.794,0.0,1.0,0.0,True,never_reciprocal,0
RWA,1987,1990,Total,1.0,1.0,275.1868744867343,277.5966995454696,-9.17048438021919,11.580309438954492,False,275.1868744867343,277.5966995454696,2.4098250587352936,2.4098250587353025,Rwanda,True,1.0,1_nonreciprocal,0.0,0.0,1.0,0.0,0.0,2157432.576,0.32,6740.876,0.0,1.0,0.0,True,never_reciprocal,0
RWA,1990,1993,Total,1.0,1.0,277.5966995454696,270.97637158166833,-12.884827169533173,6.264499205731904,False,277.5966995454696,270.97637158166833,-6.620327963801287,-6.620327963801267,Rwanda,True,1.0,1_nonreciprocal,0.0,0.0,1.0,0.0,0.0,2550185.728,0.353,7214.696,0.0,1.0,0.0,True,never_reciprocal,0
RWA,1993,1996,Total,1.0,1.0,270.97637158166833,344.91438784057107,65.04469986193266,8.89331639697001,False,270.97637158166833,344.91438784057107,73.93801625890273,73.93801625890266,Rwanda,True,1.0,1_nonreciprocal,0.0,0.0,1.0,0.0,0.0,1971525.76,0.325,6066.268,0.0,1.0,0.0,True,never_reciprocal,0
RWA,1996,1999,Total,1.0,1.0,344.91438784057107,347.4543520145371,-8.057150310062756,10.597114484028824,False,344.91438784057107,347.4543520145371,2.539964173966041,2.539964173966068,Rwanda,True,1.0,1_nonreciprocal,0.0,0.0,1.0,0.0,0.0,1382334.848,0.233,5929.575,1.0,1.0,0.0,True,never_reciprocal,0
RWA,1999,2002,Total,1.0,1.0,347.4543520145371,407.2588321573878,49.12320281466653,10.681277328184208,False,347.4543520145371,407.2588321573878,59.80448014285071,59.80448014285074,Rwanda,True,1.0,1_nonreciprocal,0.0,0.0,1.0,0.0,0.0,1817655.168,0.231,7853.015,1.0,1.0,0.0,True,never_reciprocal,0
RWA,2002,2005,Total,1.0,1.0,407.2588321573878,446.6918952133908,-54.10377402730052,93.53683708330352,False,407.2588321573878,446.6918952133908,39.43306305600299,39.43306305600299,Rwanda,True,1.0,1_nonreciprocal,0.0,0.0,1.0,0.0,0.0,1677447.04,0.187,8987.523,1.0,1.0,0.0,True,never_reciprocal,0
RWA,2005,2008,Total,1.0,1.0,446.6918952133908,543.0033288872029,74.28571285159634,22.02572082221577,False,446.6918952133908,543.0033288872029,96.31143367381208,96.31143367381212,Rwanda,True,1.0,1_nonreciprocal,0.0,0.0,1.0,0.0,0.0,2581465.6,0.274,9429.457,1.0,1.0,0.0,True,never_reciprocal,0
RWA,2008,2011,Total,1.0,1.0,543.0033288872029,621.9746364547085,77.5912821231983,1.3800254443073054,False,543.0033288872029,621.9746364547085,78.97130756750562,78.9713075675056,Rwanda,True,1.0,1_nonreciprocal,0.0,0.0,1.0,0.0,0.0,4796573.696,0.469,10222.961,1.0,1.0,1.0,True,switched_during_interval,1
RWA,2011,2014,Total,1.0,1.0,621.9746364547085,711.5216879408786,-23.858781454123974,113.40583294029403,False,621.9746364547085,711.5216879408786,89.54705148617006,89.54705148617006,Rwanda,True,2.0,2_reciprocal_pta,1.0,0.0,0.0,0.52853374662733,0.378959243625367,6406727.168,0.575,11144.315,1.0,1.0,1.0,True,always_reciprocal,1
RWA,2014,2017,Total,1.0,1.0,711.5216879408786,802.7358856294193,73.98872454610633,17.22547314243429,False,711.5216879408786,802.7358856294193,91.21419768854072,91.21419768854062,Rwanda,True,2.0,2_reciprocal_pta,1.0,0.0,0.0,0.542670355078237,0.3714304598175133,8016288.256,0.707,11345.357,1.0,1.0,1.0,True,always_reciprocal,1
SEN,1972,1975,Total,1.0,1.0,1810.9168505423177,1651.119235219507,-159.77138583862055,-0.0262294841904706,False,1810.9168505423177,1651.119235219507,-159.797615322811,-159.79761532281103,Senegal,True,1.0,1_nonreciprocal,0.0,0.0,1.0,0.0,0.0,1280328.064,0.285,4485.775,0.0,1.0,0.0,True,never_reciprocal,0
SEN,1975,1978,Total,1.0,1.0,1651.119235219507,1421.9357075922856,-253.05162812850784,23.868100501286737,False,1651.119235219507,1421.9357075922856,-229.1835276272211,-229.1835276272211,Senegal,True,1.0,1_nonreciprocal,0.0,0.0,1.0,0.0,0.0,2235746.56,0.456,4901.053,0.0,1.0,0.0,True,never_reciprocal,0
SEN,1978,1981,Total,1.0,1.0,1421.9357075922856,1376.995311135041,-93.08449440797315,48.14409795072847,False,1421.9357075922856,1376.995311135041,-44.94039645724456,-44.940396457244695,Senegal,True,1.0,1_nonreciprocal,0.0,0.0,1.0,0.0,0.0,2591178.752,0.49,5289.871,0.0,1.0,0.0,True,never_reciprocal,0
SEN,1981,1984,Total,1.0,1.0,1376.995311135041,1242.7409316932126,-161.0707937358302,26.816414294002094,False,1376.995311135041,1242.7409316932126,-134.2543794418284,-134.2543794418281,Senegal,True,1.0,1_nonreciprocal,0.0,0.0,1.0,0.0,0.0,3176771.584,0.555,5723.711,0.0,1.0,0.0,True,never_reciprocal,0
SEN,1984,1987,Total,1.0,1.0,1242.7409316932126,1220.914772410564,-62.69980711287712,40.87364783022837,False,1242.7409316932126,1220.914772410564,-21.826159282648632,-21.826159282648756,Senegal,True,1.0,1_nonreciprocal,0.0,0.0,1.0,0.0,0.0,2705536.0,0.433,6246.065,0.0,1.0,0.0,True,never_reciprocal,0
SEN,1987,1990,Total,1.0,1.0,1220.914772410564,1073.7167905264018,-169.83866394950329,22.6406820653412,False,1220.914772410564,1073.7167905264018,-147.19798188416212,-147.1979818841621,Senegal,True,1.0,1_nonreciprocal,0.0,0.0,1.0,0.0,0.0,5040708.608,0.736,6846.349,0.0,1.0,0.0,True,never_reciprocal,0
SEN,1990,1993,Total,1.0,1.0,1073.7167905264018,1061.266331572476,-27.47375271508916,15.023293761163378,False,1073.7167905264018,1061.266331572476,-12.450458953925818,-12.45045895392578,Senegal,True,1.0,1_nonreciprocal,0.0,0.0,1.0,0.0,0.0,5716644.352,0.761,7514.11,0.0,1.0,0.0,True,never_reciprocal,0
SEN,1993,1996,Total,1.0,1.0,1061.266331572476,1093.0105576114358,-7.1017137382086455,38.8459397771684,False,1061.266331572476,1093.0105576114358,31.744226038959823,31.744226038959752,Senegal,True,1.0,1_nonreciprocal,0.0,0.0,1.0,0.0,0.0,5678828.544,0.69,8234.586,0.0,1.0,0.0,True,never_reciprocal,0
SEN,1996,1999,Total,1.0,1.0,1093.0105576114358,1166.2634312721016,-3.9871995808140426,77.24007324147969,False,1093.0105576114358,1166.2634312721016,73.25287366066573,73.25287366066564,Senegal,True,1.0,1_nonreciprocal,0.0,0.0,1.0,0.0,0.0,5065829.888,0.567,8940.298,1.0,1.0,0.0,True,never_reciprocal,0
SEN,1999,2002,Total,1.0,1.0,1166.2634312721016,1158.094206645418,-63.68754164796344,55.51831702127998,False,1166.2634312721016,1158.094206645418,-8.169224626683672,-8.169224626683466,Senegal,True,1.0,1_nonreciprocal,0.0,0.0,1.0,0.0,0.0,5144045.056,0.535,9618.564,1.0,1.0,0.0,True,never_reciprocal,0
SEN,2002,2005,Total,1.0,1.0,1158.094206645418,1269.0378091341263,47.9043560633653,63.03924642534295,False,1158.094206645418,1269.0378091341263,110.9436024887084,110.94360248870824,Senegal,True,1.0,1_nonreciprocal,0.0,0.0,1.0,0.0,0.0,5333862.4,0.513,10390.05,1.0,1.0,0.0,True,never_reciprocal,0
SEN,2005,2008,Total,1.0,1.0,1269.0378091341263,1265.406853145476,-26.51250648977459,22.88155050112409,False,1269.0378091341263,1265.406853145476,-3.630955988650385,-3.630955988650502,Senegal,True,1.0,1_nonreciprocal,0.0,0.0,1.0,0.0,0.0,8707014.656,0.773,11270.826,1.0,1.0,0.0,True,never_reciprocal,0
SEN,2008,2011,Total,1.0,1.0,1265.406853145476,1249.342410503899,-31.86184227075699,15.797399629180088,False,1265.406853145476,1249.342410503899,-16.06444264157699,-16.064442641576903,Senegal,True,1.0,1_nonreciprocal,0.0,0.0,1.0,0.0,0.0,13386346.496,1.094,12238.791,1.0,1.0,0.0,True,never_reciprocal,0
SEN,2011,2014,Total,1.0,1.0,1249.342410503899,1258.606624425703,-21.08499346582945,30.349207387633925,False,1249.342410503899,1258.606624425703,9.264213921804412,9.264213921804476,Senegal,True,1.0,1_nonreciprocal,0.0,0.0,1.0,0.0,0.0,14440676.352,1.083,13330.737,1.0,1.0,0.0,True,never_reciprocal,0
SEN,2014,2017,Total,1.0,1.0,1258.606624425703,1402.277272054138,110.4248158378266,33.24583179060799,False,1258.606624425703,1402.277272054138,143.6706476284346,143.67064762843458,Senegal,True,1.0,1_nonreciprocal,0.0,0.0,1.0,0.0,0.0,15308965.888,1.052,14546.111,1.0,1.0,0.0,True,never_reciprocal,0
SLE,2002,2005,Total,1.0,1.0,3711.067557352348,3889.935531935816,170.06766755281814,8.800307030648987,False,3711.067557352348,3889.935531935816,178.86797458346746,178.86797458346712,Sierra Leone,True,1.0,1_nonreciprocal,0.0,0.0,1.0,0.0,0.0,1239004.288,0.276,4493.047,1.0,1.0,0.0,True,never_reciprocal,0
SLE,2005,2008,Total,1.0,1.0,3889.935531935816,4352.729181866713,434.9565101657841,27.837139765113363,False,3889.935531935816,4352.729181866713,462.7936499308971,462.7936499308975,Sierra Leone,True,1.0,1_nonreciprocal,0.0,0.0,1.0,0.0,0.0,1627853.056,0.318,5119.895,1.0,1.0,0.0,True,never_reciprocal,0
SLE,2008,2011,Total,1.0,1.0,4352.729181866713,4846.808900728292,459.6614853138978,34.41823354768096,False,4352.729181866713,4846.808900728292,494.0797188615789,494.0797188615787,Sierra Leone,True,1.0,1_nonreciprocal,0.0,0.0,1.0,0.0,0.0,2505620.48,0.453,5532.139,1.0,1.0,0.0,True,never_reciprocal,0
SLE,2011,2014,Total,1.0,1.0,4846.808900728292,7052.989148379162,1859.8297222299216,346.3505254209481,False,4846.808900728292,7052.989148379162,2206.18024765087,2206.1802476508697,Sierra Leone,True,1.0,1_nonreciprocal,0.0,0.0,1.0,0.0,0.0,2925391.36,0.499,5865.491,1.0,1.0,0.0,True,never_reciprocal,0
SLE,2014,2017,Total,1.0,1.0,7052.989148379162,5035.425968658129,-1990.777819940542,-26.78535978049029,False,7052.989148379162,5035.425968658129,-2017.5631797210328,-2017.5631797210324,Sierra Leone,True,1.0,1_nonreciprocal,0.0,0.0,1.0,0.0,0.0,5015157.76,0.708,7079.162,1.0,1.0,0.0,True,never_reciprocal,0
SWZ,1993,1996,Total,1.0,1.0,94.72330956149824,100.9057850088362,6.177401594368625,0.0050738529693376,False,94.72330956149824,100.9057850088362,6.182475447337964,6.182475447337962,Eswatini,True,1.0,1_nonreciprocal,0.0,0.0,1.0,0.0,0.0,1357189.76,1.465,926.224,0.0,1.0,0.0,True,never_reciprocal,0
SWZ,1996,1999,Total,1.0,1.0,100.9057850088362,104.40664106881114,3.474618763435001,0.0262372965399456,False,100.9057850088362,104.40664106881114,3.50085605997495,3.500856059974947,Eswatini,True,1.0,1_nonreciprocal,0.0,0.0,1.0,0.0,0.0,1602741.76,1.628,984.506,1.0,1.0,0.0,True,never_reciprocal,0
SWZ,1999,2002,Total,1.0,1.0,104.40664106881114,106.51443402088456,2.1267154247095927,-0.0189224726361618,False,104.40664106881114,106.51443402088456,2.1077929520734244,2.10779295207343,Eswatini,True,1.0,1_nonreciprocal,0.0,0.0,1.0,0.0,0.0,1547888.512,1.477,1048.151,1.0,1.0,0.0,True,never_reciprocal,0
SWZ,2002,2005,Total,1.0,1.0,106.51443402088456,119.09142934106288,12.713836652401202,-0.1368413322229004,False,106.51443402088456,119.09142934106288,12.576995320178312,12.576995320178302,Eswatini,True,1.0,1_nonreciprocal,0.0,0.0,1.0,0.0,0.0,1224220.672,1.131,1082.183,1.0,1.0,0.0,True,never_reciprocal,0
SWZ,2005,2008,Total,1.0,1.0,119.09142934106288,122.37978064740835,3.4310491649437846,-0.142697858598303,False,119.09142934106288,122.37978064740835,3.288351306345476,3.288351306345481,Eswatini,True,1.0,1_nonreciprocal,0.0,0.0,1.0,0.0,0.0,2584077.824,2.339,1104.642,1.0,1.0,1.0,True,switched_during_interval,1
SWZ,2008,2011,Total,1.0,1.0,122.37978064740835,117.21211062092404,-4.8080000631710345,-0.3596699633132674,False,122.37978064740835,117.21211062092404,-5.167670026484302,-5.167670026484302,Eswatini,True,3.0,3_fta,1.0,1.0,0.0,0.0035048169028753,0.0235960043450332,3019770.624,2.617,1153.929,1.0,1.0,1.0,True,always_reciprocal,1
SWZ,2011,2014,Total,1.0,1.0,117.21211062092404,113.9410747478255,-2.972172964324626,-0.2988629087739245,False,117.21211062092404,113.9410747478255,-3.2710358730985547,-3.2710358730985503,Eswatini,True,3.0,3_fta,1.0,1.0,0.0,0.5735060912692876,0.4052172146582293,4145772.288,3.42,1212.159,1.0,1.0,1.0,True,always_reciprocal,1
SWZ,2014,2017,Total,1.0,1.0,113.9410747478255,107.51114086202932,-6.381035300192727,-0.0488985856034438,False,113.9410747478255,107.51114086202932,-6.429933885796174,-6.429933885796171,Eswatini,True,3.0,3_fta,1.0,1.0,0.0,0.6026651052963784,0.3971537725985979,4486261.76,3.464,1295.097,1.0,1.0,1.0,True,always_reciprocal,1
TZA,1960,1963,Total,1.0,1.0,1048.395423119106,1058.1451943200627,-32.5950737500755,42.34484495103232,False,1048.395423119106,1058.1451943200627,9.74977120095673,9.749771200956822,United Republic of Tanzania,False,,,,,,0.0,0.0,,,10074.49,0.0,0.0,,False,missing_reciprocal_data,0
TZA,1963,1966,Total,1.0,1.0,1058.1451943200627,1269.3966305536424,219.03539979850177,-7.783963564922075,False,1058.1451943200627,1269.3966305536424,211.2514362335796,211.25143623357968,United Republic of Tanzania,False,,,,,,0.0,0.0,778380.032,0.071,11005.491,0.0,1.0,0.0,True,missing_reciprocal_data,0
TZA,1966,1969,Total,1.0,1.0,1269.3966305536424,1305.9778665875542,19.36522270599815,17.216013327913597,False,1269.3966305536424,1305.9778665875542,36.58123603391186,36.58123603391175,United Republic of Tanzania,True,1.0,1_nonreciprocal,0.0,0.0,1.0,0.0,0.0,985870.016,0.082,12038.204,0.0,1.0,0.0,True,never_reciprocal,0
TZA,1969,1972,Total,1.0,1.0,1305.9778665875542,1404.5357286106555,-34.99557286725212,133.55343489035334,False,1305.9778665875542,1404.5357286106555,98.55786202310128,98.55786202310122,United Republic of Tanzania,True,1.0,1_nonreciprocal,0.0,0.0,1.0,0.0,0.0,1181569.92,0.09,13185.844,0.0,1.0,0.0,True,never_reciprocal,0
TZA,1972,1975,Total,1.0,1.0,1404.5357286106555,1408.118998569739,-92.68148210576484,96.26475206484844,False,1404.5357286106555,1408.118998569739,3.583269959083509,3.583269959083609,United Republic of Tanzania,True,1.0,1_nonreciprocal,0.0,0.0,1.0,0.0,0.0,1596000.0,0.11,14504.939,0.0,1.0,0.0,True,never_reciprocal,0
TZA,1975,1978,Total,1.0,1.0,1408.118998569739,1337.6664107040515,-118.6221910163322,48.169603150644775,False,1408.118998569739,1337.6664107040515,-70.45258786568752,-70.45258786568743,United Republic of Tanzania,True,1.0,1_nonreciprocal,0.0,0.0,1.0,0.0,0.0,2715849.984,0.17,15978.207,0.0,1.0,0.0,True,never_reciprocal,0
TZA,1978,1981,Total,1.0,1.0,1337.6664107040515,1327.6602462436294,-48.66654987209545,38.6603854116735,False,1337.6664107040515,1327.6602462436294,-10.006164460422042,-10.00616446042195,United Republic of Tanzania,True,1.0,1_nonreciprocal,0.0,0.0,1.0,0.0,0.0,4171290.112,0.238,17556.181,0.0,1.0,0.0,True,never_reciprocal,0
TZA,1981,1984,Total,1.0,1.0,1327.6602462436294,1210.3593351056209,-90.342527902209,-26.958383235799776,False,1327.6602462436294,1210.3593351056209,-117.3009111380086,-117.3009111380088,United Republic of Tanzania,True,1.0,1_nonreciprocal,0.0,0.0,1.0,0.0,0.0,5930189.824,0.308,19282.215,0.0,1.0,0.0,True,never_reciprocal,0
TZA,1984,1987,Total,1.0,1.0,1210.3593351056209,1216.5538592346868,-40.1506374837209,46.34516161278694,False,1210.3593351056209,1216.5538592346868,6.19452412906594,6.194524129066039,United Republic of Tanzania,True,1.0,1_nonreciprocal,0.0,0.0,1.0,0.0,0.0,5813729.792,0.274,21183.697,0.0,1.0,0.0,True,never_reciprocal,0
TZA,1987,1990,Total,1.0,1.0,1216.5538592346868,1291.1273553655603,7.704288895343716,66.86920723552981,False,1216.5538592346868,1291.1273553655603,74.57349613087354,74.57349613087354,United Republic of Tanzania,True,1.0,1_nonreciprocal,0.0,0.0,1.0,0.0,0.0,3523870.208,0.152,23218.477,0.0,1.0,0.0,True,never_reciprocal,0
TZA,1990,1993,Total,1.0,1.0,1291.1273553655603,1262.5532675494412,-25.203597898803373,-3.3704899173157057,False,1291.1273553655603,1262.5532675494412,-28.57408781611912,-28.57408781611908,United Republic of Tanzania,True,1.0,1_nonreciprocal,0.0,0.0,1.0,0.0,0.0,4258742.784,0.167,25484.814,0.0,1.0,0.0,True,never_reciprocal,0
TZA,1993,1996,Total,1.0,1.0,1262.5532675494412,1260.8543745374948,-7.783447340879288,6.084554328932733,False,1262.5532675494412,1260.8543745374948,-1.6988930119464385,-1.6988930119465548,United Republic of Tanzania,True,1.0,1_nonreciprocal,0.0,0.0,1.0,0.0,0.0,4257702.144,0.151,28157.055,0.0,1.0,0.0,True,never_reciprocal,0
TZA,1996,1999,Total,1.0,1.0,1260.8543745374948,1354.861693627264,25.448740029782066,68.55857905998724,False,1260.8543745374948,1354.861693627264,94.00731908976924,94.00731908976933,United Republic of Tanzania,True,1.0,1_nonreciprocal,0.0,0.0,1.0,0.0,0.0,6496195.584,0.211,30780.453,1.0,1.0,0.0,True,never_reciprocal,0
TZA,1999,2002,Total,1.0,1.0,1354.861693627264,1477.5319074839267,26.63868438449608,96.03152947216668,False,1354.861693627264,1477.5319074839267,122.67021385666273,122.67021385666276,United Republic of Tanzania,True,1.0,1_nonreciprocal,0.0,0.0,1.0,0.0,0.0,9697847.296,0.292,33183.094,1.0,1.0,0.0,True,never_reciprocal,0
TZA,2002,2005,Total,1.0,1.0,1477.5319074839267,1669.08814122648,-60.64803119213567,252.20426493468884,False,1477.5319074839267,1669.08814122648,191.55623374255333,191.5562337425532,United Republic of Tanzania,True,1.0,1_nonreciprocal,0.0,0.0,1.0,0.0,0.0,10805600.256,0.302,35806.496,1.0,1.0,0.0,True,never_reciprocal,0
TZA,2005,2008,Total,1.0,1.0,1669.08814122648,1829.928473211276,32.47562058955842,128.36471139523746,False,1669.08814122648,1829.928473211276,160.84033198479574,160.84033198479588,United Republic of Tanzania,True,1.0,1_nonreciprocal,0.0,0.0,1.0,0.0,0.0,14141916.16,0.364,38824.383,1.0,1.0,0.0,True,never_reciprocal,0
TZA,2008,2011,Total,1.0,1.0,1829.928473211276,2063.5840909837466,177.648512553635,56.00710521883581,False,1829.928473211276,2063.5840909837466,233.6556177724708,233.6556177724708,United Republic of Tanzania,True,1.0,1_nonreciprocal,0.0,0.0,1.0,0.0,0.0,20715085.824,0.489,42353.79,1.0,1.0,1.0,True,switched_during_interval,1
TZA,2011,2014,Total,1.0,1.0,2063.5840909837466,2283.294735960452,132.59153432736747,87.11911064933756,False,2063.5840909837466,2283.294735960452,219.71064497670525,219.71064497670503,United Republic of Tanzania,True,2.0,2_reciprocal_pta,1.0,0.0,0.0,0.4387879201925824,0.378959243625367,23874164.736,0.515,46354.607,1.0,1.0,1.0,True,always_reciprocal,1
TZA,2014,2017,Total,1.0,1.0,2283.294735960452,2542.1342933893907,180.1007541206249,78.73880330831409,False,2283.294735960452,2542.1342933893907,258.83955742893886,258.839557428939,United Republic of Tanzania,True,2.0,2_reciprocal_pta,1.0,0.0,0.0,0.4238608603207461,0.3714304598175133,48197218.304,0.923,52234.867,1.0,1.0,1.0,True,always_reciprocal,1
UGA,1990,1993,Total,1.0,1.0,1860.460721531309,2121.095492740272,103.2898522363684,157.34491897259417,False,1860.460721531309,2121.095492740272,260.6347712089628,260.63477120896255,Uganda,True,1.0,1_nonreciprocal,0.0,0.0,1.0,0.0,0.0,4304399.36,0.245,17534.84,0.0,1.0,0.0,True,never_reciprocal,0
UGA,1993,1996,Total,1.0,1.0,2121.095492740272,2387.357028369866,29.510306089230355,236.751229540364,False,2121.095492740272,2387.357028369866,266.26153562959416,266.26153562959433,Uganda,True,1.0,1_nonreciprocal,0.0,0.0,1.0,0.0,0.0,3220439.296,0.166,19430.462,0.0,1.0,0.0,True,never_reciprocal,0
UGA,1996,1999,Total,1.0,1.0,2387.357028369866,2620.732963136422,-47.682540342928704,281.05847510948445,False,2387.357028369866,2620.732963136422,233.37593476655596,233.37593476655576,Uganda,True,1.0,1_nonreciprocal,0.0,0.0,1.0,0.0,0.0,6044585.472,0.282,21407.694,1.0,1.0,0.0,True,never_reciprocal,0
UGA,1999,2002,Total,1.0,1.0,2620.732963136422,2707.779783386021,-221.15164220181535,308.19846245141474,False,2620.732963136422,2707.779783386021,87.04682024959902,87.04682024959936,Uganda,True,1.0,1_nonreciprocal,0.0,0.0,1.0,0.0,0.0,5998563.328,0.255,23507.799,1.0,1.0,0.0,True,never_reciprocal,0
UGA,2002,2005,Total,1.0,1.0,2707.779783386021,2858.894152895615,-16.88634316922959,168.00071267882385,False,2707.779783386021,2858.894152895615,151.11436950959433,151.11436950959427,Uganda,True,1.0,1_nonreciprocal,0.0,0.0,1.0,0.0,0.0,6178563.584,0.238,25943.441,1.0,1.0,0.0,True,never_reciprocal,0
UGA,2005,2008,Total,1.0,1.0,2858.894152895615,3089.882235895383,166.53942113322435,64.44866186654367,False,2858.894152895615,3089.882235895383,230.9880829997678,230.98808299976804,Uganda,True,1.0,1_nonreciprocal,0.0,0.0,1.0,0.0,0.0,9013834.752,0.314,28724.869,1.0,1.0,0.0,True,never_reciprocal,0
UGA,2008,2011,Total,1.0,1.0,3089.882235895383,3399.9082828832607,-82.16590601396572,392.1919530018433,False,3089.882235895383,3399.9082828832607,310.02604698787763,310.02604698787763,Uganda,True,1.0,1_nonreciprocal,0.0,0.0,1.0,0.0,0.0,14239027.2,0.448,31778.799,1.0,1.0,1.0,True,switched_during_interval,1
UGA,2011,2014,Total,1.0,1.0,3399.9082828832607,3339.8771721877965,183.40304832279165,-243.4341590182556,False,3399.9082828832607,3339.8771721877965,-60.03111069546412,-60.03111069546395,Uganda,True,2.0,2_reciprocal_pta,1.0,0.0,0.0,0.5817218881461671,0.378959243625367,15493319.68,0.441,35148.064,1.0,1.0,1.0,True,always_reciprocal,1
UGA,2014,2017,Total,1.0,1.0,3339.8771721877965,3412.2126432769574,24.7724666744313,47.56300441472935,False,3339.8771721877965,3412.2126432769574,72.33547108916082,72.33547108916065,Uganda,True,2.0,2_reciprocal_pta,1.0,0.0,0.0,0.5895957767553447,0.3714304598175133,27927875.584,0.719,38833.34,1.0,1.0,1.0,True,always_reciprocal,1
ZAF,1960,1963,Total,1.0,1.0,123.78701725015068,138.89085745860282,9.883833794922166,5.220006413529975,False,123.78701725015068,138.89085745860282,15.10384020845214,15.10384020845214,South Africa,True,1.0,1_nonreciprocal,0.0,0.0,1.0,0.0,0.0,7363240.448,0.423,17396.0,0.0,1.0,0.0,True,never_reciprocal,0
ZAF,1963,1966,Total,1.0,1.0,138.89085745860282,152.21362157043245,5.998191973595236,7.324572138234362,False,138.89085745860282,152.21362157043245,13.322764111829628,13.3227641118296,South Africa,True,1.0,1_nonreciprocal,0.0,0.0,1.0,0.0,0.0,9175048.192,0.485,18936.138,0.0,1.0,0.0,True,never_reciprocal,0
ZAF,1966,1969,Total,1.0,1.0,152.21362157043245,166.00614240874546,8.595779750688262,5.196741087624758,False,152.21362157043245,166.00614240874546,13.79252083831301,13.79252083831302,South Africa,True,1.0,1_nonreciprocal,0.0,0.0,1.0,0.0,0.0,11995195.392,0.592,20268.595,0.0,1.0,0.0,True,never_reciprocal,0
ZAF,1969,1972,Total,1.0,1.0,166.00614240874546,174.19737051906796,5.039657362481304,3.151570747841204,False,166.00614240874546,174.19737051906796,8.191228110322498,8.191228110322507,South Africa,True,1.0,1_nonreciprocal,0.0,0.0,1.0,0.0,0.0,16315592.704,0.755,21612.522,0.0,1.0,0.0,True,never_reciprocal,0
ZAF,1972,1975,Total,1.0,1.0,174.19737051906796,185.11271024909428,8.03750393843061,2.877835791595692,False,174.19737051906796,185.11271024909428,10.915339730026318,10.915339730026304,South Africa,True,1.0,1_nonreciprocal,0.0,0.0,1.0,0.0,0.0,20753098.752,0.897,23126.276,0.0,1.0,0.0,True,never_reciprocal,0
ZAF,1975,1978,Total,1.0,1.0,185.11271024909428,188.0665080972787,0.00427729654968,2.9495205516347576,False,185.11271024909428,188.0665080972787,2.953797848184422,2.9537978481844376,South Africa,True,1.0,1_nonreciprocal,0.0,0.0,1.0,0.0,0.0,36947550.208,1.494,24728.001,0.0,1.0,0.0,True,never_reciprocal,0
ZAF,1978,1981,Total,1.0,1.0,188.0665080972787,203.3340445374256,11.868988336534995,3.3985481036119016,False,188.0665080972787,203.3340445374256,15.267536440146898,15.267536440146898,South Africa,True,1.0,1_nonreciprocal,0.0,0.0,1.0,0.0,0.0,45328400.384,1.72,26355.318,0.0,1.0,0.0,True,never_reciprocal,0
ZAF,1981,1984,Total,1.0,1.0,203.3340445374256,199.3528823891068,-4.640803135569971,0.6596409872511533,False,203.3340445374256,199.3528823891068,-3.981162148318816,-3.981162148318818,South Africa,True,1.0,1_nonreciprocal,0.0,0.0,1.0,0.0,0.0,86830014.464,3.073,28254.656,0.0,1.0,0.0,True,never_reciprocal,0
ZAF,1984,1987,Total,1.0,1.0,199.3528823891068,183.6483074402347,-17.061258378408468,1.3566834295363686,False,199.3528823891068,183.6483074402347,-15.70457494887208,-15.7045749488721,South Africa,True,1.0,1_nonreciprocal,0.0,0.0,1.0,0.0,0.0,85171208.192,2.792,30505.362,0.0,1.0,0.0,True,never_reciprocal,0
ZAF,1987,1990,Total,1.0,1.0,183.6483074402347,167.01745105734,-18.22649416380811,1.5956377809134183,False,183.6483074402347,167.01745105734,-16.630856382894706,-16.63085638289469,South Africa,True,1.0,1_nonreciprocal,0.0,0.0,1.0,0.0,0.0,104022122.496,3.159,32933.083,0.0,1.0,0.0,True,never_reciprocal,0
ZAF,1990,1993,Total,1.0,1.0,167.01745105734,153.39926844076803,-13.350456846103224,-0.2677257704687434,False,167.01745105734,153.39926844076803,-13.618182616571971,-13.618182616571968,South Africa,True,1.0,1_nonreciprocal,0.0,0.0,1.0,0.0,0.0,112013934.592,3.182,35200.001,0.0,1.0,0.0,True,never_reciprocal,0
ZAF,1993,1996,Total,1.0,1.0,153.39926844076803,152.29788231560946,-1.4033102664177672,0.3019241412591897,False,153.39926844076803,152.29788231560946,-1.1013861251585697,-1.1013861251585777,South Africa,True,1.0,1_nonreciprocal,0.0,0.0,1.0,0.0,0.0,130405965.824,3.48,37473.797,0.0,1.0,0.0,True,never_reciprocal,0
ZAF,1996,1999,Total,1.0,1.0,152.29788231560946,148.87493394677492,-3.70137991195193,0.2784315431174056,False,152.29788231560946,148.87493394677492,-3.42294836883454,-3.4229483688345246,South Africa,True,1.0,1_nonreciprocal,0.0,0.0,1.0,0.0,0.0,143731998.72,3.593,40000.248,1.0,1.0,0.0,True,never_reciprocal,0
ZAF,1999,2002,Total,1.0,1.0,148.87493394677492,161.2362455935985,13.47958986649786,-1.1182782196742718,False,148.87493394677492,161.2362455935985,12.361311646823594,12.361311646823587,South Africa,True,1.0,1_nonreciprocal,0.0,0.0,1.0,0.0,0.0,133183578.112,3.103,42923.485,1.0,1.0,1.0,True,switched_during_interval,1
ZAF,2002,2005,Total,1.0,1.0,161.2362455935985,167.030954805239,1.5924828477428123,4.202226363897682,False,161.2362455935985,167.030954805239,5.79470921164048,5.794709211640495,South Africa,True,3.0,3_fta,1.0,1.0,0.0,0.587829942121456,0.3358122416147929,111100854.272,2.425,45808.735,1.0,1.0,1.0,True,always_reciprocal,1
ZAF,2005,2008,Total,1.0,1.0,167.030954805239,163.12211266815,-4.531394462190031,0.6225523251010339,False,167.030954805239,163.12211266815,-3.908842137088982,-3.908842137088997,South Africa,True,3.0,3_fta,1.0,1.0,0.0,0.5533621127557474,0.3832006040891502,247051567.104,5.186,47639.557,1.0,1.0,1.0,True,always_reciprocal,1
ZAF,2008,2011,Total,1.0,1.0,163.12211266815,179.09302728257427,15.63811180074161,0.3328028136826466,False,163.12211266815,179.09302728257427,15.97091461442426,15.970914614424256,South Africa,True,3.0,3_fta,1.0,1.0,0.0,0.5850675652034454,0.4386218961654675,273141743.616,5.511,49561.256,1.0,1.0,1.0,True,always_reciprocal,1
ZAF,2011,2014,Total,1.0,1.0,179.09302728257427,178.54306485591144,-0.2519250019092662,-0.2980374247535622,False,179.09302728257427,178.54306485591144,-0.5499624266628302,-0.5499624266628285,South Africa,True,3.0,3_fta,1.0,1.0,0.0,0.5768425298406497,0.4052172146582293,403894304.768,7.831,51579.597,1.0,1.0,1.0,True,always_reciprocal,1
ZAF,2014,2017,Total,1.0,1.0,178.54306485591144,171.787501575057,-6.205530339593588,-0.5500329412608369,False,178.54306485591144,171.787501575057,-6.755563280854432,-6.7555632808544255,South Africa,True,3.0,3_fta,1.0,1.0,0.0,0.5917987516261003,0.3971537725985979,350850580.48,6.48,54146.736,1.0,1.0,1.0,True,always_reciprocal,1
ZMB,1966,1969,Total,1.0,1.0,35.82028624361108,33.28463669072501,-1.3399691760152137,-1.1956803768708604,False,35.82028624361108,33.28463669072501,-2.5356495528860705,-2.535649552886074,Zambia,True,1.0,1_nonreciprocal,0.0,0.0,1.0,0.0,0.0,1238999.552,0.336,3692.409,0.0,0.0,0.0,True,never_reciprocal,0
ZMB,1969,1972,Total,1.0,1.0,33.28463669072501,30.78439091373509,-1.893828548807662,-0.6064172281822566,False,33.28463669072501,30.78439091373509,-2.5002457769899173,-2.5002457769899187,Zambia,True,1.0,1_nonreciprocal,0.0,0.0,1.0,0.0,0.0,1926399.232,0.475,4056.584,0.0,0.0,0.0,True,never_reciprocal,0
ZMB,1972,1975,Total,1.0,1.0,30.78439091373509,28.55995913970872,-1.0050724431409772,-1.2193593308853985,False,30.78439091373509,28.55995913970872,-2.2244317740263746,-2.2244317740263755,Zambia,True,1.0,1_nonreciprocal,0.0,0.0,1.0,0.0,0.0,1872416.64,0.418,4482.567,0.0,0.0,0.0,True,never_reciprocal,0
ZMB,1975,1978,Total,1.0,1.0,28.55995913970872,26.883992380165004,0.7456641347460058,-2.4216308942897182,False,28.55995913970872,26.883992380165004,-1.6759667595437122,-1.6759667595437124,Zambia,True,1.0,1_nonreciprocal,0.0,0.0,1.0,0.0,0.0,2442672.128,0.492,4963.655,0.0,0.0,0.0,True,never_reciprocal,0
ZMB,1978,1981,Total,1.0,1.0,26.883992380165004,24.73527528200522,-1.3807047501019851,-0.7680123480577965,False,26.883992380165004,24.73527528200522,-2.1487170981597856,-2.1487170981597816,Zambia,True,1.0,1_nonreciprocal,0.0,0.0,1.0,0.0,0.0,2811032.576,0.513,5479.897,0.0,0.0,0.0,True,never_reciprocal,0
ZMB,1981,1984,Total,1.0,1.0,24.73527528200522,23.46534276707018,0.6405203617318096,-1.9104528766668496,False,24.73527528200522,23.46534276707018,-1.2699325149350391,-1.2699325149350402,Zambia,True,1.0,1_nonreciprocal,0.0,0.0,1.0,0.0,0.0,4008126.464,0.664,6038.971,0.0,0.0,0.0,True,never_reciprocal,0
ZMB,1984,1987,Total,1.0,1.0,23.46534276707018,21.93098908694928,0.1035986902257525,-1.6379523703466488,False,23.46534276707018,21.93098908694928,-1.5343536801208977,-1.5343536801208963,Zambia,True,1.0,1_nonreciprocal,0.0,0.0,1.0,0.0,0.0,2719518.976,0.41,6636.56,0.0,1.0,0.0,True,never_reciprocal,0
ZMB,1987,1990,Total,1.0,1.0,21.93098908694928,20.038751294235787,-0.5325860232184564,-1.3596517694950392,False,21.93098908694928,20.038751294235787,-1.8922377927134943,-1.8922377927134957,Zambia,True,1.0,1_nonreciprocal,0.0,0.0,1.0,0.0,0.0,2265251.072,0.313,7243.918,0.0,1.0,0.0,True,never_reciprocal,0
ZMB,1990,1993,Total,1.0,1.0,20.038751294235787,18.78726326135532,-0.4796926303673119,-0.7717954025131597,False,20.038751294235787,18.78726326135532,-1.25148803288047,-1.2514880328804716,Zambia,True,1.0,1_nonreciprocal,0.0,0.0,1.0,0.0,0.0,3288381.696,0.419,7844.516,0.0,1.0,0.0,True,never_reciprocal,0
ZMB,1993,1996,Total,1.0,1.0,18.78726326135532,18.363555268168955,-0.3434912503197286,-0.0802167428666327,False,18.78726326135532,18.363555268168955,-0.4237079931863619,-0.4237079931863613,Zambia,True,1.0,1_nonreciprocal,0.0,0.0,1.0,0.0,0.0,3273507.84,0.389,8423.058,0.0,1.0,0.0,True,never_reciprocal,0
ZMB,1996,1999,Total,1.0,1.0,18.363555268168955,17.59984745360294,-1.580744835908351,0.8170370213423377,False,18.363555268168955,17.59984745360294,-0.7637078145660148,-0.763707814566013,Zambia,True,1.0,1_nonreciprocal,0.0,0.0,1.0,0.0,0.0,3597220.864,0.396,9073.311,1.0,1.0,0.0,True,never_reciprocal,0
ZMB,1999,2002,Total,1.0,1.0,17.59984745360294,18.897515150186877,1.3441070847649408,-0.046439388181011,False,17.59984745360294,18.897515150186877,1.2976676965839324,1.2976676965839298,Zambia,True,1.0,1_nonreciprocal,0.0,0.0,1.0,0.0,0.0,3404284.672,0.346,9839.179,1.0,1.0,0.0,True,never_reciprocal,0
ZMB,2002,2005,Total,1.0,1.0,18.897515150186877,21.002761653789275,2.3243785784532265,-0.2191320748508241,False,18.897515150186877,21.002761653789275,2.1052465036024017,2.1052465036024026,Zambia,True,1.0,1_nonreciprocal,0.0,0.0,1.0,0.0,0.0,4193850.368,0.395,10625.423,1.0,1.0,0.0,True,never_reciprocal,0
ZMB,2005,2008,Total,1.0,1.0,21.002761653789275,22.75457977219422,1.2987016407148393,0.4531164776901069,False,21.002761653789275,22.75457977219422,1.7518181184049446,1.7518181184049462,Zambia,True,1.0,1_nonreciprocal,0.0,0.0,1.0,0.0,0.0,8331864.064,0.726,11470.022,1.0,1.0,0.0,True,never_reciprocal,0
ZMB,2008,2011,Total,1.0,1.0,22.75457977219422,25.030742304164782,1.036665009546579,1.2394975224239797,False,22.75457977219422,25.030742304164782,2.276162531970563,2.2761625319705585,Zambia,True,1.0,1_nonreciprocal,0.0,0.0,1.0,0.0,0.0,17911046.144,1.438,12456.527,1.0,1.0,1.0,True,switched_during_interval,1
ZMB,2011,2014,Total,1.0,1.0,25.030742304164782,26.045798008901578,-0.8318248166650999,1.8468805214018944,False,25.030742304164782,26.045798008901578,1.0150557047367954,1.0150557047367943,Zambia,True,2.0,2_reciprocal_pta,1.0,0.0,0.0,0.2830109240154991,0.378959243625367,23731894.272,1.741,13633.796,1.0,1.0,1.0,True,always_reciprocal,1
ZMB,2014,2017,Total,1.0,1.0,26.045798008901578,26.311366773698463,-0.0873924235909173,0.3529611883878057,False,26.045798008901578,26.311366773698463,0.2655687647968854,0.2655687647968884,Zambia,True,2.0,2_reciprocal_pta,1.0,0.0,0.0,0.2310999066475171,0.3714304598175133,27150630.912,1.738,15620.974,1.0,1.0,1.0,True,always_reciprocal,1
