iso3,country,broad_sector,year,value_added_real,employment,employment_share,labor_productivity_real,labor_productivity_ppp
AGO,Angola,Agriculture,2002.0,261770.34,2022.175,0.36960761014946547,129.44989615142111,1.2485724687576294
AGO,Angola,Manufacturing,2002.0,2.0077624e+06,479.799,0.08769634761684987,4184.59057855477,50.18276981558099
AGO,Angola,Services,2002.0,1.763808e+06,2969.1660535888673,0.5426960422336845,594.0415484233574,5.576555509654705
AGO,Angola,Agriculture,2003.0,282771.75,2070.82,0.36515282905001273,136.55061762973122,1.384713888168335
AGO,Angola,Manufacturing,2003.0,2.0199861e+06,494.155,0.08713557732647406,4087.7581426880233,49.13044810965508
AGO,Angola,Services,2003.0,1.854769e+06,3106.1299052734375,0.5477115936235132,597.131818875657,6.228634870519781
AGO,Angola,Agriculture,2004.0,308427.9,2135.687,0.3616630716607287,144.41624931462337,1.6625473499298096
AGO,Angola,Manufacturing,2004.0,2.3291458e+06,516.4290000000001,0.08745349783684524,4510.098677649783,59.4738657026437
AGO,Angola,Services,2004.0,1.9949832e+06,3253.068043792725,0.550883430502426,613.2620723401978,7.142766677907637
AGO,Angola,Agriculture,2005.0,322458.72,2448.782,0.38412550292789943,131.68126797322097,1.5575920343399048
AGO,Angola,Manufacturing,2005.0,2.7841235e+06,550.021,0.08627844097429095,5061.84945665711,82.37760200478918
AGO,Angola,Services,2005.0,2.1568252e+06,3376.149929016113,0.5295960560978096,638.8416673866577,7.995922980885715
AGO,Angola,Agriculture,2006.0,375029.5,2748.234,0.40218972470321096,136.46199704974177,1.8437018394470215
AGO,Angola,Manufacturing,2006.0,3.1393245e+06,574.307,0.08404683670499928,5466.282841755367,97.36713160055398
AGO,Angola,Services,2006.0,2.35664e+06,3510.6370530395507,0.5137634385917897,671.2855713636343,10.558046831888038
AGO,Angola,Agriculture,2007.0,395946.12,3101.016,0.4227580899781969,127.6827094732823,1.8524091243743899
AGO,Angola,Manufacturing,2007.0,3.7458405e+06,608.016,0.08289015046558398,6160.759749743428,109.54144977492436
AGO,Angola,Services,2007.0,2.504436e+06,3626.170030456543,0.4943517595562191,690.6559755789184,10.792151736037576
AGO,Angola,Agriculture,2008.0,414765.3,3491.457,0.4458598861960177,118.79433500111845,1.8145514726638794
AGO,Angola,Manufacturing,2008.0,4.094307e+06,640.981,0.08185342557958171,6387.563749939546,122.80675768680575
AGO,Angola,Services,2008.0,2.815239e+06,3698.401032836914,0.47228668822440056,761.2043623729276,12.436726647368518
AGO,Angola,Agriculture,2009.0,438542.28,3792.035,0.4593804525223551,115.6482683440422,1.8211711645126343
AGO,Angola,Manufacturing,2009.0,3.962739e+06,654.861,0.07933216400145093,6051.267368189586,69.0643748451736
AGO,Angola,Services,2009.0,3.0612115e+06,3807.7760897216795,0.4612873834761939,803.9368460406904,13.609261184275564
AGO,Angola,Agriculture,2010.0,475984.66,4243.954,0.4872619910766173,112.15594142867714,2.0053133964538574
AGO,Angola,Manufacturing,2010.0,3.9908875e+06,684.387,0.07857666984301735,5831.331541949219,104.26240327248311
AGO,Angola,Services,2010.0,3.268339e+06,3781.457994628906,0.4341613390803654,864.3065729256472,15.453534121072709
AGO,Angola,Agriculture,2011.0,519566.72,4709.703,0.5121794368787729,110.31836163554262,2.191704273223877
AGO,Angola,Manufacturing,2011.0,3.9384515e+06,709.593,0.07716812358510058,5550.2964375353195,138.3857805175219
AGO,Angola,Services,2011.0,3.596881e+06,3776.120021972656,0.4106524395361266,952.5335474164772,18.467024212063023
AGO,Angola,Agriculture,2012.0,556509.9,4850.823,0.5087711374777883,114.72483638343431,2.373020887374878
AGO,Angola,Manufacturing,2012.0,4.379309e+06,748.1510000000001,0.07846867124921787,5853.509518800349,143.2937375570835
AGO,Angola,Services,2012.0,3.8179405e+06,3935.41708996582,0.41276019127299385,970.1488845323786,19.274104615526593
AGO,Angola,Agriculture,2013.0,578879.75,4971.369,0.5032951297361753,116.44272432804728,2.5248794555664062
AGO,Angola,Manufacturing,2013.0,4.5428115e+06,778.767,0.07884138922281812,5833.338469657805,131.05673327382542
AGO,Angola,Services,2013.0,4.116994e+06,4127.505777709961,0.4178634810410067,997.4532373118099,20.204429582748578
AGO,Angola,Agriculture,2014.0,679163.0,5100.503,0.4977732774580391,133.15608284124136,2.8524739742279053
AGO,Angola,Manufacturing,2014.0,4.471762e+06,806.927,0.07875040902032274,5541.718147986125,109.36446434343512
AGO,Angola,Services,2014.0,4.519909e+06,4339.208843383789,0.4234763135216381,1041.6435721667865,20.98711939506963
AGO,Angola,Agriculture,2015.0,748534.4,5255.799,0.4938854503129491,142.4206623959554,2.810431718826294
AGO,Angola,Manufacturing,2015.0,4.814113e+06,838.259,0.07877088216156714,5742.98993509166,80.01661325355124
AGO,Angola,Services,2015.0,4.341501e+06,4547.678857543946,0.4273436675254837,954.6630569126652,17.50609030659326
AGO,Angola,Agriculture,2016.0,777631.5,5451.254,0.49442431805077885,142.65185588490283,2.803813934326172
AGO,Angola,Manufacturing,2016.0,4.8099685e+06,872.567,0.0791411194430885,5512.434575224596,74.9909931165361
AGO,Angola,Services,2016.0,4.134695e+06,4701.635881835938,0.4264345625061327,879.4162508359636,15.718502736042348
AGO,Angola,Agriculture,2017.0,853010.2,5649.0450043668425,0.4980233099167362,151.00077744833035,2.6467130184173584
AGO,Angola,Manufacturing,2017.0,5.000076e+06,898.0522741358014,0.07917284526811676,5567.689258191111,69.42107077509225
AGO,Angola,Services,2017.0,4.3147315e+06,4795.835656325844,0.422803844815147,899.6829351958185,13.410872293339914
BFA,Burkina Faso,Agriculture,1970.0,162859.08,2390.23046875,0.8837119511980641,68.13530337523022,0.5268145203590393
BFA,Burkina Faso,Manufacturing,1970.0,189646.4,95.60833287239075,0.035348150522756756,1983.5761230469593,14.311346861043338
BFA,Burkina Faso,Services,1970.0,197435.86,218.9231578707695,0.08093989827917909,901.850043162389,9.67817036643218
BFA,Burkina Faso,Agriculture,1971.0,152330.84,2416.094970703125,0.8837969007635283,63.04836755058064,0.493789941072464
BFA,Burkina Faso,Manufacturing,1971.0,203276.22,96.56302261352539,0.03532232844694687,2105.1144967113687,15.33957579763892
BFA,Burkina Faso,Services,1971.0,198341.8,221.1091975569725,0.08088077078952477,897.030965090875,9.656181528030645
BFA,Burkina Faso,Agriculture,1972.0,192457.14,2442.2177734375,0.8838808905969422,78.80425026721117,0.6461926698684692
BFA,Burkina Faso,Manufacturing,1972.0,193124.75,97.52724409103394,0.03529679797691248,1980.2133424352007,15.708746216868459
BFA,Burkina Faso,Services,1972.0,206025.08,223.31706404685974,0.0808223114261453,922.5675566009086,10.268605637199466
BFA,Burkina Faso,Agriculture,1973.0,176028.89,2468.601318359375,0.8839639257423111,71.30713627828258,0.562930166721344
BFA,Burkina Faso,Manufacturing,1973.0,227621.67,98.50109553337097,0.035271558209919625,2310.8542158080318,17.097689923375775
BFA,Burkina Faso,Services,1973.0,208687.94,225.54697650671005,0.08076451604776931,925.2526490586386,9.847209751797156
BFA,Burkina Faso,Agriculture,1974.0,205815.84,2495.24853515625,0.8840460329463086,82.48310372702494,0.6223064064979553
BFA,Burkina Faso,Manufacturing,1974.0,218258.81,99.48466730117798,0.03524659937775795,2193.89397804636,16.114161131160206
BFA,Burkina Faso,Services,1974.0,239641.34,227.79915690422058,0.08070736767593348,1051.985209281343,10.61878369656147
BFA,Burkina Faso,Agriculture,1975.0,228351.53,2522.16162109375,0.8841272045052694,90.53802474045023,0.6631012558937073
BFA,Burkina Faso,Manufacturing,1975.0,214581.08,100.47806477546692,0.03522192621641311,2135.6012240533605,15.310245900422574
BFA,Burkina Faso,Services,1975.0,228592.05,230.07382440567017,0.0806508692783175,993.5595562228866,9.556146627800857
BFA,Burkina Faso,Agriculture,1976.0,217660.55,2549.343505859375,0.884207463568977,85.37905793186837,0.6060287356376648
BFA,Burkina Faso,Manufacturing,1976.0,249396.19,101.4813802242279,0.035197529717477444,2457.5561245712993,16.78761789740261
BFA,Burkina Faso,Services,1976.0,250326.88,232.37120860815048,0.08059500671354565,1077.2714765284381,9.995769747218887
BFA,Burkina Faso,Agriculture,1977.0,269044.88,2576.796875,0.8842868238294787,104.41058727223115,0.6780735850334167
BFA,Burkina Faso,Manufacturing,1977.0,224758.81,102.4947121143341,0.03517340629920676,2192.8820313118085,14.208281489028355
BFA,Burkina Faso,Services,1977.0,306652.3,234.69152963161469,0.08053976987131457,1306.6185770800466,11.20488354445423
BFA,Burkina Faso,Agriculture,1978.0,319184.94,2604.5244140625,0.8843652919648022,122.55018066893061,0.7647395730018616
BFA,Burkina Faso,Manufacturing,1978.0,270129.2,103.51816582679749,0.03514955454085435,2609.4858360605954,15.756769808158353
BFA,Burkina Faso,Services,1978.0,350391.5,237.03502291440964,0.08048515349434353,1478.2267012352936,12.185639185725321
BFA,Burkina Faso,Agriculture,1979.0,399198.5,2632.52880859375,0.8844428796195201,151.6406957055276,0.723857581615448
BFA,Burkina Faso,Manufacturing,1979.0,288278.44,104.55183482170105,0.03512596920396308,2757.2776507616504,15.17206284904322
BFA,Burkina Faso,Services,1979.0,494230.5,239.4019189476967,0.08043115117651689,2064.438339393499,14.215073075807066
BFA,Burkina Faso,Agriculture,1980.0,378141.62,2660.812744140625,0.8845195917202507,142.11508338296468,0.7042652368545532
BFA,Burkina Faso,Manufacturing,1980.0,339673.62,105.59583044052124,0.03510265088525687,3216.7333083414437,16.531526031710662
BFA,Burkina Faso,Services,1980.0,513698.3,241.79245233535767,0.0803777573944924,2124.542381445052,13.998774114320964
BFA,Burkina Faso,Agriculture,1981.0,412889.97,2719.345947265625,0.8844317272569097,151.83429278837136,0.7595785856246948
BFA,Burkina Faso,Manufacturing,1981.0,301370.2,108.01159715652466,0.03512936025406384,2790.1650881365117,13.88713292440971
BFA,Burkina Faso,Services,1981.0,606358.25,247.3240431547165,0.08043891248902646,2451.6753093053935,14.640207766960897
BFA,Burkina Faso,Agriculture,1982.0,404847.5,2783.10546875,0.8844885768264987,145.4661005649321,0.7279873490333557
BFA,Burkina Faso,Manufacturing,1982.0,325796.3,110.48262619972229,0.03511207962066076,2948.846562635555,13.74933877903394
BFA,Burkina Faso,Services,1982.0,657004.5,252.98218494653702,0.08039934355284055,2597.038602298598,14.722785436927499
BFA,Burkina Faso,Agriculture,1983.0,404548.34,2853.13623046875,0.8847163933350156,141.7907562316208,0.6645575761795044
BFA,Burkina Faso,Manufacturing,1983.0,342146.94,113.01018786430359,0.035042829273172454,3027.5760439477476,13.40943739995836
BFA,Burkina Faso,Services,1983.0,664877.4,258.76978302001953,0.08024077739181189,2569.3779514765147,13.330415070860068
BFA,Burkina Faso,Agriculture,1984.0,403847.62,2928.393310546875,0.8850642876027502,137.90757667199486,0.6585320830345154
BFA,Burkina Faso,Manufacturing,1984.0,285792.44,115.59556818008423,0.03493707926215525,2472.3477032853816,11.328940574031346
BFA,Burkina Faso,Services,1984.0,664644.4,264.68976932764053,0.07999863313509455,2511.031600081544,12.434926667029233
BFA,Burkina Faso,Agriculture,1985.0,459443.0,3010.967041015625,0.885590956399527,152.58984696326198,0.7753281593322754
BFA,Burkina Faso,Manufacturing,1985.0,289817.72,118.24010014533997,0.034776987574452856,2451.095004095547,10.944560535199733
BFA,Burkina Faso,Services,1985.0,671712.9,270.7451949119568,0.0796320560260201,2480.9780104072884,11.796726097189014
BFA,Burkina Faso,Agriculture,1986.0,496117.5,3097.7216796875,0.8860158780997035,160.15560831470458,0.7044894099235535
BFA,Burkina Faso,Manufacturing,1986.0,311221.84,121.13701319694519,0.03464782450336023,2569.1721756752736,12.488823872057694
BFA,Burkina Faso,Services,1986.0,668558.0,277.3785148859024,0.07933629739693629,2410.273197529399,13.049561858488342
BFA,Burkina Faso,Agriculture,1987.0,445713.25,3192.838134765625,0.8863739307571472,139.5978221215772,0.6358273029327393
BFA,Burkina Faso,Manufacturing,1987.0,325051.44,124.41407418251038,0.03453898610577642,2612.6580906205418,12.808328861337966
BFA,Burkina Faso,Services,1987.0,667757.9,284.8823123574257,0.07908708313707637,2343.978007880679,12.793465379922575
BFA,Burkina Faso,Agriculture,1988.0,525599.25,3290.045166015625,0.886490341871817,159.75441779011243,0.6717547178268433
BFA,Burkina Faso,Manufacturing,1988.0,311684.72,128.05374264717102,0.034503601126768604,2434.0149089495258,12.517565666903318
BFA,Burkina Faso,Services,1988.0,695552.0,293.21638786792755,0.0790060570014144,2372.1457216548724,13.001040671777425
BFA,Burkina Faso,Agriculture,1989.0,518466.56,3391.43310546875,0.88646168815942,152.8753616469577,0.6390413641929626
BFA,Burkina Faso,Manufacturing,1989.0,350871.3,132.0375144481659,0.03451231214596441,2657.360780884299,12.618498250068264
BFA,Burkina Faso,Services,1989.0,736679.1,302.3383809328079,0.07902599969461561,2436.6047166327867,12.988554752144246
BFA,Burkina Faso,Agriculture,1990.0,484546.72,3494.91162109375,0.8865498746748641,138.6434826636213,0.6260255575180054
BFA,Burkina Faso,Manufacturing,1990.0,312504.6,135.94699668884277,0.034485505198325786,2298.723777364972,11.231563679327211
BFA,Burkina Faso,Services,1990.0,755076.4,311.2902910709381,0.07896462012681013,2425.634196306913,13.009120533768423
BFA,Burkina Faso,Agriculture,1991.0,584562.75,3596.299560546875,0.886166755659495,162.54562228712334,0.6973577737808228
BFA,Burkina Faso,Manufacturing,1991.0,301760.44,140.42393946647644,0.0346019637015471,2148.924454380797,11.061395203362261
BFA,Burkina Faso,Services,1991.0,747086.0,321.5415359735489,0.07923128063895796,2323.4509897391854,13.173687434603883
BFA,Burkina Faso,Agriculture,1992.0,599462.1,3703.958984375,0.886004817984812,161.84361855215096,0.6536443829536438
BFA,Burkina Faso,Manufacturing,1992.0,305186.0,144.8599042892456,0.034651186385841505,2106.7665445272355,11.176950140437212
BFA,Burkina Faso,Services,1992.0,728329.1,331.69899249076843,0.07934399562934652,2195.7532024167067,12.826429419689264
BFA,Burkina Faso,Agriculture,1993.0,658267.1,3815.79931640625,0.8869728892816383,172.51093949562346,0.6865965723991394
BFA,Burkina Faso,Manufacturing,1993.0,297595.16,147.80510187149048,0.0343569216792546,2013.4295263281565,10.98215429342994
BFA,Burkina Faso,Services,1993.0,717324.75,338.44287371635437,0.07867018903910714,2119.4854603473873,12.924069823463867
BFA,Burkina Faso,Agriculture,1994.0,661754.2,4129.72998046875,0.891333704270437,160.24151473091874,0.6562224626541138
BFA,Burkina Faso,Manufacturing,1994.0,358787.44,153.04100131988525,0.033031361192342824,2344.3876765420855,10.194633714694211
BFA,Burkina Faso,Services,1994.0,720584.4,350.432004570961,0.07563493453722016,2056.2744429756694,11.177872033178499
BFA,Burkina Faso,Agriculture,1995.0,703916.25,4114.36865234375,0.8858534049465296,171.0873063353266,0.726391077041626
BFA,Burkina Faso,Manufacturing,1995.0,370531.0,159.31997680664062,0.03430274626698015,2325.7033262670916,10.475408231682225
BFA,Burkina Faso,Services,1995.0,763699.4,370.8367848396301,0.07984384878649023,2059.394877264576,10.978434316719433
BFA,Burkina Faso,Agriculture,1996.0,792203.0,4099.06494140625,0.8800839897866215,193.26432035697928,0.8848264813423157
BFA,Burkina Faso,Manufacturing,1996.0,366558.88,165.98137664794922,0.035636798703776784,2208.4337556585087,10.385645625481217
BFA,Burkina Faso,Services,1996.0,779826.1,392.53749096393585,0.08427921150960173,1986.628393341532,11.03553835446631
BFA,Burkina Faso,Agriculture,1997.0,761294.7,4083.81787109375,0.8740103700941011,186.41739458770377,0.9023357629776001
BFA,Burkina Faso,Manufacturing,1997.0,421907.5,173.05956315994263,0.03703785467916442,2437.9323066363613,11.68028213020723
BFA,Burkina Faso,Services,1997.0,810383.6,415.62761926651,0.08895177522673448,1949.7829004485945,11.208244009743273
BFA,Burkina Faso,Agriculture,1998.0,887305.4,4068.62744140625,0.8676167544199967,218.084695091502,1.0534025430679321
BFA,Burkina Faso,Manufacturing,1998.0,394141.97,180.59278106689453,0.0385106094960576,2182.4901661157946,10.850223649039247
BFA,Burkina Faso,Services,1998.0,853842.06,440.209091424942,0.09387263608394565,1939.628415524409,10.51330063105313
BFA,Burkina Faso,Agriculture,1999.0,917579.6,4053.49365234375,0.860886592004474,226.36759884142188,0.9703400135040283
BFA,Burkina Faso,Manufacturing,1999.0,512780.75,188.62356853485107,0.040060134544382314,2718.5401802280926,12.564072130819854
BFA,Burkina Faso,Services,1999.0,945520.1,466.3933889865875,0.09905327345114362,2027.3017313870869,11.085524652711873
BFA,Burkina Faso,Agriculture,2000.0,940245.7,4038.416015625,0.8538025276087523,232.82536614903063,0.9974312782287598
BFA,Burkina Faso,Manufacturing,2000.0,507470.88,197.19934749603271,0.04169191600951294,2573.390234012865,12.504925925152708
BFA,Burkina Faso,Services,2000.0,1.0047042e+06,494.30272102355957,0.10450555638173477,2032.5685956564128,11.716105837597066
BFA,Burkina Faso,Agriculture,2001.0,1.0440658e+06,4023.39453125,0.8463463839903778,259.4987402778088,1.208484411239624
BFA,Burkina Faso,Manufacturing,2001.0,465526.88,206.37303638458252,0.04341186819750964,2255.7543521939383,10.464925992903641
BFA,Burkina Faso,Services,2001.0,1.0692425e+06,524.0715310573578,0.11024174781211266,2040.260606873101,11.196480755400275
BFA,Burkina Faso,Agriculture,2002.0,1.04771144e+06,4008.428955078125,0.8384991161482117,261.3770754681069,1.2685644626617432
BFA,Burkina Faso,Manufacturing,2002.0,455982.6,216.20374298095703,0.045226359112041266,2109.0411639643185,9.867847604997973
BFA,Burkina Faso,Services,2002.0,1.1146538e+06,555.848137140274,0.11627452473974703,2005.3206541892314,11.046602557143586
BFA,Burkina Faso,Agriculture,2003.0,1.1195138e+06,3993.518798828125,0.8302407626953562,280.3326605920861,1.2861806154251099
BFA,Burkina Faso,Manufacturing,2003.0,578876.6,226.75751304626465,0.04714221719293715,2552.8443014891136,12.069986841604189
BFA,Burkina Faso,Services,2003.0,1.14651e+06,589.796835899353,0.12261702011170664,1943.906664490225,10.420420322546603
BFA,Burkina Faso,Agriculture,2004.0,1.0800462e+06,3978.664306640625,0.8215504264123817,271.4595066986021,1.2542320489883423
BFA,Burkina Faso,Manufacturing,2004.0,597561.25,238.1082935333252,0.049166744165404945,2509.619640427881,12.025763618734725
BFA,Burkina Faso,Services,2004.0,1.2303292e+06,626.1003127098083,0.12928282942221334,1965.0672983615743,10.815694308412256
BFA,Burkina Faso,Agriculture,2005.0,1.190682e+06,3963.865234375,0.8124062103093621,300.38407705547036,1.54561185836792
BFA,Burkina Faso,Manufacturing,2005.0,561772.94,250.33884620666504,0.05130770632065706,2244.0501984108105,10.502617585494013
BFA,Burkina Faso,Services,2005.0,1.332311e+06,664.9625039100647,0.13628608336998088,2003.5881604839983,10.788132305478973
BFA,Burkina Faso,Agriculture,2006.0,1.231576e+06,3949.12109375,0.8027851703813813,311.8607838967333,1.5655964612960815
BFA,Burkina Faso,Manufacturing,2006.0,593121.1,263.5419979095459,0.05357334016151032,2250.575353092579,10.74423181486685
BFA,Burkina Faso,Services,2006.0,1.4898399e+06,706.6120014190674,0.14364148945710836,2108.4270745585977,11.310891948382098
BFA,Burkina Faso,Agriculture,2007.0,1.1859269e+06,3932.053955078125,0.7770783685781107,301.60493435457886,1.396457552909851
BFA,Burkina Faso,Manufacturing,2007.0,623688.1,324.8310012817383,0.06419523928801026,1920.0387972176693,9.195850546097404
BFA,Burkina Faso,Services,2007.0,1.5754172e+06,803.1631855964661,0.15872639213387899,1961.515764483182,10.710635780687978
BFA,Burkina Faso,Agriculture,2008.0,1.4295475e+06,3915.060546875,0.7483631313421528,365.1405854096086,1.7921874523162842
BFA,Burkina Faso,Manufacturing,2008.0,625358.6,402.302433013916,0.07690003894248161,1554.4490256124507,6.5266672990448775
BFA,Burkina Faso,Services,2008.0,1.6184692e+06,914.1354503631592,0.17473682971536558,1770.491724565577,8.838902398316305
BFA,Burkina Faso,Agriculture,2009.0,1.2899055e+06,3898.140625,0.7164345982906626,330.9027621341906,1.5891079902648926
BFA,Burkina Faso,Manufacturing,2009.0,745604.6,501.1106719970703,0.09209853043497758,1487.904103156596,6.270162024168776
BFA,Burkina Faso,Services,2009.0,1.707841e+06,1041.7765851020813,0.1914668712743599,1639.3543725429888,7.98905892490695
BFA,Burkina Faso,Agriculture,2010.0,1.4473e+06,3881.2939453125,0.681120842679521,372.8911080666609,1.7348954677581787
BFA,Burkina Faso,Manufacturing,2010.0,900300.0,628.4065780639648,0.1102778671306793,1432.6711900020234,6.665577967496552
BFA,Burkina Faso,Services,2010.0,1.762e+06,1188.6920409202576,0.20860129018979973,1482.3015039588392,6.89648548264965
BFA,Burkina Faso,Agriculture,2011.0,1.3896045e+06,3864.52001953125,0.6423040202610689,359.5801012744018,1.7243294715881348
BFA,Burkina Faso,Manufacturing,2011.0,1.0907949e+06,794.2294769287109,0.1320052124100613,1373.4001402442389,6.495219281664109
BFA,Burkina Faso,Services,2011.0,1.8644498e+06,1357.9028949737549,0.2256907673288698,1373.0361404347957,5.974426435639843
BFA,Burkina Faso,Agriculture,2012.0,1.4977042e+06,3847.818603515625,0.5999504150876698,389.23462988395477,1.9742974042892456
BFA,Burkina Faso,Manufacturing,2012.0,998451.25,1012.8297271728516,0.15792002634305474,985.803658021584,5.193560004276133
BFA,Burkina Faso,Services,2012.0,2.0319922e+06,1552.9127016067505,0.24212955856927554,1308.5038507944205,5.908365920559682
BFA,Burkina Faso,Agriculture,2013.0,1.5282955e+06,3831.189208984375,0.5541515227289691,398.90890703493653,2.0930745601654053
BFA,Burkina Faso,Manufacturing,2013.0,996877.75,1304.6382141113281,0.1887057029876761,764.1028288283252,3.483161648407756
BFA,Burkina Faso,Services,2013.0,2.223366e+06,1777.78564453125,0.25714277428335486,1250.637840866488,5.807540234213968
BFA,Burkina Faso,Agriculture,2014.0,1.5682385e+06,3814.6318359375,0.5051772028059692,411.11136472612776,2.16977858543396
BFA,Burkina Faso,Manufacturing,2014.0,1.1807016e+06,1699.2079772949219,0.2250285662874392,694.8540971892297,2.896661966079026
BFA,Burkina Faso,Services,2014.0,2.2798158e+06,2037.2369470596313,0.26979423090659155,1119.0724541347463,5.267871274269811
BFA,Burkina Faso,Agriculture,2015.0,1.4256714e+06,3798.14599609375,0.4893321526609062,375.35981409515307,2.2909038066864014
BFA,Burkina Faso,Manufacturing,2015.0,1.2233776e+06,1843.8631896972656,0.2375531495510467,663.4861153667589,2.8062485846489524
BFA,Burkina Faso,Services,2015.0,2.5155108e+06,2119.8882808685303,0.2731146977880471,1186.624206898951,5.530616016407947
BFA,Burkina Faso,Agriculture,2016.0,1.5682385e+06,3887.880126953125,0.4845407777427932,403.36596005829165,2.3785183429718018
BFA,Burkina Faso,Manufacturing,2016.0,1.3514055e+06,1958.6799926757812,0.2441074045521399,689.9572697190955,2.8894683052661243
BFA,Burkina Faso,Services,2016.0,2.638961e+06,2177.284942626953,0.2713518177050669,1212.0420934965096,5.650500941899844
BFA,Burkina Faso,Agriculture,2017.0,1.4256714e+06,3965.747314453125,0.47851174828427756,359.4962719395044,2.2515242099761963
BFA,Burkina Faso,Manufacturing,2017.0,1.4225321e+06,2054.834197998047,0.24793871786406496,692.2855996780291,3.0685616440207104
BFA,Burkina Faso,Services,2017.0,2.87615e+06,2267.0881814956665,0.2735495338516575,1268.6537839487642,5.826508799486358
BWA,Botswana,Agriculture,1964.0,,,,,
BWA,Botswana,Manufacturing,1964.0,,,,,
BWA,Botswana,Services,1964.0,0.0,11.343029884230171,1.0,0.0,4.950981140136719
BWA,Botswana,Agriculture,1965.0,,,,,
BWA,Botswana,Manufacturing,1965.0,,,,,
BWA,Botswana,Services,1965.0,0.0,13.797581839460165,1.0,0.0,4.177765369415283
BWA,Botswana,Agriculture,1966.0,,,,,
BWA,Botswana,Manufacturing,1966.0,,,,,
BWA,Botswana,Services,1966.0,0.0,16.122666047546378,1.0,0.0,4.036087512969971
BWA,Botswana,Agriculture,1967.0,,,,,
BWA,Botswana,Manufacturing,1967.0,,,,,
BWA,Botswana,Services,1967.0,0.0,18.631292101091663,1.0,0.0,4.226222515106201
BWA,Botswana,Agriculture,1968.0,632.9747,56.20872814593986,0.6397503575885265,11.261145578080084,4.688257217407227
BWA,Botswana,Manufacturing,1968.0,634.71484,4.498964518423798,0.05120582255422587,141.08020660104492,23.57660569503339
BWA,Botswana,Services,1968.0,764.11975,27.152716445547444,0.3090438198572476,28.141558230792203,7.7151014902862425
BWA,Botswana,Agriculture,1969.0,676.9079,56.632947178572266,0.5990613993946502,11.95254585312019,4.217494487762451
BWA,Botswana,Manufacturing,1969.0,857.32166,9.334907248401784,0.09874433307900853,91.840404243997,13.7835440898819
BWA,Botswana,Services,1969.0,962.8008,28.568276987601646,0.3021942675263413,33.70174482933802,8.130040060445223
BWA,Botswana,Agriculture,1970.0,724.6717,57.05716072189899,0.5560948709940181,12.700801840221898,4.3503217697143555
BWA,Botswana,Manufacturing,1970.0,1188.0679,13.656791883102093,0.13310287130202386,86.99465300952397,13.226278614244166
BWA,Botswana,Services,1970.0,1229.8368,31.889332729944496,0.31080225770395803,38.56577377793029,9.3696819708549
BWA,Botswana,Agriculture,1971.0,776.59076,57.26926749356235,0.521459139101861,13.560340358197186,4.701530933380127
BWA,Botswana,Manufacturing,1971.0,1677.9011,13.233477537439509,0.12049600258590235,126.79215408798171,20.205028787990287
BWA,Botswana,Services,1971.0,1589.24,39.322288608643404,0.35804485831223654,40.415755198059486,10.313187894893423
BWA,Botswana,Agriculture,1972.0,980.6104,57.69348652619476,0.461422089359275,16.99689985198635,5.930248260498047
BWA,Botswana,Manufacturing,1972.0,2138.4932,16.38139269414917,0.13101542130093238,130.54403883659361,20.705903730374605
BWA,Botswana,Services,1972.0,2008.946,50.95920097791277,0.4075624893397926,39.42263627313567,10.100843893672273
BWA,Botswana,Agriculture,1973.0,1286.2285,57.90559329785812,0.4267554476479454,22.212509057783482,7.176785945892334
BWA,Botswana,Manufacturing,1973.0,2555.2798,21.528222098077894,0.15865973449700327,118.69441765859492,18.48787363982994
BWA,Botswana,Services,1973.0,2339.8071,56.254184879171696,0.41458481785505147,41.59347671523317,11.27165525890632
BWA,Botswana,Agriculture,1974.0,1412.0955,58.329812330490526,0.40525051000164025,24.208811970516756,6.4593963623046875
BWA,Botswana,Manufacturing,1974.0,2684.1592,24.109424580031607,0.16750193797206284,111.33236178148475,16.40871305428844
BWA,Botswana,Services,1974.0,2575.4397,61.495960926130635,0.42724755202629683,41.87981874710862,9.766329834722011
BWA,Botswana,Agriculture,1975.0,1254.719,58.754031363122934,0.37166806365552496,21.35545366046408,6.3909010887146005
BWA,Botswana,Manufacturing,1975.0,2677.059,26.49519585949683,0.1676041271178852,101.03941470097477,15.564962522166772
BWA,Botswana,Services,1975.0,2632.7231,72.83277418812892,0.4607278092265898,36.147506035275526,8.93646612173923
BWA,Botswana,Agriculture,1976.0,1270.4657,59.178244906449656,0.3583681630318136,21.46845855686611,6.015597820281982
BWA,Botswana,Manufacturing,1976.0,3482.7285,25.355786620562505,0.15354809335427402,137.35438650523466,22.502024912051812
BWA,Botswana,Services,1976.0,3118.0146,80.59850816568422,0.4880837436139123,38.685761305009265,10.385211947489738
BWA,Botswana,Agriculture,1977.0,1324.1473,59.81457071074543,0.345611368914196,22.137538113757792,6.080179691314697
BWA,Botswana,Manufacturing,1977.0,3502.8657,25.520862097428097,0.14746072705288205,137.2549919859195,23.88661050437669
BWA,Botswana,Services,1977.0,3355.0562,87.7334419185587,0.5069279040329219,38.241474162819074,10.10889120458621
BWA,Botswana,Agriculture,1978.0,1318.4214,60.026677482408786,0.3311231781708381,21.963924075343368,5.892908573150634
BWA,Botswana,Manufacturing,1978.0,5178.341,26.34133336091999,0.14530582710131604,196.5861313609541,27.404007983313686
BWA,Botswana,Services,1978.0,3519.5503,94.91400575847767,0.5235709947278459,37.08146405626111,10.047618418574565
BWA,Botswana,Agriculture,1979.0,1230.3834,60.450896515041194,0.3124715836431125,20.35343549529365,5.473630905151367
BWA,Botswana,Manufacturing,1979.0,5342.3433,33.113724471803096,0.17116533455300323,161.33320388855222,33.02210479570644
BWA,Botswana,Services,1979.0,4445.3335,99.89583967406757,0.5163630818038843,44.49968597889202,10.742267141823902
BWA,Botswana,Agriculture,1980.0,1255.4348,61.0377966109504,0.2989316916832499,20.56815422835718,4.669829368591309
BWA,Botswana,Manufacturing,1980.0,6302.353,36.849530176505155,0.1804700202991835,171.0293997550628,34.75506076413725
BWA,Botswana,Services,1980.0,5312.902,106.2991088067553,0.5205982880175667,49.98068107162828,10.688067873465071
BWA,Botswana,Agriculture,1981.0,1133.0406,61.63040009546618,0.2782295409146005,18.384444164875937,4.613811016082764
BWA,Botswana,Manufacturing,1981.0,7927.9014,39.578719244333236,0.17867754985009082,200.3071731110297,33.04922795125898
BWA,Botswana,Services,1981.0,3884.0508,120.30007013330172,0.5430929092353087,32.28635508646149,9.735638990235792
BWA,Botswana,Agriculture,1982.0,1155.2291,62.51929983293417,0.2722216997533025,18.477960070947663,4.745060920715332
BWA,Botswana,Manufacturing,1982.0,8858.442,39.264158234819945,0.17096410104763768,225.61141715644175,31.07141087358081
BWA,Botswana,Services,1982.0,4179.88,127.87971679887664,0.5568141991990598,32.68602705295652,10.792004990881162
BWA,Botswana,Agriculture,1983.0,1011.3623,63.40819957040216,0.27551293969233454,15.950023995943678,4.310588359832764
BWA,Botswana,Manufacturing,1983.0,11703.512,38.29756637405647,0.16640553061380162,305.5941363072665,49.71740543055668
BWA,Botswana,Services,1983.0,4349.6875,128.4402287997815,0.5580815296938639,33.86546053869533,13.23049373913236
BWA,Botswana,Agriculture,1984.0,876.0845,64.00079756561226,0.26614253898103835,13.68864929781706,4.403538703918457
BWA,Botswana,Manufacturing,1984.0,13713.424,41.83443159957432,0.173965360842965,327.8023222446397,58.42336006831555
BWA,Botswana,Services,1984.0,4503.301,134.6404114845484,0.5598921001759967,33.446873279697364,14.283497246428686
BWA,Botswana,Agriculture,1985.0,855.3276,64.59339556082236,0.25372037333855096,13.241718727701832,4.607595920562744
BWA,Botswana,Manufacturing,1985.0,13875.359,43.84771921237046,0.1722321545726919,316.4442672102644,74.32916364763446
BWA,Botswana,Services,1985.0,5774.868,146.14386281799324,0.5740474720887572,39.514955008781236,15.523213282756657
BWA,Botswana,Agriculture,1986.0,947.66003,64.00079756561226,0.23548860808169492,14.807003509732304,4.24709415435791
BWA,Botswana,Manufacturing,1986.0,14384.803,52.04317470565473,0.19149096945273142,276.4013305439652,74.24100090906744
BWA,Botswana,Services,1986.0,6951.7305,155.73476932887576,0.5730204224655735,44.6382686326748,15.498955539812847
BWA,Botswana,Agriculture,1987.0,878.9475,63.11189782814427,0.2138811257374704,13.926811584069732,4.146167278289795
BWA,Botswana,Manufacturing,1987.0,15749.924,61.28837240873962,0.2077013453325903,256.9806181682692,63.366435657801595
BWA,Botswana,Services,1987.0,7553.5664,170.67905296441313,0.5784175289299393,44.25596624223672,14.857307887866906
BWA,Botswana,Agriculture,1988.0,1454.4148,62.51929983293418,0.19508911141940324,23.26345302663982,6.856442928314209
BWA,Botswana,Manufacturing,1988.0,16763.145,75.72475522505616,0.2362962357029756,221.36941191066845,61.03354987553238
BWA,Botswana,Services,1988.0,11123.887,182.2212921777658,0.5686146528776211,61.04603137101071,15.404422620377083
BWA,Botswana,Agriculture,1989.0,1417.8586,61.630400095466186,0.17722067884985082,23.00583219290879,5.135588645935059
BWA,Botswana,Manufacturing,1989.0,18501.195,95.91456369915042,0.2758061616348512,192.89245135422408,42.337177575952616
BWA,Botswana,Services,1989.0,12109.561,190.2158082295227,0.5469731595152979,63.66221955781443,13.63673064372963
BWA,Botswana,Agriculture,1990.0,1468.7406,61.03779661095041,0.16274426881666548,24.062805050902508,5.4346418380737305
BWA,Botswana,Manufacturing,1990.0,18633.904,110.6504378706913,0.2950257972169145,168.40334891987519,36.10651622608051
BWA,Botswana,Services,1990.0,13653.234,203.36519784358904,0.54222993396642,67.13653328973668,15.641979202000803
BWA,Botswana,Agriculture,1991.0,1508.9905,62.222998090676285,0.15381832009229576,24.25133029296667,5.501056671142578
BWA,Botswana,Manufacturing,1991.0,20250.154,122.81571714528766,0.3036065100027614,164.88243335272486,33.69267479622253
BWA,Botswana,Services,1991.0,14252.744,219.48395835285538,0.5425751699049428,64.93752093586468,16.93608465869356
BWA,Botswana,Agriculture,1992.0,1538.6082,64.29709930787016,0.1589599892273476,23.92966667018126,5.646873474121094
BWA,Botswana,Manufacturing,1992.0,20453.072,112.74697328187699,0.2787413095027364,181.4068410908964,37.374189159213344
BWA,Botswana,Services,1992.0,15328.265,227.44198469043562,0.562298701269916,67.39417381228157,17.312859476322963
BWA,Botswana,Agriculture,1993.0,1530.4641,66.07489878280613,0.15879186459338515,23.162564597471302,5.938838481903076
BWA,Botswana,Manufacturing,1993.0,19280.193,109.04901095844869,0.26206768532595187,176.80300985692935,33.71231556883693
BWA,Botswana,Services,1993.0,16531.707,240.98619106272957,0.5791404500806631,68.6002254251437,17.491236201591004
BWA,Botswana,Agriculture,1994.0,1463.432,68.149,0.15942330801725724,21.47400558828358,5.424031734466553
BWA,Botswana,Manufacturing,1994.0,19828.318,106.178,0.24838586037441984,186.74601479944056,38.027467233848284
BWA,Botswana,Services,1994.0,18232.557,253.14499796295166,0.5921908316083229,72.02416317660511,18.501339153222705
BWA,Botswana,Agriculture,1995.0,1777.2917,69.77,0.1575750980316085,25.473581024034328,7.087886810302734
BWA,Botswana,Manufacturing,1995.0,21268.717,109.738,0.24784256998412862,193.8135996361789,40.64543707475174
BWA,Botswana,Services,1995.0,20071.168,263.2650071029663,0.5945823319842629,76.23940678488998,19.57386265491653
BWA,Botswana,Agriculture,1996.0,1719.9241,71.03,0.1559186772974031,24.21405141863473,6.263227462768555
BWA,Botswana,Manufacturing,1996.0,21110.754,113.182,0.24844696232401348,186.52041761278295,46.46168614177014
BWA,Botswana,Services,1996.0,22043.145,271.34599491882324,0.5956343603785834,81.2362995733344,20.689756746679635
BWA,Botswana,Agriculture,1997.0,1600.6157,85.042,0.18107951021253962,18.821473185675902,5.427209377288818
BWA,Botswana,Manufacturing,1997.0,22642.986,108.19800000000001,0.23038546654566405,209.27361252634057,52.855589182624236
BWA,Botswana,Services,1997.0,23778.574,276.3989994659424,0.5885350232417963,86.02988529153475,21.65436397970115
BWA,Botswana,Agriculture,1998.0,1520.2455,101.559,0.20730049460195232,14.96908677122104,4.260585784912109
BWA,Botswana,Manufacturing,1998.0,22036.066,105.752,0.21585917452067924,208.37493764893335,53.696235847920434
BWA,Botswana,Services,1998.0,24450.459,282.6010004272461,0.5768403308773684,86.5193645719935,23.250939563417518
BWA,Botswana,Agriculture,1999.0,1651.055,103.549,0.20332031256366692,15.94467405490094,4.366005897521973
BWA,Botswana,Manufacturing,1999.0,23483.217,107.239,0.21056569352688173,218.9801918786542,60.51353403378727
BWA,Botswana,Services,1999.0,26884.82,298.501990234375,0.5861139939094513,90.06579919748886,23.438030989768905
BWA,Botswana,Agriculture,2000.0,1422.9697,106.711,0.19955530379066905,13.334798910726168,4.285581111907959
BWA,Botswana,Manufacturing,2000.0,25146.832,110.66300000000001,0.20694575613935595,227.23793888878845,65.89798017369995
BWA,Botswana,Services,2000.0,26570.402,317.3699931335449,0.593498940069975,83.7205877008339,22.935571252178114
BWA,Botswana,Agriculture,2001.0,1582.186,109.647,0.20435332211496848,14.429816001862795,3.8728024959564213
BWA,Botswana,Manufacturing,2001.0,25208.764,112.755,0.21014582099896276,223.57113805928785,62.502362651629575
BWA,Botswana,Services,2001.0,27477.824,314.15399461364746,0.5855008568860687,87.46609844176182,24.560943158920512
BWA,Botswana,Agriculture,2002.0,1258.072,111.879,0.20817447496856661,11.244934451365983,4.205674171447754
BWA,Botswana,Manufacturing,2002.0,28411.625,115.50699999999999,0.21492513411984573,245.97318777216967,70.51675933065023
BWA,Botswana,Services,2002.0,29077.195,310.0430004425049,0.5769003909115877,93.78439529678124,31.01609707696931
BWA,Botswana,Agriculture,2003.0,1511.259,114.137,0.21220025779929755,13.240746061339662,4.5450897216796875
BWA,Botswana,Manufacturing,2003.0,28920.473,116.66499999999999,0.2169002433580263,247.89330695795655,61.29542094564865
BWA,Botswana,Services,2003.0,30213.547,307.07199310302735,0.5708994988426761,98.39238860465824,32.135944351672464
BWA,Botswana,Agriculture,2004.0,1518.3997,125.444,0.21932072508062225,12.104203136085623,3.5981605052948
BWA,Botswana,Manufacturing,2004.0,28547.883,119.602,0.20910683142352432,238.69068086236015,61.63397679764523
BWA,Botswana,Services,2004.0,30900.275,326.92000984191895,0.5715724434958533,94.51937617879898,30.64504171824491
BWA,Botswana,Agriculture,2005.0,1480.393,137.994,0.22782866507861846,10.727951536559107,3.0091402530670166
BWA,Botswana,Manufacturing,2005.0,30402.555,122.434,0.20213904068463537,248.31790750526815,76.88120410235041
BWA,Botswana,Services,2005.0,32037.533,345.2640008392334,0.5700322942367462,92.79140925567494,30.91989153281635
BWA,Botswana,Agriculture,2006.0,1677.6948,150.999,0.23468987642741634,11.110635330159472,3.1995456218719482
BWA,Botswana,Manufacturing,2006.0,32806.67,125.43200000000002,0.1949524207447976,261.5494600660118,79.46986413347194
BWA,Botswana,Services,2006.0,35069.023,366.967012298584,0.570357702827786,95.56451196481379,30.516532044770305
BWA,Botswana,Agriculture,2007.0,1882.9626,160.295,0.24053510468299333,11.746858270590943,3.3931078910827632
BWA,Botswana,Manufacturing,2007.0,33488.535,125.077,0.1876877587475265,267.7433513455711,78.94818274916895
BWA,Botswana,Services,2007.0,38574.844,381.03800369262694,0.5717771365694803,101.23621102402501,30.52841108960664
BWA,Botswana,Agriculture,2008.0,1920.1295,168.616,0.24570028699147534,11.387587871860099,3.637108564376831
BWA,Botswana,Manufacturing,2008.0,33450.74,121.786,0.1774615407288977,274.6681743488578,71.09922756786257
BWA,Botswana,Services,2008.0,42333.676,395.8650046691895,0.576838172279627,106.93967711701814,31.24623072951075
BWA,Botswana,Agriculture,2009.0,2042.4875,175.347,0.2508903334232726,11.64826058517183,3.623591184616089
BWA,Botswana,Manufacturing,2009.0,24063.2,117.115,0.1675707106415654,205.46641522221748,53.35529558500727
BWA,Botswana,Services,2009.0,44342.387,406.436987487793,0.581538955935162,109.10027404944731,31.76287049796851
BWA,Botswana,Agriculture,2010.0,2161.2942,166.423,0.24900799701936743,12.986751767803279,3.733947515487671
BWA,Botswana,Manufacturing,2010.0,27265.19,112.697,0.16862124970762246,241.93358699100241,69.56068298678471
BWA,Botswana,Services,2010.0,48196.652,389.2239969482422,0.5823707532730101,123.82754589039135,35.60286512313132
BWA,Botswana,Agriculture,2011.0,2165.0776,181.305,0.24743766888027643,11.941632259004164,3.7856581211090092
BWA,Botswana,Manufacturing,2011.0,27984.418,124.22,0.16953038927943487,225.2810978002737,77.24422811261891
BWA,Botswana,Services,2011.0,52308.0,427.20498739624026,0.5830319418402888,122.4423907567432,33.69819983155551
BWA,Botswana,Agriculture,2012.0,1980.3538,191.822,0.24285415834055232,10.323913627037696,3.894735336303711
BWA,Botswana,Manufacturing,2012.0,28209.62,132.162,0.16732226373723597,213.44727789095958,63.517557070735535
BWA,Botswana,Services,2012.0,55967.98,465.88100091552735,0.5898235779222116,120.13364004706001,33.97664007298283
BWA,Botswana,Agriculture,2013.0,2006.7628,201.893,0.2402601425092449,9.939734499872767,3.382962465286255
BWA,Botswana,Manufacturing,2013.0,32468.203,140.93900000000002,0.16772262646605118,230.3706080290054,66.58325138378537
BWA,Botswana,Services,2013.0,61625.99,497.47799853515625,0.592017231024704,123.87681156294384,33.78195823366941
BWA,Botswana,Agriculture,2014.0,1999.6957,205.526,0.23854795773038767,9.72964821341795,3.242509603500366
BWA,Botswana,Manufacturing,2014.0,32866.906,144.599,0.1678317883861717,227.29691249593705,73.90485239959199
BWA,Botswana,Services,2014.0,65357.64,511.4459895629883,0.5936202538834406,127.78991713444793,34.554636510705286
BWA,Botswana,Agriculture,2015.0,2006.07,208.811,0.23564854362300983,9.60710856367271,3.4285354614257812
BWA,Botswana,Manufacturing,2015.0,29797.184,147.903,0.16691231088148623,201.46436241151295,66.26136354190672
BWA,Botswana,Services,2015.0,66325.984,529.3979902954102,0.597439145495504,125.28567465469473,35.632732361085225
BWA,Botswana,Agriculture,2016.0,2017.8374,212.152,0.23394181119072713,9.511281545042,3.280468225479126
BWA,Botswana,Manufacturing,2016.0,29722.676,151.462,0.16701843304126243,196.2385006222683,71.42782671600072
BWA,Botswana,Services,2016.0,70728.195,543.243987121582,0.5990397557680104,130.19600214492667,35.75326867829108
BWA,Botswana,Agriculture,2017.0,2061.29,216.026,0.23173857003797782,9.541860882775683,3.198603630065918
BWA,Botswana,Manufacturing,2017.0,28595.41,155.56900000000002,0.1668842528317803,183.81175013177432,64.4026733366413
BWA,Botswana,Services,2017.0,74322.234,560.6020009765625,0.6013771771302419,132.57575650021136,37.22711362501788
CMR,Cameroon,Agriculture,1965.0,98446.54,1716.0667724609375,0.7939581091054317,57.36754574026397,0.8645250797271729
CMR,Cameroon,Manufacturing,1965.0,294289.2,143.73655593395233,0.06650137744639865,2047.4206132727109,12.887611647983979
CMR,Cameroon,Services,1965.0,592248.5,301.6038702726364,0.13954051344816953,1963.6634618270443,12.834978490961955
CMR,Cameroon,Agriculture,1966.0,104307.67,1736.149658203125,0.7939351281500786,60.079885038802495,0.9177297949790955
CMR,Cameroon,Manufacturing,1966.0,297469.94,145.41868686676025,0.06649945368907233,2045.6101200566925,13.729206434846024
CMR,Cameroon,Services,1966.0,615530.75,305.19679057598114,0.13956541816084905,2016.8323160880645,14.628273815664459
CMR,Cameroon,Agriculture,1967.0,116605.4,1756.467529296875,0.7939116547080467,66.38631030325843,0.8628749251365662
CMR,Cameroon,Manufacturing,1967.0,319641.9,147.12049436569214,0.066497486105017,2172.653834723241,12.385223955538427
CMR,Cameroon,Services,1967.0,643491.9,308.8338735103607,0.13959085918693634,2083.6181850318053,13.917210011913351
CMR,Cameroon,Agriculture,1968.0,123387.74,1777.0233154296875,0.793890376165914,69.43507218849552,0.8643808364868164
CMR,Cameroon,Manufacturing,1968.0,329184.44,148.84222424030304,0.06649570006510191,2211.6334204233453,12.897330506588352
CMR,Cameroon,Services,1968.0,681045.1,312.5081310272217,0.1396139237689841,2179.287696487731,15.267149214625874
CMR,Cameroon,Agriculture,1969.0,144624.05,1797.8194580078125,0.7938686759398349,80.44414372690115,0.9846599698066711
CMR,Cameroon,Manufacturing,1969.0,294241.72,150.58410322666168,0.06649388630969964,1954.0025304470719,11.587738962842508
CMR,Cameroon,Services,1969.0,773352.2,316.22724294662476,0.13963743775046547,2445.558391155225,15.340974242527015
CMR,Cameroon,Agriculture,1970.0,150471.52,1829.9263916015625,0.7938728795187062,82.22817940414883,0.967024564743042
CMR,Cameroon,Manufacturing,1970.0,357225.25,153.27335822582245,0.0664942386790439,2330.641503095984,13.451751925945157
CMR,Cameroon,Services,1970.0,756224.5,321.86248219013214,0.13963288180224984,2349.5267135648305,15.013656719042771
CMR,Cameroon,Agriculture,1971.0,168546.56,1862.606689453125,0.7938554325267068,90.48961514762223,0.9855032563209534
CMR,Cameroon,Manufacturing,1971.0,347352.62,156.0106362104416,0.0664927769179064,2226.467588603758,12.929171519814934
CMR,Cameroon,Services,1971.0,814122.25,327.662126660347,0.13965179055538687,2484.6394616852235,14.75745206913103
CMR,Cameroon,Agriculture,1972.0,187305.42,1895.87060546875,0.7938307063545398,98.79652194337869,0.9759201407432556
CMR,Cameroon,Manufacturing,1972.0,369964.34,158.79680180549622,0.06649070721413047,2329.79719706921,12.167173764050087
CMR,Cameroon,Services,1972.0,886456.6,333.588161945343,0.13967858643132974,2657.338377448904,14.477548081141164
CMR,Cameroon,Agriculture,1973.0,224063.48,1929.7286376953125,0.7938205182283669,116.11139514548557,1.0110031366348267
CMR,Cameroon,Manufacturing,1973.0,419657.7,161.63272726535797,0.06648985396915137,2596.3658140287,11.883702581965217
CMR,Cameroon,Services,1973.0,1.052211e+06,339.5768551826477,0.13968962780248181,3098.5945712762104,15.207750688836942
CMR,Cameroon,Agriculture,1974.0,271316.16,1964.1912841796875,0.7938253744644733,138.1312290891825,1.0884811878204346
CMR,Cameroon,Manufacturing,1974.0,480544.8,164.5192927122116,0.06649025998424817,2920.902494642995,12.621111263734218
CMR,Cameroon,Services,1974.0,1.1188196e+06,345.6261568069458,0.13968436555127847,3237.0803047320633,14.644317519843245
CMR,Cameroon,Agriculture,1975.0,307000.5,1999.2694091796875,0.7937634542956026,153.55634342745444,1.0944112539291382
CMR,Cameroon,Manufacturing,1975.0,559777.6,167.45741295814514,0.06648507397089672,3342.8058818746513,13.413330457981743
CMR,Cameroon,Services,1975.0,1.1348718e+06,351.99509477615356,0.13975147173350067,3224.112400548383,13.901235334813629
CMR,Cameroon,Agriculture,1976.0,353720.62,2034.9739990234375,0.7937576695744102,173.8207098320405,0.9885960221290588
CMR,Cameroon,Manufacturing,1976.0,679503.75,170.4480024576187,0.0664845886381345,3986.5750270024796,12.11868390367197
CMR,Cameroon,Services,1976.0,1.2549069e+06,358.29999709129333,0.13975774178745531,3502.3915299677074,13.031043689337649
CMR,Cameroon,Agriculture,1977.0,407435.06,2110.611328125,0.7930723382567514,193.04125637473592,1.0591765642166138
CMR,Cameroon,Manufacturing,1977.0,751802.9,177.5665911436081,0.06672149900742011,4233.920751409677,12.41493744837537
CMR,Cameroon,Services,1977.0,1.4444702e+06,373.13206005096436,0.1402061627358285,3871.2038032934147,14.295438753428114
CMR,Cameroon,Agriculture,1978.0,427671.66,2189.06005859375,0.7923846157105763,195.36771253536818,1.126938819885254
CMR,Cameroon,Manufacturing,1978.0,762352.4,184.98272061347961,0.0669590865773551,4121.208578140286,14.217079695486035
CMR,Cameroon,Services,1978.0,1.5329052e+06,388.58033990859985,0.14065629771206867,3944.8862759257536,15.379959144482095
CMR,Cameroon,Agriculture,1979.0,482512.9,2270.424560546875,0.7916945062500447,212.5210036195951,1.0444574356079102
CMR,Cameroon,Manufacturing,1979.0,850930.75,192.70879697799683,0.06719734208512383,4415.630024908297,13.299115943041738
CMR,Cameroon,Services,1979.0,1.6808724e+06,404.67050194740295,0.14110815166483154,4153.68149373653,14.203928553772796
CMR,Cameroon,Agriculture,1980.0,544386.56,2354.813232421875,0.7910020066730159,231.1803564735833,1.0461822748184204
CMR,Cameroon,Manufacturing,1980.0,928222.6,200.757821559906,0.06743627797006503,4623.593829558561,13.272394304760386
CMR,Cameroon,Services,1980.0,1.8459622e+06,421.42927289009094,0.14156171535691905,4380.242115932531,14.194290056627526
CMR,Cameroon,Agriculture,1981.0,721414.4,2442.338623046875,0.7903071338147358,295.3785229420884,1.2737853527069092
CMR,Cameroon,Manufacturing,1981.0,1.2827335e+06,209.14329588413239,0.06767588948028669,6133.2757264696065,18.54046091198821
CMR,Cameroon,Services,1981.0,2.0811858e+06,438.8844950199127,0.1420169767049775,4741.989688894282,15.968306406339913
CMR,Cameroon,Agriculture,1982.0,731374.6,2533.1171875,0.7896098875966953,288.72514410666207,1.191796064376831
CMR,Cameroon,Manufacturing,1982.0,1.432791e+06,217.87927544116974,0.06791617499565501,6576.077495662833,19.494159557681627
CMR,Cameroon,Services,1982.0,2.418521e+06,457.06517267227173,0.1424739374076497,5291.413882750909,17.77129019649917
CMR,Cameroon,Agriculture,1983.0,828500.9,2627.269775390625,0.7889102672377826,315.3467081152021,1.254714846611023
CMR,Cameroon,Manufacturing,1983.0,1.6568655e+06,226.98043048381805,0.06815713930409448,7299.5962535991475,21.52175958355955
CMR,Cameroon,Services,1983.0,2.7704715e+06,476.00151538848877,0.14293259345812293,5820.299747867145,19.573035986325383
CMR,Cameroon,Agriculture,1984.0,913966.25,2724.921875,0.7882082709149284,335.41007483012703,1.3557088375091553
CMR,Cameroon,Manufacturing,1984.0,1.8622042e+06,236.4620579481125,0.06839878660090662,7875.277184674713,24.082617579126268
CMR,Cameroon,Services,1984.0,3.26161e+06,495.72502613067627,0.14339294248416498,6579.474160217642,22.746293636248044
CMR,Cameroon,Agriculture,1985.0,1.0477038e+06,2826.20361328125,0.7875039219650822,370.71066202608296,1.6034250259399414
CMR,Cameroon,Manufacturing,1985.0,1.761655e+06,246.3400433063507,0.06864110898774584,7151.313998143573,22.587194050324673
CMR,Cameroon,Services,1985.0,2.4789888e+06,516.2684552669525,0.14385496904717193,4801.74359814055,18.198200484301104
CMR,Cameroon,Agriculture,1986.0,833745.8,2931.25,0.7867972188630998,284.433539445629,1.2924702167510986
CMR,Cameroon,Manufacturing,1986.0,1.88867e+06,256.6309984922409,0.06888411288281637,7359.477269294508,24.342980914275305
CMR,Cameroon,Services,1986.0,2.578628e+06,537.6659781932831,0.14431866825408382,4795.966463537369,19.56906995312679
CMR,Cameroon,Agriculture,1987.0,860147.0,2946.780029296875,0.7820188256901699,291.8938609086603,1.415191888809204
CMR,Cameroon,Manufacturing,1987.0,2.0271395e+06,265.8713185787201,0.07055714178612722,7624.513658850335,26.677890762804928
CMR,Cameroon,Services,1987.0,2.6859275e+06,555.5188450813293,0.14742403252370287,4834.988990529698,21.525059509432875
CMR,Cameroon,Agriculture,1988.0,954622.8,2962.392578125,0.7768049235948041,322.24723338464935,1.6172184944152832
CMR,Cameroon,Manufacturing,1988.0,2.20492e+06,275.5145230293274,0.07224600803804229,8002.917507783411,28.715463912423715
CMR,Cameroon,Services,1988.0,2.732106e+06,575.6534056663513,0.15094906836715355,4746.0954336532295,22.317393841156548
CMR,Cameroon,Agriculture,1989.0,839696.44,2978.087646484375,0.7711317389958652,281.95826892175575,1.4179801940917969
CMR,Cameroon,Manufacturing,1989.0,2.248968e+06,285.58108401298523,0.07394699689219271,7875.059399584535,26.890250539551975
CMR,Cameroon,Services,1989.0,2.63028e+06,598.3012752532959,0.1549212641119421,4396.2466884036785,21.057235524546474
CMR,Cameroon,Agriculture,1990.0,828634.5,2993.865966796875,0.7649751610021525,276.77742062933856,1.4495614767074585
CMR,Cameroon,Manufacturing,1990.0,2.370091e+06,296.0926613807678,0.07565586897453658,8004.558400561376,27.04989386462802
CMR,Cameroon,Services,1990.0,2.5285118e+06,623.7187294960022,0.15936897002331102,4053.929488446133,20.54306535976998
CMR,Cameroon,Agriculture,1991.0,850865.7,3009.727783203125,0.7583108161656194,282.7051975426362,1.4316712617874146
CMR,Cameroon,Manufacturing,1991.0,2.5239275e+06,307.0724172592163,0.07736790571337547,8219.323384781308,24.69134048856061
CMR,Cameroon,Services,1991.0,2.3784762e+06,652.1894526481628,0.16432127812100514,3646.9100203052785,18.1673097342628
CMR,Cameroon,Agriculture,1992.0,876621.7,3025.673828125,0.7511144084991448,289.7277556329459,1.5539931058883667
CMR,Cameroon,Manufacturing,1992.0,2.7464705e+06,318.5449495315552,0.07907782363178747,8621.924485190853,26.057671562864694
CMR,Cameroon,Services,1992.0,2.2477258e+06,684.0275106430054,0.1698077678690677,3286.0165929394766,18.142709339997694
CMR,Cameroon,Agriculture,1993.0,1.0122989e+06,3041.7041015625,0.7433619531367959,332.8064930707724,1.713517427444458
CMR,Cameroon,Manufacturing,1993.0,2.901117e+06,330.536545753479,0.08077981421933106,8776.993156344392,23.675108671622677
CMR,Cameroon,Services,1993.0,2.2817648e+06,719.5804214477539,0.17585823264387307,3170.965582150251,16.95809643429673
CMR,Cameroon,Agriculture,1994.0,1.2738324e+06,3057.819580078125,0.7350301661344562,416.58192762551886,1.8521369695663452
CMR,Cameroon,Manufacturing,1994.0,2.7991218e+06,343.0752944946289,0.0824674851164933,8158.9137863257665,21.689200886360062
CMR,Cameroon,Services,1994.0,2.429659e+06,759.2331323623657,0.18250234874905052,3200.148803359092,14.630918066818865
CMR,Cameroon,Agriculture,1995.0,1.386462e+06,3074.020263671875,0.7260968003044412,451.02565405469716,2.009622573852539
CMR,Cameroon,Manufacturing,1995.0,2.7807598e+06,356.19121170043945,0.08413389533201117,7806.929701394902,22.222410547313473
CMR,Cameroon,Services,1995.0,2.7834088e+06,803.4117307662964,0.18976930436354764,3464.4860703554536,15.95920921512257
CMR,Cameroon,Agriculture,1996.0,1.4584245e+06,3090.306640625,0.7165411404743669,471.93520566135163,2.0768020153045654
CMR,Cameroon,Manufacturing,1996.0,2.7142595e+06,369.9165015220642,0.08577155043335782,7337.492349846156,21.22909663349074
CMR,Cameroon,Services,1996.0,2.923244e+06,852.5880365371704,0.1976873090922753,3428.6711456483768,16.02780308711753
CMR,Cameroon,Agriculture,1997.0,1.6288006e+06,3106.6796875,0.7063445319656337,524.2898492411764,2.2476143836975098
CMR,Cameroon,Manufacturing,1997.0,2.9241142e+06,384.2856798171997,0.08737240911695222,7609.219920427344,21.992849610683585
CMR,Cameroon,Services,1997.0,2.8528595e+06,907.2844200134277,0.20628305891741408,3144.3937943492715,14.313414249371675
CMR,Cameroon,Agriculture,1998.0,1.7792151e+06,3123.13916015625,0.6954907410307621,569.6880714437925,2.398561954498291
CMR,Cameroon,Manufacturing,1998.0,3.2483162e+06,399.33591175079346,0.08892797116663204,8134.295349893599,20.988109373324402
CMR,Cameroon,Services,1998.0,3.1445168e+06,968.0795478820801,0.2155812878026058,3248.2007877136016,14.281509500535758
CMR,Cameroon,Agriculture,1999.0,1.7898185e+06,3139.68603515625,0.6839667708765701,570.0628916263366,2.4057915210723877
CMR,Cameroon,Manufacturing,1999.0,3.3310145e+06,415.1070785522461,0.09042924830898161,8024.470485103407,23.26753256867337
CMR,Cameroon,Services,1999.0,3.1328412e+06,1035.6141529083252,0.22560398081444824,3025.104708353021,13.480630706495798
CMR,Cameroon,Agriculture,2000.0,1.7046e+06,3156.3203125,0.6717632555051328,540.0592561056808,2.2606306076049805
CMR,Cameroon,Manufacturing,2000.0,3.32325e+06,431.64229011535645,0.09186692138730228,7699.083421858088,26.258870736461265
CMR,Cameroon,Services,2000.0,3.2604442e+06,1110.5979194641113,0.23636982310756485,2935.755769804826,12.494167275179741
CMR,Cameroon,Agriculture,2001.0,1.7818996e+06,3173.04296875,0.6588752397243312,561.5743759379243,2.292952299118042
CMR,Cameroon,Manufacturing,2001.0,3.3711665e+06,448.98801136016846,0.09323135127124386,7508.3664033419445,23.32425744095921
CMR,Cameroon,Services,2001.0,3.5318745e+06,1193.816964149475,0.247893409004425,2958.4723672579526,12.732203855281062
CMR,Cameroon,Agriculture,2002.0,1.8756012e+06,3402.994140625,0.6588752368581232,551.1620568513597,2.219005584716797
CMR,Cameroon,Manufacturing,2002.0,3.4125092e+06,481.52627658843994,0.0932313505195601,7086.859878503928,22.21352675054047
CMR,Cameroon,Services,2002.0,3.7707528e+06,1280.3331851959229,0.24789341262231668,2945.133964814777,12.490309701506167
CMR,Cameroon,Agriculture,2003.0,1.8895815e+06,3740.33984375,0.6593398172148304,505.18978994848186,2.103752374649048
CMR,Cameroon,Manufacturing,2003.0,3.3931455e+06,529.2609281539917,0.0932970848119887,6411.101442600244,20.489230423821986
CMR,Cameroon,Services,2003.0,4.0351835e+06,1403.2552366256714,0.24736309797318096,2875.5877011392295,12.533971574791716
CMR,Cameroon,Agriculture,2004.0,1.9719889e+06,4078.472412109375,0.6625142212852442,483.5116376280924,1.8673657178878784
CMR,Cameroon,Manufacturing,2004.0,3.305748e+06,577.1069459915161,0.09374626582900648,5728.137605969132,19.136549670419683
CMR,Cameroon,Services,2004.0,4.2917705e+06,1500.4732685089111,0.24373951288574935,2860.2778803683245,12.521170604152084
CMR,Cameroon,Agriculture,2005.0,2.0250099e+06,4177.50537109375,0.6595434778900586,484.7414174526397,1.9104853868484497
CMR,Cameroon,Manufacturing,2005.0,3.2207248e+06,589.100399017334,0.09300702009452767,5467.191594798482,20.421870132709124
CMR,Cameroon,Services,2005.0,4.406789e+06,1567.3290061950684,0.24744950201541374,2811.6553592650953,12.049508649320936
CMR,Cameroon,Agriculture,2006.0,2.0860964e+06,4341.93017578125,0.6568816399614438,480.4536900745175,1.926261305809021
CMR,Cameroon,Manufacturing,2006.0,3.3228355e+06,614.3864402770996,0.09294925439160896,5408.380267151306,20.80558886474178
CMR,Cameroon,Services,2006.0,4.536716e+06,1653.5959033966064,0.2501691056469473,2743.5457421497326,11.356564405676977
CMR,Cameroon,Agriculture,2007.0,2.2095238e+06,4999.712890625,0.6588752423829469,441.93012645648014,1.885542631149292
CMR,Cameroon,Manufacturing,2007.0,3.0108138e+06,707.4631576538086,0.09323134541389407,4255.788753699761,16.709536253173532
CMR,Cameroon,Services,2007.0,4.7459135e+06,1881.0782508850098,0.247893412203159,2522.975053146855,10.626438783949535
CMR,Cameroon,Agriculture,2008.0,2.3249232e+06,5426.04443359375,0.6588752373996876,428.4747901447185,1.8114114999771118
CMR,Cameroon,Manufacturing,2008.0,3.0491595e+06,767.789421081543,0.09323134804353604,3971.348674881214,15.24940795342705
CMR,Cameroon,Services,2008.0,4.835293e+06,2041.480094909668,0.24789341455677635,2368.523216100206,10.05359063818339
CMR,Cameroon,Agriculture,2009.0,2.3915288e+06,5824.798828125,0.6588752415293113,410.5770552027514,1.7257884740829468
CMR,Cameroon,Manufacturing,2009.0,3.14026e+06,824.2134342193604,0.09323134438924356,3810.0082692467195,15.021488208992443
CMR,Cameroon,Services,2009.0,4.990621e+06,2191.506338119507,0.24789341408144508,2277.2560193836193,9.340059477086017
CMR,Cameroon,Agriculture,2010.0,2.5349e+06,6176.853515625,0.6588752344038115,410.38693787827475,1.7002367973327637
CMR,Cameroon,Manufacturing,2010.0,3.1315e+06,874.0295124053955,0.09323135127054805,3582.830963432659,14.843701677122814
CMR,Cameroon,Services,2010.0,5.1917e+06,2323.9624557495117,0.24789341432564044,2233.986176134503,9.255425123146587
CMR,Cameroon,Agriculture,2011.0,2.6142998e+06,6355.56396484375,0.6588752384266597,411.34032549450893,1.7740429639816284
CMR,Cameroon,Manufacturing,2011.0,3.176317e+06,899.3171615600586,0.09323135012435325,3531.9208125529335,15.179196778363137
CMR,Cameroon,Services,2011.0,5.469427e+06,2391.1999435424805,0.24789341144898702,2287.3147913750918,9.623357727313763
CMR,Cameroon,Agriculture,2012.0,2.683665e+06,6539.23876953125,0.6588752473760173,410.39409854617867,1.7993595600128174
CMR,Cameroon,Manufacturing,2012.0,3.3377315e+06,925.3072185516357,0.09323134450490873,3607.160338838037,16.057340898136655
CMR,Cameroon,Services,2012.0,5.752005e+06,2460.305181503296,0.24789340811907395,2337.923377654072,9.85679064955901
CMR,Cameroon,Agriculture,2013.0,2.7817545e+06,6731.42333984375,0.6588752511873062,413.2490796611479,1.820961833000183
CMR,Cameroon,Manufacturing,2013.0,3.5615132e+06,952.5014839172363,0.0932313454061884,3739.115697072723,16.235194617125984
CMR,Cameroon,Services,2013.0,6.10047e+06,2532.612112045288,0.24789340340650548,2408.766021052225,10.256627418865332
CMR,Cameroon,Agriculture,2014.0,2.911328e+06,6917.22509765625,0.6588752373160564,420.88091089972477,1.801087737083435
CMR,Cameroon,Manufacturing,2014.0,3.841541e+06,978.7926349639893,0.0932313493547604,3924.7751390582685,16.660475805753467
CMR,Cameroon,Services,2014.0,6.4418685e+06,2602.517810821533,0.2478934133291833,2475.2447315496006,10.602658594419648
CMR,Cameroon,Agriculture,2015.0,3.065863e+06,7108.70068359375,0.6588752424275275,431.2831748670667,1.8882203102111816
CMR,Cameroon,Manufacturing,2015.0,4.254819e+06,1005.8865089416504,0.09323134380423219,4229.919540800615,16.04300930994724
CMR,Cameroon,Services,2015.0,6.766854e+06,2674.5580444335938,0.24789341376824028,2530.0830595482757,11.009795258244376
CMR,Cameroon,Agriculture,2016.0,3.2189598e+06,7272.81640625,0.6560923870273664,442.60154116275237,1.9004108905792236
CMR,Cameroon,Manufacturing,2016.0,4.4270775e+06,1036.7629051208496,0.09352803799881637,4270.096352920691,15.694115701934587
CMR,Cameroon,Services,2016.0,7.101287e+06,2775.469913482666,0.2503795749738173,2558.5890754943507,11.263236857683461
CMR,Cameroon,Agriculture,2017.0,3.3236438e+06,7460.1748046875,0.6540091831094359,445.5182133147381,1.9028059244155884
CMR,Cameroon,Manufacturing,2017.0,4.477242e+06,1067.905662536621,0.0936198049346878,4192.544488775444,16.53044236856342
CMR,Cameroon,Services,2017.0,7.437255e+06,2878.75447845459,0.2523710119558763,2583.497500624841,11.247832272926328
DZA,Algeria,Agriculture,1999.0,547332.9,1373.842,0.22020795731242815,398.39579442177484,18.244949340820312
DZA,Algeria,Manufacturing,1999.0,4.4997485e+06,1446.4470000000001,0.2318455391745847,3110.897599428116,68.83959613301079
DZA,Algeria,Services,1999.0,2.3745908e+06,3418.550035461426,0.5479465035129872,694.6192758239049,25.80456013236201
DZA,Algeria,Agriculture,2000.0,522155.6,1382.475,0.22041773327433825,377.69622868406304,15.544339179992676
DZA,Algeria,Manufacturing,2000.0,4.6748375e+06,1467.441,0.23396446151563555,3185.7072958980975,92.82766636223569
DZA,Algeria,Services,2000.0,2.506932e+06,3422.151947814941,0.5456178052100261,732.5601078586493,24.971379373794335
DZA,Algeria,Agriculture,2001.0,588991.5,1445.473,0.21711335602175277,407.4731938957006,17.19948959350586
DZA,Algeria,Manufacturing,2001.0,4.68917e+06,1544.309,0.23195874964430122,3036.4195248489777,80.69282308521497
DZA,Algeria,Services,2001.0,2.6114912e+06,3667.9060689697267,0.5509278943339461,711.9842223041275,25.053109348597665
DZA,Algeria,Agriculture,2002.0,581923.6,1506.303,0.21673876429947903,386.3257425630832,16.525314331054688
DZA,Algeria,Manufacturing,2002.0,4.923588e+06,1604.664,0.2308917213043187,3068.298410134458,80.64421038956893
DZA,Algeria,Services,2002.0,2.769331e+06,3838.8880703125,0.5523695143962023,721.3888368916591,25.39749711199901
DZA,Algeria,Agriculture,2003.0,695398.7,1590.084,0.21717228600512206,437.3345606269857,18.11823272705078
DZA,Algeria,Manufacturing,2003.0,5.25563e+06,1689.798,0.23079113716437824,3110.2119898354713,86.27770652198204
DZA,Algeria,Services,2003.0,2.8972892e+06,4041.8809617919924,0.5520365768304998,716.8170654673287,25.274253411099792
DZA,Algeria,Agriculture,2004.0,732950.25,1627.611,0.20127339517618806,450.3227429649959,18.141347885131836
DZA,Algeria,Manufacturing,2004.0,5.479134e+06,1938.397,0.2397057683865109,2826.631489834126,82.61093512782026
DZA,Algeria,Services,2004.0,3.041534e+06,4520.560016479492,0.559020836437301,672.8223912329952,23.415196325943256
DZA,Algeria,Agriculture,2005.0,749808.1,1587.423,0.1865622173199556,472.3429892347534,17.303110122680664
DZA,Algeria,Manufacturing,2005.0,5.797462e+06,2119.814,0.2491315800173516,2734.8918348496613,94.92614733324864
DZA,Algeria,Services,2005.0,3.244748e+06,4801.575892578125,0.5643062026626928,675.7673048582781,23.197679264512118
DZA,Algeria,Agriculture,2006.0,810542.56,1546.531,0.1719032442273132,524.1036632954658,18.958162307739258
DZA,Algeria,Manufacturing,2006.0,5.8486945e+06,2323.777,0.2582973151917506,2516.891465919492,96.87032337324915
DZA,Algeria,Services,2006.0,3.4345395e+06,5126.212146850586,0.5697994405809362,669.9955837976962,23.62271510711455
DZA,Algeria,Agriculture,2007.0,830806.1,1417.677,0.15721062521679446,586.0334370946274,21.41285514831543
DZA,Algeria,Manufacturing,2007.0,5.949097e+06,2401.915,0.2663558475362138,2476.814125395778,94.71439541358248
DZA,Algeria,Services,2007.0,3.7315695e+06,5198.100016967774,0.5764335272469919,717.8718162057893,25.734100687532877
DZA,Algeria,Agriculture,2008.0,799235.5,1361.149,0.14398843089134025,587.1770834787375,20.607765197753906
DZA,Algeria,Manufacturing,2008.0,5.983113e+06,2598.245,0.2748539804395187,2302.7516650662274,94.69290376823655
DZA,Algeria,Services,2008.0,4.044224e+06,5493.78908959961,0.581157588669141,736.1447507433791,25.854738846930545
DZA,Algeria,Agriculture,2009.0,967874.2,1264.608,0.12959843101383214,765.3551041113136,29.171688079833984
DZA,Algeria,Manufacturing,2009.0,5.888079e+06,2748.963,0.2817167784128181,2141.9273376906126,67.48990117811259
DZA,Algeria,Services,2009.0,4.3617055e+06,5744.32491052246,0.5886847905733498,759.3068929666954,27.87240652072725
DZA,Algeria,Agriculture,2010.0,1.0153e+06,1187.005,0.11837257338473801,855.3460179190483,32.17170333862305
DZA,Algeria,Manufacturing,2010.0,5.9565e+06,2915.488,0.29074335595243744,2043.054198816802,76.84438076901256
DZA,Algeria,Services,2010.0,4.6781e+06,5925.209921875,0.5908840706628246,789.5247698700338,29.69600270577028
DZA,Algeria,Agriculture,2011.0,1.1330748e+06,1101.511,0.1077000399747411,1028.6549566913086,35.734249114990234
DZA,Algeria,Manufacturing,2011.0,5.9683185e+06,3035.953,0.29683975871456136,1965.879741880062,78.1197943604043
DZA,Algeria,Services,2011.0,5.0608825e+06,6090.118090576172,0.5954602013106975,830.9990750148494,32.00192175569153
DZA,Algeria,Agriculture,2012.0,1.2146561e+06,1053.448,0.10202347786307683,1153.0290294347703,41.72040557861328
DZA,Algeria,Manufacturing,2012.0,6.017017e+06,3073.81,0.2976898589112174,1957.5110367914738,76.7846278827315
DZA,Algeria,Services,2012.0,5.3163415e+06,6198.286885009766,0.6002866632257058,857.7114287590165,32.557831095791045
DZA,Algeria,Agriculture,2013.0,1.314258e+06,1051.132,0.09661377647805719,1250.326314868161,47.48318862915039
DZA,Algeria,Manufacturing,2013.0,5.979406e+06,3244.4480000000003,0.2982102855461347,1842.9655830514157,67.86486687027386
DZA,Algeria,Services,2013.0,5.670351e+06,6584.152045654297,0.6051759379758082,861.2120377357586,32.30675305790713
DZA,Algeria,Agriculture,2014.0,1.3471145e+06,956.158,0.09146170352899835,1408.882736953516,55.25699234008789
DZA,Algeria,Manufacturing,2014.0,6.114675e+06,3124.62,0.2988868660626997,1956.9339631699215,68.18967054163988
DZA,Algeria,Services,2014.0,6.060088e+06,6373.41171118164,0.609651430408302,950.8389344074636,35.21932493308917
DZA,Algeria,Agriculture,2015.0,1.4279412e+06,906.526,0.08655795704480256,1575.1795866858756,63.226043701171875
DZA,Algeria,Manufacturing,2015.0,6.272896e+06,3120.951,0.29799822906009715,2009.9309473298363,55.200141970008744
DZA,Algeria,Services,2015.0,6.355147e+06,6445.575171630859,0.6154438138951004,985.9705039157927,37.075111374470744
DZA,Algeria,Agriculture,2016.0,1.4536442e+06,894.441,0.08344097943257238,1625.1985877212694,68.88692474365234
DZA,Algeria,Manufacturing,2016.0,6.634942e+06,3196.8869999999997,0.29823250769503856,2075.4383874062487,53.12264512808229
DZA,Algeria,Services,2016.0,6.527495e+06,6628.117122558594,0.6183265128723889,984.8188979316419,37.36139796455163
DZA,Algeria,Agriculture,2017.0,1.4681808e+06,998.498,0.09386400728512656,1470.3892746905851,62.405540466308594
DZA,Algeria,Manufacturing,2017.0,6.7219305e+06,3128.127,0.29406021395816623,2148.8675172075814,60.546777377695776
DZA,Algeria,Services,2017.0,6.730316e+06,6511.084052490234,0.6120757787567073,1033.6705755512276,37.452429688506314
EGY,Egypt,Agriculture,1960.0,26527.242,5220.027743387801,0.6225084907155941,5.081820153370259,0.8808873295783997
EGY,Egypt,Manufacturing,1960.0,32226.902,842.1751295592263,0.10043264032153938,38.266271720249875,4.735112387363143
EGY,Egypt,Services,1960.0,22750.188,2323.2694880599793,0.2770588689628665,9.792315362862745,5.1151598884488045
EGY,Egypt,Agriculture,1961.0,24570.8,4717.162761920783,0.5918454491047399,5.208809197680728,0.914300799369812
EGY,Egypt,Manufacturing,1961.0,35264.19,999.4506472812964,0.12539747874999346,35.28357453384575,4.547060839827555
EGY,Egypt,Services,1961.0,23620.746,2253.6476936859112,0.2827570721452665,10.48111741685655,5.522294631569514
EGY,Egypt,Agriculture,1962.0,28088.443,4730.6262711295785,0.5850212571668056,5.937573959455487,1.028185248374939
EGY,Egypt,Manufacturing,1962.0,37521.61,1077.6253938464358,0.13326644856947895,34.81878729775639,4.72507733412558
EGY,Egypt,Services,1962.0,24677.094,2277.9951391819864,0.2817122942637153,10.832812294262133,5.638562159826735
EGY,Egypt,Agriculture,1963.0,29834.092,4743.517043165887,0.5728253936163654,6.289445473766723,1.1062668561935425
EGY,Egypt,Manufacturing,1963.0,42152.273,1216.931398727389,0.14695619329215776,34.63816734581827,4.53088754129997
EGY,Egypt,Services,1963.0,25420.95,2320.464199250443,0.2802184130914768,10.95511373412332,5.642378246713172
EGY,Egypt,Agriculture,1964.0,31421.64,4753.7973614878865,0.5681599944086947,6.60979806997187,1.3328217267990112
EGY,Egypt,Manufacturing,1964.0,43823.39,1250.666866832431,0.1494760558839324,35.04001887888153,4.635378636348362
EGY,Egypt,Services,1964.0,26837.807,2362.540503217215,0.2823639497073729,11.359723401176966,5.68956016293198
EGY,Egypt,Agriculture,1965.0,31745.521,4760.884722393959,0.5625405567369143,6.667987850042315,1.3301289081573486
EGY,Egypt,Manufacturing,1965.0,44900.117,1286.9033923604186,0.15205899596767183,34.890044935808966,4.664219185922027
EGY,Egypt,Services,1965.0,28768.082,2415.3967443250394,0.2854004472954138,11.910292625358728,5.63127047354859
EGY,Egypt,Agriculture,1966.0,31130.15,5282.592128987513,0.5933345368793439,5.8929687605072685,1.2143586874008179
EGY,Egypt,Manufacturing,1966.0,45139.46,1287.1930630192194,0.14457601141112403,35.06813564673943,4.842781371125113
EGY,Egypt,Services,1966.0,30049.352,2333.4419094720097,0.262089451709532,12.877694293790796,6.149847495309416
EGY,Egypt,Agriculture,1967.0,32128.775,5347.627097652223,0.6114406499621476,6.0080433440713445,1.2935936450958252
EGY,Egypt,Manufacturing,1967.0,40512.047,1131.9085063288942,0.1294209301002447,35.790920068612486,5.392719052457645
EGY,Egypt,Services,1967.0,31440.775,2266.4107081969782,0.25913841993760767,13.872496841332618,7.795531926203585
EGY,Egypt,Agriculture,1968.0,32468.848,5409.500850120676,0.605175867088029,6.002189214098317,1.4226278066635132
EGY,Egypt,Manufacturing,1968.0,43319.902,1242.7013892072328,0.13902445190080862,34.85946239376576,5.703541736313526
EGY,Egypt,Services,1968.0,32776.812,2286.5230871626936,0.2557996810111623,14.3347830966676,8.299854717522953
EGY,Egypt,Agriculture,1969.0,34590.254,5470.419575562167,0.5991789914708966,6.323144583054279,1.5414814949035645
EGY,Egypt,Manufacturing,1969.0,49828.05,1292.868464682064,0.14160881301195583,38.54069624438049,5.785032194750308
EGY,Egypt,Services,1969.0,34750.125,2366.5707389047,0.25921219551714775,14.683746582653644,8.201118595709506
EGY,Egypt,Agriculture,1970.0,34124.21,5530.3874596320375,0.5864199514095327,6.170311065288442,1.5589287281036377
EGY,Egypt,Manufacturing,1970.0,55363.625,1369.7453819476,0.14524226850076563,40.41891707003247,6.499324704323283
EGY,Egypt,Services,1970.0,36300.72,2530.6299527950564,0.2683377800897016,14.344538485330977,8.154331610778462
EGY,Egypt,Agriculture,1971.0,35485.504,5582.860579009315,0.5840752768046216,6.3561508305741965,1.6468205451965332
EGY,Egypt,Manufacturing,1971.0,52310.72,1391.9582424122334,0.14562577449886255,37.58066668677263,6.149667727486838
EGY,Egypt,Services,1971.0,37920.78,2583.641878288622,0.27029894869651583,14.677259092548205,8.034875016649329
EGY,Egypt,Agriculture,1972.0,36495.457,5635.139763022462,0.5825024387621317,6.476406720332222,1.77765154838562
EGY,Egypt,Manufacturing,1972.0,42842.883,1417.8516198536938,0.14656282915769864,30.216760493542264,5.667121504043671
EGY,Egypt,Services,1972.0,37955.59,2621.027793760466,0.2709347320801696,14.481185561673879,8.041198425723929
EGY,Egypt,Agriculture,1973.0,39127.047,5686.500544492881,0.5613660105715879,6.880689902138983,2.104992151260376
EGY,Egypt,Manufacturing,1973.0,58525.086,1418.2338389326956,0.14000671695887004,41.266175105188275,6.877992385096413
EGY,Egypt,Services,1973.0,45437.58,3025.021315005177,0.298627272469542,15.020581144209968,7.568279688740495
EGY,Egypt,Agriculture,1974.0,41412.133,5738.395345823884,0.5563187175188913,7.216674752574807,2.249439001083374
EGY,Egypt,Manufacturing,1974.0,50790.42,1489.251864798607,0.1443781122697163,34.104655549226685,7.225451703254172
EGY,Egypt,Services,1974.0,48335.61,3087.2948632598636,0.29930317021139247,15.65629831805654,7.522203686708309
EGY,Egypt,Agriculture,1975.0,42899.49,5790.097607009203,0.5359094818490683,7.409113143329056,2.5390260219573975
EGY,Egypt,Manufacturing,1975.0,71428.4,1771.3664709039895,0.1639509645636723,40.32389661358309,7.664925464941459
EGY,Egypt,Services,1975.0,53207.83,3242.7814208442005,0.3001395535872594,16.40808343818261,8.264591613337254
EGY,Egypt,Agriculture,1976.0,43565.73,5842.3293535951525,0.5259025666089001,7.456911076391348,2.62272310256958
EGY,Egypt,Manufacturing,1976.0,98608.27,1825.1921819147672,0.1642963268465521,54.02624140875528,7.574289697738172
EGY,Egypt,Services,1976.0,58967.28,3441.626288710415,0.3098011065445478,17.133551496695237,8.071419634088924
EGY,Egypt,Agriculture,1977.0,42288.77,5941.07593918053,0.5215695086055594,7.118032148413005,2.502382278442383
EGY,Egypt,Manufacturing,1977.0,119685.11,1863.8266732605605,0.16362611285398446,64.21472076350534,7.551734612886135
EGY,Egypt,Services,1977.0,64158.83,3585.862839059853,0.3148043785404561,17.892159015714405,7.7546342852332755
EGY,Egypt,Agriculture,1978.0,44649.832,6043.016179791057,0.5134598102899234,7.388666636466595,2.378065824508667
EGY,Egypt,Manufacturing,1978.0,139267.95,1960.185419021509,0.16655200043145638,71.04835684091569,7.703325179197596
EGY,Egypt,Services,1978.0,71821.41,3766.008101122642,0.3199881892786204,19.070964353101136,8.072496625082719
EGY,Egypt,Agriculture,1979.0,46519.984,6151.138633340175,0.5106866132843093,7.562824892753041,2.1927950382232666
EGY,Egypt,Manufacturing,1979.0,153165.53,2029.370623070688,0.16848464526182694,75.47440054012493,9.902694888132855
EGY,Egypt,Services,1979.0,79780.03,3864.3309123595577,0.32082874145386375,20.645237962109817,8.193011852714157
EGY,Egypt,Agriculture,1980.0,58703.105,6267.02826798366,0.5043994064194016,9.36697633368694,2.3340952396392822
EGY,Egypt,Manufacturing,1980.0,150349.81,2101.830960116037,0.1691650720792974,71.53278039624058,10.343697930175992
EGY,Egypt,Services,1980.0,98935.53,4055.8744020836575,0.3264355215013012,24.39314471847872,9.438828578050527
EGY,Egypt,Agriculture,1981.0,51657.637,6269.5208257392,0.4917113778299079,8.239487219927907,2.3116867542266846
EGY,Egypt,Manufacturing,1981.0,131122.86,2412.9883202029946,0.18924792573355836,54.34044511411857,8.772854404904226
EGY,Egypt,Services,1981.0,92939.42,4067.899139114702,0.31904069643653377,22.84703201742274,10.618152232094719
EGY,Egypt,Agriculture,1982.0,53736.137,6270.304240897182,0.48233613574109846,8.569940891904984,2.5914721488952637
EGY,Egypt,Manufacturing,1982.0,149066.84,2486.847454234113,0.19129795703202448,59.94209395361119,8.773840725284822
EGY,Egypt,Services,1982.0,108215.95,4242.712458241752,0.326365907226877,25.50631328191551,7.024477358313071
EGY,Egypt,Agriculture,1983.0,55943.39,6267.088262376881,0.47626649072529814,8.926536261000845,2.6500957012176514
EGY,Egypt,Manufacturing,1983.0,166460.75,2529.8888629650687,0.19225854818780105,65.79765318422147,9.390014763386091
EGY,Egypt,Services,1983.0,124576.19,4361.80768194701,0.33147496108690083,28.56067864147373,7.54351062316747
EGY,Egypt,Agriculture,1984.0,57730.21,6257.5247375320205,0.4699226430737792,9.225726362892319,2.6982269287109375
EGY,Egypt,Manufacturing,1984.0,183056.02,2563.2778564430037,0.19249501292539214,71.41481566849028,10.429267435675731
EGY,Egypt,Services,1984.0,133105.88,4495.2715083524345,0.3375823440008287,29.610197015393346,8.013296665533503
EGY,Egypt,Agriculture,1985.0,59648.42,6239.209704978445,0.4662202396020179,9.560252771661899,2.878523826599121
EGY,Egypt,Manufacturing,1985.0,189783.36,2557.7230805017634,0.19112392815962628,74.20011995112822,10.53387503672009
EGY,Egypt,Services,1985.0,139359.22,4585.604425483552,0.3426558322383558,30.390588855754725,8.322943274993625
EGY,Egypt,Agriculture,1986.0,61356.418,6211.21325162124,0.4639286695896274,9.878330606783603,3.566824913024902
EGY,Egypt,Manufacturing,1986.0,193041.61,2490.9836234175305,0.18605684132323128,77.49613749373214,11.662330430406344
EGY,Egypt,Services,1986.0,150197.77,4686.09675448714,0.35001448908714133,32.05178499167333,9.185305341351397
EGY,Egypt,Agriculture,1987.0,63224.098,6255.71513920628,0.44746087235164267,10.106613912134085,3.1522531509399414
EGY,Egypt,Manufacturing,1987.0,206077.2,2604.230019905816,0.18627623070753238,79.13172091167775,11.499101365358126
EGY,Egypt,Services,1987.0,158652.17,5120.528946543669,0.3662628969408249,30.98355141261127,8.004602814933218
EGY,Egypt,Agriculture,1988.0,64914.234,6288.374412613309,0.4389064025011955,10.322895889404125,3.0622875690460205
EGY,Egypt,Manufacturing,1988.0,209426.45,2712.8414691514863,0.18934678688868262,77.19819071864296,10.788809516175837
EGY,Egypt,Services,1988.0,161627.27,5326.154092283786,0.371746810610122,30.345961236674682,7.414243136144011
EGY,Egypt,Agriculture,1989.0,67037.56,6305.227953843667,0.4266038593733677,10.63206009215478,3.5105059146881104
EGY,Egypt,Manufacturing,1989.0,213696.38,2818.3854720744143,0.19068844590397926,75.82226672589013,11.770397476370364
EGY,Egypt,Services,1989.0,177025.17,5656.440282703603,0.382707694722653,31.29621511541663,7.907901892488694
EGY,Egypt,Agriculture,1990.0,69736.11,6305.349337848555,0.41767324165420355,11.059832792514971,3.7623231410980225
EGY,Egypt,Manufacturing,1990.0,224866.5,2906.8809847798802,0.19255497815609493,77.35662422279312,14.669743653622827
EGY,Egypt,Services,1990.0,184603.38,5884.138582585812,0.3897717801897015,31.373050177019316,8.755936785111718
EGY,Egypt,Agriculture,1991.0,74760.42,6505.324602636497,0.4158680914252232,11.492189312843955,3.940401554107666
EGY,Egypt,Manufacturing,1991.0,219362.2,2998.8418119128855,0.1917079772315946,73.1489744652701,16.116905925250677
EGY,Egypt,Services,1991.0,193892.12,6138.593241143541,0.39242393134318226,31.585758720817346,9.556243252826611
EGY,Egypt,Agriculture,1992.0,76622.54,6703.836283273552,0.41961066559982774,11.429655472595227,3.862140417098999
EGY,Egypt,Manufacturing,1992.0,224297.36,2990.9991485468327,0.1872144680295501,74.99078008229262,15.973824213195638
EGY,Egypt,Services,1992.0,200641.16,6281.489368433462,0.3931748663706221,31.941653401227967,9.524221658639185
EGY,Egypt,Agriculture,1993.0,79560.55,6902.372380233429,0.42131042308235744,11.52655094396825,4.3982625007629395
EGY,Egypt,Manufacturing,1993.0,237585.69,3044.302784130641,0.1858196607366326,78.04272582165217,18.242884498471184
EGY,Egypt,Services,1993.0,208538.34,6436.428604431506,0.3928699161810099,32.399698119298726,10.925613935030992
EGY,Egypt,Agriculture,1994.0,81867.49,7104.34280740056,0.41883655078502474,11.52358415224826,5.067174434661865
EGY,Egypt,Manufacturing,1994.0,248311.27,3174.977471304147,0.18718080601571566,78.20882758043766,20.795808872087328
EGY,Egypt,Services,1994.0,218677.9,6682.768617512447,0.3939826431992597,32.7226511594231,12.551848894409444
EGY,Egypt,Agriculture,1995.0,84381.34,7310.684453962095,0.41574953036325546,11.542194753634693,5.837864398956299
EGY,Egypt,Manufacturing,1995.0,259414.39,3305.212193510428,0.1879633057419319,78.48645576654458,22.859718551566917
EGY,Egypt,Services,1995.0,233069.1,6968.451427616063,0.39628716389481256,33.44632536668681,14.083400374089882
EGY,Egypt,Agriculture,1996.0,102201.0,6858.093727599906,0.3902930899133119,14.902246026282699,7.586380481719971
EGY,Egypt,Manufacturing,1996.0,251121.98,3442.937018429035,0.19593703158236958,72.9383032657343,26.990241899523905
EGY,Egypt,Services,1996.0,272945.62,7270.619649121942,0.41376987850431857,37.54090272525301,18.19607593963218
EGY,Egypt,Agriculture,1997.0,103563.25,6952.000300392692,0.3829583383377578,14.896899528924086,7.427401065826416
EGY,Egypt,Manufacturing,1997.0,282933.03,3654.0842193083017,0.2012891197219145,77.42925840487543,27.039611083133202
EGY,Egypt,Services,1997.0,289487.97,7547.326972964394,0.41575254194032774,38.35635712974771,17.863330712202618
EGY,Egypt,Agriculture,1998.0,110990.1,7046.640060479369,0.37705263604077716,15.750783438617917,7.71149730682373
EGY,Egypt,Manufacturing,1998.0,294401.62,3824.927789889439,0.20466478966790405,76.96919815798923,23.75305610599807
EGY,Egypt,Services,1998.0,310624.47,7817.175807472361,0.41828257429131876,39.7361497809832,17.442593818503624
EGY,Egypt,Agriculture,1999.0,111310.05,7142.018588733724,0.37042776101133934,15.585236231474891,7.908651351928711
EGY,Egypt,Manufacturing,1999.0,219596.31,3935.702982076804,0.2041290743706739,55.79595652925078,22.97314235542867
EGY,Egypt,Services,1999.0,334391.4,8202.741019883628,0.42544316461798665,40.7658129690341,18.01201408370443
EGY,Egypt,Agriculture,2000.0,111749.84,7237.272244937074,0.36934295519013605,15.440878823948626,7.594461441040038
EGY,Egypt,Manufacturing,2000.0,259910.7,3955.4136544624234,0.20185839618795068,65.71011930238285,24.67954724033583
EGY,Egypt,Services,2000.0,348262.72,8402.3060809169,0.4287986486219133,41.448468479500555,17.95127388711997
EGY,Egypt,Agriculture,2001.0,115896.21,7318.454425493355,0.3669359964905033,15.836159412810328,7.2903470993042
EGY,Egypt,Manufacturing,2001.0,279902.47,3988.9215101212503,0.19999836087522999,70.16996148953852,26.130545703404046
EGY,Egypt,Services,2001.0,361249.72,8637.395074832624,0.43306564263426683,41.82391978370867,18.651103034887214
EGY,Egypt,Agriculture,2002.0,115163.3,7399.366631280144,0.367184882236001,15.56393980913957,7.286472797393799
EGY,Egypt,Manufacturing,2002.0,266207.12,3874.758375234157,0.19228033541259543,68.70289685712667,27.653930009037467
EGY,Egypt,Services,2002.0,365933.3,8877.48522923703,0.4405347823514037,41.22037976417449,18.38566209609117
EGY,Egypt,Agriculture,2003.0,120045.99,7479.999095768313,0.36307468064618453,16.048931376932124,7.340340614318848
EGY,Egypt,Manufacturing,2003.0,259392.1,3883.022029543634,0.18847956600907087,66.80160240566185,29.090187615268274
EGY,Egypt,Services,2003.0,361131.06,9238.79854015119,0.44844575334474457,39.088530930785964,17.83837741727315
EGY,Egypt,Agriculture,2004.0,123712.516,7558.577101093297,0.35771941623832326,16.367169901211412,7.326775074005127
EGY,Egypt,Manufacturing,2004.0,300713.06,3968.141497942732,0.18779741758403462,75.78183959818558,32.163683481725556
EGY,Egypt,Services,2004.0,390765.88,9603.18589588115,0.454483166177642,40.69127467037801,18.471596698026858
EGY,Egypt,Agriculture,2005.0,127873.445,7634.17910547086,0.3493004787134796,16.750123824166298,7.5982794761657715
EGY,Egypt,Manufacturing,2005.0,302447.47,4223.513458457085,0.1932460913622869,71.61039540299907,31.760708894293224
EGY,Egypt,Services,2005.0,399233.2,9997.929087632805,0.45745342992423343,39.931588231991135,19.303826520546288
EGY,Egypt,Agriculture,2006.0,130681.17,7420.815324465649,0.33168865050468743,17.61008274173835,8.181550025939941
EGY,Egypt,Manufacturing,2006.0,357615.56,4507.499560381531,0.20147199208748384,79.33790291256958,34.97098122052672
EGY,Egypt,Services,2006.0,448270.22,10444.51973935344,0.4668393574078288,42.91917962115411,20.994848880858676
EGY,Egypt,Agriculture,2007.0,145899.83,7466.342,0.317576356443959,19.541005237236657,9.43628215789795
EGY,Egypt,Manufacturing,2007.0,357291.94,4904.57,0.20861292859667396,72.84877930175327,35.686206118503144
EGY,Egypt,Services,2007.0,488836.75,11139.47171875,0.473810714959367,43.88329737192009,22.914418927690484
EGY,Egypt,Agriculture,2008.0,150783.94,7626.446,0.3169210475888427,19.771193226832,10.38377571105957
EGY,Egypt,Manufacturing,2008.0,380948.25,5193.798,0.215831057234895,73.34675896136123,41.71717070270206
EGY,Egypt,Services,2008.0,524742.2,11243.938729492187,0.4672478951762623,46.668894248207906,26.946996907457677
EGY,Egypt,Agriculture,2009.0,155564.55,7420.241,0.29957975699472805,20.964891419968705,11.547905921936035
EGY,Egypt,Manufacturing,2009.0,397624.38,5537.193,0.22355485938703465,71.80973735248166,40.72717722742096
EGY,Egypt,Services,2009.0,546673.0,11811.399096191406,0.4768653836182372,46.28350930723144,26.888254443326932
EGY,Egypt,Agriculture,2010.0,160969.6,7247.767,0.28276397931194686,22.20954312548955,14.118491172790527
EGY,Egypt,Manufacturing,2010.0,412646.0,6057.257,0.23631748827399462,68.12423511170155,43.30622084221782
EGY,Egypt,Services,2010.0,576974.0,12326.836952148438,0.48091853241405846,46.80633014290333,29.75454024423405
EGY,Egypt,Agriculture,2011.0,165351.12,7363.844,0.29239122446433496,22.45445788911335,16.921894073486328
EGY,Egypt,Manufacturing,2011.0,414049.28,5469.0380000000005,0.21715543097626425,75.70788157807642,56.48139235250791
EGY,Egypt,Services,2011.0,592295.75,12352.018858398438,0.49045334455940076,47.95133142120194,34.396307697096695
EGY,Egypt,Agriculture,2012.0,170178.3,6949.153,0.27071371129088484,24.489070376634388,14.848094940185547
EGY,Egypt,Manufacturing,2012.0,415164.47,5935.099999999999,0.23120989678634654,69.95071165607993,57.08621574419001
EGY,Egypt,Services,2012.0,609505.0,12785.495927246095,0.4980763919227686,47.67159627348793,38.66390151144526
EGY,Egypt,Agriculture,2013.0,175287.66,7335.215,0.2795879989167884,23.89673053209756,14.527493476867676
EGY,Egypt,Manufacturing,2013.0,417999.5,5843.789000000001,0.22274102021575923,71.5288488342067,60.90301392483365
EGY,Egypt,Services,2013.0,629081.4,13056.796636718751,0.4976709808674523,48.18037628240887,39.47601341268635
EGY,Egypt,Agriculture,2014.0,180557.58,7366.824,0.2755275393777525,24.509555016517297,15.00924301147461
EGY,Egypt,Manufacturing,2014.0,425710.97,6048.282,0.22621257911452095,70.38543651734493,60.79464586736301
EGY,Egypt,Services,2014.0,651864.9,13322.054345703125,0.49825988150772665,48.93125775382019,39.902491089967434
EGY,Egypt,Agriculture,2015.0,186103.23,6804.756,0.2581510276038044,27.348994493704108,17.04707145690918
EGY,Egypt,Manufacturing,2015.0,431928.28,6196.217,0.23506497305798502,69.70838517275945,56.59163532298911
EGY,Egypt,Services,2015.0,685142.94,13358.619921875,0.5067839993382105,51.2884520636795,42.18935665276053
EGY,Egypt,Agriculture,2016.0,191866.58,6864.516,0.25573646777930364,27.95048888006088,18.00562858581543
EGY,Egypt,Manufacturing,2016.0,433543.2,6305.838,0.23492300644481104,68.75266816242346,50.194390861038755
EGY,Egypt,Services,2016.0,708832.94,13671.793541992189,0.5093405257758853,51.84637519012097,43.630526995887585
EGY,Egypt,Agriculture,2017.0,198085.34,6883.543,0.2504001618706175,28.776655241348823,18.416595458984375
EGY,Egypt,Manufacturing,2017.0,442728.47,6897.548,0.2509096167061576,64.1863556078189,50.38805166878667
EGY,Egypt,Services,2017.0,741235.9,13709.078928710936,0.49869022142322494,54.06897712490582,44.510932768020105
ETH,Ethiopia,Agriculture,1961.0,59128.777,8843.493245552056,0.9545003291855481,6.686133601502952,1.827928066253662
ETH,Ethiopia,Manufacturing,1961.0,2908.5146,60.160694959483465,0.00649329417102683,48.34576213583142,27.71857580058422
ETH,Ethiopia,Services,1961.0,7463.4814,361.39602871999847,0.03900637664342498,20.65180813343978,7.485112595516419
ETH,Ethiopia,Agriculture,1962.0,60190.26,9020.92042589626,0.9501269136978129,6.672297157833524,1.8177326917648315
ETH,Ethiopia,Manufacturing,1962.0,3181.2295,63.57297238828936,0.0066958125333292096,50.04059701278821,29.361604356424483
ETH,Ethiopia,Services,1962.0,8107.4204,409.9439193445325,0.043177273768857986,19.776901248149663,7.186757477944257
ETH,Ethiopia,Agriculture,1963.0,61526.95,9201.908179070118,0.9473627805590408,6.686325055785059,1.812687039375305
ETH,Ethiopia,Manufacturing,1963.0,3311.6453,65.59926053588057,0.0067536316005892645,50.48296637216691,29.042666599726605
ETH,Ethiopia,Services,1963.0,8634.73,445.6756914011678,0.045883587840370034,19.37447034996034,7.003597611372688
ETH,Ethiopia,Agriculture,1964.0,62824.324,9386.5268683158,0.9430017065808767,6.693031948889782,1.8821475505828855
ETH,Ethiopia,Manufacturing,1964.0,3652.789,74.04630589982284,0.007438938151366655,49.33114512750783,27.028055063841016
ETH,Ethiopia,Services,1964.0,9494.379,493.3079299335386,0.049559355267756705,19.246353707569913,7.223428129505561
ETH,Ethiopia,Agriculture,1965.0,63689.24,9574.849748515557,0.9360864850453926,6.651721954292192,2.0439062118530273
ETH,Ethiopia,Manufacturing,1965.0,4034.3428,80.48936697622695,0.00786905388546553,50.12267986439835,26.7204173629848
ETH,Ethiopia,Services,1965.0,10426.896,573.2561067234509,0.05604446106914173,18.18889735684076,6.706472474345196
ETH,Ethiopia,Agriculture,1966.0,64907.984,9766.951038431678,0.930923627955615,6.645675208117206,2.0829885005950928
ETH,Ethiopia,Manufacturing,1966.0,4517.4795,88.06511847770534,0.008393806753716532,51.297035310650834,27.889107780800572
ETH,Ethiopia,Services,1966.0,11485.554,636.6619411970195,0.060682565290668594,18.04027061731214,6.734884368232594
ETH,Ethiopia,Agriculture,1967.0,67070.27,9962.906884586508,0.9256421277626248,6.731998423197512,1.945967435836792
ETH,Ethiopia,Manufacturing,1967.0,5206.563,100.07043043854945,0.009297427671492792,52.02898564005338,27.629805629366572
ETH,Ethiopia,Services,1967.0,11875.501,700.2610745974112,0.06506044456588252,16.958676424203464,6.001766840792867
ETH,Ethiopia,Agriculture,1968.0,67648.8,10162.793433502391,0.9262355406416763,6.656515978371734,1.9885311126708984
ETH,Ethiopia,Manufacturing,1968.0,6119.4233,99.32064347510153,0.009052069247297095,61.61280400260208,26.69975237779432
ETH,Ethiopia,Services,1968.0,15330.218,710.0339216426252,0.06471239011102663,21.590824474937577,6.496191141068947
ETH,Ethiopia,Agriculture,1969.0,69075.83,10366.690687221791,0.9208873169015722,6.663247723802965,1.967366099357605
ETH,Ethiopia,Manufacturing,1969.0,6451.2607,107.22312015620477,0.009524776460454432,60.16669476498329,24.744623317784264
ETH,Ethiopia,Services,1969.0,16226.672,783.3708755098909,0.06958790663797346,20.713907527437968,6.002752938905514
ETH,Ethiopia,Agriculture,1970.0,70695.69,10574.678647787172,0.9156487079519919,6.685374549400003,1.995561480522156
ETH,Ethiopia,Manufacturing,1970.0,6314.504,112.01949166683605,0.009699633078839798,56.36968899154041,21.612505440223124
ETH,Ethiopia,Services,1970.0,17646.816,862.1399203290778,0.07465165896916826,20.46862230844644,5.827213422285426
ETH,Ethiopia,Agriculture,1971.0,72122.484,10848.310693894187,0.9106672338369608,6.648268694552884,1.9752540588378906
ETH,Ethiopia,Manufacturing,1971.0,6913.239,120.52686460755073,0.010117692006828017,57.358488433608116,21.944773180426456
ETH,Ethiopia,Services,1971.0,18694.043,943.6484636278215,0.07921507415621111,19.810388814581913,5.62468921395042
ETH,Ethiopia,Agriculture,1972.0,74686.86,11129.023402699264,0.9037209405955597,6.710998501169945,1.907928943634033
ETH,Ethiopia,Manufacturing,1972.0,7230.323,123.70211823523186,0.010045103743612624,58.44946994713803,23.377872313974894
ETH,Ethiopia,Services,1972.0,19658.424,1061.9425395014437,0.08623395566082769,18.511758496231025,5.531687064580399
ETH,Ethiopia,Agriculture,1973.0,75226.73,11416.998947528013,0.8975788030836279,6.589010554195413,1.8450945615768433
ETH,Ethiopia,Manufacturing,1973.0,7337.212,126.88173183827719,0.009975156651935853,57.82717344538198,23.447500788458736
ETH,Ethiopia,Services,1973.0,20576.506,1175.8926801481778,0.09244604026443623,17.498625688172574,5.3590428120181075
ETH,Ethiopia,Agriculture,1974.0,74814.11,11712.427212746283,0.8924994732519599,6.387583719075927,1.847782850265503
ETH,Ethiopia,Manufacturing,1974.0,7259.05,123.76637653927165,0.009431130188573708,58.65122667127748,23.18433451362102
ETH,Ethiopia,Services,1974.0,21884.934,1286.9819013063234,0.09806939655946628,17.004849541035632,5.154032475072948
ETH,Ethiopia,Agriculture,1975.0,73469.89,12015.50001047998,0.887470151124612,6.114592864293553,1.719819188117981
ETH,Ethiopia,Manufacturing,1975.0,7120.162,120.20923236007154,0.008878707129634024,59.23140818375294,25.574094300239373
ETH,Ethiopia,Services,1975.0,22331.227,1403.3376707421176,0.10365114174575392,15.912938865733382,4.974312074920114
ETH,Ethiopia,Agriculture,1976.0,75694.12,12340.402763125972,0.8841676573099673,6.133844951453251,1.8131462335586548
ETH,Ethiopia,Manufacturing,1976.0,6418.907,115.70765134924729,0.008290245058451185,55.47521837763287,25.01928866553884
ETH,Ethiopia,Services,1976.0,22694.703,1500.9741509916826,0.10754209763158164,15.119982652603163,4.7076651871228465
ETH,Ethiopia,Agriculture,1977.0,75752.64,12674.09128224254,0.879556361248205,5.976968205297351,1.8319759368896484
ETH,Ethiopia,Manufacturing,1977.0,6651.29,116.49837311312687,0.008084752024019447,57.093415653141356,22.134206495613363
ETH,Ethiopia,Services,1977.0,22684.645,1619.05120524405,0.11235888672777557,14.011072940605729,4.151340495958199
ETH,Ethiopia,Agriculture,1978.0,74648.61,13016.801718436955,0.8744311704782357,5.734788851340338,1.841534972190857
ETH,Ethiopia,Manufacturing,1978.0,6397.977,111.17186457818529,0.007468204999209562,57.5503260204983,22.159011690015458
ETH,Ethiopia,Services,1978.0,21560.111,1758.0485052847612,0.11810062452255463,12.263661249001082,3.7305582682642315
ETH,Ethiopia,Agriculture,1979.0,76477.23,13368.780824996815,0.868633126627246,5.720583467080531,1.758918046951294
ETH,Ethiopia,Manufacturing,1979.0,7182.5894,126.97979850211888,0.008250480042664586,56.564819287761715,20.537899940671068
ETH,Ethiopia,Services,1979.0,23824.195,1894.8345716273511,0.12311639333008936,12.573232338714897,3.7649513021895573
ETH,Ethiopia,Agriculture,1980.0,80124.38,13730.27631908975,0.8545281595702477,5.8355987126857665,1.8375812768936157
ETH,Ethiopia,Manufacturing,1980.0,8019.786,135.94504940553028,0.008460781864213467,58.99285165500299,22.713072335165098
ETH,Ethiopia,Services,1980.0,25359.773,2201.4484505951377,0.13701105856553883,11.519585403257688,3.5804002937252073
ETH,Ethiopia,Agriculture,1981.0,82177.05,14175.238040473185,0.8508130570136078,5.797225178185215,1.9775478839874268
ETH,Ethiopia,Manufacturing,1981.0,8215.637,139.43237111506764,0.008368881113414202,58.92201827343223,25.149242723598423
ETH,Ethiopia,Services,1981.0,26334.504,2346.1435282317475,0.14081806187297802,11.224592012108447,3.801463740281311
ETH,Ethiopia,Agriculture,1982.0,81123.47,14690.627583985577,0.845927310049318,5.522124108464476,1.9265484809875488
ETH,Ethiopia,Manufacturing,1982.0,8363.506,143.06051034633873,0.008237823197116844,58.4613170967137,27.09761259514882
ETH,Ethiopia,Services,1982.0,27384.504,2532.6120705476233,0.1458348667535651,10.812751082059199,4.02429452834467
ETH,Ethiopia,Agriculture,1983.0,84855.39,15272.313759819699,0.8464871943053288,5.556158153864551,2.2526323795318604
ETH,Ethiopia,Manufacturing,1983.0,8918.383,149.10459284017492,0.008264309549701665,59.812931598019965,29.386637139538955
ETH,Ethiopia,Services,1983.0,29282.979,2620.5719604398423,0.14524849614496957,11.17426995239241,4.581022843508011
ETH,Ethiopia,Agriculture,1984.0,74390.26,15891.909337221312,0.8444938684963876,4.6810144856708,1.6661840677261353
ETH,Ethiopia,Manufacturing,1984.0,9585.915,157.0632668499814,0.008346320319746617,61.032189329274956,25.46349749233206
ETH,Ethiopia,Services,1984.0,29256.455,2769.2923118323424,0.14715981118386565,10.564596215835028,3.7895591365040753
ETH,Ethiopia,Agriculture,1985.0,63079.434,16358.148710260031,0.849059238193113,3.856147459656349,1.3836251497268677
ETH,Ethiopia,Manufacturing,1985.0,9588.979,166.37816584949212,0.008635752202175183,57.633635198859665,21.797034846445946
ETH,Ethiopia,Services,1985.0,29249.777,2741.6773819960517,0.1423050096047117,10.668570100853728,3.435913366143695
ETH,Ethiopia,Agriculture,1986.0,70250.63,16833.58639042203,0.8524998430124036,4.173242182810859,1.4878979921340942
ETH,Ethiopia,Manufacturing,1986.0,9815.428,176.8338794180264,0.008955361676755702,55.50648872647204,20.9695242109763
ETH,Ethiopia,Services,1986.0,30531.238,2735.725759863209,0.1385447953108407,11.16019694999568,3.689040975263374
ETH,Ethiopia,Agriculture,1987.0,80909.52,17322.19067178952,0.8552982901368156,4.670859764248363,1.4125388860702515
ETH,Ethiopia,Manufacturing,1987.0,10184.485,188.47085843161813,0.00930591320760053,54.03745404628526,21.539952387957644
ETH,Ethiopia,Services,1987.0,32741.281,2742.144855044312,0.13539579665558388,11.940026140402752,3.7661549203684337
ETH,Ethiopia,Agriculture,1988.0,79193.93,17821.455466285322,0.8550750898249453,4.4437408514315395,1.3359464406967163
ETH,Ethiopia,Manufacturing,1988.0,10180.215,198.9755873028031,0.009546867174108487,51.16313504459039,20.044969916821064
ETH,Ethiopia,Services,1988.0,34474.477,2821.5460760857236,0.1353780430009462,12.21829296168212,3.8781573783226317
ETH,Ethiopia,Agriculture,1989.0,80964.02,18331.049199179222,0.8592937385689717,4.41676974175189,1.323607087135315
ETH,Ethiopia,Manufacturing,1989.0,10065.988,207.95829783195487,0.00974833798484712,48.403878980506164,18.514588281740586
ETH,Ethiopia,Services,1989.0,34881.098,2793.68512763998,0.13095792344618115,12.485694007225678,3.9312600491751994
ETH,Ethiopia,Agriculture,1990.0,81147.69,18851.68128617307,0.8640956181019879,4.304533174954453,1.2238675355911255
ETH,Ethiopia,Manufacturing,1990.0,9525.26,211.19618038850234,0.009680499646863511,45.10147744198295,16.599877243393504
ETH,Ethiopia,Services,1990.0,34491.848,2753.783665896613,0.12622388225114864,12.525256825147045,3.8280430284724454
ETH,Ethiopia,Agriculture,1991.0,81595.76,19375.764063673185,0.8710649757801086,4.211227879548786,1.016303300857544
ETH,Ethiopia,Manufacturing,1991.0,8310.044,204.15840657609576,0.00917823095363389,40.70390284034229,13.736461030695802
ETH,Ethiopia,Services,1991.0,32646.006,2663.841889947429,0.11975679326625775,12.255234059713382,3.4337380076476847
ETH,Ethiopia,Agriculture,1992.0,79367.86,19904.147673865755,0.8617884461183787,3.9875035432544745,0.9589472413063049
ETH,Ethiopia,Manufacturing,1992.0,7390.6924,188.6675742226397,0.00816872635223341,39.17309274401872,11.81490628660299
ETH,Ethiopia,Services,1992.0,31736.633,3003.511656173261,0.13004282752938795,10.56650895536569,2.622519696091128
ETH,Ethiopia,Agriculture,1993.0,84349.02,19477.97004650081,0.8485551828728933,4.3304832709018966,0.9896773099899293
ETH,Ethiopia,Manufacturing,1993.0,9858.88,265.46130421974306,0.011564786526013178,37.138670405429544,11.668303761846827
ETH,Ethiopia,Services,1993.0,38125.348,3210.844858583392,0.1398800306010937,11.873930175832507,2.8387688100844897
ETH,Ethiopia,Agriculture,1994.0,81264.984,20022.658651275524,0.8423410551426335,4.05865104082085,0.8051729798316956
ETH,Ethiopia,Manufacturing,1994.0,10460.717,284.5843240373186,0.011972289193042659,36.75788127916437,10.927055587991745
ETH,Ethiopia,Services,1994.0,41505.598,3463.00843180288,0.14568665566432396,11.985416285758719,2.7561296635284953
ETH,Ethiopia,Agriculture,1995.0,84027.98,20594.077577033448,0.8381725209505873,4.080201031009428,0.8742600083351135
ETH,Ethiopia,Manufacturing,1995.0,11361.142,320.63181919905384,0.013049614831729513,35.43360615282323,11.512114580547932
ETH,Ethiopia,Services,1995.0,44857.133,3655.5038501732806,0.1487778642176832,12.27112175257965,3.0973324406277847
ETH,Ethiopia,Agriculture,1996.0,87958.42,21141.72336573923,0.824872500666689,4.160418729985803,0.8670303821563722
ETH,Ethiopia,Manufacturing,1996.0,12243.447,357.3794378996762,0.013943634846006983,34.25895831494925,10.412981728480784
ETH,Ethiopia,Services,1996.0,49578.918,4131.189573245758,0.16118386448730396,12.001123911095965,2.969710234222856
ETH,Ethiopia,Agriculture,1997.0,90984.086,21667.022559836812,0.8259851635549795,4.199196529483157,0.932340383529663
ETH,Ethiopia,Manufacturing,1997.0,13168.074,396.0998028491165,0.01510002398976995,33.24433419060807,9.691353719076067
ETH,Ethiopia,Services,1997.0,53416.973,4168.610985384804,0.15891481245525063,12.814093913663447,3.120026048690325
ETH,Ethiopia,Agriculture,1998.0,81364.734,22173.31789526913,0.8289362651588126,3.6694884707515905,0.76673823595047
ETH,Ethiopia,Manufacturing,1998.0,13834.834,416.90591776716553,0.015585779089481937,33.18454690801848,9.089624841605136
ETH,Ethiopia,Services,1998.0,54353.805,4158.898920809874,0.15547795575170548,13.06927764354406,3.197809462720644
ETH,Ethiopia,Agriculture,1999.0,84129.34,22670.679990586334,0.8219847313654172,3.71093164320318,0.7329779863357544
ETH,Ethiopia,Manufacturing,1999.0,14660.207,455.47352629152147,0.016514382643496202,32.18673794416511,9.295217100794176
ETH,Ethiopia,Services,1999.0,57871.125,4454.261453759813,0.16150088599108664,12.992305368862297,3.289656158067602
ETH,Ethiopia,Agriculture,2000.0,86697.766,23227.785297903443,0.8136828633519573,3.732502453982361,0.708674430847168
ETH,Ethiopia,Manufacturing,2000.0,15532.135,504.9622695556434,0.01768912275135525,30.759000626508126,8.041412453967602
ETH,Ethiopia,Services,2000.0,63144.65,4813.736995601325,0.16862801389668747,13.117594188299034,2.9909602604722725
ETH,Ethiopia,Agriculture,2001.0,95049.47,23785.669420284536,0.8196171324114934,3.996081298806808,0.7673071026802063
ETH,Ethiopia,Manufacturing,2001.0,16360.342,544.342512867021,0.018757195417222657,30.055234361001883,9.142008474577468
ETH,Ethiopia,Services,2001.0,66472.41,4690.451987974497,0.1616256721712841,14.171855168845921,3.685296030810732
ETH,Ethiopia,Agriculture,2002.0,93265.84,24342.30628190722,0.8269930661029763,3.831430048981071,0.6110994815826416
ETH,Ethiopia,Manufacturing,2002.0,17605.623,586.9246861195214,0.01993987916035211,29.996392149179066,8.021422656602821
ETH,Ethiopia,Services,2002.0,69012.234,4505.485330883728,0.1530670547366716,15.317380771821002,3.62829032597547
ETH,Ethiopia,Agriculture,2003.0,83493.34,24896.672242179964,0.8297949027825428,3.3535945261208644,0.6172515749931335
ETH,Ethiopia,Manufacturing,2003.0,18714.053,625.9582205741783,0.020862906324777296,29.896648241489654,8.221323378988798
ETH,Ethiopia,Services,2003.0,72850.86,4480.774184218511,0.14934219089267997,16.25854291688789,4.059996612297671
ETH,Ethiopia,Agriculture,2004.0,97663.17,25445.90072189449,0.829164572585033,3.838070931046563,0.7430444359779358
ETH,Ethiopia,Manufacturing,2004.0,20946.262,701.3880908157121,0.022855003754575037,29.864011084632995,8.542309650666612
ETH,Ethiopia,Services,2004.0,77285.08,4541.3121758287125,0.14798042366039196,17.018226259879786,4.46110204134541
ETH,Ethiopia,Agriculture,2005.0,110891.4,25988.144926913923,0.821280351553044,4.266999385656739,0.9320688843727112
ETH,Ethiopia,Manufacturing,2005.0,22992.135,804.9526473789373,0.025438206346859532,28.563338278955044,8.396569609099373
ETH,Ethiopia,Services,2005.0,86850.83,4850.353870479012,0.1532814421000964,17.90608076115955,4.8723322882339835
ETH,Ethiopia,Agriculture,2006.0,122996.13,26324.15928854212,0.8127528281336396,4.672366986703177,0.972850501537323
ETH,Ethiopia,Manufacturing,2006.0,25368.516,918.8636281233787,0.028369719398844005,27.608575253773882,7.422307547709525
ETH,Ethiopia,Services,2006.0,98875.27,5145.86381165442,0.1588774524675164,19.21451423054881,4.649662212132507
ETH,Ethiopia,Agriculture,2007.0,134617.88,26905.382801961994,0.8023121614871608,5.003380772942706,1.1446337699890137
ETH,Ethiopia,Manufacturing,2007.0,27418.898,1014.9371663543183,0.030265186624737674,27.015365429950137,8.080540346355598
ETH,Ethiopia,Services,2007.0,113950.6,5614.4861750809705,0.1674226518881015,20.295820135465316,5.21013989422521
ETH,Ethiopia,Agriculture,2008.0,144705.16,27604.96114422683,0.7903439142069694,5.241998186266708,1.320862889289856
ETH,Ethiopia,Manufacturing,2008.0,30523.645,1170.989221566753,0.03352601005420328,26.06654610399416,6.986478052592925
ETH,Ethiopia,Services,2008.0,131900.55,6151.833157314366,0.17613007573882725,21.44085242594295,5.03042237930983
ETH,Ethiopia,Agriculture,2009.0,153898.36,28299.047298082518,0.779848440019339,5.4382876481296885,1.3955633640289307
ETH,Ethiopia,Manufacturing,2009.0,33725.812,1333.5895095669173,0.03675027246349681,25.289500448269457,6.358500451571923
ETH,Ethiopia,Services,2009.0,149494.06,6655.244075180499,0.18340128751716417,22.462596534589984,5.08681191850795
ETH,Ethiopia,Agriculture,2010.0,165643.89,28987.637408008948,0.7688333058125366,5.714294279782681,1.4557393789291382
ETH,Ethiopia,Manufacturing,2010.0,38102.43,1575.8951245329813,0.041797151011479114,24.178277535309785,6.15951296435639
ETH,Ethiopia,Services,2010.0,167921.28,7139.877541991129,0.18936954317598428,23.51879010002895,5.991506055999985
ETH,Ethiopia,Agriculture,2011.0,180551.84,29670.733401766178,0.7595381644326162,6.085183042332633,1.4968804121017456
ETH,Ethiopia,Manufacturing,2011.0,44006.055,1904.4791465651385,0.04875257296795283,23.10660884203852,5.677273575018429
ETH,Ethiopia,Services,2011.0,189792.1,7488.964594012224,0.19170926259943089,25.342901727930137,6.545082067688443
ETH,Ethiopia,Agriculture,2012.0,189398.88,30041.476360863908,0.7449154817743314,6.304579466232113,1.6959350109100342
ETH,Ethiopia,Manufacturing,2012.0,53190.25,2292.9802848048157,0.05685727602188002,23.19699403980165,4.986389440795954
ETH,Ethiopia,Services,2012.0,209107.89,7994.247879719071,0.19822724220378857,26.15729381565641,6.098737029627011
ETH,Ethiopia,Agriculture,2013.0,202846.2,30416.8517273843,0.7236051520696531,6.66887569242998,1.7575279474258423
ETH,Ethiopia,Manufacturing,2013.0,67451.97,2880.1617439075867,0.06851793523420871,23.419507217843343,5.226339888795432
ETH,Ethiopia,Services,2013.0,228037.62,8738.137384649526,0.20787691269613806,26.09682303697795,6.543603663451403
ETH,Ethiopia,Agriculture,2014.0,213799.89,31057.178436464368,0.7060917521743542,6.8840732284287816,1.8463834524154663
ETH,Ethiopia,Manufacturing,2014.0,80363.43,3489.774488887814,0.07934078714179155,23.02825868645504,6.2199712130049445
ETH,Ethiopia,Services,2014.0,257859.0,9437.66853613101,0.21456746068385432,27.322320021392674,6.981696733035415
ETH,Ethiopia,Agriculture,2015.0,227483.1,31680.4406134989,0.6889949546700024,7.180553342843042,1.8211511373519897
ETH,Ethiopia,Manufacturing,2015.0,100643.43,4317.024966454067,0.09388784888944714,23.31314515657454,5.809508352869166
ETH,Ethiopia,Services,2015.0,283815.38,9983.19131567323,0.2171171964405506,28.429323452353426,6.716265141095008
ETH,Ethiopia,Agriculture,2016.0,235602.4,32338.335,0.6803186822219807,7.285545351979315,1.8025453090667725
ETH,Ethiopia,Manufacturing,2016.0,123341.84,4894.674999999999,0.10297187056491539,25.19918968062231,7.286460859648277
ETH,Ethiopia,Services,2016.0,315015.16,10301.088129394531,0.21670944721310406,30.58076508937854,6.1036705053628015
ETH,Ethiopia,Agriculture,2017.0,251320.53,32975.13,0.6707496383363769,7.621517526996861,1.71737802028656
ETH,Ethiopia,Manufacturing,2017.0,148861.56,5338.512,0.10859108040679166,27.88446715114624,7.16966637506566
ETH,Ethiopia,Services,2017.0,338273.56,10847.964828125,0.22065928125683146,31.18313599459452,5.802471993368293
GHA,Ghana,Agriculture,1960.0,3259.9941,1858.5979514166675,0.6805647784747937,1.7540071741390628,3.4552602767944336
GHA,Ghana,Manufacturing,1960.0,2487.7173,375.6382345539408,0.13754784981389104,6.622641297711188,18.413040551706416
GHA,Ghana,Services,1960.0,3024.9087,496.72787535203474,0.18188737171131528,6.089669699455611,27.781969154127747
GHA,Ghana,Agriculture,1961.0,3372.5256,1884.7028690555633,0.6773905735969873,1.789420332583045,3.2685861587524414
GHA,Ghana,Manufacturing,1961.0,2573.5903,378.3103219735822,0.1359704228220129,6.802855176156062,17.538146276896548
GHA,Ghana,Services,1961.0,3129.3252,519.2854451146532,0.18663900358099975,6.026213953717836,25.492472970999874
GHA,Ghana,Agriculture,1962.0,3539.6172,1911.1745468641177,0.6789191788049178,1.852063796741043,3.2208759784698486
GHA,Ghana,Manufacturing,1962.0,2701.099,372.63912938244925,0.1323750633483606,7.248565456800275,17.79159898481499
GHA,Ghana,Services,1962.0,3284.3677,531.211449760779,0.18870575784672156,6.1827878093747834,24.901313339278406
GHA,Ghana,Agriculture,1963.0,3662.3784,1938.0180929226885,0.6662820572208261,1.8897545029858758,3.515580892562866
GHA,Ghana,Manufacturing,1963.0,2794.7788,391.2199682061489,0.13449969646524731,7.143752966926967,18.75698247642344
GHA,Ghana,Services,1963.0,3398.2761,579.4671515051127,0.19921824631392668,5.86448449100206,25.26628474197379
GHA,Ghana,Agriculture,1964.0,3733.9893,1965.238615311633,0.6823182494916916,1.9000182617622703,3.7209420204162598
GHA,Ghana,Manufacturing,1964.0,2849.4253,352.33034206104753,0.12232683622481222,8.08736845172147,22.353584927432156
GHA,Ghana,Services,1964.0,3464.7231,562.668551701248,0.19535491428349624,6.157662684462351,27.92742066246364
GHA,Ghana,Agriculture,1965.0,3761.2695,1992.8415140016148,0.6834145285893004,1.8873901937627702,3.5668458938598633
GHA,Ghana,Manufacturing,1965.0,2870.2432,341.20048694093197,0.11700949036782653,8.41218953054833,22.437607164522852
GHA,Ghana,Services,1965.0,3490.036,581.9649474540944,0.19957598104287316,5.9969864232195365,26.246754577856827
GHA,Ghana,Agriculture,1966.0,3688.0002,2020.8320430181438,0.6879935404123422,1.8249909768020798,3.4290757179260254
GHA,Ghana,Manufacturing,1966.0,2518.4734,327.71948860835903,0.11157230607499963,7.684844741356152,20.561151130861855
GHA,Ghana,Services,1966.0,3250.0742,588.731922818401,0.20043415351265825,5.520465415211587,24.153174931907884
GHA,Ghana,Agriculture,1967.0,3382.9958,2049.215748277037,0.673373983016584,1.6508734389991726,2.9243624210357666
GHA,Ghana,Manufacturing,1967.0,2702.133,383.60897754178956,0.12605422603521416,7.0439776304407795,17.958217668985203
GHA,Ghana,Services,1967.0,3323.775,610.3812785131947,0.2005717909482018,5.445407680982632,23.11463748235486
GHA,Ghana,Agriculture,1968.0,3601.3828,2077.998175694111,0.6726303753344599,1.733102008762368,2.936675786972046
GHA,Ghana,Manufacturing,1968.0,2633.9595,391.41559869578623,0.1266979076988682,6.729316566413596,16.687872250352143
GHA,Ghana,Services,1968.0,3370.2908,619.9474140055027,0.20067171696667183,5.436413952771905,21.847178037482767
GHA,Ghana,Agriculture,1969.0,3850.838,2107.1847252400294,0.6527723317566473,1.8274799757702074,3.451420545578003
GHA,Ghana,Manufacturing,1969.0,2823.2734,432.55542723901243,0.13399879539305187,6.52696338945708,15.311251419782646
GHA,Ghana,Services,1969.0,3458.0151,688.3144428642936,0.21322887285030093,5.023888678448847,19.980899367547334
GHA,Ghana,Agriculture,1970.0,4142.8833,2136.7812347209147,0.6444034326219658,1.9388429818939106,3.829087972640991
GHA,Ghana,Manufacturing,1970.0,3139.8394,455.08271156568793,0.1372423422176597,6.899491621350104,14.946315865334155
GHA,Ghana,Services,1970.0,3578.4968,724.0420941680901,0.2183542251603746,4.942387818326359,20.563119624735286
GHA,Ghana,Agriculture,1971.0,4357.861,2228.493168908595,0.6355623488109436,1.9555190478676732,3.6143486499786377
GHA,Ghana,Manufacturing,1971.0,3318.7935,477.60879137358813,0.1362131908202426,6.9487696143249424,15.559523586930766
GHA,Ghana,Services,1971.0,3833.3848,800.2309322779606,0.22822446036881375,4.790348149518259,20.45808351569634
GHA,Ghana,Agriculture,1972.0,4536.333,2324.141243874509,0.6473727796082359,1.9518318947991773,3.0845041275024414
GHA,Ghana,Manufacturing,1972.0,2894.833,456.09060167813556,0.12704074734689827,6.347056916238305,13.100733112822976
GHA,Ghana,Services,1972.0,3815.4805,809.8808639761469,0.22558647304486582,4.711162639425416,17.473126042448733
GHA,Ghana,Agriculture,1973.0,4563.712,2423.894755996215,0.6213627970897773,1.8828011830021991,3.4933524131774902
GHA,Ghana,Manufacturing,1973.0,3312.2617,583.4316881114258,0.14956208174423402,5.6772057230415855,12.115855939387519
GHA,Ghana,Services,1973.0,4040.5847,893.6067423476786,0.22907512116598866,4.521658717772735,15.648944722720284
GHA,Ghana,Agriculture,1974.0,4966.0347,2527.9297151283117,0.6138612744996366,1.9644670649858973,4.006617546081543
GHA,Ghana,Manufacturing,1974.0,3449.7598,609.6103871450837,0.14803267945371004,5.658958309061715,13.350231415309384
GHA,Ghana,Services,1974.0,4345.425,980.5396987188537,0.2381060460466534,4.431666367374123,14.349026341805974
GHA,Ghana,Agriculture,1975.0,3976.3333,2636.4297202733587,0.612536492129876,1.5082265312730727,3.201104879379272
GHA,Ghana,Manufacturing,1975.0,3249.74,680.5156356746512,0.1581080114179806,4.775408263783153,12.1776454226769
GHA,Ghana,Services,1975.0,4247.4424,987.1732625299193,0.22935549645214345,4.302631102393505,13.735870213082917
GHA,Ghana,Agriculture,1976.0,3910.49,2734.369717923046,0.6256530835276018,1.4301248161878701,2.949258327484131
GHA,Ghana,Manufacturing,1976.0,3178.0156,702.2064199006875,0.16067235129324506,4.52575700667827,9.604022156793931
GHA,Ghana,Services,1976.0,3991.9895,933.8486069979934,0.21367456517915304,4.2747715979210135,12.720669077495419
GHA,Ghana,Agriculture,1977.0,3730.4868,2835.948128238709,0.6066298601622403,1.3154284379394139,3.627668857574463
GHA,Ghana,Manufacturing,1977.0,3368.5498,781.1167412004096,0.167086532636645,4.312479335048892,8.312155452371078
GHA,Ghana,Services,1977.0,4550.3984,1057.8585302765625,0.2262836072011146,4.301518877302394,11.39443357667991
GHA,Ghana,Agriculture,1978.0,4403.604,2941.2998045417817,0.606297873785187,1.4971625799948935,3.756969928741455
GHA,Ghana,Manufacturing,1978.0,3029.602,796.1677658638657,0.16411615805848304,3.805230732362094,6.0635285727621335
GHA,Ghana,Services,1978.0,4811.9478,1113.7778845370046,0.22958596815633006,4.320383642656513,9.488215261115585
GHA,Ghana,Agriculture,1979.0,4569.712,3050.5654379598213,0.6322798731835182,1.4979884900022549,3.356661081314087
GHA,Ghana,Manufacturing,1979.0,2595.6711,715.9694439927098,0.14839644598928511,3.625393743206386,6.406263603319033
GHA,Ghana,Services,1979.0,4542.4717,1058.1726049397491,0.21932368082719678,4.292751162222861,9.614218810102816
GHA,Ghana,Agriculture,1980.0,4669.03,3163.889806084671,0.6366247021975733,1.475724526238857,3.153299570083618
GHA,Ghana,Manufacturing,1980.0,2610.6343,761.0101233308112,0.15312728091954628,3.430485610253711,5.894502078033994
GHA,Ghana,Services,1980.0,4421.0645,1044.8880715263565,0.21024801688288047,4.23113687829432,9.965158613093076
GHA,Ghana,Agriculture,1981.0,4549.3433,3333.873001533425,0.6537642345688933,1.3645820520536522,2.5711722373962402
GHA,Ghana,Manufacturing,1981.0,2175.563,664.0255304713149,0.13021376113100575,3.276324310508166,4.783960917179058
GHA,Ghana,Services,1981.0,4630.1455,1101.6049667326224,0.216022004300101,4.203090624714215,9.675075629387493
GHA,Ghana,Agriculture,1982.0,4300.97,3531.346134123686,0.6851093808581007,1.2179407091485945,2.2552402019500732
GHA,Ghana,Manufacturing,1982.0,1820.5073,573.1312346629741,0.11119204133973348,3.1764231542698713,3.2438592727497157
GHA,Ghana,Services,1982.0,4471.2275,1049.949402746769,0.2036985778021659,4.258517150793493,8.440151270453999
GHA,Ghana,Agriculture,1983.0,3999.5442,3744.412338757996,0.6979754055286701,1.0681366867783997,2.1921868324279785
GHA,Ghana,Manufacturing,1983.0,1585.3884,543.9148998726649,0.1013881988588986,2.9147729325038307,3.8037572086659197
GHA,Ghana,Services,1983.0,4604.3936,1076.3493804858135,0.20063639561243132,4.277787155513847,7.616835225835617
GHA,Ghana,Agriculture,1984.0,4389.077,3958.5348944102093,0.6809708335272417,1.108763031149543,1.860853672027588
GHA,Ghana,Manufacturing,1984.0,1722.9604,654.0317127782158,0.11251044451641465,2.6343683579193833,5.174186487906224
GHA,Ghana,Services,1984.0,4941.7256,1200.5089307257126,0.20651872195634366,4.116358870358596,9.244310814550197
GHA,Ghana,Agriculture,1985.0,4417.9727,4007.19359222356,0.658230361178051,1.1025104114818924,1.80331289768219
GHA,Ghana,Manufacturing,1985.0,1961.7432,774.8253628903537,0.12727450439503962,2.53185202500929,7.258171714587647
GHA,Ghana,Services,1985.0,5360.5312,1305.8096054705404,0.21449513442690935,4.105140004746991,9.268598782080714
GHA,Ghana,Agriculture,1986.0,4563.2383,4048.344287582501,0.6479527192704128,1.1271863154640367,1.9383958578109741
GHA,Ghana,Manufacturing,1986.0,2057.4905,824.9287339174015,0.13203294442757696,2.49414330465259,7.286410956475292
GHA,Ghana,Services,1986.0,5740.005,1374.627739131043,0.22001433630201034,4.175679509014554,10.123179651370437
GHA,Ghana,Agriculture,1987.0,4563.2383,4082.291422076331,0.6311622854404781,1.117812965672365,2.073895215988159
GHA,Ghana,Manufacturing,1987.0,2295.9692,883.9000262797122,0.1366596117245964,2.5975440321513075,6.431564328636012
GHA,Ghana,Services,1987.0,6280.0396,1501.703602165495,0.23217810283492546,4.18194345523662,8.946701798485382
GHA,Ghana,Agriculture,1988.0,4728.881,4114.151248990988,0.6206599406737674,1.1494183303384329,2.218059778213501
GHA,Ghana,Manufacturing,1988.0,2533.5525,939.286313051146,0.1417005238873956,2.6973165210983097,6.605235871992654
GHA,Ghana,Services,1988.0,6801.7637,1575.2345647988627,0.23763953543883712,4.317937038629862,9.509468326627603
GHA,Ghana,Agriculture,1989.0,4960.596,4147.541164890406,0.6122509158881674,1.196033021540204,2.1674015522003174
GHA,Ghana,Manufacturing,1989.0,2704.537,982.0991295273097,0.14497531613093845,2.7538331193478505,6.576011142994802
GHA,Ghana,Services,1989.0,7274.51,1644.6103555363757,0.24277376798089406,4.423242101775822,8.811645115972734
GHA,Ghana,Agriculture,1990.0,4901.0713,4185.850891899733,0.6114089697030669,1.1708661908016906,2.174164295196533
GHA,Ghana,Manufacturing,1990.0,2802.1108,963.1519657593656,0.14068340374760852,2.909313316548669,6.558405772226787
GHA,Ghana,Services,1990.0,7843.383,1697.2344390109308,0.24790762654932452,4.621272484354464,7.993499012608032
GHA,Ghana,Agriculture,1991.0,5750.9175,4226.507125080081,0.6298882424303546,1.3606785249083864,2.406728506088257
GHA,Ghana,Manufacturing,1991.0,2695.3862,899.485410482887,0.13405284021379157,2.99658693632589,7.341449872468707
GHA,Ghana,Services,1991.0,7537.199,1583.9392275265727,0.23605891735585385,4.758515407513356,10.0878898279305
GHA,Ghana,Agriculture,1992.0,5911.9424,4271.615561099909,0.6287758532853721,1.3840061911587893,2.3087503910064697
GHA,Ghana,Manufacturing,1992.0,2888.467,917.6700205774807,0.1350797472220171,3.1476096813078205,7.1095158118472135
GHA,Ghana,Services,1992.0,7906.3525,1604.2570436963326,0.23614439949261085,4.928357690638933,9.280455580604954
GHA,Ghana,Agriculture,1993.0,6249.513,4342.066205388702,0.6309315875619207,1.439294770733302,2.1361122131347656
GHA,Ghana,Manufacturing,1993.0,2927.514,925.8845758131913,0.1345372911615053,3.161856231857444,6.003473490100236
GHA,Ghana,Services,1993.0,8190.8643,1614.0413253710935,0.2345311212765739,5.074754982453309,8.342234211641655
GHA,Ghana,Agriculture,1994.0,6366.1997,4414.696394593406,0.6327150861221696,1.4420470034650203,2.243027448654175
GHA,Ghana,Manufacturing,1994.0,3010.3604,919.8388354146128,0.13183146833848694,3.272704125615217,6.242027567741745
GHA,Ghana,Services,1994.0,8606.609,1642.849206406354,0.23545344553934344,5.238831014701894,8.538764075054367
GHA,Ghana,Agriculture,1995.0,6604.381,4486.098309389893,0.6335164801612331,1.4721881697401304,2.3542864322662354
GHA,Ghana,Manufacturing,1995.0,3113.384,918.9024890766592,0.12976529499426234,3.3881549677066896,6.433411115491561
GHA,Ghana,Services,1995.0,9006.525,1676.2645669556046,0.2367182248445045,5.372973675022229,8.638888133228365
GHA,Ghana,Agriculture,1996.0,6949.197,4555.198085341892,0.6323141935804529,1.52555314766782,2.352811574935913
GHA,Ghana,Manufacturing,1996.0,3251.0352,931.747874204313,0.12933738438151415,3.4891790432323706,6.11397575603583
GHA,Ghana,Services,1996.0,9427.402,1717.06453332012,0.2383484220380329,5.490418188022993,8.116316904467388
GHA,Ghana,Agriculture,1997.0,7247.687,4623.077759814245,0.6254213540166754,1.5677190365947817,2.337510108947754
GHA,Ghana,Manufacturing,1997.0,3449.815,972.7469121894975,0.13159559984592173,3.5464671212795413,6.898863684342938
GHA,Ghana,Services,1997.0,10089.823,1796.1163452372225,0.24298304613740296,5.617577763791735,9.222818991382239
GHA,Ghana,Agriculture,1998.0,7618.2876,4691.781440620818,0.6233898547965621,1.623751595012106,2.3051681518554688
GHA,Ghana,Manufacturing,1998.0,3609.4097,992.1597839780762,0.1318267595148765,3.637931839463176,6.715782511698394
GHA,Ghana,Services,1998.0,10644.464,1842.2984222621221,0.24478338568856137,5.77781739297012,8.98735210056689
GHA,Ghana,Agriculture,1999.0,7913.719,4762.212236368793,0.6209058706088234,1.6617737399111583,2.37286376953125
GHA,Ghana,Manufacturing,1999.0,3781.4233,1017.675299778296,0.13268635177161903,3.7157464081790588,6.909143213565721
GHA,Ghana,Services,1999.0,11211.892,1889.8937653233743,0.2464077776195575,5.9325512403307314,9.310577309422468
GHA,Ghana,Agriculture,2000.0,8081.2593,4763.536834578035,0.616911241093199,1.6964830036964762,2.7835850715637207
GHA,Ghana,Manufacturing,2000.0,3928.8704,1035.443079481417,0.13409709999667277,3.7943856491810526,8.077314587228157
GHA,Ghana,Services,2000.0,11814.091,1922.6119735138705,0.2489916589101283,6.14481288115585,11.052174051229091
GHA,Ghana,Agriculture,2001.0,8405.956,4788.8011081352615,0.6082653089701525,1.7553362240096755,2.577929973602295
GHA,Ghana,Manufacturing,2001.0,4059.632,1053.3116503789604,0.1337898405033369,3.85416042689507,7.355395952935417
GHA,Ghana,Services,2001.0,12423.544,2030.7694156198393,0.25794485052651045,6.117653658635851,9.875298246905372
GHA,Ghana,Agriculture,2002.0,8772.044,4811.811112858206,0.5985309065781379,1.823023335615085,2.581148147583008
GHA,Ghana,Manufacturing,2002.0,4255.743,1086.2231036828246,0.13511297175736786,3.917927311280216,7.216288873456822
GHA,Ghana,Services,2002.0,13041.11,2141.3352796272125,0.26635612166449424,6.090176758229492,9.498441680429288
GHA,Ghana,Agriculture,2003.0,9304.199,4834.527475933179,0.5890553797678305,1.9245312525510196,2.8353331089019775
GHA,Ghana,Manufacturing,2003.0,4473.5986,1121.1761668505344,0.13660794276969176,3.9900943001483564,7.400023069586397
GHA,Ghana,Services,2003.0,13678.787,2251.5509583688186,0.27433667746247775,6.075273161609841,9.569129428496867
GHA,Ghana,Agriculture,2004.0,9952.848,4856.921008329566,0.5785611412874154,2.0492092910675255,3.1414544582366943
GHA,Ghana,Manufacturing,2004.0,4700.4307,1157.657120369131,0.1379012390013364,4.060296076755196,7.524767479462202
GHA,Ghana,Services,2004.0,14364.24,2380.249421457775,0.2835376197112482,6.034762619783633,9.610263532254402
GHA,Ghana,Agriculture,2005.0,10364.797,4881.704538552587,0.5629285475295025,2.1231921746073423,3.1871299743652344
GHA,Ghana,Manufacturing,2005.0,5024.736,1206.9458716500883,0.13917767474640347,4.1631824242243205,7.499775714961355
GHA,Ghana,Services,2005.0,15443.065,2583.328582471775,0.297893777724094,5.977971805240237,9.289484707726611
GHA,Ghana,Agriculture,2006.0,10833.946,4904.223,0.5492912138125602,2.209105558426381,3.071310520172119
GHA,Ghana,Manufacturing,2006.0,5365.829,1252.0539999999999,0.14023470413536887,4.285621148578656,7.41406467165622
GHA,Ghana,Services,2006.0,16596.146,2771.997978149414,0.31047408205207105,5.9870701981733,9.088791004316967
GHA,Ghana,Agriculture,2007.0,10647.855,4915.841,0.5371742371546886,2.1660292651348976,3.4362316131591797
GHA,Ghana,Manufacturing,2007.0,5830.2803,1271.115,0.13889998282305754,4.5867449235022,8.740202805672043
GHA,Ghana,Services,2007.0,17926.906,2964.3410280151365,0.32392578002225386,6.047518177084874,10.169556907574433
GHA,Ghana,Agriculture,2008.0,11436.249,4917.146,0.5252865560124375,2.3257900057141887,4.14753532409668
GHA,Ghana,Manufacturing,2008.0,6875.538,1300.977,0.1389801579577651,5.284903642368389,9.662463956304755
GHA,Ghana,Services,2008.0,19496.236,3142.7600146484374,0.3357332860297976,6.203539639442031,10.46961372622691
GHA,Ghana,Agriculture,2009.0,12262.58,4895.461,0.5136596994454221,2.504887706821686,4.149778366088867
GHA,Ghana,Manufacturing,2009.0,7202.0195,1306.6879999999999,0.13710516034116904,5.511659654982674,8.72066631946831
GHA,Ghana,Services,2009.0,20722.006,3328.404020385742,0.3492351402134089,6.225808445266042,9.662485466687002
GHA,Ghana,Agriculture,2010.0,12909.624,4855.884,0.49867799862688394,2.6585528038638278,4.19727897644043
GHA,Ghana,Manufacturing,2010.0,7660.163,1313.26,0.13486604467420177,5.83293718375455,9.208944448657816
GHA,Ghana,Services,2010.0,22817.914,3568.3700137939454,0.36645595669891434,6.394492155884823,10.095517540626057
GHA,Ghana,Agriculture,2011.0,13018.854,4787.214,0.48441540963490115,2.719505231148012,4.078854560852051
GHA,Ghana,Manufacturing,2011.0,10888.801,1336.813,0.1352713325538113,8.145343276322118,13.959096486997023
GHA,Ghana,Services,2011.0,24636.043,3758.429058959961,0.3803132578112876,6.554877738085425,10.33943042004362
GHA,Ghana,Agriculture,2012.0,13318.541,4721.389,0.468471849809377,2.820894659521806,4.192564010620117
GHA,Ghana,Manufacturing,2012.0,12175.2705,1382.86,0.13721194805753031,8.80441296140788,16.827198603386915
GHA,Ghana,Services,2012.0,27549.186,3974.027852539062,0.3943162021330927,6.9323081188959055,10.961558795300338
GHA,Ghana,Agriculture,2013.0,14074.776,4645.6,0.4537945370188853,3.0297004406723564,5.584751129150391
GHA,Ghana,Manufacturing,2013.0,13010.213,1400.511,0.13680563131454623,9.28961849683794,30.10432758761426
GHA,Ghana,Services,2013.0,32715.844,4191.1210974121095,0.40939983166656846,7.80598865783216,12.340707091200429
GHA,Ghana,Agriculture,2014.0,14207.486,4219.876,0.40440237172135535,3.3668018510792734,6.545955181121826
GHA,Ghana,Manufacturing,2014.0,13113.486,1645.6650000000002,0.15770862202084238,7.968502901942375,27.804458897013536
GHA,Ghana,Services,2014.0,34739.543,4569.303835449219,0.4378890062578023,7.602808703425754,11.358398177853719
GHA,Ghana,Agriculture,2015.0,14527.751,3728.531,0.3517760827650416,3.8963739275769735,7.343992233276366
GHA,Ghana,Manufacturing,2015.0,13409.12,1931.629,0.18224359217486846,6.9418714034566165,20.566953777961483
GHA,Ghana,Services,2015.0,36298.195,4939.000041503907,0.46598032506008996,7.3493004671948405,11.459165049572421
GHA,Ghana,Agriculture,2016.0,14950.088,3775.44,0.3469965341692214,3.9598266402392834,7.498534202575684
GHA,Ghana,Manufacturing,2016.0,14180.445,1972.2130000000002,0.18126392569964897,7.1901185685826015,17.79141354139905
GHA,Ghana,Services,2016.0,37086.168,5132.686220214844,0.4717395401311296,7.225489028081995,11.91616077512991
GHA,Ghana,Agriculture,2017.0,15863.336,3829.987,0.3426895008118155,4.141877227651165,7.391875743865967
GHA,Ghana,Manufacturing,2017.0,16066.272,2026.5170000000003,0.18132335674159153,7.928022543574763,20.230856265564412
GHA,Ghana,Services,2017.0,38196.445,5319.756115722656,0.475987142446593,7.18011211070552,12.158857225736169
KEN,Kenya,Agriculture,1969.0,247323.22,3539.341032209646,0.8694710187096236,69.87832381769485,2.6994097232818604
KEN,Kenya,Manufacturing,1969.0,105953.42,57.96719731971628,0.014240164382760752,1827.8168822035193,68.91360425313763
KEN,Kenya,Services,1969.0,289157.56,473.3749284468051,0.11628881690761562,610.8425797892542,20.362443626671165
KEN,Kenya,Agriculture,1970.0,255616.48,3637.0480192251102,0.8735112438724127,70.28130588978593,2.350980758666992
KEN,Kenya,Manufacturing,1970.0,114255.67,63.15012791164163,0.01516679089503818,1809.2706325926085,60.60781335474467
KEN,Kenya,Services,1970.0,310359.66,463.5124458734814,0.11132196523254904,669.5821417807508,19.137226839269093
KEN,Kenya,Agriculture,1971.0,260605.94,3746.4800138134447,0.8677107468353279,69.56021026113416,2.328709125518799
KEN,Kenya,Manufacturing,1971.0,125073.39,72.0045280648114,0.016676747932000035,1737.0211844513617,59.611783662724065
KEN,Kenya,Services,1971.0,336735.78,499.1754934243177,0.11561250523267202,674.583960322271,19.92429349676602
KEN,Kenya,Agriculture,1972.0,280763.3,3862.1653457739767,0.8711891087369139,72.69582924698298,2.5961530208587646
KEN,Kenya,Manufacturing,1972.0,136975.3,69.21891850785758,0.015613719901603245,1978.8708033548785,70.50524864854503
KEN,Kenya,Services,1972.0,353694.9,501.8269719944141,0.11319717136148294,704.8144599408598,21.469618007333512
KEN,Kenya,Agriculture,1973.0,284312.94,3982.5403988786325,0.8718416992999947,71.38984392476075,2.4352099895477295
KEN,Kenya,Manufacturing,1973.0,149179.72,73.81026259504527,0.016158245321193084,2021.1243464674262,68.59460921486405
KEN,Kenya,Services,1973.0,367248.66,511.61208001509317,0.1120000553788122,717.8263973735055,20.59814008341291
KEN,Kenya,Agriculture,1974.0,287363.6,4108.387122183961,0.8594066630786912,69.9455979204904,2.345975160598755
KEN,Kenya,Manufacturing,1974.0,151122.34,78.28686553515911,0.016376317973827173,1930.3665144459007,68.77768636952322
KEN,Kenya,Services,1974.0,385023.03,593.8185296024242,0.12421701894748158,648.3850066244686,18.72980379094219
KEN,Kenya,Agriculture,1975.0,289008.12,4238.141899461889,0.861878563463105,68.19217757590772,2.4477314949035645
KEN,Kenya,Manufacturing,1975.0,155179.62,72.583469593277,0.01476074609775677,2137.9471919646758,72.86563254686526
KEN,Kenya,Services,1975.0,392429.84,606.6053073601479,0.12336069043913826,646.927811195378,18.674790716146678
KEN,Kenya,Agriculture,1976.0,291468.66,4373.368628825514,0.8589335312244512,66.646258522295,2.6248748302459717
KEN,Kenya,Manufacturing,1976.0,177740.66,79.41053249465917,0.015596299987721194,2238.250401632228,71.2029674022534
KEN,Kenya,Services,1976.0,417660.0,638.8472216795291,0.12547016878782766,653.7713334683871,17.316347532217446
KEN,Kenya,Agriculture,1977.0,299816.75,4512.503412161738,0.85856440592509,66.44133480142261,3.2182211875915527
KEN,Kenya,Manufacturing,1977.0,196550.22,80.88261236893865,0.015389003773614912,2430.067637447887,75.8650298876341
KEN,Kenya,Services,1977.0,422024.8,662.4845671456512,0.12604659030129503,637.0334245193296,16.948007120727095
KEN,Kenya,Agriculture,1978.0,311164.53,4657.109865698635,0.8606309361967245,66.81494322086832,2.91764497756958
KEN,Kenya,Manufacturing,1978.0,217436.31,84.88029123139967,0.015685823743428362,2561.6819799454697,85.5404111485883
KEN,Kenya,Services,1978.0,452454.8,669.2839093720684,0.12368324005984717,676.028223843749,19.3253384513582
KEN,Kenya,Agriculture,1979.0,301682.44,4807.188271321229,0.856174777695785,62.75652636693679,2.6203155517578125
KEN,Kenya,Manufacturing,1979.0,187673.81,89.73176377302465,0.01598149865669914,2091.4980895139706,102.11405078327321
KEN,Kenya,Services,1979.0,489585.94,717.8077010564991,0.12784372364751584,682.0572373066033,19.71866864354115
KEN,Kenya,Agriculture,1980.0,298016.9,4912.140267223288,0.8479923144542036,60.66946179011733,2.487489938735962
KEN,Kenya,Manufacturing,1980.0,196141.12,94.3248188161163,0.016283476665369414,2079.422229078137,77.2599773107049
KEN,Kenya,Services,1980.0,508849.44,786.2056534175997,0.13572420888042697,647.2217991412997,18.577216001656012
KEN,Kenya,Agriculture,1981.0,316475.8,5038.081422011654,0.847507913999096,62.816732400810324,2.491900682449341
KEN,Kenya,Manufacturing,1981.0,201066.39,97.96736846340599,0.016480106836631824,2052.3812548879973,76.15879025167894
KEN,Kenya,Services,1981.0,538287.06,808.5345447279054,0.1360119791642722,665.7564182135826,18.853872526123414
KEN,Kenya,Agriculture,1982.0,330977.66,5168.4058889230655,0.8442367630946894,64.03863461253145,2.4977052211761475
KEN,Kenya,Manufacturing,1982.0,206088.9,103.49914388654614,0.016906137810328983,1991.2136324133355,72.29996331272525
KEN,Kenya,Services,1982.0,561392.0,850.0812568864436,0.13885709909498153,660.3980448365448,18.122907338289956
KEN,Kenya,Agriculture,1983.0,344662.88,5300.6810002004895,0.8370774999144759,65.02237636767119,2.5837526321411133
KEN,Kenya,Manufacturing,1983.0,214470.23,109.48835835929358,0.0172902767175899,1958.8405341799094,68.22162016485473
KEN,Kenya,Services,1983.0,584832.6,922.1965224274129,0.14563222336793422,634.1735311044104,17.66956877332924
KEN,Kenya,Agriculture,1984.0,333151.6,5434.054899301427,0.8339392734222294,61.30810231468735,2.530925750732422
KEN,Kenya,Manufacturing,1984.0,219692.4,106.72949348276383,0.016379281751308906,2058.4039058095877,74.37753789312826
KEN,Kenya,Services,1984.0,601554.06,975.3434266932908,0.14968144482646167,616.7612822690057,17.74416194822872
KEN,Kenya,Agriculture,1985.0,345067.88,5568.442456948634,0.8273296770852454,61.96847281225,2.489330768585205
KEN,Kenya,Manufacturing,1985.0,230326.33,114.98285692124179,0.01708354366996873,2003.136243890369,71.81615106047248
KEN,Kenya,Services,1985.0,625319.2,1047.195635890736,0.155586779244786,597.1369303579161,17.47801270405966
KEN,Kenya,Agriculture,1986.0,361624.38,5701.583519019755,0.8223606485092703,63.425252615114246,2.5536413192749023
KEN,Kenya,Manufacturing,1986.0,242107.23,128.97992312403102,0.018603255195881043,1877.0924071817155,66.85740445277546
KEN,Kenya,Services,1986.0,660413.5,1102.627645434722,0.15903609629484863,598.9451676949615,18.054737698857174
KEN,Kenya,Agriculture,1987.0,376778.22,5834.185616925008,0.817523489201774,64.58111611275515,2.3927180767059326
KEN,Kenya,Manufacturing,1987.0,255159.78,138.43994169524365,0.01939909211171752,1843.1081241835461,61.41799274236668
KEN,Kenya,Services,1987.0,695129.4,1163.7878826883016,0.16307741868650846,597.2990313271522,17.69632839348045
KEN,Kenya,Agriculture,1988.0,394493.0,5965.504010431009,0.8142534257224445,66.12903106094765,2.464949369430542
KEN,Kenya,Manufacturing,1988.0,269195.25,152.88926128279934,0.020868413555336588,1760.7204570245742,59.75867705443533
KEN,Kenya,Services,1988.0,732121.0,1207.9547938631085,0.16487816072221892,606.0831114868423,18.113079974339588
KEN,Kenya,Agriculture,1989.0,410140.47,6094.121945407184,0.8045751039948592,67.30099470016367,2.401561737060547
KEN,Kenya,Manufacturing,1989.0,284463.5,167.38034768951542,0.022098353438838095,1699.5035792832123,56.9324847387501
KEN,Kenya,Services,1989.0,772801.4,1312.8334216784392,0.1733265425663026,588.6515092005993,17.20379864019589
KEN,Kenya,Agriculture,1990.0,424379.9,6221.42798748171,0.7983510822211832,68.21262049547232,2.3615307807922363
KEN,Kenya,Manufacturing,1990.0,297351.94,181.97509233157123,0.02335155404716267,1634.025479477181,56.41858147726752
KEN,Kenya,Services,1990.0,809122.75,1389.4441098872303,0.17829736373165406,582.3355860392757,17.553011102750375
KEN,Kenya,Agriculture,1991.0,421365.03,6369.626783764337,0.792176249789454,66.15223239201791,2.1980342864990234
KEN,Kenya,Manufacturing,1991.0,305206.2,197.04298505656408,0.024505795747294987,1548.9320130446972,56.1117535368961
KEN,Kenya,Services,1991.0,835326.6,1473.9989402665883,0.18331795446325108,566.7077513969734,17.580729547351932
KEN,Kenya,Agriculture,1992.0,407334.3,6513.481168057228,0.7846267250099502,62.537113716948895,2.0819077491760254
KEN,Kenya,Manufacturing,1992.0,304747.47,216.91221284268514,0.026129670875855358,1404.9345804748075,45.73151512574378
KEN,Kenya,Services,1992.0,857134.9,1570.9822419793963,0.18924360411419444,545.6044327528697,16.642741630314617
KEN,Kenya,Agriculture,1993.0,394006.53,6653.071195707196,0.7752763805241721,59.22175182857315,2.353046417236328
KEN,Kenya,Manufacturing,1993.0,305868.97,241.35987950609183,0.02812544887659856,1267.273456449832,39.92901960353887
KEN,Kenya,Services,1993.0,884649.1,1687.1165674596232,0.19659817059922932,524.3556622362265,15.699251402239275
KEN,Kenya,Agriculture,1994.0,406131.75,6785.13432944658,0.7597255126597987,59.85611047336857,2.725601196289062
KEN,Kenya,Manufacturing,1994.0,311442.7,273.1859464899875,0.030588389731332894,1140.0391985808635,41.05219801825123
KEN,Kenya,Services,1994.0,914457.1,1872.7136519511878,0.20968609760886847,488.30589986206564,16.279373547241182
KEN,Kenya,Agriculture,1995.0,425578.47,6909.188545884355,0.7399030718141665,61.596013182113445,2.3860943317413326
KEN,Kenya,Manufacturing,1995.0,322721.9,319.1904561894582,0.03418201681137017,1011.0637708366997,30.946932188549937
KEN,Kenya,Services,1995.0,948984.44,2109.5854004035723,0.22591491137446335,449.84404865451546,13.965081756936737
KEN,Kenya,Agriculture,1996.0,444624.3,7024.121526715858,0.7232769352718629,63.29963267419221,2.3319156169891357
KEN,Kenya,Manufacturing,1996.0,333700.88,357.6296402926021,0.03682528401728144,933.0906541386662,29.387894590392
KEN,Kenya,Services,1996.0,993813.6,2329.773124963681,0.2398977807108557,426.57098854442864,13.383904031902226
KEN,Kenya,Agriculture,1997.0,430772.1,7132.109988096338,0.7099018479209628,60.3989695151882,2.346348285675049
KEN,Kenya,Manufacturing,1997.0,335077.75,396.55829907630766,0.03947183509403585,844.9646641628416,26.24421494622572
KEN,Kenya,Services,1997.0,1.02306806e+06,2517.9459158803847,0.25062631698500126,406.310578812528,12.755423465208487
KEN,Kenya,Agriculture,1998.0,465634.25,7233.322497270145,0.6981850663740787,64.37349505372259,2.3252179622650146
KEN,Kenya,Manufacturing,1998.0,337518.22,447.25697386741024,0.04317077527011099,754.6404829230402,22.67507152282342
KEN,Kenya,Services,1998.0,1.0569591e+06,2679.5998647444617,0.2586441583558103,394.4466257467871,11.951983137861951
KEN,Kenya,Agriculture,1999.0,497728.8,7329.195540319529,0.6863814908057481,67.91042888157145,2.4092063903808594
KEN,Kenya,Manufacturing,1999.0,337141.0,495.90622384609105,0.04644177541052336,679.8482934641182,20.09746774369966
KEN,Kenya,Services,1999.0,1.0698258e+06,2852.9186056956573,0.2671767337837286,374.99343579735006,11.161425885760451
KEN,Kenya,Agriculture,2000.0,490959.34,7487.363482360592,0.6824390786338641,65.57172560229598,2.3201751708984375
KEN,Kenya,Manufacturing,2000.0,335343.25,517.9626202220245,0.047209933662744674,647.4275109973288,19.161480097375584
KEN,Kenya,Services,2000.0,1.0767666e+06,2966.1491789166753,0.27035098770339117,363.01836490680716,10.061298651069452
KEN,Kenya,Agriculture,2001.0,538238.9,7588.739484848312,0.6774945419112363,70.92599186922261,2.2571709156036377
KEN,Kenya,Manufacturing,2001.0,343424.2,542.1530285866982,0.04840141349976469,633.4451149249302,18.72670727682184
KEN,Kenya,Services,2001.0,1.087158e+06,3070.289216295545,0.274104044588999,354.08976920803235,10.644235310420244
KEN,Kenya,Agriculture,2002.0,519642.9,7687.300019716418,0.6723241474849562,67.59758366620501,2.0201621055603027
KEN,Kenya,Manufacturing,2002.0,342614.6,571.2269505222425,0.04995898059725597,599.7871659184946,17.4365067117329
KEN,Kenya,Services,2002.0,1.1130332e+06,3175.3922909885705,0.2777168719177879,350.51834482267634,10.240523846773637
KEN,Kenya,Agriculture,2003.0,532042.56,7786.844897088298,0.6680008373013112,68.32581996065498,1.9537994861602783
KEN,Kenya,Manufacturing,2003.0,358748.62,599.8045644545698,0.05145472351999996,598.1091946611424,16.401364910040193
KEN,Kenya,Services,2003.0,1.1464778e+06,3270.289365879488,0.2805444391786889,350.5737938549895,9.937934208000138
KEN,Kenya,Agriculture,2004.0,541343.75,7892.414221192896,0.6575164718160735,68.59038753267296,1.9454567432403564
KEN,Kenya,Manufacturing,2004.0,373904.97,644.186694725716,0.05366714807866376,580.4295118346126,16.71990588009017
KEN,Kenya,Services,2004.0,1.194162e+06,3466.7701926315503,0.2888163801052625,344.459521008382,9.573849712821037
KEN,Kenya,Agriculture,2005.0,578824.75,8007.132969406165,0.6534572306196131,72.28863966810427,2.010389566421509
KEN,Kenya,Manufacturing,2005.0,393303.75,688.2229264218684,0.056165452636652395,571.4772567150892,17.73069151853063
KEN,Kenya,Services,2005.0,1.2417558e+06,3558.136137328812,0.2903773167437344,348.990511344577,10.096637267919649
KEN,Kenya,Agriculture,2006.0,545632.06,8161.564243569214,0.6504167843609864,66.85385867420241,1.9404349327087402
KEN,Kenya,Manufacturing,2006.0,417651.88,709.9175887792585,0.05657522277288125,588.3103639088234,18.711119024878947
KEN,Kenya,Services,2006.0,1.3060464e+06,3676.724855748743,0.2930079928661323,355.2200467103029,11.024381758343736
KEN,Kenya,Agriculture,2007.0,618711.94,8301.548910252768,0.6430793881633181,74.52969851636533,2.0544464588165283
KEN,Kenya,Manufacturing,2007.0,456067.8,740.8147326820574,0.0573872045067604,615.6300521303685,19.50839039253432
KEN,Kenya,Services,2007.0,1.3749795e+06,3866.69403027501,0.29953340732992145,355.5956300742543,11.157051199424254
KEN,Kenya,Agriculture,2008.0,620502.75,8450.158131130325,0.6362764545518155,73.43090393942713,2.2693824768066406
KEN,Kenya,Manufacturing,2008.0,439391.47,771.6320443408641,0.05810202528435999,569.43133968125,18.490302730528143
KEN,Kenya,Services,2008.0,1.459e+06,4058.849192337105,0.3056215201638246,359.46149533087254,11.107346086429642
KEN,Kenya,Agriculture,2009.0,624098.8,8440.236905825968,0.6255604007298747,73.94328138694884,2.566882610321045
KEN,Kenya,Manufacturing,2009.0,496671.8,804.2453339433596,0.05960780947267804,617.5625664680313,19.03939326763191
KEN,Kenya,Services,2009.0,1.5274414e+06,4247.799074678155,0.31483178979744725,359.5841865744863,11.2538017101077
KEN,Kenya,Agriculture,2010.0,786952.0,8527.045090273878,0.618291094877178,92.28894554546376,2.993267297744751
KEN,Kenya,Manufacturing,2010.0,525412.1,852.0038317251465,0.061778303782837406,616.6781244823042,20.00112074645261
KEN,Kenya,Services,2010.0,1.587125e+06,4412.262583090263,0.3199306013399846,359.70773953539464,11.666634048556087
KEN,Kenya,Agriculture,2011.0,805554.9,8579.130113696632,0.6095456740070776,93.89703435246038,3.438850164413452
KEN,Kenya,Manufacturing,2011.0,561956.5,889.0549588744761,0.063167197251304,632.082971238836,21.494510052492682
KEN,Kenya,Services,2011.0,1.6875234e+06,4606.44539326174,0.3272871287416184,366.33960265077525,11.916638851891037
KEN,Kenya,Agriculture,2012.0,830252.8,8724.176871641,0.6013895631276255,95.16689364687663,3.582576274871826
KEN,Kenya,Manufacturing,2012.0,582546.4,935.9796384211143,0.06452051513033442,622.3921451781645,21.15413357382476
KEN,Kenya,Services,2012.0,1.774723e+06,4846.541654550988,0.3340899217420401,366.18337909744446,12.256535811562935
KEN,Kenya,Agriculture,2013.0,875493.8,9211.04022852606,0.6018852717072105,95.04831059022477,3.5917072296142583
KEN,Kenya,Manufacturing,2013.0,612347.75,997.9268058250229,0.0652084272531742,613.6199032089828,20.10022325282755
KEN,Kenya,Services,2013.0,1.8717858e+06,5094.680789426879,0.3329063010396152,367.4000054889729,12.275127807240592
KEN,Kenya,Agriculture,2014.0,913519.4,9380.757,0.5837441278534975,97.38226616466028,3.8327853679656982
KEN,Kenya,Manufacturing,2014.0,650654.5,1120.735,0.06974090418607895,580.5605250126034,18.279119133158442
KEN,Kenya,Services,2014.0,1.9879848e+06,5568.488925537109,0.3465149679604235,357.0061423455644,11.708010443933924
KEN,Kenya,Agriculture,2015.0,962326.75,9677.658,0.5831117157819289,99.43797869277877,4.329788684844971
KEN,Kenya,Manufacturing,2015.0,697805.44,1174.0059999999999,0.07073784308127846,594.3797880930763,17.890394844864268
KEN,Kenya,Services,2015.0,2.1161112e+06,5744.912158691406,0.3461504411367927,368.3452751838097,11.688301946647805
KEN,Kenya,Agriculture,2016.0,1.0073814e+06,9985.791,0.5817010936434512,100.8814799949248,4.43151330947876
KEN,Kenya,Manufacturing,2016.0,737593.3,1231.483,0.07173743250818271,598.9472144560664,17.69216727931739
KEN,Kenya,Services,2016.0,2.2535545e+06,5949.258965332031,0.3465614738483661,378.79583207456295,11.44894488950594
KEN,Kenya,Agriculture,2017.0,1.02626644e+06,10292.865,0.5783432454300461,99.70658679580467,5.4454665184021
KEN,Kenya,Manufacturing,2017.0,762995.2,1285.005,0.07220282808468162,593.7682635476126,17.99314001175038
KEN,Kenya,Services,2017.0,2.390114e+06,6219.286068359375,0.34945392648527235,384.3068117029875,11.503945324411271
LSO,Lesotho,Agriculture,1970.0,535.6438,186.75166531755377,0.7203628195969979,2.8682143097214836,1.8958888053894043
LSO,Lesotho,Manufacturing,1970.0,287.69843,15.677462472020665,0.06047314786332668,18.3510836531371,3.075829071742372
LSO,Lesotho,Services,1970.0,2626.9634,56.81754657658834,0.21916403253967545,46.235072388512634,9.852357781216872
LSO,Lesotho,Agriculture,1971.0,556.0213,195.3122979470986,0.7251186823658865,2.8468320075786147,2.036273717880249
LSO,Lesotho,Manufacturing,1971.0,295.345,16.078054414968523,0.059691569629408414,18.36944903891727,2.6070847945349085
LSO,Lesotho,Services,1971.0,2825.9326,57.96182776635259,0.21518974800470517,48.755063911700546,11.262138647176814
LSO,Lesotho,Agriculture,1972.0,577.17395,204.26535016791632,0.729808455844434,2.8256086982978106,2.43752121925354
LSO,Lesotho,Manufacturing,1972.0,312.44562,16.49008697302103,0.05891652647219828,18.9474814891495,2.197653607907245
LSO,Lesotho,Services,1972.0,2894.5024,59.13355089712063,0.21127501768336784,48.94856468947802,12.061860319530927
LSO,Lesotho,Agriculture,1973.0,599.13135,213.62882547297704,0.7344320106601573,2.804543564426595,2.8274924755096436
LSO,Lesotho,Manufacturing,1973.0,332.1293,16.91392358412814,0.058148177702801715,19.63644339094582,2.8011354856304282
LSO,Lesotho,Services,1973.0,2558.4556,60.33349594881849,0.20741981163704107,42.405226585520815,12.602666097727319
LSO,Lesotho,Agriculture,1974.0,621.9241,223.42150028007993,0.7389891655178413,2.7836357355312025,2.451378583908081
LSO,Lesotho,Manufacturing,1974.0,362.70276,17.349939517435676,0.0573866763480773,20.905131019308016,4.056437576541813
LSO,Lesotho,Services,1974.0,2800.4658,61.56249242396554,0.20362415813408147,45.48980572499226,13.898485868732763
LSO,Lesotho,Agriculture,1975.0,645.58386,233.66307474645401,0.7434798880340051,2.7628835364988906,1.8563908338546753
LSO,Lesotho,Manufacturing,1975.0,376.66736,17.798522220871437,0.05663215432007434,21.162844517323947,6.728619873305366
LSO,Lesotho,Services,1975.0,2623.0767,62.821382985680046,0.1998879576459205,41.754519488279534,15.965545142545322
LSO,Lesotho,Agriculture,1976.0,670.1438,244.37413506510808,0.7479041734953799,2.7422861206222993,1.7675093412399292
LSO,Lesotho,Manufacturing,1976.0,399.3996,18.26007171936677,0.05588473527937323,21.87283836045192,10.361500457915305
LSO,Lesotho,Services,1976.0,2728.5312,64.11104177191353,0.19621109122524705,42.55945894167867,19.301824791602222
LSO,Lesotho,Agriculture,1977.0,695.638,252.88873153775972,0.742008087991177,2.7507670913538234,2.3237969875335693
LSO,Lesotho,Manufacturing,1977.0,430.21497,19.125521520692704,0.056116741814114204,22.494286775649222,8.757928951439997
LSO,Lesotho,Services,1977.0,2889.9465,68.80242485997847,0.20187517019470874,42.00355640203855,19.247079759535133
LSO,Lesotho,Agriculture,1978.0,722.1021,261.6999991820035,0.7359355699019289,2.759274413731307,2.018998146057129
LSO,Lesotho,Manufacturing,1978.0,450.75043,20.0527775087853,0.05639110542671844,22.47820418137168,8.693651118942011
LSO,Lesotho,Services,1978.0,2950.7188,73.84900406955384,0.20767332467135277,39.95610756268154,17.399120465430034
LSO,Lesotho,Agriculture,1979.0,749.573,270.81828764981907,0.7296868761443973,2.7678079074782,2.020480155944824
LSO,Lesotho,Manufacturing,1979.0,478.6354,21.04633243379179,0.05670677819131503,22.74198642446834,8.936208837067207
LSO,Lesotho,Services,1979.0,3175.5952,79.27853255303732,0.21360634566428757,40.056180564634914,16.065620020942667
LSO,Lesotho,Agriculture,1980.0,778.0889,280.25426707421275,0.723262424636851,2.7763678189299945,1.5020543336868286
LSO,Lesotho,Manufacturing,1980.0,508.43567,22.111006986984158,0.05706268343929884,22.99468627750006,7.545084823680136
LSO,Lesotho,Services,1980.0,3404.2583,85.1210068899088,0.2196748919238502,39.99316297073583,14.646460972460693
LSO,Lesotho,Agriculture,1981.0,807.6897,287.17413110621555,0.7146569463829134,2.812543365777223,1.4152082204818726
LSO,Lesotho,Manufacturing,1981.0,540.2867,23.251969957950855,0.057864480284229684,23.236168079778498,7.368862891446316
LSO,Lesotho,Services,1981.0,3433.4065,91.40883884607626,0.22747857333285684,37.56099013490537,14.724831329532696
LSO,Lesotho,Agriculture,1982.0,838.41656,291.78736122633404,0.7040534779234816,2.8733820458078787,1.137565016746521
LSO,Lesotho,Manufacturing,1982.0,521.49097,24.474767733424166,0.05905514643151559,21.307289714733294,11.91451712363277
LSO,Lesotho,Services,1982.0,3476.0027,98.17707257209793,0.23689137564500273,35.405442375501835,14.291450051273939
LSO,Lesotho,Agriculture,1983.0,862.1492,297.5539083023947,0.6939177385215531,2.8974553715009512,1.166320562362671
LSO,Lesotho,Manufacturing,1983.0,418.13788,25.785351346448696,0.06013334792137013,16.216101646237878,9.64130780377517
LSO,Lesotho,Services,1983.0,3647.5688,105.46359663258981,0.24594891355707674,34.58604640958259,14.362942639041355
LSO,Lesotho,Agriculture,1984.0,849.90924,304.4737723343975,0.6842518403680924,2.791403785641076,1.0745089054107666
LSO,Lesotho,Manufacturing,1984.0,483.17206,27.19010002871978,0.06110502011979759,17.770146398693424,10.211880571696618
LSO,Lesotho,Services,1984.0,3880.2012,113.30938802388617,0.25464313951211,34.244304373588484,13.507340403642123
LSO,Lesotho,Agriculture,1985.0,921.1183,311.3936363664003,0.6742336683341164,2.9580510921198844,1.165098786354065
LSO,Lesotho,Manufacturing,1985.0,504.56152,28.695864988856457,0.06213267086387018,17.58307420366794,9.393657164073844
LSO,Lesotho,Services,1985.0,3950.753,121.75874353554758,0.2636336608020135,32.44738583011144,13.314303596083255
LSO,Lesotho,Agriculture,1986.0,1079.4109,316.0068664865188,0.6622431906111925,3.41578301975892,1.249940037727356
LSO,Lesotho,Manufacturing,1986.0,517.35187,30.309988026203648,0.06351945260251636,17.068692578450353,10.458562721810958
LSO,Lesotho,Services,1986.0,4101.9805,130.85961323603934,0.2742373567862912,31.346420544213377,12.897002564832041
LSO,Lesotho,Agriculture,1987.0,918.71063,308.590256863142,0.6633794790035784,2.977121318291205,1.1778818368911743
LSO,Lesotho,Manufacturing,1987.0,555.4983,29.56438997070659,0.06355485690050139,18.789438630935113,11.627741830564629
LSO,Lesotho,Services,1987.0,4237.84,127.02443486861293,0.2730656640959201,33.36239872378403,13.57894430196021
LSO,Lesotho,Agriculture,1988.0,925.42413,301.2853254516551,0.6642976675285868,3.0715871472116447,1.3836947679519653
LSO,Lesotho,Manufacturing,1988.0,752.8744,28.872617399899013,0.06366062590484801,26.075723555671498,16.87289258645729
LSO,Lesotho,Services,1988.0,4470.622,123.3816978527991,0.2720417065665653,36.23407805302038,15.939763386535494
LSO,Lesotho,Agriculture,1989.0,919.5511,294.09414595281913,0.6649885231862201,3.1267235308155463,1.40120530128479
LSO,Lesotho,Manufacturing,1989.0,942.17004,28.233464077704472,0.06383986162198521,33.37068527447645,20.32411184201877
LSO,Lesotho,Services,1989.0,4678.394,119.92685857849693,0.2711716151917946,39.010394322190585,17.848287308383288
LSO,Lesotho,Agriculture,1990.0,931.28955,288.00815470044614,0.6662079390278197,3.2335527157204047,1.4959173202514648
LSO,Lesotho,Manufacturing,1990.0,1108.3378,27.645834601589026,0.06394914238378015,40.0905881311676,25.14043239698737
LSO,Lesotho,Services,1990.0,4969.5015,116.6557113609878,0.2698429185884003,42.599727067505235,19.4748392301139
LSO,Lesotho,Agriculture,1991.0,706.1674,281.0122612578167,0.6664025871885731,2.51294166408531,1.041619062423706
LSO,Lesotho,Manufacturing,1991.0,1414.976,27.108734390138622,0.06428662810702788,52.196311778508004,33.691074077979785
LSO,Lesotho,Services,1991.0,5431.4326,113.564433941018,0.269310784704399,47.826880553188204,23.877229724873697
LSO,Lesotho,Agriculture,1992.0,871.35956,274.13588838631864,0.6663379380139949,3.1785679840558805,1.247244954109192
LSO,Lesotho,Manufacturing,1992.0,1612.1318,26.621266204336393,0.06470790721469234,60.55804496913436,34.43335423581444
LSO,Lesotho,Services,1992.0,5580.881,110.64953974131477,0.2689541547713128,50.43745208902291,22.004048460152987
LSO,Lesotho,Agriculture,1993.0,872.2558,267.3799221217316,0.6660014540878723,3.2622337212841535,1.3142409324645996
LSO,Lesotho,Manufacturing,1993.0,1687.0171,26.182638401356172,0.06521684615953034,64.43266197941183,42.42458078572988
LSO,Lesotho,Services,1993.0,5794.366,107.90791747748048,0.26878169975259736,53.697322183487955,25.01208537716754
LSO,Lesotho,Agriculture,1994.0,860.30023,261.59435355414547,0.6661034570601335,3.2886804330641892,1.3764797449111938
LSO,Lesotho,Manufacturing,1994.0,1863.116,25.79215335436513,0.06567512746719788,72.23576648289261,46.345950655477
LSO,Lesotho,Services,1994.0,6128.078,105.33680173291206,0.2682214154726685,58.17604127129395,26.502013374967166
LSO,Lesotho,Agriculture,1995.0,874.6275,255.04903758322118,0.6651740481413725,3.4292523144927367,1.6201037168502808
LSO,Lesotho,Manufacturing,1995.0,1888.0991,25.449215166467635,0.06637216762198728,74.19085848987379,47.17266385933908
LSO,Lesotho,Services,1995.0,6394.4336,102.93378025863214,0.26845378423664035,62.121818296027804,29.54777060160899
LSO,Lesotho,Agriculture,1996.0,827.4652,248.62663551194612,0.6639307576601386,3.328143858187628,1.5139626264572144
LSO,Lesotho,Manufacturing,1996.0,2028.873,25.153321709719993,0.06716924719677186,80.6602432191285,52.9134520106023
LSO,Lesotho,Services,1996.0,6787.4585,100.6967975353658,0.2688999951430895,67.40490921481313,32.02657795742543
LSO,Lesotho,Agriculture,1997.0,819.4066,265.136837712258,0.6731593842653122,3.0905045986110973,1.2886883020401
LSO,Lesotho,Manufacturing,1997.0,1931.0735,26.730230357870816,0.06786573138698326,72.24305441720644,44.89280209902523
LSO,Lesotho,Services,1997.0,7257.407,102.00226497293491,0.25897488434770444,71.14947132289824,32.119005034412076
LSO,Lesotho,Agriculture,1998.0,975.63983,281.8266978057689,0.6812487939486785,3.4618431792979614,1.3488807678222656
LSO,Lesotho,Manufacturing,1998.0,1892.498,28.430775586249553,0.06872461597838576,66.56512205000486,39.07727855138679
LSO,Lesotho,Services,1998.0,7350.548,103.43382457305384,0.2500265900729357,71.06522341123443,29.44767578298877
LSO,Lesotho,Agriculture,1999.0,1055.6908,299.5413242598679,0.6889026282758381,3.524357777702051,1.3361048698425293
LSO,Lesotho,Manufacturing,1999.0,1944.9686,30.266497928600018,0.06960865925006296,64.2614362757777,37.49180880502654
LSO,Lesotho,Services,1999.0,7226.2773,105.00155720024138,0.24148871247409884,68.82066834465373,28.71037861395561
LSO,Lesotho,Agriculture,2000.0,997.37415,317.37484917486995,0.6954768563577195,3.142574618312841,1.1280423402786255
LSO,Lesotho,Manufacturing,2000.0,2386.1162,32.25012638503267,0.07067105844623316,73.9878096119617,40.52646364278438
LSO,Lesotho,Services,2000.0,7491.713,106.71637681376683,0.2338520851960474,70.20209188416281,27.308048042978097
LSO,Lesotho,Agriculture,2001.0,1128.0511,336.2576289712645,0.7016426694597294,3.354722838295327,1.22088623046875
LSO,Lesotho,Manufacturing,2001.0,2593.2727,34.395704834989374,0.07177084496849657,75.39524825902367,46.39686631069238
LSO,Lesotho,Services,2001.0,7626.8877,108.59008112201096,0.22658648557177394,70.23558336551005,27.4444965439562
LSO,Lesotho,Agriculture,2002.0,807.6099,355.17773538135623,0.706776471311732,2.2738191160807735,0.9164717793464661
LSO,Lesotho,Manufacturing,2002.0,2869.353,36.7187328685488,0.0730674641528594,78.14411890562478,45.79595963156267
LSO,Lesotho,Services,2002.0,7940.5684,110.63544926309456,0.22015606453540856,71.77236963617403,28.33979087837362
LSO,Lesotho,Agriculture,2003.0,840.44525,374.0289949261843,0.7109038200519224,2.247005614178944,0.8916502594947816
LSO,Lesotho,Manufacturing,2003.0,3218.9966,39.23633142487908,0.07457512191073487,82.04122213092887,41.76546945052774
LSO,Lesotho,Services,2003.0,8179.5913,112.86631674359076,0.21452105803734267,72.47150030753738,28.389429135222482
LSO,Lesotho,Agriculture,2004.0,832.39667,395.07076114028325,0.715272739437392,2.106955890833182,0.8166942000389099
LSO,Lesotho,Manufacturing,2004.0,3235.1172,41.967403122275094,0.07598167809660838,77.08642772282693,38.38481831132073
LSO,Lesotho,Services,2004.0,8329.877,115.29766423697572,0.20874558246599964,72.2467103583667,28.214378924902796
LSO,Lesotho,Agriculture,2005.0,842.6459,416.03934456934564,0.718650029569654,2.025399484502324,0.7532697916030884
LSO,Lesotho,Manufacturing,2005.0,3237.274,44.93284132479211,0.07761522598333999,72.04694451394629,34.98126181066921
LSO,Lesotho,Services,2005.0,8637.439,117.94568434999303,0.20373474444700612,73.23234843840652,28.89605276504783
LSO,Lesotho,Agriculture,2006.0,757.7328,439.44052980560775,0.7222601065144056,1.7243124761867787,0.6511270999908447
LSO,Lesotho,Manufacturing,2006.0,3519.9531,48.15573420282434,0.07914828823367095,73.09520212431013,37.53588166067426
LSO,Lesotho,Services,2006.0,9015.84,120.82793918662969,0.1985916052519233,74.61717798417648,29.179841386416594
LSO,Lesotho,Agriculture,2007.0,750.371,429.699,0.7131779726524848,1.746271161160923,0.6272951364517212
LSO,Lesotho,Manufacturing,2007.0,3821.8843,49.018,0.08135592092017785,77.96899664090232,34.69962437890522
LSO,Lesotho,Services,2007.0,9249.454,123.79600022888184,0.20546610642733748,74.71529035236621,25.395395332383195
LSO,Lesotho,Agriculture,2008.0,895.8848,438.57,0.7099749678383453,2.0427407863286504,0.6782540082931519
LSO,Lesotho,Manufacturing,2008.0,4308.5103,51.739,0.08375719921788574,83.27393753080365,37.9624100706151
LSO,Lesotho,Services,2008.0,9631.336,127.41700424957276,0.2062678329437689,75.58909420468733,25.021671120202573
LSO,Lesotho,Agriculture,2009.0,943.842,434.743,0.7002519105647633,2.1710343351830135,0.7427511811256408
LSO,Lesotho,Manufacturing,2009.0,3942.702,52.617999999999995,0.0847531875846114,74.9306682940605,28.888900970451157
LSO,Lesotho,Services,2009.0,10216.733,133.47700621032715,0.21499490185062523,76.54302181709429,25.946893447227204
LSO,Lesotho,Agriculture,2010.0,893.0,436.431,0.6922147272044051,2.046142460091057,0.5905030369758606
LSO,Lesotho,Manufacturing,2010.0,4293.0,55.747,0.08841923327505144,77.00862826699195,22.224175259481367
LSO,Lesotho,Services,2010.0,10900.0,138.30699670410155,0.2193660395205433,78.81018502136817,22.744092020062322
LSO,Lesotho,Agriculture,2011.0,939.3466,444.031,0.6903713897525529,2.1154978338276917,0.6040754318237305
LSO,Lesotho,Manufacturing,2011.0,4551.6226,56.873,0.08842511457397555,80.03134279172454,23.853424383924775
LSO,Lesotho,Services,2011.0,11678.643,142.27300094604493,0.22120349567347167,82.08614776147137,22.105219893176105
LSO,Lesotho,Agriculture,2012.0,907.89716,449.428,0.6808844643772476,2.020117028226365,0.6515103578567505
LSO,Lesotho,Manufacturing,2012.0,4871.4824,61.599000000000004,0.09332262814327116,79.08379067639085,22.549578809446324
LSO,Lesotho,Services,2012.0,12417.17,149.03799415588378,0.22579290747948122,83.3154659132588,24.259892632269523
LSO,Lesotho,Agriculture,2013.0,1104.8702,458.822,0.6807155228134921,2.4080585483211627,0.7859027981758118
LSO,Lesotho,Manufacturing,2013.0,4329.723,61.149,0.09072161645370586,70.80611530084302,23.073914267285407
LSO,Lesotho,Services,2013.0,13041.918,154.0579954071045,0.22856286073280205,84.65589815242113,25.23613694880721
LSO,Lesotho,Agriculture,2014.0,1172.2645,469.547,0.6809953833463038,2.496586127410435,0.811385750770569
LSO,Lesotho,Manufacturing,2014.0,4235.05,62.388999999999996,0.09048427733878087,67.88135415998815,27.990973576142153
LSO,Lesotho,Services,2014.0,14335.532,157.5650032119751,0.22852033931491536,90.98170237255442,27.168546899198198
LSO,Lesotho,Agriculture,2015.0,1091.461,476.98,0.6780793430163506,2.2882742663640245,0.7590039968490601
LSO,Lesotho,Manufacturing,2015.0,4557.878,63.882000000000005,0.09081526393259784,71.34839124773019,31.81522452698776
LSO,Lesotho,Services,2015.0,14806.459,162.56600575256348,0.23110539305105146,91.07967508847722,27.602372435321946
LSO,Lesotho,Agriculture,2016.0,1335.5616,484.826,0.6755942057937602,2.7547236441688616,0.9058576822280884
LSO,Lesotho,Manufacturing,2016.0,4709.7124,65.735,0.09160025476738627,71.64695219204,31.611989058659017
LSO,Lesotho,Services,2016.0,14978.064,167.06800842285156,0.23280553943885357,89.652498970451,27.23866110847008
LSO,Lesotho,Agriculture,2017.0,1377.1754,494.567,0.6714688209900556,2.784608384787223,0.8955484628677368
LSO,Lesotho,Manufacturing,2017.0,4511.1406,68.604,0.09314298567272335,65.75623323712904,28.06510924158635
LSO,Lesotho,Services,2017.0,14614.886,173.37399589538575,0.23538819333722102,84.29687316548991,25.797551416512814
MAR,Morocco,Agriculture,1970.0,37216.824,1683.6051025390625,0.6359282916163791,22.105435628950588,3.8421976566314697
MAR,Morocco,Manufacturing,1970.0,46342.69,345.7663154602051,0.1306022308660689,134.02893611706855,19.94411187484665
MAR,Morocco,Services,1970.0,60174.668,618.1049165725708,0.233469477517552,97.3534853960104,23.934814555564973
MAR,Morocco,Agriculture,1971.0,40918.5,1390.675048828125,0.5850653150668443,29.423480369825175,5.538437366485596
MAR,Morocco,Manufacturing,1971.0,48926.727,368.5220642089844,0.15503943770847126,132.7647142852056,20.230604976327495
MAR,Morocco,Services,1971.0,63024.633,617.7598061561584,0.2598952472246844,102.02125839920463,24.647893436317073
MAR,Morocco,Agriculture,1972.0,40018.094,1723.671630859375,0.6230155430480361,23.216773446603682,4.358667850494385
MAR,Morocco,Manufacturing,1972.0,53150.83,388.9474067687988,0.14058378377114344,136.65299523797657,19.6347169828336
MAR,Morocco,Services,1972.0,66163.125,654.0400772094727,0.23640067318082053,101.16065865916288,24.247189617925837
MAR,Morocco,Agriculture,1973.0,36316.418,1730.51953125,0.613082647840853,20.985846916456175,4.3408522605896
MAR,Morocco,Manufacturing,1973.0,55993.914,413.1092338562012,0.1463549520051486,135.54263490994944,19.32182254060734
MAR,Morocco,Services,1973.0,71115.586,679.0241632461548,0.24056240015399838,104.73204016411373,24.04849136373348
MAR,Morocco,Agriculture,1974.0,37116.78,1737.3375244140625,0.6199840370781792,21.36417404701949,4.535406589508057
MAR,Morocco,Manufacturing,1974.0,60526.363,401.62761306762695,0.14332431404526264,150.7026940178499,28.239728259427668
MAR,Morocco,Services,1974.0,79215.19,663.264307975769,0.23669164887655816,119.43230857960468,24.066098537873028
MAR,Morocco,Agriculture,1975.0,34715.695,1744.6748046875,0.6115480587501972,19.89808944293097,4.1529927253723145
MAR,Morocco,Manufacturing,1975.0,66634.86,420.42291259765625,0.14736775894419643,158.49483312715975,28.459699160677598
MAR,Morocco,Services,1975.0,83858.56,687.7848644256592,0.24108418230560635,121.92557126133741,25.54067145357028
MAR,Morocco,Agriculture,1976.0,40018.094,1753.075927734375,0.6092122233448024,22.827359110291496,4.9188361167907715
MAR,Morocco,Manufacturing,1976.0,73403.0,440.8930549621582,0.15321494866335092,166.48708609460897,26.81265434525142
MAR,Morocco,Services,1976.0,94862.766,683.6422348022461,0.2375728279918467,138.76083248782967,28.656130444783724
MAR,Morocco,Agriculture,1977.0,35115.875,1761.9886474609375,0.5977099684519588,19.929682890183607,4.300083637237549
MAR,Morocco,Manufacturing,1977.0,80207.836,460.0851058959961,0.15607220541777556,174.332606966919,26.736377762585658
MAR,Morocco,Services,1977.0,101130.15,725.8252954483032,0.24621782613026563,139.33125377648537,28.010121220340423
MAR,Morocco,Agriculture,1978.0,41418.727,1771.9559326171875,0.588836439324374,23.374580484811684,5.22599983215332
MAR,Morocco,Manufacturing,1978.0,77750.61,480.36159896850586,0.15962835661889208,161.85850314004304,26.061901421234445
MAR,Morocco,Services,1978.0,104220.94,756.9322605133057,0.25153520405673385,137.68859241026888,28.019323947995204
MAR,Morocco,Agriculture,1979.0,40718.41,1781.337158203125,0.5802993821902025,22.858339853710557,5.188576698303223
MAR,Morocco,Manufacturing,1979.0,78820.164,500.39624404907227,0.16301216753648531,157.51549896679552,26.712789918617982
MAR,Morocco,Services,1979.0,109423.57,787.9530611038208,0.25668845027331216,138.87067100064522,28.22648789673181
MAR,Morocco,Agriculture,1980.0,43219.54,1789.047607421875,0.566390387425677,24.15784738382784,5.354681491851807
MAR,Morocco,Manufacturing,1980.0,77903.16,540.3964996337891,0.17108286080331564,144.15925399737543,23.785045500372654
MAR,Morocco,Services,1980.0,116832.67,829.2387504577637,0.2625267517710073,140.89147644210428,27.683326079542404
MAR,Morocco,Agriculture,1981.0,30871.1,1795.095947265625,0.5570754531086166,17.197464935731887,3.807217836380005
MAR,Morocco,Manufacturing,1981.0,80342.875,573.2819976806641,0.17790766510471773,140.14546998692515,25.588409312062453
MAR,Morocco,Services,1981.0,117380.07,853.978985786438,0.26501688178666566,137.45077134937165,28.283373391410343
MAR,Morocco,Agriculture,1982.0,41636.406,1814.82080078125,0.5467275968736237,22.94243389323961,5.044157981872559
MAR,Morocco,Manufacturing,1982.0,82074.28,620.0637512207031,0.18679858885648823,132.36426268818735,24.564791054431453
MAR,Morocco,Services,1982.0,122428.82,884.5396203994751,0.2664738142698881,138.4096511778735,29.88605276138012
MAR,Morocco,Agriculture,1983.0,37330.285,1833.620361328125,0.5376449677680258,20.358786335253708,5.304591178894043
MAR,Morocco,Manufacturing,1983.0,82680.19,648.6817932128906,0.19020322262948483,127.45877619054004,25.657653534726244
MAR,Morocco,Services,1983.0,128062.375,928.1647357940674,0.27215180960248936,137.97375623244244,31.125303300788516
MAR,Morocco,Agriculture,1984.0,38723.44,1851.5113525390625,0.5248300762827051,20.914503901446118,5.6175432205200195
MAR,Morocco,Manufacturing,1984.0,83627.87,701.645751953125,0.19888875810348317,119.18816148278619,25.514814531135382
MAR,Morocco,Services,1984.0,138036.6,974.6730184555054,0.2762811656138117,141.62348924846276,33.36517550636049
MAR,Morocco,Agriculture,1985.0,45847.543,1869.5438232421875,0.49370237385873794,24.523385009098416,6.802741050720215
MAR,Morocco,Manufacturing,1985.0,88186.64,859.4678764343262,0.22696516956478274,102.60609272665299,22.77290952951367
MAR,Morocco,Services,1985.0,146415.1,1057.7714357376099,0.2793324565764793,138.41846055135832,33.8250700259146
MAR,Morocco,Agriculture,1986.0,62692.08,1887.71044921875,0.46851611662225834,33.210643163492485,8.67658805847168
MAR,Morocco,Manufacturing,1986.0,88330.805,970.3637657165527,0.24083728699633164,91.02854806441917,19.74784295592951
MAR,Morocco,Services,1986.0,155087.03,1171.0517473220825,0.29064659638141,132.4339693823499,33.8303983002465
MAR,Morocco,Agriculture,1987.0,47905.613,1904.9866943359375,0.44938396369284184,25.147479204808565,7.114108562469482
MAR,Morocco,Manufacturing,1987.0,88867.46,1064.9224472045898,0.2512138650485963,83.44970206119342,18.80104825734513
MAR,Morocco,Services,1987.0,162836.78,1269.197832107544,0.2994021712585619,128.29897525085138,34.508154949510384
MAR,Morocco,Agriculture,1988.0,62945.383,1922.9039306640625,0.4509638388594699,32.73454373290621,8.831603050231934
MAR,Morocco,Manufacturing,1988.0,97109.97,1023.9751205444336,0.24014499314993595,94.83625803170682,21.780544206476186
MAR,Morocco,Services,1988.0,173696.44,1317.1079139709473,0.3088911679905942,131.87714966826277,35.406362915299724
MAR,Morocco,Agriculture,1989.0,65858.34,1941.4437255859375,0.44439947301946675,33.92235524628643,8.908682823181152
MAR,Morocco,Manufacturing,1989.0,94537.97,1040.1983642578125,0.238103015204507,90.88455817506825,22.373138777441316
MAR,Morocco,Services,1989.0,180292.38,1387.0483417510986,0.31749751177602625,129.9827623688929,33.90372309611425
MAR,Morocco,Agriculture,1990.0,62565.43,1961.5826416015625,0.43566723872903257,31.89538302419803,9.253939628601074
MAR,Morocco,Manufacturing,1990.0,102525.79,1046.569736480713,0.23244299656814432,97.9636477997751,22.832239255564872
MAR,Morocco,Services,1990.0,193374.19,1494.326732635498,0.3318897647028231,129.4055598931513,32.618965360932634
MAR,Morocco,Agriculture,1991.0,76148.71,1961.562255859375,0.4278805671792995,38.820440549381736,11.775039672851562
MAR,Morocco,Manufacturing,1991.0,101795.38,1098.1745948791504,0.23954761930965432,92.69508080698422,22.64949607241025
MAR,Morocco,Services,1991.0,206717.9,1524.63179397583,0.33257181351104614,135.58546205502853,35.51350376305478
MAR,Morocco,Agriculture,1992.0,48000.6,1961.9200439453125,0.4123170627702817,24.466135462877197,9.037178039550781
MAR,Morocco,Manufacturing,1992.0,103559.26,1152.1000022888184,0.242125304967118,89.88738617026655,22.345555823242623
MAR,Morocco,Services,1992.0,216247.8,1644.2599792480469,0.34555763226260033,131.5167915075659,35.951851458883205
MAR,Morocco,Agriculture,1993.0,45784.215,2011.357177734375,0.41488324065654764,22.76284657473024,8.524968147277832
MAR,Morocco,Manufacturing,1993.0,102539.52,1149.0154838562012,0.23700776410273514,89.24120247132612,22.358959377010812
MAR,Morocco,Services,1993.0,217787.75,1687.6351165771484,0.3481089952407172,129.04907456637653,36.37963513387359
MAR,Morocco,Agriculture,1994.0,73878.5,2059.389892578125,0.41491694631806114,35.87397426114023,11.77697467803955
MAR,Morocco,Manufacturing,1994.0,106135.5,1142.2861557006836,0.2301428618508892,92.91498410474563,23.597493663380032
MAR,Morocco,Services,1994.0,223666.31,1761.7025527954102,0.3549401918310497,126.96031582919252,37.40602000734021
MAR,Morocco,Agriculture,1995.0,41408.434,2105.39306640625,0.4078134292303521,19.667792325559013,8.985164642333984
MAR,Morocco,Manufacturing,1995.0,108818.2,1217.8659858703613,0.23589994284941815,89.35154145653544,23.18671733680129
MAR,Morocco,Services,1995.0,232425.66,1839.378849029541,0.35628662792022975,126.3609486281894,37.966235882966906
MAR,Morocco,Agriculture,1996.0,73710.69,2148.7001953125,0.4055690293607448,34.304780006444666,13.573601722717285
MAR,Morocco,Manufacturing,1996.0,112449.53,1225.401710510254,0.2312956378897523,91.76544335259359,25.215212324583813
MAR,Morocco,Services,1996.0,232533.94,1923.8869438171387,0.36313533274950294,120.86673712678507,39.023252802595835
MAR,Morocco,Agriculture,1997.0,54206.484,2189.6728515625,0.40582712903965207,24.75551739901214,9.869166374206543
MAR,Morocco,Manufacturing,1997.0,119112.53,1229.9356384277344,0.22795243074347993,96.8445238339994,24.816262716840484
MAR,Morocco,Services,1997.0,235934.34,1975.9717826843262,0.366220440216868,119.40167659149816,36.4757703896398
MAR,Morocco,Agriculture,1998.0,69344.41,2228.15869140625,0.39503099023732424,31.121843573105156,10.893038749694824
MAR,Morocco,Manufacturing,1998.0,120913.516,1344.4846687316895,0.23836413092856532,89.93298208380683,21.994879423082885
MAR,Morocco,Services,1998.0,248068.11,2067.8221893310547,0.3666048788341104,119.96588036191382,34.77836886557488
MAR,Morocco,Agriculture,1999.0,59164.664,2264.553955078125,0.39324880997971035,26.126409542959586,8.877161026000977
MAR,Morocco,Manufacturing,1999.0,123800.484,1352.4985275268555,0.2348667538949839,91.53465372075371,21.33998526680546
MAR,Morocco,Services,1999.0,257863.75,2141.525541305542,0.37188443612530575,120.41124190505711,33.539395716302806
MAR,Morocco,Agriculture,2000.0,52144.395,2298.16162109375,0.38482875271867834,22.689611580247885,7.2295427322387695
MAR,Morocco,Manufacturing,2000.0,128468.17,1459.1678161621094,0.24433865988661704,88.04208155638732,19.69847451821791
MAR,Morocco,Services,2000.0,269122.56,2214.5778198242188,0.3708325873947046,121.52319060134066,32.23717261394747
MAR,Morocco,Agriculture,2001.0,62104.785,2353.453125,0.38321870622693655,26.388792067507186,7.9953718185424805
MAR,Morocco,Manufacturing,2001.0,133837.36,1465.2865409851074,0.23859630197140888,91.33869426318594,19.097066902226768
MAR,Morocco,Services,2001.0,285197.4,2322.5396785736084,0.37818499180165455,122.79549360601429,31.193004086932774
MAR,Morocco,Agriculture,2002.0,65182.754,2407.64599609375,0.38447343647484183,27.07323003963407,7.743452548980713
MAR,Morocco,Manufacturing,2002.0,137287.67,1476.356876373291,0.23575725112555132,92.99084392945066,18.608788579389035
MAR,Morocco,Services,2002.0,292408.66,2378.187873840332,0.3797693123996069,122.95439711321642,30.263914980187106
MAR,Morocco,Agriculture,2003.0,79320.9,2461.23681640625,0.389587837738947,32.22806432471606,8.289684295654297
MAR,Morocco,Manufacturing,2003.0,142129.06,1470.7676391601562,0.2328070100923776,96.63597343028238,19.931680168640803
MAR,Morocco,Services,2003.0,306575.34,2385.5357189178467,0.3776051521686754,128.51425418566868,30.899798864795084
MAR,Morocco,Agriculture,2004.0,83093.15,2514.760009765625,0.38606650605095594,33.04217822568455,7.657964706420898
MAR,Morocco,Manufacturing,2004.0,148664.58,1504.4600143432617,0.23096503005271127,98.81590518036877,20.12060609646564
MAR,Morocco,Services,2004.0,323120.75,2494.5799827575684,0.3829684638963328,129.52912002557426,29.649258185713258
MAR,Morocco,Agriculture,2005.0,72997.92,2564.0244140625,0.3902625730342278,28.470057256334933,6.65613317489624
MAR,Morocco,Manufacturing,2005.0,155861.5,1524.5945434570312,0.23205402651403204,102.23144289010946,19.175705873337613
MAR,Morocco,Services,2005.0,344258.8,2481.3792724609375,0.37768340045174015,138.73687763925633,30.494863465111
MAR,Morocco,Agriculture,2006.0,89750.18,2612.98095703125,0.38571517062813343,34.347812388755436,8.209077835083008
MAR,Morocco,Manufacturing,2006.0,162207.34,1570.803321838379,0.2318741243313558,103.2639424012433,19.6592771511172
MAR,Morocco,Services,2006.0,363607.2,2590.5952529907227,0.38241070504051083,140.35661768477044,31.27867210625706
MAR,Morocco,Agriculture,2007.0,71422.21,2662.219970703125,0.38549635435897134,26.828065195017118,6.868985652923584
MAR,Morocco,Manufacturing,2007.0,173219.1,1635.3737487792969,0.23680635901858957,105.92018728397537,19.893688069439275
MAR,Morocco,Services,2007.0,389265.5,2608.3599700927734,0.3776972866224391,149.2376452879526,34.48438426314251
MAR,Morocco,Agriculture,2008.0,83159.055,2710.43798828125,0.381183380792603,30.68103939180436,8.29073715209961
MAR,Morocco,Manufacturing,2008.0,177361.27,1664.6025352478027,0.23410195134700656,106.54871770851709,25.56476044017651
MAR,Morocco,Services,2008.0,405492.75,2735.5475158691406,0.38471466786039044,148.2309291458849,35.373391837548304
MAR,Morocco,Agriculture,2009.0,107849.734,2758.2119140625,0.3779403444959308,39.10132279000669,10.190402030944824
MAR,Morocco,Manufacturing,2009.0,172314.61,1685.4150390625,0.23094176964224006,102.23868031392954,26.138994577036108
MAR,Morocco,Services,2009.0,419450.03,2854.3817253112793,0.39111788586182916,146.94952238886606,37.95513117644667
MAR,Morocco,Agriculture,2010.0,105534.0,2806.158203125,0.37300374180563883,37.608000818512295,10.04374885559082
MAR,Morocco,Manufacturing,2010.0,184713.0,1753.0614585876465,0.23302267239966984,105.36595799032281,28.139471490754783
MAR,Morocco,Services,2010.0,431357.0,2963.917209625244,0.39397358579469133,145.536116393258,38.867480903667214
MAR,Morocco,Agriculture,2011.0,111173.68,2856.96533203125,0.364970893077389,38.91320571554068,11.512263298034668
MAR,Morocco,Manufacturing,2011.0,191637.98,1827.127529144287,0.23341143086393584,104.88484318593312,32.21927583441918
MAR,Morocco,Services,2011.0,459021.56,3143.833656311035,0.40161767605867515,146.00694969294733,41.79717049743543
MAR,Morocco,Agriculture,2012.0,102082.4,2907.99658203125,0.36481693280908595,35.10402971869896,10.932162284851074
MAR,Morocco,Manufacturing,2012.0,193564.28,1862.3042068481445,0.23363167374331414,103.93805724017439,32.85648792625486
MAR,Morocco,Services,2012.0,487206.12,3200.81107711792,0.40155139344759994,152.2133338274657,43.41081578668061
MAR,Morocco,Agriculture,2013.0,120313.81,2916.472900390625,0.3638964492702443,41.253190620727345,9.333882331848145
MAR,Morocco,Manufacturing,2013.0,193182.55,1877.660041809082,0.23428087470294254,102.88473023523102,31.17974111029971
MAR,Morocco,Services,2013.0,499230.7,3220.435230255127,0.4018226760268132,155.0196330017326,41.357981329785716
MAR,Morocco,Agriculture,2014.0,117517.39,2877.607666015625,0.3614650234335648,40.83857296214261,10.330906867980957
MAR,Morocco,Manufacturing,2014.0,200051.75,1866.2750053405762,0.2344284617065114,107.19307145384643,31.00523742947309
MAR,Morocco,Services,2014.0,511172.47,3217.074764251709,0.4041065148599238,158.8935620738981,39.31223519561675
MAR,Morocco,Agriculture,2015.0,131055.305,2872.232421875,0.3606145562304179,45.62837731702325,8.893522262573242
MAR,Morocco,Manufacturing,2015.0,202430.95,1868.9009475708008,0.2346442720700485,108.31550670896708,29.980823685741253
MAR,Morocco,Services,2015.0,521292.7,3223.6932640075684,0.4047411716995336,161.7066652464166,37.617146929052375
MAR,Morocco,Agriculture,2016.0,114541.09,2855.187744140625,0.359092766300188,40.11683434305137,9.252418518066406
MAR,Morocco,Manufacturing,2016.0,203488.84,1865.284683227539,0.23459411319347448,109.09264713303666,30.822909186632
MAR,Morocco,Services,2016.0,537532.8,3230.642192840576,0.40631312050633756,166.38574636684498,36.24352171800629
MAR,Morocco,Agriculture,2017.0,129734.6,2836.58203125,0.35721744291167457,45.736241763235626,8.588753700256348
MAR,Morocco,Manufacturing,2017.0,212632.5,1863.3708381652832,0.23465866972028404,114.11174611349115,28.3361767373402
MAR,Morocco,Services,2017.0,552007.8,3240.8184661865234,0.4081238873680414,170.3297541221272,34.5719214640562
MOZ,Mozambique,Agriculture,1970.0,32614.2,2299.4097965416763,0.8347008825727366,14.183726305681535,6.310525417327881
MOZ,Mozambique,Manufacturing,1970.0,4321.763,101.12801439314839,0.036710134484833845,42.73556847257309,24.996669911144693
MOZ,Mozambique,Services,1970.0,35485.74,354.23320290953154,0.12858898294242965,100.17620592814048,73.53010438113029
MOZ,Mozambique,Agriculture,1971.0,30279.678,2426.4083585507774,0.8406009515556668,12.479217534702265,6.086877346038818
MOZ,Mozambique,Manufacturing,1971.0,4107.7773,97.58033473636476,0.03380557190361004,42.0963645477143,28.76972285856179
MOZ,Mozambique,Services,1971.0,33776.605,362.52761871597824,0.125593476540723,93.16974411048179,73.03192638817306
MOZ,Mozambique,Agriculture,1972.0,32627.3,2560.421230788653,0.8461928101177859,12.742942602143728,6.832277297973632
MOZ,Mozambique,Manufacturing,1972.0,3948.7656,94.29341972324326,0.031163002732425508,41.877425133056576,33.16983434430672
MOZ,Mozambique,Services,1972.0,33047.953,371.0983795376673,0.1226441871497885,89.05442585379319,73.42075384163681
MOZ,Mozambique,Agriculture,1973.0,31631.277,2701.8357306554744,0.8514946436722935,11.707328089882113,6.7310380935668945
MOZ,Mozambique,Manufacturing,1973.0,3840.0068,91.25582180886286,0.02875964759534392,42.07958199073009,37.26847321578478
MOZ,Mozambique,Services,1973.0,31927.467,379.9592127208673,0.11974570873236244,84.02866867799874,71.76971078866507
MOZ,Mozambique,Agriculture,1974.0,35164.47,2851.0604740642543,0.8565234860919877,12.333820720355403,7.255686283111571
MOZ,Mozambique,Manufacturing,1974.0,3777.5698,88.45720498831625,0.026574558581193626,42.705055226622925,39.90909585169586
MOZ,Mozambique,Services,1974.0,30546.992,389.1248162894192,0.11690195532681856,78.50178376899015,66.93902376714694
MOZ,Mozambique,Agriculture,1975.0,31381.494,3008.5272160530662,0.8612952676389158,10.430849344881404,6.74517297744751
MOZ,Mozambique,Manufacturing,1975.0,3758.2283,85.888275809883,0.024588498021888387,43.75717449263224,45.8558807813455
MOZ,Mozambique,Services,1975.0,29266.203,398.6110335240945,0.11411623433919572,73.42045418627623,67.15859177049362
MOZ,Mozambique,Agriculture,1976.0,30927.111,3174.691113729648,0.8658247980914662,9.741770213289074,6.978423595428467
MOZ,Mozambique,Manufacturing,1976.0,3795.8357,83.54077517888008,0.022783846431183252,45.43692209261423,53.02508333719313
MOZ,Mozambique,Services,1976.0,28226.166,408.4349941925399,0.11139135547735052,69.1080990046581,68.17317462455854
MOZ,Mozambique,Agriculture,1977.0,30479.307,3350.032040994415,0.8701258611743901,9.09821347009493,7.177953243255615
MOZ,Mozambique,Manufacturing,1977.0,3860.277,81.40742251619542,0.021144485412702373,47.41922763666176,60.87084360765869
MOZ,Mozambique,Services,1977.0,27262.572,418.6150981052798,0.10872965341290763,65.12563065455558,68.96935307242175
MOZ,Mozambique,Agriculture,1978.0,28885.027,3535.057480931097,0.8742112778639091,8.17102055611893,7.09944486618042
MOZ,Mozambique,Manufacturing,1978.0,3962.3362,79.48190716006893,0.019655685940123128,49.852052161517214,69.76401053734502
MOZ,Mozambique,Services,1978.0,26408.654,429.17129197330377,0.10613303619596776,61.53406528067056,69.9782945444477
MOZ,Mozambique,Agriculture,1979.0,28617.691,3730.301999917527,0.8780929065502528,7.671682187362499,7.263455390930176
MOZ,Mozambique,Manufacturing,1979.0,4101.0503,77.75884307228596,0.018304010915158653,52.74062898744961,78.98116599876802
MOZ,Mozambique,Services,1979.0,25017.336,440.1251656783302,0.10360308253458862,56.84141214452656,69.79631130653053
MOZ,Mozambique,Agriculture,1980.0,16835.52,3936.3301400162777,0.8817817429270007,4.276958215496727,4.216503143310547
MOZ,Mozambique,Manufacturing,1980.0,4275.9023,76.23377652670793,0.01707721404062669,56.08934174016645,85.2900790227548
MOZ,Mozambique,Services,1980.0,25871.139,451.50008976084104,0.10114104303237262,57.30040648625099,69.1186883186295
MOZ,Mozambique,Agriculture,1981.0,16676.45,4030.6636198878705,0.8801583305814553,4.137395424531587,4.524958610534668
MOZ,Mozambique,Manufacturing,1981.0,4486.785,77.86087846877156,0.017002138425182202,57.62566830079575,94.21870814971734
MOZ,Mozambique,Services,1981.0,25322.297,470.95112533609785,0.10283953099336256,53.76841780965817,70.33675602143289
MOZ,Mozambique,Agriculture,1982.0,16416.326,4127.258160400385,0.878370823492764,3.97753800074441,4.345739841461182
MOZ,Mozambique,Manufacturing,1982.0,4733.984,79.64090439076051,0.016949326660640612,59.44161386580085,93.61580246492304
MOZ,Mozambique,Services,1982.0,24539.99,491.86602395429827,0.10467984984659555,49.89161486920498,64.27127802573895
MOZ,Mozambique,Agriculture,1983.0,12962.477,4226.167402252827,0.876415074772128,3.0671942989267635,3.372567892074585
MOZ,Mozambique,Manufacturing,1983.0,5018.1543,81.58236060682827,0.016918404754436817,61.51028555129834,93.59400743997449
MOZ,Mozambique,Services,1983.0,23165.172,514.3573915062716,0.10666652047343524,45.03711282764281,58.49740006548341
MOZ,Mozambique,Agriculture,1984.0,13427.328,4327.4468267564225,0.8742868294557578,3.1028291421120167,3.493642568588257
MOZ,Mozambique,Manufacturing,1984.0,5340.311,83.69432985814318,0.016909011993556034,63.80732176490037,95.09460986237617
MOZ,Mozambique,Services,1984.0,21864.5,538.5466128446315,0.10880415855068634,40.59908553599579,54.20293744066381
MOZ,Mozambique,Agriculture,1985.0,14494.8955,4431.1534928900155,0.8719817409632092,3.2711336971445943,2.581883430480957
MOZ,Mozambique,Manufacturing,1985.0,5701.818,85.98648735555363,0.016920796597074156,66.31062677926086,66.06322699572694
MOZ,Mozambique,Services,1985.0,21867.8,564.5644692022724,0.11109746243971663,38.733930266899584,35.3652153541392
MOZ,Mozambique,Agriculture,1986.0,14593.692,4537.345774355465,0.8694953605372547,3.216350066440671,3.21405291557312
MOZ,Mozambique,Manufacturing,1986.0,6104.384,88.46915090818246,0.01695341728199279,69.00013989506832,82.79053143260428
MOZ,Mozambique,Services,1986.0,24045.855,592.5519347410716,0.11355122218075249,40.58016531370766,43.04299594852875
MOZ,Mozambique,Agriculture,1987.0,16127.35,4646.08283368844,0.8668231535972734,3.471171347277034,1.4138548374176025
MOZ,Mozambique,Manufacturing,1987.0,6550.063,91.15330429822123,0.017006540244972,71.85765824628552,33.36405126530922
MOZ,Mozambique,Services,1987.0,28034.465,622.6608772319855,0.11617030615775466,45.02364909832799,16.67041342574943
MOZ,Mozambique,Agriculture,1988.0,17273.803,4757.425674036826,0.8639605207393483,3.630913842468427,1.0935090780258179
MOZ,Mozambique,Manufacturing,1988.0,7041.257,94.05066456255045,0.01707983827782947,74.86663564460576,24.36199682761025
MOZ,Mozambique,Services,1988.0,28587.98,655.0549898988073,0.11895964098282227,43.642107776579586,11.721680193750515
MOZ,Mozambique,Agriculture,1989.0,18646.94,4871.436350326927,0.8609027976351362,3.8278113706388845,0.9202470183372498
MOZ,Mozambique,Manufacturing,1989.0,7580.7207,97.17372177632572,0.0171729902471666,78.01204445554002,19.183334209910203
MOZ,Mozambique,Services,1989.0,31656.482,689.9106850699822,0.12192421211769723,45.88489946153519,8.940592851469356
MOZ,Mozambique,Agriculture,1990.0,22989.693,4988.180072820276,0.8576453261440602,4.60883388806307,0.9059075713157655
MOZ,Mozambique,Manufacturing,1990.0,8171.5747,100.53577686980198,0.017285670902794297,81.28026620427651,15.454173246711782
MOZ,Mozambique,Services,1990.0,31635.387,727.4180704315856,0.1250690029531454,43.489965405973976,6.547312279546988
MOZ,Mozambique,Agriculture,1991.0,37075.715,5107.721,0.8541833691838542,7.258758817043844,0.5884130597114563
MOZ,Mozambique,Manufacturing,1991.0,9237.075,104.15100000000001,0.01741756295691711,88.68926073981525,13.138817141304342
MOZ,Mozambique,Services,1991.0,50984.133,767.7819996795654,0.1283990678592288,66.40443880395513,5.365834951211303
MOZ,Mozambique,Agriculture,1992.0,29696.11,5352.865,0.8565119842052584,5.547703776388906,0.43953555822372437
MOZ,Mozambique,Manufacturing,1992.0,8495.135,100.89699999999999,0.016144530017169863,84.19610856244488,12.959946248701879
MOZ,Mozambique,Services,1992.0,53888.246,795.8469940490722,0.1273434857775717,67.71181709134812,4.910645230080101
MOZ,Mozambique,Agriculture,1993.0,36879.664,5574.864,0.8533483152852073,6.615347757810774,0.49118241667747503
MOZ,Mozambique,Manufacturing,1993.0,8177.2495,107.929,0.016520767200853177,75.76508178264183,9.64351570159234
MOZ,Mozambique,Services,1993.0,56834.902,850.1360515289306,0.13013091751393954,66.8538903173616,4.883814474838735
MOZ,Mozambique,Agriculture,1994.0,36585.773,5803.178,0.849953842798581,6.304437574980468,0.4873269200325012
MOZ,Mozambique,Manufacturing,1994.0,8048.407,119.70700000000001,0.017532707881765773,67.23422378442781,11.546410156519018
MOZ,Mozambique,Services,1994.0,63548.816,904.7539937744141,0.13251344931965323,70.23877965007898,5.3116448792606095
MOZ,Mozambique,Agriculture,1995.0,42480.305,6053.24,0.8501025177728304,7.017779682864053,0.4593783915042878
MOZ,Mozambique,Manufacturing,1995.0,8849.865,123.03899999999999,0.017279302271882707,71.92731763404286,9.580273249749075
MOZ,Mozambique,Services,1995.0,59345.203,944.3210140533447,0.13261817995528688,62.844310612415946,4.846527920112304
MOZ,Mozambique,Agriculture,1996.0,44568.39,6123.107,0.8386189996652482,7.278721509357912,0.5113950967788696
MOZ,Mozambique,Manufacturing,1996.0,10395.714,162.23,0.022218974830211725,64.08009534110522,9.117398333459851
MOZ,Mozambique,Services,1996.0,62162.688,1016.0799753417969,0.13916202550454007,61.178931785452455,4.479273224424283
MOZ,Mozambique,Agriculture,1997.0,48627.047,6242.832,0.8327633309598871,7.789260847480758,0.561593770980835
MOZ,Mozambique,Manufacturing,1997.0,13437.217,181.547,0.02421748405944203,74.01508588340761,10.039921131844613
MOZ,Mozambique,Services,1997.0,68569.4,1072.1470451660157,0.1430191849806709,63.95521840652224,4.9165528833612155
MOZ,Mozambique,Agriculture,1998.0,52734.5,6396.876,0.8252526849354905,8.24378962481061,0.5078825354576111
MOZ,Mozambique,Manufacturing,1998.0,15630.452,213.532,0.027547486666873823,73.19957733940346,10.152726450776353
MOZ,Mozambique,Services,1998.0,74062.55,1141.0069505615234,0.1471998283976356,64.90981219575536,4.851343009229851
MOZ,Mozambique,Agriculture,1999.0,55975.402,6566.203,0.8200354980657159,8.52477487274609,0.41802954673767095
MOZ,Mozambique,Manufacturing,1999.0,17532.053,232.183,0.02899671271926745,75.50963134413372,8.469553331590118
MOZ,Mozambique,Services,1999.0,79520.97,1208.8319990844727,0.15096778921501672,65.78330885534666,4.370833060657032
MOZ,Mozambique,Agriculture,2000.0,49029.793,6738.269,0.8163741535482335,7.2763187353829295,0.3809898495674133
MOZ,Mozambique,Manufacturing,2000.0,20373.182,239.548,0.029022408534621017,85.04843138170638,9.231366598027053
MOZ,Mozambique,Services,2000.0,84863.03,1276.0810083007814,0.1546034379171456,66.50285577324193,4.971403474618862
MOZ,Mozambique,Agriculture,2001.0,54004.387,6843.317,0.808404198636042,7.891551234401388,0.386872798204422
MOZ,Mozambique,Manufacturing,2001.0,26457.447,270.389,0.0319411774823526,97.84956956690175,9.703608101219517
MOZ,Mozambique,Services,2001.0,94867.22,1351.5110430908203,0.15965462388160534,70.19344698290047,5.341280194149893
MOZ,Mozambique,Agriculture,2002.0,60264.94,7008.047,0.8054731086540381,8.599391728715576,0.5778207182884216
MOZ,Mozambique,Manufacturing,2002.0,29020.63,271.587,0.03121497689156826,106.85574368204296,9.282810903074575
MOZ,Mozambique,Services,2002.0,100379.29,1420.9010330200194,0.16331191445439353,70.64481391019281,6.520519510455426
MOZ,Mozambique,Agriculture,2003.0,63563.457,7187.155,0.8047194028191074,8.844035926767964,0.6147873997688295
MOZ,Mozambique,Manufacturing,2003.0,33709.3,292.516,0.0327519443834221,115.2391690753668,10.688662914331662
MOZ,Mozambique,Services,2003.0,105194.86,1451.5850065307616,0.16252865279747059,72.46896248013205,6.649252594809709
MOZ,Mozambique,Agriculture,2004.0,66758.0,7303.15,0.8004224883040912,9.140987108302582,0.618567168712616
MOZ,Mozambique,Manufacturing,2004.0,38414.035,318.214,0.034876134502673246,120.71761505229185,10.680294406925988
MOZ,Mozambique,Services,2004.0,112438.04,1502.7549580688478,0.16470137719323547,74.82127306170479,6.612547363013577
MOZ,Mozambique,Agriculture,2005.0,71306.93,7416.707,0.7934344393324931,9.614365201092614,0.6653839349746704
MOZ,Mozambique,Manufacturing,2005.0,39549.523,348.395,0.037271068075258186,113.51920503308027,9.651601302947952
MOZ,Mozambique,Services,2005.0,121426.3,1582.4970357055663,0.1692944925922486,76.7308210601869,6.91532187513214
MOZ,Mozambique,Agriculture,2006.0,78889.086,7548.941,0.789062230936177,10.45035137213286,0.7193437218666077
MOZ,Mozambique,Manufacturing,2006.0,41527.387,388.347,0.040592442065366725,106.9337131965742,9.656074791010678
MOZ,Mozambique,Services,2006.0,134500.95,1629.6899949340818,0.1703453269984563,82.53161861648438,6.833578552834708
MOZ,Mozambique,Agriculture,2007.0,85681.94,7670.264,0.7831582807407789,11.170663421754453,0.7483925819396973
MOZ,Mozambique,Manufacturing,2007.0,43845.195,423.599,0.043250801349668425,103.50637114936532,9.131890653013562
MOZ,Mozambique,Services,2007.0,145300.19,1700.1520651855467,0.1735909179095527,85.46305384991702,7.1507853362306495
MOZ,Mozambique,Agriculture,2008.0,91558.11,7789.422,0.7777486665166035,11.754159599390045,0.8431943655014038
MOZ,Mozambique,Manufacturing,2008.0,45127.26,458.57899999999995,0.04578763427408574,98.40673410415654,7.750113733371938
MOZ,Mozambique,Services,2008.0,161488.27,1767.3450048828124,0.1764636992093107,91.37336806273873,6.964055445769253
MOZ,Mozambique,Agriculture,2009.0,96387.85,7880.46,0.7728771236744463,12.231246851389386,0.8856923580169678
MOZ,Mozambique,Manufacturing,2009.0,47705.246,495.576,0.04860367966363479,96.26222031282789,6.868580371381018
MOZ,Mozambique,Services,2009.0,172281.05,1820.2290447387695,0.17851919666191887,94.64800453160824,6.919988050399368
MOZ,Mozambique,Agriculture,2010.0,101239.4,7981.973,0.7656607762723111,12.683505498891064,0.8676770925521851
MOZ,Mozambique,Manufacturing,2010.0,49490.582,540.7570000000001,0.05187143885286084,91.52092720251424,6.260935847874368
MOZ,Mozambique,Services,2010.0,189546.9,1902.2169835205077,0.18246778487482807,99.64526018435504,6.816719680955862
MOZ,Mozambique,Agriculture,2011.0,105349.5,8077.738,0.7573536622692137,13.041955557360241,0.8057519197463989
MOZ,Mozambique,Manufacturing,2011.0,51955.25,595.032,0.055789091496576744,87.31505196359187,5.76229423053237
MOZ,Mozambique,Services,2011.0,207696.06,1992.9709905395507,0.18685724623420955,104.21429287526715,6.388016210045096
MOZ,Mozambique,Agriculture,2012.0,106824.94,8202.914,0.7487234771106804,13.02280354274103,0.7912488579750061
MOZ,Mozambique,Manufacturing,2012.0,53768.688,653.559,0.05965379705028958,82.27059454463944,5.352651927428476
MOZ,Mozambique,Services,2012.0,229195.61,2099.3928847656252,0.19162272583902998,109.17232836129538,6.362405043073587
MOZ,Mozambique,Agriculture,2013.0,109565.164,8284.474,0.7392100388036321,13.225361569424926,0.8850354552268982
MOZ,Mozambique,Manufacturing,2013.0,56006.074,713.643,0.06367719540455319,78.47911941790223,5.755590596259044
MOZ,Mozambique,Services,2013.0,243213.47,2209.0819896240237,0.1971127657918148,110.09707647446525,7.320207025947213
MOZ,Mozambique,Agriculture,2014.0,113588.734,8367.856,0.7298280548048566,13.574413132228853,1.03882896900177
MOZ,Mozambique,Manufacturing,2014.0,60656.695,799.983,0.069772954597564,75.82248036833283,6.496114050058562
MOZ,Mozambique,Services,2014.0,266596.38,2297.6780418701173,0.20039899059757954,116.0286037216132,8.05690866839748
MOZ,Mozambique,Agriculture,2015.0,117030.72,8433.375,0.7211621092959196,13.877091763380616,1.0801806449890137
MOZ,Mozambique,Manufacturing,2015.0,66610.16,887.8309999999999,0.07592097785978988,75.02571576122033,6.767909547844422
MOZ,Mozambique,Services,2015.0,285929.5,2372.9400058593747,0.2029169128442905,120.49588244707809,8.446733056351842
MOZ,Mozambique,Agriculture,2016.0,121978.69,8692.207,0.7202735897345509,14.03310891008463,1.1899842023849487
MOZ,Mozambique,Manufacturing,2016.0,70168.24,913.8220000000001,0.07572321417545703,76.78545951782732,8.862431618623976
MOZ,Mozambique,Services,2016.0,292830.38,2461.8950831298826,0.204003196089992,118.94510737139773,8.797963671625913
MOZ,Mozambique,Agriculture,2017.0,126808.945,8976.975,0.7192139246132998,14.12602188515619,1.2011728286743164
MOZ,Mozambique,Manufacturing,2017.0,75596.66,950.839,0.07617896327720478,79.50521197594966,9.546061412188038
MOZ,Mozambique,Services,2017.0,296792.06,2553.8339392089847,0.20460711210949536,116.21431524710933,7.398209003717844
MUS,Mauritius,Agriculture,1970.0,2362.8303,70.39605963466511,0.36289344312822586,33.56480937325215,9.55363655090332
MUS,Mauritius,Manufacturing,1970.0,6172.577,33.013816634599536,0.17018704813179872,186.969510879528,19.194931049270718
MUS,Mauritius,Services,1970.0,18945.127,90.57560615729756,0.4669195087399754,209.16367835534066,25.32701998531055
MUS,Mauritius,Agriculture,1971.0,2589.1973,69.56029758067031,0.3274028537690421,37.22234314225384,10.934072494506836
MUS,Mauritius,Manufacturing,1971.0,6770.8525,39.17574602934594,0.18439039933180634,172.8327658135868,18.250982369176135
MUS,Mauritius,Services,1971.0,19329.611,103.72483380719717,0.4882067468991515,186.35471004036233,21.771786353110333
MUS,Mauritius,Agriculture,1972.0,3099.928,71.98041252252412,0.3228006577357828,43.06627136299886,12.201455116271973
MUS,Mauritius,Manufacturing,1972.0,7987.3477,48.055264122526445,0.2155068347456914,166.21171066471865,17.098905936146167
MUS,Mauritius,Services,1972.0,20756.35,102.9515162169949,0.4616925075185259,201.61285984002447,21.732146211177433
MUS,Mauritius,Agriculture,1973.0,4153.104,65.94659418125765,0.2922770264703607,62.97677773155695,15.298205375671387
MUS,Mauritius,Manufacturing,1973.0,8514.624,58.570544762938795,0.2595861829499326,145.3738232741388,14.843315013027567
MUS,Mauritius,Services,1973.0,22509.379,101.11330138719642,0.44813679057970673,222.61540863010805,22.130757555658377
MUS,Mauritius,Agriculture,1974.0,5341.1934,64.23078964735942,0.28054239475430376,83.1562773663422,11.03075885772705
MUS,Mauritius,Manufacturing,1974.0,11089.546,66.55169963051742,0.2906794901918512,166.63054377280494,12.095618860673403
MUS,Mauritius,Services,1974.0,25541.2,98.16967926553389,0.42877811505384505,260.17401105757904,15.882975836969003
MUS,Mauritius,Agriculture,1975.0,8685.485,65.0803954375628,0.2798441447574373,133.4577839173585,12.999290466308594
MUS,Mauritius,Manufacturing,1975.0,13113.257,68.67558647666952,0.2953033802893365,190.94495596906677,13.344545576989448
MUS,Mauritius,Services,1975.0,30777.422,98.80345038681884,0.42485247495322614,311.5014886069804,19.655175598591736
MUS,Mauritius,Agriculture,1976.0,9429.6455,61.55683782124253,0.25656023387013194,153.1859959277902,16.71298599243164
MUS,Mauritius,Manufacturing,1976.0,13434.677,78.75642865160796,0.3282457070376043,170.58514444888056,13.266566693514768
MUS,Mauritius,Services,1976.0,32782.18,99.61806229418654,0.4151940590922638,329.0786724067116,23.072999338773503
MUS,Mauritius,Agriculture,1977.0,9429.6455,62.056038592241116,0.2501185246239081,151.9537134777967,15.039891242980957
MUS,Mauritius,Manufacturing,1977.0,14391.013,82.55715020942556,0.3327488037581188,174.31576379279474,13.142702617200106
MUS,Mauritius,Services,1977.0,35580.52,103.49333863588308,0.4171326716179731,343.79526257657676,24.36144359276758
MUS,Mauritius,Agriculture,1978.0,9439.699,58.60127525593515,0.2291270203543927,161.08351187790825,14.748278617858887
MUS,Mauritius,Manufacturing,1978.0,15246.22,86.70294509062431,0.3390026476011414,175.84431198532795,13.15946930162431
MUS,Mauritius,Services,1978.0,36982.914,110.45468214034956,0.4318703320444658,334.8243220283551,23.785763915485493
MUS,Mauritius,Agriculture,1979.0,9821.71,60.482945476805696,0.2278274989169796,162.38808946075517,13.80007266998291
MUS,Mauritius,Manufacturing,1979.0,15403.996,89.32654848801408,0.33647574483148934,172.44588931830185,11.493152479373693
MUS,Mauritius,Services,1979.0,38735.484,115.66743820676896,0.4356967562515312,334.8866800849849,20.61419447920202
MUS,Mauritius,Agriculture,1980.0,6464.0317,64.58999817108753,0.2335695084401408,100.0779055784948,8.494784355163574
MUS,Mauritius,Manufacturing,1980.0,14058.179,87.5350370063499,0.3165430584268807,160.6005913942517,11.480220877633561
MUS,Mauritius,Services,1980.0,38283.125,124.4093404028437,0.4498874331329786,307.7190577173492,21.32173223791635
MUS,Mauritius,Agriculture,1981.0,7881.4946,63.50229213653262,0.2243900185919862,124.11354557030324,10.529976844787598
MUS,Mauritius,Manufacturing,1981.0,14682.429,89.41119735251286,0.31594104025608793,164.21241573413351,11.60994960014988
MUS,Mauritius,Services,1981.0,39550.688,130.08614006221532,0.45966894115192586,304.03459954369,20.880045095043723
MUS,Mauritius,Agriculture,1982.0,9409.54,66.0594773433535,0.22720854668724674,142.4404251664766,11.149765014648438
MUS,Mauritius,Manufacturing,1982.0,15068.907,86.44927083392768,0.29733830751122575,174.3092461185756,12.088367646247617
MUS,Mauritius,Services,1982.0,40370.77,138.2350566069842,0.4754531458015276,292.0443664737524,20.1810135816609
MUS,Mauritius,Agriculture,1983.0,8185.684,70.64265541111207,0.23767403886957522,115.87452417231252,9.384182929992676
MUS,Mauritius,Manufacturing,1983.0,15212.331,81.55902810327369,0.2744016841209097,186.51927822662338,12.863747252413441
MUS,Mauritius,Services,1983.0,41766.812,145.02327107931967,0.4879242770095151,288.00076145817917,19.49979185030272
MUS,Mauritius,Agriculture,1984.0,8247.185,66.71519571141035,0.23028525589276502,123.61778276102663,12.119638442993164
MUS,Mauritius,Manufacturing,1984.0,16540.496,90.68792385055205,0.31303350799788104,182.38918029491654,14.683909803188207
MUS,Mauritius,Services,1984.0,43330.523,132.3036419620018,0.45668123610935396,327.5081682932411,24.02046092032182
MUS,Mauritius,Agriculture,1985.0,9175.839,66.67557994105543,0.2243316463118513,137.6191834446645,12.606061935424805
MUS,Mauritius,Manufacturing,1985.0,18567.852,98.78358493647937,0.33235982734575115,187.96494958590188,14.518522800169476
MUS,Mauritius,Services,1985.0,44783.367,131.75962274000608,0.44330852634239754,339.8868807925211,22.38893587103935
MUS,Mauritius,Agriculture,1986.0,10159.843,68.4501396049719,0.2130022196971209,148.4269109174985,13.50474739074707
MUS,Mauritius,Manufacturing,1986.0,21724.182,124.38023263050206,0.38704472758762437,174.65943889300564,13.89272663106129
MUS,Mauritius,Services,1986.0,46889.79,128.52843661780827,0.39995305271525483,364.82034868230227,24.33691911577139
MUS,Mauritius,Agriculture,1987.0,9846.191,70.37816718775849,0.21269386922743136,139.90406115552602,15.98995590209961
MUS,Mauritius,Manufacturing,1987.0,24518.535,121.80922336829558,0.36812659466780856,201.28635975386794,18.980930595196764
MUS,Mauritius,Services,1987.0,50999.13,138.7021054289188,0.41917953610476005,367.6882102729559,29.840304135671733
MUS,Mauritius,Agriculture,1988.0,9370.789,71.03576343647303,0.19595653130090684,131.91649683444672,14.586099624633789
MUS,Mauritius,Manufacturing,1988.0,26865.953,132.2700562510923,0.3648751018368274,203.11440008764745,18.017247442688923
MUS,Mauritius,Services,1988.0,54647.96,159.20194142090196,0.43916836686226574,343.2619002617587,27.29868497766577
MUS,Mauritius,Agriculture,1989.0,8681.12,67.6643066419041,0.1793286359648283,128.29689016293463,15.267829895019531
MUS,Mauritius,Manufacturing,1989.0,28520.277,148.17637685977348,0.3927073055680656,192.47519711418053,16.901975930573197
MUS,Mauritius,Services,1989.0,57969.48,161.47945992023025,0.4279640584671062,358.9898089663325,28.77082691869259
MUS,Mauritius,Agriculture,1990.0,9514.749,66.91791668417072,0.1640555081906023,142.18537418526947,16.66098403930664
MUS,Mauritius,Manufacturing,1990.0,31091.066,166.3751788172263,0.4078842537789122,186.87322608623916,16.768852948077463
MUS,Mauritius,Services,1990.0,61532.336,174.60492281094406,0.4280602380304855,352.40894097885774,28.983874557760696
MUS,Mauritius,Agriculture,1991.0,9217.39,65.3662764773689,0.15825910782567665,141.01139219133498,17.110240936279297
MUS,Mauritius,Manufacturing,1991.0,32536.879,168.16291023349635,0.4071413208328692,193.48427581963304,18.134413578788358
MUS,Mauritius,Services,1991.0,66155.97,179.50408117138673,0.4345995713414542,368.54854952760473,32.11192289407458
MUS,Mauritius,Agriculture,1992.0,10137.3125,64.05266891121492,0.1533485974967189,158.26526313917682,17.21708869934082
MUS,Mauritius,Manufacturing,1992.0,34579.055,169.96278354858572,0.4069081730215083,203.450743542425,17.77363205430233
MUS,Mauritius,Services,1992.0,71073.32,183.6777638905179,0.4397432294817728,386.9456966759658,31.559140241178902
MUS,Mauritius,Agriculture,1993.0,9541.739,62.764818356161996,0.14858920646144858,152.02368950814832,17.28676414489746
MUS,Mauritius,Manufacturing,1993.0,36166.312,170.07187207973777,0.40262754160046477,212.6531098748858,18.829106335665553
MUS,Mauritius,Services,1993.0,76062.484,189.5682732277719,0.44878325193808666,401.2405825082801,33.534941341439705
MUS,Mauritius,Agriculture,1994.0,8990.494,61.601106979867204,0.14456575762235294,145.94695747210062,17.955522537231445
MUS,Mauritius,Manufacturing,1994.0,37827.156,170.44788885633758,0.4000078796587264,221.92798340777756,20.102607905779063
MUS,Mauritius,Services,1994.0,80446.42,194.06233227502668,0.4554263627189205,414.53908613749263,36.84683272147848
MUS,Mauritius,Agriculture,1995.0,9661.309,65.61045354352873,0.1442255969260393,147.25258052575848,19.04366683959961
MUS,Mauritius,Manufacturing,1995.0,39446.87,175.33375520673852,0.38542052584957437,224.98161319386352,20.897641232740494
MUS,Mauritius,Services,1995.0,84186.35,213.97124968374845,0.4703538772243864,393.4470247144335,36.03488447244136
MUS,Mauritius,Agriculture,1996.0,10211.145,62.1085516469531,0.13662782417474417,164.40802853194427,22.360654830932617
MUS,Mauritius,Manufacturing,1996.0,41806.555,171.98792370707605,0.37834300071916865,243.0784312432511,24.278336554566007
MUS,Mauritius,Services,1996.0,89953.92,220.48553985480225,0.4850291751060871,407.9810491619447,39.399522313935506
MUS,Mauritius,Agriculture,1997.0,10582.267,59.458035771444365,0.13010189632891128,177.97874524884315,21.40224266052246
MUS,Mauritius,Manufacturing,1997.0,43683.0,170.2313818782512,0.37248834929875346,256.60955998842746,23.86976956863294
MUS,Mauritius,Services,1997.0,95612.63,227.321874646369,0.4974097543723353,420.60462927836943,38.817676316681364
MUS,Mauritius,Agriculture,1998.0,10501.247,56.41788970555272,0.12196314221074468,186.13328369988562,22.68813705444336
MUS,Mauritius,Manufacturing,1998.0,46371.242,174.80650813851898,0.3778934505124454,265.2718293002845,24.042908337853692
MUS,Mauritius,Services,1998.0,102560.93,231.35707294212807,0.50014340727681,443.3014663578265,39.3766647707444
MUS,Mauritius,Agriculture,1999.0,7824.085,52.193,0.11198196047997434,149.90678751820167,15.967681884765627
MUS,Mauritius,Manufacturing,1999.0,47849.594,176.21099999999998,0.37806704420394993,271.5471437651452,23.709202201290747
MUS,Mauritius,Services,1999.0,109077.67,237.67999938964846,0.5099509953160757,458.92659102619723,40.02769704125596
MUS,Mauritius,Agriculture,2000.0,10423.404,53.802,0.11427054326015075,193.7363721957362,17.828523635864258
MUS,Mauritius,Manufacturing,2000.0,51211.93,180.929,0.38427670200951297,283.04986866395103,22.81182443404256
MUS,Mauritius,Services,2000.0,119242.41,236.09900102233888,0.5014527547303362,505.0525658036041,40.89358630084748
MUS,Mauritius,Agriculture,2001.0,11307.365,55.972,0.11739561776212491,202.01824545085043,18.06403160095215
MUS,Mauritius,Manufacturing,2001.0,53133.098,169.88299999999998,0.35631243715220223,312.76288773008486,24.031559914894167
MUS,Mauritius,Services,2001.0,123351.875,250.9259997253418,0.5262919450856729,491.5866635383273,38.11500957322575
MUS,Mauritius,Agriculture,2002.0,9324.8955,52.368,0.10799106696114992,178.06476298144858,16.380685806274414
MUS,Mauritius,Manufacturing,2002.0,51574.105,172.821,0.356384131211673,298.42499157365137,22.887156734910995
MUS,Mauritius,Services,2002.0,128987.74,259.7399989776611,0.5356248018271772,496.6033059798139,37.60435487437658
MUS,Mauritius,Agriculture,2003.0,9611.211,62.063,0.12770164461908212,154.86217130174177,13.630038261413574
MUS,Mauritius,Manufacturing,2003.0,53173.254,162.053,0.333442382989158,328.1226136279489,23.36597682417609
MUS,Mauritius,Services,2003.0,139383.92,261.8840055999756,0.5388559723917599,532.235336616575,37.08618088734348
MUS,Mauritius,Agriculture,2004.0,10522.793,49.105,0.10065387621903643,214.29168045514714,17.515718460083008
MUS,Mauritius,Manufacturing,2004.0,53455.727,160.25799999999998,0.3284917807781354,333.5604248305857,22.859936429339985
MUS,Mauritius,Services,2004.0,146417.02,278.49699948120116,0.5708543430028281,525.740011194926,34.794119647984644
MUS,Mauritius,Agriculture,2005.0,10081.596,49.11,0.10021508081659228,205.28600495062105,15.913433074951172
MUS,Mauritius,Manufacturing,2005.0,51356.32,155.161,0.3166253747624369,330.98729907966566,21.933796278559647
MUS,Mauritius,Services,2005.0,154693.22,285.77500505065916,0.5831595444209708,541.3112274202484,33.639990555327856
MUS,Mauritius,Agriculture,2006.0,10175.887,48.156,0.09723279620016655,211.3108796152089,17.814390182495117
MUS,Mauritius,Manufacturing,2006.0,53761.242,155.623,0.3142216845888055,345.458204683755,23.361653783168283
MUS,Mauritius,Services,2006.0,164141.81,291.48599166870116,0.5885455192110279,563.1207577431757,38.024143659388606
MUS,Mauritius,Agriculture,2007.0,9948.263,46.833,0.09426306247938558,212.41993242612048,18.022520065307617
MUS,Mauritius,Manufacturing,2007.0,56774.625,154.983,0.31194184041685596,366.3280811443836,26.262378345980615
MUS,Mauritius,Services,2007.0,174083.58,295.01699871826173,0.5937950971037586,590.0798221164472,41.40891831443142
MUS,Mauritius,Agriculture,2008.0,10215.189,46.655,0.09144130581481758,218.95165476637015,16.727136611938477
MUS,Mauritius,Manufacturing,2008.0,59758.883,158.32,0.3102987361826582,377.45630882074283,26.101850898173076
MUS,Mauritius,Services,2008.0,183601.94,305.24299813842777,0.5982599580025242,601.4943458809053,39.76043439868778
MUS,Mauritius,Agriculture,2009.0,11257.229,46.581,0.09038781697252475,241.66996233711168,15.594409942626955
MUS,Mauritius,Manufacturing,2009.0,61707.586,149.21099999999998,0.28953557369501276,413.5592277881658,26.789384406929795
MUS,Mauritius,Services,2009.0,189129.19,319.5540008239746,0.6200766093324626,591.8536053760167,37.62368955776701
MUS,Mauritius,Agriculture,2010.0,11215.0,45.278,0.08630002774733506,247.69203586730865,15.335180282592773
MUS,Mauritius,Manufacturing,2010.0,63344.0,147.039,0.28025685277486634,430.7972714721945,26.67164343807714
MUS,Mauritius,Services,2010.0,199442.0,332.3410004882812,0.6334431194777985,600.112534135049,37.15433880973261
MUS,Mauritius,Agriculture,2011.0,11606.24,40.462,0.07725987450726221,286.8429695609461,19.273929595947266
MUS,Mauritius,Manufacturing,2011.0,63076.785,140.62400000000002,0.26851348407664577,448.5492174611019,29.805428921532087
MUS,Mauritius,Services,2011.0,209997.58,342.6269914855957,0.654226641416092,612.904363472568,39.87845983368555
MUS,Mauritius,Agriculture,2012.0,11734.666,40.612,0.07664348054439929,288.9457799572786,19.153715133666992
MUS,Mauritius,Manufacturing,2012.0,63359.727,139.731,0.2637021121823465,453.4407294193844,29.474612158647098
MUS,Mauritius,Services,2012.0,220088.1,349.5389901123047,0.6596544072732542,629.6524850612146,39.669859998125204
MUS,Mauritius,Agriculture,2013.0,11793.121,41.129,0.07560213839968509,286.73493383622264,18.525266647338867
MUS,Mauritius,Manufacturing,2013.0,63983.477,142.78900000000002,0.2624706105169743,448.0980787210499,30.012488652399693
MUS,Mauritius,Services,2013.0,229765.31,360.10100357055666,0.6619272510833407,638.0579621322292,41.364602872042354
MUS,Mauritius,Agriculture,2014.0,12225.571,41.004,0.0745798467038495,298.15557723789146,18.713926315307617
MUS,Mauritius,Manufacturing,2014.0,63423.01,143.172,0.2604074190879802,442.9847436562317,29.740415299551234
MUS,Mauritius,Services,2014.0,241184.14,365.6240037841797,0.6650127342081703,659.650728969551,43.41485648912374
MUS,Mauritius,Agriculture,2015.0,12256.731,41.049,0.07361227182901804,298.5878205391727,19.11616325378418
MUS,Mauritius,Manufacturing,2015.0,62692.12,144.212,0.2586122182027905,434.72194473240785,29.608484412166767
MUS,Mauritius,Services,2015.0,252224.11,372.37699948120115,0.6677755099681913,677.3353610088722,45.684822132634096
MUS,Mauritius,Agriculture,2016.0,12704.977,40.642,0.07265375105690464,312.60707057969586,21.072690963745117
MUS,Mauritius,Manufacturing,2016.0,62859.01,143.588,0.256685369980779,437.7734331472686,30.485852830505713
MUS,Mauritius,Services,2016.0,263813.66,375.16300323486325,0.6706608789623163,703.1974207884373,49.610050542498534
MUS,Mauritius,Agriculture,2017.0,12680.271,40.325,0.07170546232738499,314.45186570055796,22.068790435791016
MUS,Mauritius,Manufacturing,2017.0,64652.625,144.0,0.25605918351254653,448.9765625,31.569051044331655
MUS,Mauritius,Services,2017.0,274402.5,378.0449881591797,0.6722353541600685,725.8461521634034,52.64553854670648
MWI,Malawi,Agriculture,1966.0,85730.516,1364.653564453125,0.8439415983012524,62.82218275621907,0.8888523578643799
MWI,Malawi,Manufacturing,1966.0,26908.371,92.18369364738464,0.05700908698044814,291.89946756395153,5.072934007670535
MWI,Malawi,Services,1966.0,97198.64,160.16274189949036,0.09904931471829954,606.8742297506165,9.91003498366974
MWI,Malawi,Agriculture,1967.0,73614.28,1398.2554931640625,0.8569160446699416,52.64723193285718,0.9213239550590515
MWI,Malawi,Manufacturing,1967.0,25998.738,82.49718046188354,0.050558111821073996,315.14699212371613,5.959855946319154
MWI,Malawi,Services,1967.0,91882.51,150.97718119621277,0.09252584350898432,608.5853973726518,11.415584019341173
MWI,Malawi,Agriculture,1968.0,60917.1,1432.6849365234375,0.8620912632213569,42.51953797345132,0.8726794123649597
MWI,Malawi,Manufacturing,1968.0,27058.465,85.39183378219604,0.05138293282591321,316.8741511368223,6.506221719225849
MWI,Malawi,Services,1968.0,95331.78,143.794771194458,0.08652580395272993,662.9711251536397,12.713300312930205
MWI,Malawi,Agriculture,1969.0,65944.59,1467.9620361328125,0.8612486892711053,44.92254712780169,0.8741191029548645
MWI,Malawi,Manufacturing,1969.0,28425.754,89.13983690738678,0.05229806071863641,318.8894538340179,7.156011190017851
MWI,Malawi,Services,1969.0,101338.39,147.35591530799866,0.08645325001025829,687.7117244542624,12.912675254864125
MWI,Malawi,Agriculture,1970.0,69986.78,1504.1077880859375,0.8670762220513478,46.53042940430629,0.8417208790779114
MWI,Malawi,Manufacturing,1970.0,30163.719,92.05936479568481,0.053069658214500624,327.6550823150356,7.596122233531636
MWI,Malawi,Services,1970.0,99636.92,138.52208185195923,0.0798541197341516,719.285478119536,13.432171641037694
MWI,Malawi,Agriculture,1971.0,80962.57,1549.5316162109375,0.8595551366180795,52.249705308031984,0.9173184037208557
MWI,Malawi,Manufacturing,1971.0,31049.68,94.54929447174072,0.052448321077520246,328.39673591409246,7.778852393552788
MWI,Malawi,Services,1971.0,119848.61,158.63255143165588,0.08799654230440028,755.5108222957299,13.856272621300006
MWI,Malawi,Agriculture,1972.0,85545.766,1596.3272705078125,0.8627928657501002,53.589114967500855,0.9761841297149658
MWI,Malawi,Manufacturing,1972.0,36756.992,110.44202613830566,0.05969239139841523,332.8170758246459,8.330375523210746
MWI,Malawi,Services,1972.0,118304.5,143.4166910648346,0.07751474285148463,824.9004988304877,16.173528645945648
MWI,Malawi,Agriculture,1973.0,82054.6,1644.5361328125,0.8601475485737463,49.895286534184876,0.9574437737464905
MWI,Malawi,Manufacturing,1973.0,36200.895,105.38760900497437,0.0551212537851927,343.5023801473786,9.108460821956296
MWI,Malawi,Services,1973.0,141843.0,161.99955034255981,0.08473119764106098,875.5765043795657,16.653239036119146
MWI,Malawi,Agriculture,1974.0,83742.664,1694.200927734375,0.8546142033627194,49.42900378084882,0.9818976521492004
MWI,Malawi,Manufacturing,1974.0,39570.926,112.0310115814209,0.05651236057497113,353.21403620899196,9.520255392304708
MWI,Malawi,Services,1974.0,164445.23,176.1841275691986,0.08887343606230949,933.3714486307059,16.58507881793383
MWI,Malawi,Agriculture,1975.0,84513.305,1745.3656005859375,0.8504794186705439,48.42154827568963,0.9557808637619019
MWI,Malawi,Manufacturing,1975.0,46177.41,128.25600266456604,0.062496413674332105,360.0409274957676,9.381820236424076
MWI,Malawi,Services,1975.0,174310.1,178.59219789505005,0.08702416765512404,976.0230055090848,17.648824603298507
MWI,Malawi,Agriculture,1976.0,94531.6,1797.27685546875,0.8562852532051196,52.59712841394438,0.9678698778152466
MWI,Malawi,Manufacturing,1976.0,44530.035,121.74415731430054,0.0580031541912505,365.7673282939495,9.688389143506921
MWI,Malawi,Services,1976.0,182415.28,179.90203738212585,0.0857115926036299,1013.9700689577841,17.26152249779304
MWI,Malawi,Agriculture,1977.0,105137.05,1850.7320556640625,0.8611416535546021,56.80835675441721,1.0170588493347168
MWI,Malawi,Manufacturing,1977.0,46609.934,126.45583415031433,0.058839628237138314,368.5866603698659,8.711176590514853
MWI,Malawi,Services,1977.0,183944.47,171.97310829162598,0.08001871820825951,1069.6118165060634,17.607649842091796
MWI,Malawi,Agriculture,1978.0,108219.6,1917.22998046875,0.853486487369727,56.4458112302422,0.9198104739189148
MWI,Malawi,Manufacturing,1978.0,51680.94,145.26102304458618,0.06466533570466332,355.77982533130813,9.392718769266814
MWI,Malawi,Services,1978.0,207561.97,183.85971069335938,0.08184817692560972,1128.9149099998922,17.441910233975097
MWI,Malawi,Agriculture,1979.0,111595.73,1987.6065673828125,0.8565657235759843,56.145782768993385,0.8983790278434753
MWI,Malawi,Manufacturing,1979.0,52193.547,148.3973536491394,0.06395233779721889,351.7148088664901,7.741293137398192
MWI,Malawi,Services,1979.0,223617.75,184.4328098297119,0.07948193862679687,1212.4618727354846,16.925082001669313
MWI,Malawi,Agriculture,1980.0,104293.016,2262.312744140625,0.8702446998999099,46.10017597925761,0.7052069902420044
MWI,Malawi,Manufacturing,1980.0,52577.457,150.5300431251526,0.057904448686262676,349.28214952769554,10.261012377244985
MWI,Malawi,Services,1980.0,230411.45,186.78550624847412,0.07185085141382738,1233.5617348087587,14.744466147441184
MWI,Malawi,Agriculture,1981.0,95779.3,2359.526123046875,0.8842174709300242,40.592598632186125,0.5973498821258545
MWI,Malawi,Manufacturing,1981.0,53177.473,123.93257904052734,0.046442949088245124,429.0838863190313,10.697653252091143
MWI,Malawi,Services,1981.0,232680.9,185.03202629089355,0.06933957998173065,1257.5169332264481,16.693151934975873
MWI,Malawi,Agriculture,1982.0,101871.01,2451.869384765625,0.888802423303386,41.54830124535279,0.6108185648918152
MWI,Malawi,Manufacturing,1982.0,50057.703,122.1170802116394,0.04426743018744216,409.91565666527316,10.022392299025551
MWI,Malawi,Services,1982.0,224664.11,184.634934425354,0.06693014650917188,1216.801739466208,18.42486347306411
MWI,Malawi,Agriculture,1983.0,106384.74,2551.263916015625,0.8800271345937517,41.69883857160642,0.6234001517295837
MWI,Malawi,Manufacturing,1983.0,53053.492,142.89168691635132,0.04928873136364854,371.28466555620884,7.607900409227613
MWI,Malawi,Services,1983.0,240483.25,204.91854572296143,0.07068413404259977,1173.5553224407522,15.650117807361639
MWI,Malawi,Agriculture,1984.0,112476.45,2605.45751953125,0.8745702318426474,43.16955938903035,0.6811618804931641
MWI,Malawi,Manufacturing,1984.0,51437.68,146.02768754959106,0.04901690685736769,352.2460743619715,8.992391767527813
MWI,Malawi,Services,1984.0,248223.62,227.6437692642212,0.07641286129998488,1090.403773414471,14.313023871578672
MWI,Malawi,Agriculture,1985.0,113063.61,2677.228271484375,0.8670557367632595,42.23159100001304,0.7054241299629211
MWI,Malawi,Manufacturing,1985.0,54112.97,160.0898494720459,0.051847212230932915,338.0162385588909,9.138138597993764
MWI,Malawi,Services,1985.0,269735.88,250.40526056289673,0.08109705100580757,1077.1973176348179,16.044153173106697
MWI,Malawi,Agriculture,1986.0,113797.55,2772.318359375,0.8592310985886459,41.04779182022041,0.6172983050346375
MWI,Malawi,Manufacturing,1986.0,55556.125,182.73468494415283,0.056635387333441624,304.0261623948349,8.119309789741417
MWI,Malawi,Services,1986.0,273845.53,271.4576859474182,0.08413351407791247,1008.7963812637978,12.759619924395826
MWI,Malawi,Agriculture,1987.0,114641.58,2883.7890625,0.8709188663272914,39.753801557737894,0.5511177182197571
MWI,Malawi,Manufacturing,1987.0,57232.605,147.510892868042,0.044549034899310246,387.9890112247389,10.538250976749543
MWI,Malawi,Services,1987.0,267391.84,279.9029293060303,0.08453209877339836,955.3020556553328,15.401088489386717
MWI,Malawi,Agriculture,1988.0,116953.49,3058.592529296875,0.8696249637606466,38.23768320469477,0.5170380473136902
MWI,Malawi,Manufacturing,1988.0,60405.914,157.0210041999817,0.04464451664585086,384.6995780613346,8.86046026652798
MWI,Malawi,Services,1988.0,275578.1,301.52621841430664,0.08573051959350254,913.9440516955209,13.239722870253951
MWI,Malawi,Agriculture,1989.0,119852.56,3215.80517578125,0.8665765412442664,37.269845636989785,0.5398502349853516
MWI,Malawi,Manufacturing,1989.0,65275.11,168.19375658035278,0.04532387873928741,388.09472302745974,8.509280970551933
MWI,Malawi,Services,1989.0,288147.03,326.93140411376953,0.08809958001644616,881.3684694228001,12.710770910913832
MWI,Malawi,Agriculture,1990.0,122490.164,3334.92578125,0.8609538471598062,36.72950227293758,0.527886688709259
MWI,Malawi,Manufacturing,1990.0,71539.07,181.1435408592224,0.04676452749495415,394.930285524767,8.783423314366669
MWI,Malawi,Services,1990.0,304157.4,357.45513248443604,0.09228162534523973,850.8967381052875,12.739499126344992
MWI,Malawi,Agriculture,1991.0,138047.95,3398.79150390625,0.8533893244316056,40.61677598238689,0.585220456123352
MWI,Malawi,Manufacturing,1991.0,74053.79,187.31125831604004,0.047031254494146975,395.35151132001414,8.665433201794743
MWI,Malawi,Services,1991.0,321088.06,396.594708442688,0.09957942107424742,809.6125734022509,12.472835738262074
MWI,Malawi,Agriculture,1992.0,103531.91,3423.828369140625,0.8491791004032041,30.2386378894297,0.4207645058631897
MWI,Malawi,Manufacturing,1992.0,75534.3,188.68848180770874,0.046798582745003064,400.312176722989,7.6293702585383505
MWI,Malawi,Services,1992.0,321966.5,419.41041564941406,0.10402231685179288,767.6645309379545,10.605814234581658
MWI,Malawi,Agriculture,1993.0,158410.22,3426.159912109375,0.8536489203151493,46.23550062275756,0.5738177299499512
MWI,Malawi,Manufacturing,1993.0,68458.66,172.19408655166626,0.04290322105222003,397.5668248599188,7.964198308987478
MWI,Malawi,Services,1993.0,304531.56,415.1928243637085,0.10344785863263073,733.4701965687891,10.220993580302062
MWI,Malawi,Agriculture,1994.0,111363.55,3426.455078125,0.8502201870201218,32.50109642060142,0.5858104228973389
MWI,Malawi,Manufacturing,1994.0,69792.54,172.9890627861023,0.042924477327430446,403.4505877911898,9.445170649749556
MWI,Malawi,Services,1994.0,295176.38,430.6355142593384,0.10685533565244776,685.4436413765869,11.660059097442085
MWI,Malawi,Agriculture,1995.0,142876.78,3439.208740234375,0.847619631203149,41.54350376542229,0.7039719223976135
MWI,Malawi,Manufacturing,1995.0,71153.47,169.85926151275635,0.04186313058452803,418.89660955965246,9.57705028548134
MWI,Malawi,Services,1995.0,297610.72,448.4226622581482,0.11051723821232302,663.683492826398,10.711123319260802
MWI,Malawi,Agriculture,1996.0,184599.56,3470.003662109375,0.8425106738128042,53.198665037657065,0.7482563257217407
MWI,Malawi,Manufacturing,1996.0,73068.125,181.0836911201477,0.043966795853293966,403.5047250694699,7.693949827824538
MWI,Malawi,Services,1996.0,296872.06,467.559175491333,0.11352253033390187,634.9400847241058,8.80706502494031
MWI,Malawi,Agriculture,1997.0,191781.95,3512.8505859375,0.8302981875624583,54.59439518798029,0.6966883540153503
MWI,Malawi,Manufacturing,1997.0,73444.375,181.34483456611633,0.04286270758762615,404.99843944120164,7.758629641574202
MWI,Malawi,Services,1997.0,322445.0,536.6347060203552,0.12683910484991548,600.8649764589942,8.538084573119482
MWI,Malawi,Agriculture,1998.0,223224.02,3564.72412109375,0.831687166014702,62.620278047353935,0.6399841904640198
MWI,Malawi,Manufacturing,1998.0,74671.0,184.0034875869751,0.04292992498984133,405.812960282638,6.564791970741056
MWI,Malawi,Services,1998.0,304926.5,537.4081726074219,0.12538290899545657,567.4020521878994,6.823803690009317
MWI,Malawi,Agriculture,1999.0,233013.42,3573.17822265625,0.8251253208508326,65.21181070609491,0.7045186758041382
MWI,Malawi,Manufacturing,1999.0,77149.87,199.25541305541992,0.04601245064859876,387.1908220934601,6.310188204979317
MWI,Malawi,Services,1999.0,302795.25,558.0336670875549,0.12886222850056867,542.6110786116633,6.541447901221594
MWI,Malawi,Agriculture,2000.0,245385.69,3578.257080078125,0.8234050077737419,68.57687472098635,0.7188427448272705
MWI,Malawi,Manufacturing,2000.0,75297.78,201.7110390663147,0.04641641893623309,373.2952921096452,5.920923258219022
MWI,Malawi,Services,2000.0,295880.53,565.7148027420044,0.130178573290025,523.0206630900853,6.1144380349037135
MWI,Malawi,Agriculture,2001.0,230685.08,3579.21875,0.819538201340539,64.45123761295673,0.6547169089317322
MWI,Malawi,Manufacturing,2001.0,66496.5,189.58654367923737,0.04340986842596634,350.74482982561165,5.400815569516836
MWI,Malawi,Services,2001.0,294978.16,598.5551834106445,0.13705193023349468,492.8169773239227,5.544284420212529
MWI,Malawi,Agriculture,2002.0,236883.0,3576.263916015625,0.8085252776328429,66.23756119875942,0.7957782745361328
MWI,Malawi,Manufacturing,2002.0,67771.516,204.07296693325043,0.04613701788286683,332.0945279693374,6.072970517962267
MWI,Malawi,Services,2002.0,306575.88,642.856819152832,0.14533770448429031,476.89604569180904,6.392350104745053
MWI,Malawi,Agriculture,2003.0,246037.31,3573.05029296875,0.8052124341799981,68.85917978377357,0.7820467352867126
MWI,Malawi,Manufacturing,2003.0,72025.016,222.49716866016388,0.05014132802092496,323.712054668925,6.202067024336928
MWI,Malawi,Services,2003.0,288144.0,641.8533301353455,0.14464623779907695,448.9249902921592,6.484590559669047
MWI,Malawi,Agriculture,2004.0,253007.42,3573.820556640625,0.7763004164401115,70.79466298465356,0.8666000366210938
MWI,Malawi,Manufacturing,2004.0,79508.445,245.87690091133118,0.05340904433934182,323.3668759359081,5.643655462991344
MWI,Malawi,Services,2004.0,340242.06,783.9591693878174,0.17029053922054674,434.00482548815677,6.2190862918121494
MWI,Malawi,Agriculture,2005.0,233299.12,3580.83544921875,0.7541879752998177,65.15214907484791,0.8745940327644348
MWI,Malawi,Manufacturing,2005.0,85165.09,274.99351167678833,0.057918550777683084,309.6985569975854,5.310495497761524
MWI,Malawi,Services,2005.0,362973.88,892.1059923171997,0.18789347392249914,406.8730376501495,6.148527161296121
MWI,Malawi,Agriculture,2006.0,232270.28,3592.904541015625,0.7521809028617115,64.64693915423173,0.8805115222930908
MWI,Malawi,Manufacturing,2006.0,95167.055,315.4816241264343,0.06604663446043625,301.6564116880553,4.980390858943162
MWI,Malawi,Services,2006.0,358790.88,868.2633447647095,0.18177246267785227,413.22817226290795,6.744469876093129
MWI,Malawi,Agriculture,2007.0,258220.4,3623.37109375,0.7245911379760436,71.26523879803749,1.0957847833633423
MWI,Malawi,Manufacturing,2007.0,110257.72,376.17840051651,0.07522705465703884,293.09954691340903,5.339512928291788
MWI,Malawi,Services,2007.0,392564.0,1001.0237998962402,0.2001818073669176,392.1625040690248,7.31821872135187
MWI,Malawi,Agriculture,2008.0,269025.44,3653.83203125,0.6918205732695819,73.628299056748,1.1858000755310059
MWI,Malawi,Manufacturing,2008.0,127533.734,432.28518772125244,0.08184935263237976,295.0222168084943,5.065737569626311
MWI,Malawi,Services,2008.0,442166.25,1195.3562908172607,0.22633007409803832,369.903311169001,6.767307333752836
MWI,Malawi,Agriculture,2009.0,290550.9,3757.889404296875,0.6730121394518975,77.31757776526793,1.21514892578125
MWI,Malawi,Manufacturing,2009.0,133865.7,473.3295249938965,0.0847700615983127,282.81714124367414,4.43469176684119
MWI,Malawi,Services,2009.0,484015.4,1352.468472480774,0.24221779894978973,357.87555576965997,5.36120706041884
MWI,Malawi,Agriculture,2010.0,310167.1,3869.829833984375,0.6518315376760272,80.15006009467143,1.144758939743042
MWI,Malawi,Manufacturing,2010.0,145710.0,539.9034113883972,0.09094096793385066,269.8816064623432,3.854636704537171
MWI,Malawi,Services,2010.0,515730.78,1527.122537612915,0.25722749439012216,337.7140789606525,4.823467470971446
MWI,Malawi,Agriculture,2011.0,323463.8,3988.864990234375,0.6279027916596601,81.09169232147768,1.2001876831054688
MWI,Malawi,Manufacturing,2011.0,147994.11,607.4735770225525,0.09562478444514318,243.62229893252743,3.841983958381939
MWI,Malawi,Services,2011.0,542319.0,1756.3406105041504,0.2764724238951967,308.7778058290923,4.668399306849992
MWI,Malawi,Agriculture,2012.0,326761.2,4115.78369140625,0.6157761719944997,79.39221591802233,1.047913670539856
MWI,Malawi,Manufacturing,2012.0,147886.4,683.8976030349731,0.10232020912867797,216.24056816943894,2.771628914354716
MWI,Malawi,Services,2012.0,559763.8,1884.2143783569336,0.28190361887682236,297.0807456570432,4.806892437352229
MWI,Malawi,Agriculture,2013.0,347178.5,4249.00830078125,0.5898260048483712,81.70812467844921,1.0993800163269043
MWI,Malawi,Manufacturing,2013.0,155096.1,805.614405632019,0.11183134809006157,192.51901736827102,2.548332383075575
MWI,Malawi,Services,2013.0,590724.44,2149.210739135742,0.2983426470615672,274.85645160024967,4.564287941433109
MWI,Malawi,Agriculture,2014.0,368910.0,4389.328125,0.5618787024851939,84.04703168551565,1.071225881576538
MWI,Malawi,Manufacturing,2014.0,163038.0,979.7205171585083,0.12541420401992523,166.41276480853998,2.109234524188724
MWI,Malawi,Services,2014.0,624482.2,2442.829803466797,0.31270709349488085,255.63884418544103,4.042057175165621
MWI,Malawi,Agriculture,2015.0,365106.1,4536.74267578125,0.5342369124893932,80.47758487583316,1.1773459911346436
MWI,Malawi,Manufacturing,2015.0,168871.6,1189.3595628738403,0.14005638541093487,141.98531631759607,1.9737085634670797
MWI,Malawi,Services,2015.0,654906.1,2765.903030395508,0.32570670209967195,236.77841117457842,4.055344706048604
MWI,Malawi,Agriculture,2016.0,354964.25,4693.880859375,0.5328134129359754,75.6227651775687,1.0165064334869385
MWI,Malawi,Manufacturing,2016.0,178253.34,1228.286862373352,0.13942571931676753,145.12354500443874,1.822007033116957
MWI,Malawi,Services,2016.0,695727.0,2887.446949005127,0.3277608677472571,240.94884245049542,3.814026949958954
MWI,Malawi,Agriculture,2017.0,375247.94,4859.73974609375,0.5311779011613937,77.21564468583396,1.0118434429168701
MWI,Malawi,Manufacturing,2017.0,178253.34,1286.7676038742065,0.14064590920898074,138.52800087079743,1.7295044123605292
MWI,Malawi,Services,2017.0,715694.1,3002.4797134399414,0.3281761896296256,238.3676804863501,3.776568264591367
NAM,Namibia,Agriculture,1960.0,,,,,
NAM,Namibia,Manufacturing,1960.0,,,,,
NAM,Namibia,Services,1960.0,0.0,33.76466424703458,1.0,0.0,0.0
NAM,Namibia,Agriculture,1961.0,,,,,
NAM,Namibia,Manufacturing,1961.0,,,,,
NAM,Namibia,Services,1961.0,0.0,35.50939605295466,1.0,0.0,0.0
NAM,Namibia,Agriculture,1962.0,,,,,
NAM,Namibia,Manufacturing,1962.0,,,,,
NAM,Namibia,Services,1962.0,0.0,37.344616160271684,1.0,0.0,0.0
NAM,Namibia,Agriculture,1963.0,,,,,
NAM,Namibia,Manufacturing,1963.0,,,,,
NAM,Namibia,Services,1963.0,0.0,39.27503325673971,1.0,0.0,0.0
NAM,Namibia,Agriculture,1964.0,,,,,
NAM,Namibia,Manufacturing,1964.0,,,,,
NAM,Namibia,Services,1964.0,0.0,41.30560957483803,1.0,0.0,0.0
NAM,Namibia,Agriculture,1965.0,1942.283,163.13396156953988,0.6004664552648266,11.906061376168008,1.6078609228134157
NAM,Namibia,Manufacturing,1965.0,6932.0635,39.68750664775264,0.14608249689882452,174.6661370815805,42.65340451187847
NAM,Namibia,Services,1965.0,10232.9,68.85725777847044,0.25345104783634886,148.6103385578697,18.05303966810045
NAM,Namibia,Agriculture,1966.0,2352.9102,166.15079989976442,0.5933724578077945,14.16129298004864,2.0623061656951904
NAM,Namibia,Manufacturing,1966.0,7371.609,41.002230384237315,0.1464307980062323,179.78555843519803,45.69506241369996
NAM,Namibia,Services,1966.0,10266.273,72.85794379053824,0.26019674418597316,140.908086385403,18.254482151787744
NAM,Namibia,Agriculture,1967.0,2166.448,169.22342093998716,0.5861567304179779,12.802294067883055,2.079439878463745
NAM,Namibia,Manufacturing,1967.0,6651.425,42.36323765142405,0.14673794403721846,157.00935937468205,43.268336214265545
NAM,Namibia,Services,1967.0,10100.094,77.11329512116828,0.2671053255448036,130.977333209918,19.19463742605547
NAM,Namibia,Agriculture,1968.0,2184.6465,172.35287635868397,0.5788197413189685,12.675428055105545,2.2456371784210205
NAM,Namibia,Manufacturing,1968.0,6166.234,43.77225749091794,0.14700216957860965,140.87082184413603,41.406726048290594
NAM,Namibia,Services,1968.0,10092.153,81.64093053158159,0.27417808910242175,123.61634359873568,19.947936371741886
NAM,Namibia,Agriculture,1969.0,2005.3218,175.54019568394173,0.5713621390174314,11.423718479580089,2.1874682903289795
NAM,Namibia,Manufacturing,1969.0,6130.6963,45.231081122469696,0.14722170702564263,135.54167039392124,43.64673756749344
NAM,Namibia,Services,1969.0,10112.106,86.45978331566343,0.2814161539569261,116.95734198631223,20.614585358492732
NAM,Namibia,Agriculture,1970.0,1879.7224,178.78646379481975,0.5637848744115105,10.51378483701426,2.24129056930542
NAM,Namibia,Manufacturing,1970.0,5370.4995,46.74157325213905,0.14739478283991414,114.89770536281593,39.38364724816688
NAM,Namibia,Services,1970.0,9974.46,91.59019706927305,0.2888203427485753,108.90313898324128,21.690850253789282
NAM,Namibia,Agriculture,1971.0,2060.4246,179.41009213080687,0.5615325541957709,11.484440680430794,2.545703411102295
NAM,Namibia,Manufacturing,1971.0,5779.3555,46.00224541020434,0.14398163479621276,125.6320298545255,46.158568923788295
NAM,Namibia,Services,1971.0,11213.1875,94.08844792593061,0.29448581100801635,119.17709078193504,24.671743084848863
NAM,Namibia,Agriculture,1972.0,2309.7886,180.03590129510707,0.559119404818785,12.82959986093354,2.95023512840271
NAM,Namibia,Manufacturing,1972.0,6042.9253,45.30169780300233,0.1406889299894515,133.3929098915198,49.741445975118786
NAM,Namibia,Services,1972.0,11686.825,96.66142247664368,0.3001916651917634,120.90475078758944,26.630252340530063
NAM,Namibia,Agriculture,1973.0,2726.5664,180.66389128772033,0.556549907193156,15.091927815878522,3.465856313705444
NAM,Namibia,Manufacturing,1973.0,6477.7646,44.638512392354244,0.13751259176433953,145.11605116901302,53.248047463138526
NAM,Namibia,Services,1973.0,12113.91,99.31159580626291,0.30593750104250444,121.97880879773415,26.952675685799186
NAM,Namibia,Agriculture,1974.0,2970.9668,181.2940731788412,0.5538285604813195,16.38755611135853,3.6273860931396484
NAM,Namibia,Manufacturing,1974.0,7092.8936,44.01134484264676,0.13444862996158208,161.160573030582,57.33208706919562
NAM,Namibia,Services,1974.0,12442.764,102.04150143185828,0.3117228095570984,121.9382652869341,26.097792845837407
NAM,Namibia,Agriculture,1975.0,2766.9014,181.9264580386641,0.5509598166642218,15.208900327183095,3.2693378925323486
NAM,Namibia,Manufacturing,1975.0,7944.2583,43.4189064149326,0.13149309328634434,182.96771975005493,63.86202934234961
NAM,Namibia,Services,1975.0,12844.499,104.85377627527757,0.31754709004943404,122.49915529714667,25.58102807474756
NAM,Namibia,Agriculture,1976.0,3109.1338,182.56104586718905,0.5479480770174908,17.03065281146755,3.6326007843017574
NAM,Namibia,Manufacturing,1976.0,8290.729,42.85996394964737,0.12864209183120773,193.4375989061748,66.52455473017272
NAM,Namibia,Services,1976.0,12975.748,107.75115288310052,0.32340983115130134,120.42328735872015,25.161113954543023
NAM,Namibia,Agriculture,1977.0,2994.291,183.19784773461055,0.5447977072575576,16.34457529196892,3.443819284439087
NAM,Namibia,Manufacturing,1977.0,8904.463,42.33335005888444,0.12589182863120857,210.3415599814131,71.51434710447964
NAM,Namibia,Services,1977.0,12947.082,110.73645769427355,0.3293104641112339,116.91797173966785,24.357474126720476
NAM,Namibia,Agriculture,1978.0,2770.6965,183.83686364092858,0.5415130292146757,15.071495881342212,3.0924510955810547
NAM,Namibia,Manufacturing,1978.0,9476.202,41.837938212873944,0.12323855079469395,226.49782836386473,74.18773247712936
NAM,Namibia,Services,1978.0,13018.084,113.81262268247559,0.3352484199906303,114.38172390327907,23.717417472477635
NAM,Namibia,Agriculture,1979.0,2893.259,184.4781157265321,0.5380983321647681,15.68348105578037,3.080883026123047
NAM,Namibia,Manufacturing,1979.0,10259.662,41.37266085515409,0.12067859494173674,247.98168397469365,76.91558472853936
NAM,Namibia,Services,1979.0,13167.36,116.98268841787468,0.3412230728934952,112.55819582917499,22.875520909030975
NAM,Namibia,Agriculture,1980.0,3034.395,185.12160399142113,0.5345578379930331,16.39136088984984,2.4625966548919678
NAM,Namibia,Manufacturing,1980.0,10352.955,40.93649692725011,0.11820838206141168,252.90280935673738,64.82250104942617
NAM,Namibia,Services,1980.0,15003.195,120.24980223816883,0.3472337799455551,124.76690217572595,19.45577183153512
NAM,Namibia,Agriculture,1981.0,3022.2407,188.71619577169656,0.531278853373679,16.01473954208186,2.659128427505493
NAM,Namibia,Manufacturing,1981.0,9741.191,43.6082356323835,0.12276706474334645,223.3796269211173,49.71781314630957
NAM,Namibia,Services,1981.0,16640.9,122.88676244135166,0.34595408188297466,135.41654170087648,23.471014791543528
NAM,Namibia,Agriculture,1982.0,3107.8577,191.11260505213951,0.5262588752687042,16.261918805239123,2.642622709274292
NAM,Namibia,Manufacturing,1982.0,9247.793,46.454345519476654,0.1279194096996056,199.07272108424667,44.3460479468317
NAM,Namibia,Services,1982.0,17958.076,125.58626932336179,0.3458217150316902,142.99394566484193,25.504325615500786
NAM,Namibia,Agriculture,1983.0,3052.522,195.30628254723396,0.523409260597037,15.629410036607558,2.396496057510376
NAM,Namibia,Manufacturing,1983.0,8831.478,49.48620848782492,0.13262010549045744,178.46341049214362,37.59943925782131
NAM,Namibia,Services,1983.0,18350.645,128.35009021093217,0.3439706339125056,142.9733668366911,25.57369099424257
NAM,Namibia,Agriculture,1984.0,2979.6304,200.09907896773086,0.5140028283630547,14.890775042369198,2.3678324222564697
NAM,Namibia,Manufacturing,1984.0,8615.985,52.297729364174025,0.1343393530286366,164.74874638562767,34.667381824899586
NAM,Namibia,Services,1984.0,18856.879,136.89886851288335,0.35165781860830886,137.74313192716716,25.250649804886972
NAM,Namibia,Agriculture,1985.0,3253.2947,206.68916574326823,0.5065729280769696,15.740034878148098,2.2244720458984375
NAM,Namibia,Manufacturing,1985.0,8661.7295,55.268984653750614,0.13545834048538377,156.71953350421654,39.838694755815666
NAM,Namibia,Services,1985.0,19188.541,146.0564794567571,0.35796873143764657,131.37754029807454,22.33563037070463
NAM,Namibia,Agriculture,1986.0,3196.8335,215.67566179924853,0.5016272057165826,14.822411900464555,2.3291516304016113
NAM,Namibia,Manufacturing,1986.0,9124.807,58.40905024273812,0.13585013912741029,156.2224792682615,37.61342207739826
NAM,Namibia,Services,1986.0,19695.887,155.86737058310214,0.3625226551560071,126.36311657191236,22.024279262682775
NAM,Namibia,Agriculture,1987.0,3468.681,227.65764178029627,0.5093730562028937,15.236391280687238,2.641120433807373
NAM,Namibia,Manufacturing,1987.0,9277.796,59.97254614013929,0.1341856960160947,154.7007171707843,31.781420106555778
NAM,Namibia,Services,1987.0,20367.41,159.30676527721363,0.35644124778101155,127.85025244099438,23.43984169007709
NAM,Namibia,Agriculture,1988.0,3520.5002,239.63962176134402,0.5164187959508155,14.690810385465701,2.519256591796875
NAM,Namibia,Manufacturing,1988.0,9388.037,61.577895146226936,0.132699184862967,152.45790859011254,33.76515836167599
NAM,Namibia,Services,1988.0,20979.758,162.8237295387874,0.35088201918621753,128.84951027670854,21.518961766628358
NAM,Namibia,Agriculture,1989.0,3536.5688,252.81979531241876,0.5240156865584913,13.988496602040126,2.2880923748016357
NAM,Namibia,Manufacturing,1989.0,9342.606,63.22621803605725,0.13104800599857913,147.7647522738828,34.92649723357583
NAM,Namibia,Services,1989.0,21568.24,166.42006886526457,0.34493630744292963,129.60119762861578,21.579593363159365
NAM,Namibia,Agriculture,1990.0,4124.5806,264.8017752934665,0.5297963564625446,15.576106171626623,2.1657662391662598
NAM,Namibia,Manufacturing,1990.0,9418.27,64.91866046238029,0.12988458910927372,145.07800167423036,26.58761167655822
NAM,Namibia,Services,1990.0,22261.188,170.09760199275252,0.34031905442818167,130.87302371816213,21.122662997402855
NAM,Namibia,Agriculture,1991.0,4670.14,275.5855617044873,0.5339768812211844,16.946243873714185,2.5627641677856445
NAM,Namibia,Manufacturing,1991.0,9819.877,66.65640878895931,0.12915401321604608,147.32082228155568,25.973333117608448
NAM,Namibia,Services,1991.0,23907.498,173.8582042448939,0.3368691055627697,137.51147465666492,24.0086056094887
NAM,Namibia,Agriculture,1992.0,4365.666,259.3340069749719,0.5124750147610098,16.834143992717188,2.0176780223846436
NAM,Namibia,Manufacturing,1992.0,10934.853,64.64113798143373,0.12773861988875518,169.16243866565617,26.657794555984186
NAM,Namibia,Services,1992.0,25977.277,182.06710004145253,0.359786365350235,142.6796897288723,25.195609212926943
NAM,Namibia,Agriculture,1993.0,4717.0767,244.79253160836242,0.49068703458374535,19.269691886282647,2.3117172718048096
NAM,Namibia,Manufacturing,1993.0,10303.153,62.96423248539781,0.12621190818243877,163.63501806683547,25.86357925325301
NAM,Namibia,Services,1993.0,25767.477,191.12034973913802,0.3831010572338158,134.8233016404076,24.925424212751935
NAM,Namibia,Agriculture,1994.0,5370.5303,229.88374718881775,0.4666699465850254,23.361939846170817,3.436101198196411
NAM,Namibia,Manufacturing,1994.0,11143.135,61.58012756880866,0.12500925008687555,180.95342126685003,28.44179586636677
NAM,Namibia,Services,1994.0,24586.094,201.1406927124878,0.40832080332809906,122.23331548899242,22.962886962714173
NAM,Namibia,Agriculture,1995.0,5266.5825,213.627941504621,0.43924833679026437,24.65306028058754,3.589036226272583
NAM,Namibia,Manufacturing,1995.0,11362.676,60.44954535888648,0.12429255307899026,187.96958213317004,26.793228688294434
NAM,Namibia,Services,1995.0,25548.412,212.2714042118062,0.43645911013074534,120.35729543618875,23.517977243356004
NAM,Namibia,Agriculture,1996.0,5686.025,198.82392540566036,0.411607429925842,28.598293141746176,4.024855136871338
NAM,Namibia,Manufacturing,1996.0,10831.172,59.53865134225113,0.12325755670618646,181.91832752035728,27.944039960027595
NAM,Namibia,Services,1996.0,26658.527,224.68002877911178,0.46513501336797153,118.65107677175271,23.87474265281122
NAM,Namibia,Agriculture,1997.0,5334.494,185.994986985132,0.38478319739616346,28.680849022298794,4.045093536376953
NAM,Namibia,Manufacturing,1997.0,11709.903,58.81827852746925,0.12168223264504917,199.08612787509162,29.960286706662888
NAM,Namibia,Services,1997.0,27486.54,238.5627972774692,0.4935345699587873,115.21720643865008,23.05347907160266
NAM,Namibia,Agriculture,1998.0,5742.1577,177.00503702847308,0.3616641799803458,32.44064582139583,4.484818458557129
NAM,Namibia,Manufacturing,1998.0,12244.032,58.26330685583016,0.11904605343839715,210.1499706643804,32.63545007718565
NAM,Namibia,Services,1998.0,28317.223,254.1498701010912,0.519289766581257,111.41938669882649,22.362867388601963
NAM,Namibia,Agriculture,1999.0,6051.4185,167.86173166764567,0.3374611123535755,36.05001805302849,5.028656005859375
NAM,Namibia,Manufacturing,1999.0,12255.725,57.852094893400356,0.11630305550144875,211.84582221193008,31.728736008716325
NAM,Namibia,Services,1999.0,29407.383,271.71158194578135,0.5462358321449757,108.23014095279933,21.936058603093112
NAM,Namibia,Agriculture,2000.0,6587.8237,158.948,0.3128404943462448,41.44640845099498,6.7426862716674805
NAM,Namibia,Manufacturing,2000.0,12307.8955,57.566,0.11330105378825733,213.8049457633412,37.511426609402314
NAM,Namibia,Services,2000.0,30648.52,291.5660052185059,0.5738584518654979,105.11691686512403,19.862737979145326
NAM,Namibia,Agriculture,2001.0,6135.1055,161.824,0.31148152662700507,37.91220998584882,6.188150405883789
NAM,Namibia,Manufacturing,2001.0,12853.51,61.469,0.1183165535411025,209.10556159405553,41.36063000871508
NAM,Namibia,Services,2001.0,31200.676,296.23700793457033,0.5702019198318925,105.32335577782122,20.01553573249576
NAM,Namibia,Agriculture,2002.0,6778.2764,162.033,0.30939865161921004,41.83269066910753,6.7200608253478995
NAM,Namibia,Manufacturing,2002.0,14314.42,64.28200000000001,0.12274514526908756,222.6816203894558,42.22534093116208
NAM,Namibia,Services,2002.0,31475.715,297.3879933776856,0.5678562031117025,105.84057038165473,20.247611121606912
NAM,Namibia,Agriculture,2003.0,7048.766,161.066,0.30411730400188797,43.763215782854544,6.876410484313965
NAM,Namibia,Manufacturing,2003.0,15005.586,67.40299999999999,0.12726719879825196,222.62489707431422,35.48588879702716
NAM,Namibia,Services,2003.0,33511.047,301.1490055541992,0.5686154971998599,111.27729548145182,21.652537590030317
NAM,Namibia,Agriculture,2004.0,7142.8516,160.652,0.2997294654569436,44.46164107823121,6.559835910797119
NAM,Namibia,Manufacturing,2004.0,17845.445,70.88199999999999,0.13224500143489704,251.76272272932482,38.205129191311784
NAM,Namibia,Services,2004.0,36771.703,304.4560127105713,0.5680255331081592,120.77837713770734,22.85771617299958
NAM,Namibia,Agriculture,2005.0,7552.825,165.877,0.30354884800236287,45.53268503356402,7.947343826293945
NAM,Namibia,Manufacturing,2005.0,17495.82,71.189,0.13027326838826483,245.7657828105466,40.047300673011385
NAM,Namibia,Services,2005.0,37591.336,309.3930002288818,0.5661778836093724,121.50027928780159,23.81095107686902
NAM,Namibia,Agriculture,2006.0,7510.2354,172.744,0.30758218858929803,43.47609961308352,7.903791904449463
NAM,Namibia,Manufacturing,2006.0,20482.941,73.641,0.13112270151151123,278.145888923969,54.302077283048696
NAM,Namibia,Services,2006.0,39530.35,315.2339961853027,0.5612951098991908,125.40002677649981,24.08212400113375
NAM,Namibia,Agriculture,2007.0,6824.9683,178.456,0.3099453585968696,38.24454353856833,6.9195756912231445
NAM,Namibia,Manufacturing,2007.0,21566.047,74.474,0.12934768590657234,289.5782001101055,57.871403406567666
NAM,Namibia,Services,2007.0,42496.93,322.8360021362305,0.5607069554965579,131.63627788194182,24.76296436714311
NAM,Namibia,Agriculture,2008.0,5740.3623,185.496,0.3139949966204862,30.946016650965518,6.560617923736573
NAM,Namibia,Manufacturing,2008.0,22661.281,74.95400000000001,0.12687702687223404,302.3358493209168,69.40191289240266
NAM,Namibia,Services,2008.0,44407.08,330.3110057373047,0.5591279765072799,134.44020136681976,25.841571700644007
NAM,Namibia,Agriculture,2009.0,6757.178,186.305,0.31503965069411455,36.26944109206006,7.0126261711120605
NAM,Namibia,Manufacturing,2009.0,19071.645,72.983,0.12341342866057574,261.31625900894727,58.850496928559195
NAM,Namibia,Services,2009.0,46687.33,332.0820056152344,0.5615469206453098,140.5897559505049,27.55250031088376
NAM,Namibia,Agriculture,2010.0,7085.186,190.42,0.3170580657403763,37.20820310448614,7.588270664215087
NAM,Namibia,Manufacturing,2010.0,21521.54,72.33099999999999,0.12043444466477869,297.54239624089263,60.68103104032187
NAM,Namibia,Services,2010.0,48802.223,337.83299572753907,0.5625074895948449,144.45664950858972,29.4606044898052
NAM,Namibia,Agriculture,2011.0,6990.933,188.06,0.2943888304418693,37.17395036407928,8.030461311340332
NAM,Namibia,Manufacturing,2011.0,22058.557,80.34100000000001,0.12576567598920677,274.5616390214834,58.95190956839432
NAM,Namibia,Services,2011.0,52344.875,370.41399755859373,0.5798454935689239,141.3145165814633,29.52868195989138
NAM,Namibia,Agriculture,2012.0,7128.5967,187.041,0.27367621507634426,38.11248164673788,8.973799705505371
NAM,Namibia,Manufacturing,2012.0,23578.44,89.47,0.13091146306360915,263.5345864884878,65.61286925792001
NAM,Namibia,Services,2012.0,54552.883,406.92800454711914,0.5954123218600467,134.06028143286264,29.578504819513466
NAM,Namibia,Agriculture,2013.0,6314.6616,224.917,0.3139220668404492,28.075519507612807,6.217432975769043
NAM,Namibia,Manufacturing,2013.0,25139.234,98.55600000000001,0.13755697977265977,255.07563593287063,62.78871606738299
NAM,Namibia,Services,2013.0,58327.57,393.00100344848636,0.5485209533868909,148.4158304958258,33.182206400687484
NAM,Namibia,Agriculture,2014.0,6663.084,216.62,0.2932083725866009,30.759320396893177,8.141816139221191
NAM,Namibia,Manufacturing,2014.0,26292.531,103.91999999999999,0.1406620537309554,253.00742157428795,69.20271484622413
NAM,Namibia,Services,2014.0,62695.676,418.25199999999995,0.5661295736824438,149.8992850751461,37.725957909893204
NAM,Namibia,Agriculture,2015.0,6291.9326,178.918,0.2443470551166846,35.16657137452632,9.166300773620605
NAM,Namibia,Manufacturing,2015.0,26816.094,116.759,0.1594569456866776,229.67046437533725,64.2786164668174
NAM,Namibia,Services,2015.0,67747.39,436.5520007324219,0.5961959991966378,155.1874473403794,38.564859361222936
NAM,Namibia,Agriculture,2016.0,6594.15,144.719,0.2007128717397828,45.56519808970315,11.699617385864258
NAM,Namibia,Manufacturing,2016.0,25138.86,129.325,0.17936271075496246,194.38514884979705,57.33058938844049
NAM,Namibia,Services,2016.0,70271.69,446.9810082397461,0.6199244175052547,157.21403416385994,37.519514372425334
NAM,Namibia,Agriculture,2017.0,7171.707,148.325,0.19904800440480963,48.35130309287039,12.745647430419922
NAM,Namibia,Manufacturing,2017.0,25131.994,133.50900000000001,0.17916534650316357,188.24194728913403,52.972366205545505
NAM,Namibia,Services,2017.0,69153.82,463.33800231933594,0.6217866490920269,149.25134559724432,35.596283705879685
NGA,Nigeria,Agriculture,1960.0,2.5899268e+06,11513.742435530596,0.7692963465397996,224.9422170507887,5.879656791687012
NGA,Nigeria,Manufacturing,1960.0,707236.0,1441.1499598661442,0.09629114122960768,490.74421100888696,27.632578875454637
NGA,Nigeria,Services,1960.0,1.1774178e+06,2011.6968615495493,0.1344125122305926,585.2858710994213,55.71774832967097
NGA,Nigeria,Agriculture,1961.0,2.515457e+06,11667.670961783706,0.7544212535288493,215.59204131134044,5.591740608215332
NGA,Nigeria,Manufacturing,1961.0,847810.56,1628.0849973808363,0.1052705315909759,520.7409710573501,26.171567096821892
NGA,Nigeria,Services,1961.0,1.215628e+06,2169.9681402129577,0.1403082148801749,560.2054599201166,54.07426526120917
NGA,Nigeria,Agriculture,1962.0,2.5996402e+06,11823.657503944907,0.7386165609551715,219.86768892220047,5.788236618041992
NGA,Nigeria,Manufacturing,1962.0,961752.5,1867.9937214364365,0.11669241078345619,514.8585292141338,24.88176129878847
NGA,Nigeria,Services,1962.0,1.2451128e+06,2316.1911775220956,0.1446910282613723,537.5690755078537,51.5545206943656
NGA,Nigeria,Agriculture,1963.0,2.813336e+06,11981.72885684543,0.7103171608091763,234.80217534656347,5.977238655090332
NGA,Nigeria,Manufacturing,1963.0,1.071416e+06,2201.502076687876,0.13051244301318202,486.6749894744264,23.939407712702128
NGA,Nigeria,Services,1963.0,1.3737018e+06,2684.908424378492,0.15917039617764173,511.63821362659223,47.85664300221584
NGA,Nigeria,Agriculture,1964.0,2.802975e+06,12141.913544015288,0.6848044603720619,230.851174309471,5.726873397827149
NGA,Nigeria,Manufacturing,1964.0,1.2449222e+06,2422.436600733899,0.13662553131658345,513.9132432290858,22.427078236811976
NGA,Nigeria,Services,1964.0,1.530015e+06,3166.1324187236787,0.17857000831135467,483.24415964155247,45.28604969690959
NGA,Nigeria,Agriculture,1965.0,2.820459e+06,12304.240088984496,0.6478195507207355,229.2265901512314,5.459095478057861
NGA,Nigeria,Manufacturing,1965.0,1.884534e+06,3072.1858696087493,0.16175091313134404,613.4179636208014,21.740643922765102
NGA,Nigeria,Services,1965.0,1.6063575e+06,3616.887959295372,0.19042953614792052,444.1269727119068,39.34684514893175
NGA,Nigeria,Agriculture,1966.0,2.5607865e+06,12468.737015283072,0.6353155989484351,205.37657477747868,5.1753129959106445
NGA,Nigeria,Manufacturing,1966.0,2.2505692e+06,3187.2813254464327,0.16240053357538806,706.1093829503016,19.515226903070534
NGA,Nigeria,Services,1966.0,1.5778345e+06,3970.033712645448,0.20228386747617688,397.4360456875324,33.02527139487518
NGA,Nigeria,Agriculture,1967.0,2.1984752e+06,12635.432846441028,0.6688053464882292,173.9928720066947,4.611514091491699
NGA,Nigeria,Manufacturing,1967.0,1.7101928e+06,2822.7086562324025,0.1494086244460218,605.8693823126159,20.05428921153654
NGA,Nigeria,Services,1967.0,1.2396869e+06,3434.4001206663115,0.18178602906574903,360.9616909632204,34.14716446194459
NGA,Nigeria,Agriculture,1968.0,2.166097e+06,12716.532157070445,0.663633652858143,170.33708351027454,4.607745170593262
NGA,Nigeria,Manufacturing,1968.0,1.3006075e+06,2650.5223023911726,0.1383219714141824,490.6985686657513,21.977492057393615
NGA,Nigeria,Services,1968.0,1.4337705e+06,3794.921583047342,0.1980443757276745,377.81294517518717,37.927537954800364
NGA,Nigeria,Agriculture,1969.0,2.4777365e+06,12798.152670384694,0.6305103467780887,193.6011050824199,5.540058135986327
NGA,Nigeria,Manufacturing,1969.0,2.7561362e+06,3165.4122929441073,0.15594635053371514,870.7037172198995,27.71897391950164
NGA,Nigeria,Services,1969.0,1.7865692e+06,4334.520128824442,0.21354330268819613,412.1723274785051,41.922910197750205
NGA,Nigeria,Agriculture,1970.0,3.05601e+06,12880.296979431954,0.5981851198143004,237.26238648689727,4.800967216491699
NGA,Nigeria,Manufacturing,1970.0,4.5810365e+06,3471.038309411121,0.16120152123128206,1319.7885161852896,20.748944494879765
NGA,Nigeria,Services,1970.0,2.2887298e+06,5180.95722861455,0.24061335895441754,441.75808620061383,26.827138494444938
NGA,Nigeria,Agriculture,1971.0,3.2024855e+06,12974.01665556917,0.6081063825621434,246.8383990107886,5.531065464019775
NGA,Nigeria,Manufacturing,1971.0,5.9730035e+06,3118.856540579759,0.14618422489908808,1915.1260797938749,29.15642111553525
NGA,Nigeria,Services,1971.0,2.467815e+06,5242.236954982124,0.2457093925387685,470.7560953830282,29.581813592970146
NGA,Nigeria,Agriculture,1972.0,2.9744498e+06,13068.417439029183,0.5972169277750295,227.60596406392142,5.30589246749878
NGA,Nigeria,Manufacturing,1972.0,7.1091895e+06,3457.187930430989,0.1579909093190314,2056.3503179631125,30.84650411735755
NGA,Nigeria,Services,1972.0,2.6572315e+06,5356.5899121043,0.244792162905939,496.0677489974446,32.561153757409045
NGA,Nigeria,Agriculture,1973.0,2.9028765e+06,13163.505380257751,0.5854831495989549,220.5245803563579,5.277410507202148
NGA,Nigeria,Manufacturing,1973.0,8.0669135e+06,3822.5383539612617,0.17001791926158058,2110.3551496456093,34.35423441668137
NGA,Nigeria,Services,1973.0,2.9053015e+06,5497.106104123064,0.2444989311394646,528.514721195012,35.48852153703566
NGA,Nigeria,Agriculture,1974.0,3.2037442e+06,13259.28480100185,0.5917784359264164,241.6227042470594,5.599010944366455
NGA,Nigeria,Manufacturing,1974.0,9.480863e+06,3356.6977327688046,0.14981361091403517,2824.4613470691083,46.80330381114879
NGA,Nigeria,Services,1974.0,3.3060578e+06,5789.843694494533,0.2584079531595485,571.0098449019747,33.56442985740987
NGA,Nigeria,Agriculture,1975.0,2.871054e+06,13016.845168062246,0.5497334211938667,220.56450414301116,5.481797218322755
NGA,Nigeria,Manufacturing,1975.0,8.199895e+06,3718.3055401666925,0.1570331980789963,2205.277353197929,45.46911239021398
NGA,Nigeria,Services,1975.0,4.194043e+06,6943.317193164633,0.29323338072713695,604.0402423396179,33.416480144817235
NGA,Nigeria,Agriculture,1976.0,2.8260065e+06,12795.366872286508,0.5163860609057467,220.86170159926004,5.298689365386963
NGA,Nigeria,Manufacturing,1976.0,1.0116869e+07,4239.38384650992,0.1710899536541004,2386.4007993351984,44.29634836017467
NGA,Nigeria,Services,1976.0,4.464696e+06,7743.9329851038965,0.3125239854401528,576.541146286805,29.223387653906013
NGA,Nigeria,Agriculture,1977.0,3.0190082e+06,12577.657139870404,0.49451967959387655,240.02945989280695,6.2032904624938965
NGA,Nigeria,Manufacturing,1977.0,1.0561402e+07,4201.104186286235,0.16517612724210168,2513.958600330798,47.69527621333259
NGA,Nigeria,Services,1977.0,4.829157e+06,8655.326858563905,0.34030419316402183,557.9404543482781,29.86094678318018
NGA,Nigeria,Agriculture,1978.0,2.7582288e+06,12363.652008958747,0.4857004329711122,223.09174894289953,6.370808124542236
NGA,Nigeria,Manufacturing,1978.0,1.0062182e+07,4330.080616654437,0.17010524307744596,2323.7862965642366,46.53771493282922
NGA,Nigeria,Services,1978.0,4.568011e+06,8761.571034151297,0.3441943239514417,521.3689396792624,28.99172587699235
NGA,Nigeria,Agriculture,1979.0,2.3912362e+06,12153.287517696348,0.47670521420786544,196.75633004799167,5.917701721191406
NGA,Nigeria,Manufacturing,1979.0,1.1334937e+07,4263.312995567789,0.16722582526152144,2658.715654183493,44.67782192237041
NGA,Nigeria,Services,1979.0,4.40568e+06,9077.745165105043,0.35606896053061315,485.3275697731067,25.322044101743096
NGA,Nigeria,Agriculture,1980.0,2.509021e+06,11946.502297276207,0.44440701848515846,210.0213884838958,5.374157905578613
NGA,Nigeria,Manufacturing,1980.0,1.1101162e+07,4589.806850384483,0.1707397133525169,2418.655590936265,40.28777732406161
NGA,Nigeria,Services,1980.0,4.7191645e+06,10345.584702706517,0.3848532681623247,456.1525168089741,20.340858384120207
NGA,Nigeria,Agriculture,1981.0,2.3643732e+06,11478.03097595111,0.4091721926643978,205.99118916422682,5.096449851989746
NGA,Nigeria,Manufacturing,1981.0,9.445264e+06,4603.943369958515,0.16412271473527226,2051.5595525418266,38.238151162361056
NGA,Nigeria,Services,1981.0,5.594174e+06,11969.860998056103,0.4267050926003299,467.35496768997484,20.190893705108323
NGA,Nigeria,Agriculture,1982.0,2.425961e+06,11008.085074559145,0.3884649815785269,220.3799283498139,6.069128513336182
NGA,Nigeria,Manufacturing,1982.0,9.205792e+06,4570.307454641389,0.16128185684889187,2014.260986019886,35.27337310438964
NGA,Nigeria,Services,1982.0,5.7484685e+06,12759.001049566357,0.45025316157258133,450.5422076280317,20.904039856038718
NGA,Nigeria,Agriculture,1983.0,2.409082e+06,10537.68279668693,0.3951240394659503,228.6159155177285,6.793266296386719
NGA,Nigeria,Manufacturing,1983.0,7.355055e+06,3123.35241562589,0.11711413666065587,2354.85914532194,46.89802304525431
NGA,Nigeria,Services,1983.0,5.717218e+06,13008.267953674405,0.48776182387339384,439.50647544779974,19.69215937916009
NGA,Nigeria,Agriculture,1984.0,2.3035055e+06,10042.716573374944,0.3977598308660023,229.37075672403313,7.88667106628418
NGA,Nigeria,Manufacturing,1984.0,7.4104665e+06,2627.5875506314765,0.10407032520420496,2820.2548372628253,44.80768287065276
NGA,Nigeria,Services,1984.0,5.515686e+06,12577.887860362516,0.49816984392979263,438.5224340711389,18.503461015879004
NGA,Nigeria,Agriculture,1985.0,2.7310625e+06,10544.00205510947,0.41405756784309616,259.01574048694033,8.047800064086914
NGA,Nigeria,Manufacturing,1985.0,8.525104e+06,2892.326082265359,0.11358016593439595,2947.4906208787065,49.943939859421384
NGA,Nigeria,Services,1985.0,5.646618e+06,12028.734873150888,0.472362266222508,469.42742188155705,19.388449266454128
NGA,Nigeria,Agriculture,1986.0,2.9868355e+06,11066.541024103171,0.4348922459491362,269.8978383123151,2.5277671813964844
NGA,Nigeria,Manufacturing,1986.0,8.3243285e+06,2735.4811888428285,0.10749877087848946,3043.09477029209,17.104507336777704
NGA,Nigeria,Services,1986.0,5.807332e+06,11644.605376264875,0.4576089831723743,498.7143670696688,6.775622959216257
NGA,Nigeria,Agriculture,1987.0,2.8916722e+06,11686.451545425476,0.4501342770615733,247.43800449263927,1.8849196434020996
NGA,Nigeria,Manufacturing,1987.0,8.2877055e+06,2792.8692481815324,0.10757467098298086,2967.452022824275,11.804841341154473
NGA,Nigeria,Services,1987.0,5.9977255e+06,11482.824594905365,0.4422910519554459,522.3214419439131,4.463310909353591
NGA,Nigeria,Agriculture,1988.0,3.1745675e+06,12337.193409646428,0.45817671175812275,257.3168300594049,1.8216800689697266
NGA,Nigeria,Manufacturing,1988.0,8.945887e+06,3097.2540669903456,0.11502532519134583,2888.3284375481894,9.613742408437119
NGA,Nigeria,Services,1988.0,6.280115e+06,11492.26680856982,0.4267979630505314,546.4644273066214,3.7763802632707195
NGA,Nigeria,Agriculture,1989.0,3.325947e+06,13021.092580986387,0.47359436545058403,255.42764397947698,1.3644466400146484
NGA,Nigeria,Manufacturing,1989.0,9.648287e+06,3127.920547620485,0.11376660888605317,3084.569078117978,9.001470103134574
NGA,Nigeria,Services,1989.0,6.535803e+06,11345.175001351021,0.41263902566336286,576.0865741799219,3.2509116252794756
NGA,Nigeria,Agriculture,1990.0,3.4647162e+06,13724.514812097912,0.4864753394263799,252.44726662001307,1.3516629934310913
NGA,Nigeria,Manufacturing,1990.0,1.1107383e+07,3250.8134940896216,0.1152274320513752,3416.801062317044,8.959095371822633
NGA,Nigeria,Services,1990.0,6.889203e+06,11236.820799419685,0.3982972285222449,613.0918275706405,3.3297968743955697
NGA,Nigeria,Agriculture,1991.0,3.5908375e+06,14475.051,0.49933670315654516,248.07080127040658,0.9544012546539307
NGA,Nigeria,Manufacturing,1991.0,1.0890654e+07,3467.3809999999994,0.1196120550544274,3140.887603640904,6.786187313706134
NGA,Nigeria,Services,1991.0,7.0607785e+06,11046.126038085938,0.3810512417890274,639.208576441654,2.54844849123792
NGA,Nigeria,Agriculture,1992.0,3.6747928e+06,14923.634,0.5017153319552884,246.2398066047452,0.9512998461723328
NGA,Nigeria,Manufacturing,1992.0,1.1557525e+07,3570.532,0.12003716036167732,3236.919596295454,7.176617961904941
NGA,Nigeria,Services,1992.0,7.310701e+06,11251.056139892578,0.3782475076830342,649.7790882118735,2.6090017667375713
NGA,Nigeria,Agriculture,1993.0,3.7436658e+06,15126.04,0.4968496448458773,247.49807285978352,0.9486079216003418
NGA,Nigeria,Manufacturing,1993.0,1.0767593e+07,3625.191,0.11907775338743455,2970.2139832080575,5.432210249892309
NGA,Nigeria,Services,1993.0,7.571163e+06,11692.66718310547,0.3840726017666882,647.513769222769,2.26111738961508
NGA,Nigeria,Agriculture,1994.0,3.8396755e+06,15299.274,0.49026933119783295,250.9710918308934,0.9831781387329102
NGA,Nigeria,Manufacturing,1994.0,1.0128093e+07,3667.166,0.11751531623078536,2761.831070641471,4.985201603685343
NGA,Nigeria,Services,1994.0,7.7096505e+06,12239.415692871095,0.3922153525713817,629.9034768866068,2.1109746299978664
NGA,Nigeria,Agriculture,1995.0,3.977382e+06,15960.228,0.4972691553597746,249.2058384128347,0.7212657332420349
NGA,Nigeria,Manufacturing,1995.0,9.822335e+06,3822.7140000000004,0.11910342145249966,2569.4663529628424,4.2641177771832535
NGA,Nigeria,Services,1995.0,7.856567e+06,12312.811030273439,0.38362742318772575,638.080693408118,1.3730782715019012
NGA,Nigeria,Agriculture,1996.0,4.1335482e+06,16320.473,0.4962841321112272,253.27380217472864,0.6916892528533936
NGA,Nigeria,Manufacturing,1996.0,1.0378239e+07,3925.778,0.11937774889191931,2643.6133169017708,4.070235357541664
NGA,Nigeria,Services,1996.0,8.0504125e+06,12639.090166503905,0.3843381189968536,636.9455707607174,1.2177163899186279
NGA,Nigeria,Agriculture,1997.0,4.3056795e+06,16603.984,0.4923151446456547,259.31604728118265,0.7886863946914673
NGA,Nigeria,Manufacturing,1997.0,1.0575554e+07,4008.329,0.118848649301419,2638.3947026304477,4.159143846024569
NGA,Nigeria,Services,1997.0,8.34073e+06,13114.018965576171,0.3888362060529263,636.0163136788285,1.3359522604869896
NGA,Nigeria,Agriculture,1998.0,4.4752415e+06,16688.332,0.48217752382123424,268.1658957887463,0.8626770377159119
NGA,Nigeria,Manufacturing,1998.0,1.061745e+07,4043.982,0.11684314688476012,2625.4938820202465,3.61981311929825
NGA,Nigeria,Services,1998.0,8.725373e+06,13878.034213134766,0.4009793292940057,628.7182223359799,1.5874111559773225
NGA,Nigeria,Agriculture,1999.0,4.7036435e+06,17116.978,0.48150600313991143,274.79403782606954,1.251987338066101
NGA,Nigeria,Manufacturing,1999.0,1.0177382e+07,4159.701,0.11701370433303665,2446.661911517198,5.752606635783547
NGA,Nigeria,Services,1999.0,9.070819e+06,14272.157127441405,0.40148029252705186,635.5604775790569,2.531864895125417
NGA,Nigeria,Agriculture,2000.0,4.840971e+06,17685.436,0.4843571284747638,273.7264153397179,1.3773924112319946
NGA,Nigeria,Manufacturing,2000.0,1.0937668e+07,4343.706,0.11896257265574918,2518.0497943461182,8.817053357262877
NGA,Nigeria,Services,2000.0,9.376379e+06,14484.073064453125,0.39668029886948714,647.3578915458214,3.4683141744509114
NGA,Nigeria,Agriculture,2001.0,5.024542e+06,17831.314,0.47699806455104005,281.7819258861125,1.8224674463272095
NGA,Nigeria,Manufacturing,2001.0,1.1468389e+07,4382.035,0.11722199574270954,2617.137699721705,8.363246687079709
NGA,Nigeria,Services,2001.0,1.014789e+07,15169.01232421875,0.40577993970625037,668.9881834823183,4.104893131275009
NGA,Nigeria,Agriculture,2002.0,7.8170845e+06,18509.291,0.4833051849495008,422.33300562404037,3.1592204570770264
NGA,Nigeria,Manufacturing,2002.0,1.1603588e+07,4556.324,0.1189724130173246,2546.699488447266,7.809063849779458
NGA,Nigeria,Services,2002.0,1.128955e+07,15231.700187988281,0.39772240203317466,741.187776851263,4.104202986390712
NGA,Nigeria,Agriculture,2003.0,8.364832e+06,18733.853,0.47726055359343117,446.50889488670595,3.7041835784912105
NGA,Nigeria,Manufacturing,2003.0,1.3010261e+07,4664.65,0.11883585513986891,2789.118369009465,11.195612519587568
NGA,Nigeria,Services,2003.0,1.1593073e+07,15854.380689941407,0.4039035912667,731.2220657950434,5.135639026692497
NGA,Nigeria,Agriculture,2004.0,8.888573e+06,18261.508,0.45554871947847386,486.7381708016665,4.4888105392456055
NGA,Nigeria,Manufacturing,2004.0,1.3219215e+07,4676.587,0.11666140711816776,2826.680012581825,17.96366772675838
NGA,Nigeria,Services,2004.0,1.3913974e+07,17148.7436171875,0.42778987340335844,811.3698770360401,7.695439367897552
NGA,Nigeria,Agriculture,2005.0,9.516992e+06,18501.474,0.44911740210516726,514.3910155482747,6.551997661590576
NGA,Nigeria,Manufacturing,2005.0,1.3434535e+07,4774.701,0.11590434951014954,2813.6913704125136,27.038001463062074
NGA,Nigeria,Services,2005.0,1.5395574e+07,17919.00896142578,0.43497824838468324,859.1755287997246,11.694798061250365
NGA,Nigeria,Agriculture,2006.0,1.0222475e+07,18491.406,0.4371672384720657,552.8230249230372,6.8083624839782715
NGA,Nigeria,Manufacturing,2006.0,1.3157474e+07,4829.705000000001,0.11418216643367889,2724.281089631768,26.674949544977842
NGA,Nigeria,Services,2006.0,1.7296232e+07,18977.131806640624,0.44865059509425537,911.42498119487,13.123002562847544
NGA,Nigeria,Agriculture,2007.0,1.0958469e+07,18638.67,0.428598632239622,587.9426482683583,8.815983772277832
NGA,Nigeria,Manufacturing,2007.0,1.2889789e+07,4932.826999999999,0.11343099616414035,2613.063259668341,32.313471424996145
NGA,Nigeria,Services,2007.0,1.9515146e+07,19915.972623046873,0.4579703715962377,979.8741125711815,16.85509568253096
NGA,Nigeria,Agriculture,2008.0,1.1645371e+07,18848.559,0.42215912791290683,617.838796058627,9.062209129333496
NGA,Nigeria,Manufacturing,2008.0,1.26132e+07,5067.572999999999,0.11350057043167026,2489.002131789715,32.392124290878684
NGA,Nigeria,Services,2008.0,2.204491e+07,20731.86387109375,0.4643403016554229,1063.3346879504172,16.098631984332275
NGA,Nigeria,Agriculture,2009.0,1.2330326e+07,18766.299,0.41067028280628937,657.0462295202693,11.213241577148438
NGA,Nigeria,Manufacturing,2009.0,1.29258e+07,5112.0650000000005,0.11186932379549819,2528.4889765681773,31.98502438469888
NGA,Nigeria,Services,2009.0,2.4777004e+07,21818.390271484375,0.4774603933982125,1135.6018336688383,18.54512540862027
NGA,Nigeria,Agriculture,2010.0,1.3048893e+07,19141.945,0.40777690632285524,681.6910716230769,10.030672073364258
NGA,Nigeria,Manufacturing,2010.0,1.360417e+07,5380.867,0.11462749990111994,2528.248700441769,37.20165114204644
NGA,Nigeria,Services,2010.0,2.7959204e+07,22419.387774414063,0.47759559377602484,1247.0993535295468,18.35031253101871
NGA,Nigeria,Agriculture,2011.0,1.3429379e+07,19376.306,0.4018478599527596,693.0825204762972,9.616246223449707
NGA,Nigeria,Manufacturing,2011.0,1.4692076e+07,5569.74,0.11551159955325248,2637.8387501032366,41.78045844584741
NGA,Nigeria,Services,2011.0,2.9375784e+07,23271.968654296874,0.48264054049398797,1262.2818652076576,17.915108885253225
NGA,Nigeria,Agriculture,2012.0,1.4329706e+07,19469.99,0.3931953037149963,735.9893867433932,10.142205238342285
NGA,Nigeria,Manufacturing,2012.0,1.501751e+07,5720.038999999999,0.11551585141372045,2625.420910591694,41.83021866661296
NGA,Nigeria,Services,2012.0,3.0572776e+07,24327.322341796877,0.49128884487128327,1256.7258973451749,18.852718653109307
NGA,Nigeria,Agriculture,2013.0,1.4750523e+07,19467.552,0.3827076541220497,757.6978862057233,9.895530700683594
NGA,Nigeria,Manufacturing,2013.0,1.5286887e+07,5886.227,0.1157158397111188,2597.060391996435,39.488521496778084
NGA,Nigeria,Services,2013.0,3.31831e+07,25514.16625878906,0.5015765061668316,1300.575518064172,19.299824848173817
NGA,Nigeria,Agriculture,2014.0,1.5380389e+07,19548.894,0.376975901153132,786.765174541332,9.850028991699219
NGA,Nigeria,Manufacturing,2014.0,1.6359712e+07,5988.164,0.11547423195157451,2732.0080077967136,38.531659156261135
NGA,Nigeria,Services,2014.0,3.542352e+07,26320.0870859375,0.5075498668952935,1345.873966310938,20.07135454524865
NGA,Nigeria,Agriculture,2015.0,1.595222e+07,19598.064,0.37079559257571554,813.9691757308274,9.515776634216309
NGA,Nigeria,Manufacturing,2015.0,1.5999342e+07,6029.755,0.11408303280933177,2653.3983553228945,29.210192411756434
NGA,Nigeria,Services,2015.0,3.7075284e+07,27226.27202050781,0.5151213746149527,1361.7466237049846,19.520352243514395
NGA,Nigeria,Agriculture,2016.0,1.6607337e+07,19864.781,0.3691090653875869,836.0191335610497,8.689165115356445
NGA,Nigeria,Manufacturing,2016.0,1.4582901e+07,6078.334000000001,0.11294200433690123,2399.1608555897055,23.72126790519578
NGA,Nigeria,Services,2016.0,3.673208e+07,27875.07280078125,0.5179489302755119,1317.7393387460684,17.83326021739211
NGA,Nigeria,Agriculture,2017.0,1.7179496e+07,20424.59,0.3680831794548346,841.1182794856592,8.39052677154541
NGA,Nigeria,Manufacturing,2017.0,1.4860668e+07,6255.17,0.11272798433802086,2375.7416664934767,28.37575619252259
NGA,Nigeria,Services,2017.0,3.598999e+07,28809.301005859375,0.5191888362071446,1249.2490530290956,16.130314514200716
RWA,Rwanda,Agriculture,1970.0,375702.25,2016.6971967709503,0.9302443719291266,186.29581605089672,0.7683383226394653
RWA,Rwanda,Manufacturing,1970.0,20418.027,54.28359533876361,0.025039460129570607,376.1362381457737,1.7538728337902818
RWA,Rwanda,Services,1970.0,123341.86,96.94116219220177,0.044716167941302766,1272.3373290125664,12.841426835100208
RWA,Rwanda,Agriculture,1971.0,418552.84,2074.6719532546435,0.9302505138540749,201.74410855335216,0.7544208765029907
RWA,Rwanda,Manufacturing,1971.0,19274.035,56.09045681083052,0.02515008514417439,343.62414307398495,1.365698519079768
RWA,Rwanda,Services,1971.0,145434.22,99.46689092052924,0.044599401001750846,1462.1369724544536,13.074141831015007
RWA,Rwanda,Agriculture,1972.0,391316.12,2134.31335827022,0.9302390509578388,183.34520724601887,0.756933331489563
RWA,Rwanda,Manufacturing,1972.0,16674.18,57.99209482843176,0.025275815778044396,287.52504521228565,1.1319035296082385
RWA,Rwanda,Services,1972.0,150015.22,102.0653928388339,0.04448513326411701,1469.795143853325,14.108048573877129
RWA,Rwanda,Agriculture,1973.0,402488.28,2195.669262371481,0.9302086045792143,183.3100677536851,0.7620769739151001
RWA,Rwanda,Manufacturing,1973.0,15886.0205,59.99689810241101,0.02541804989456683,264.78069717364457,0.9375878248031859
RWA,Rwanda,Services,1973.0,161941.17,104.7390771928848,0.04437334552621893,1546.1389981198065,14.574377221177977
RWA,Rwanda,Agriculture,1974.0,529506.94,2258.7890153462904,0.9301576739365641,234.4207156589268,0.7563049793243408
RWA,Rwanda,Manufacturing,1974.0,36332.215,62.11420994715242,0.025578311498027702,584.9259754678023,2.0580990669308945
RWA,Rwanda,Services,1974.0,187107.72,107.49045315331216,0.044264014565408114,1740.6915057203344,12.035267089342781
RWA,Rwanda,Agriculture,1975.0,543835.0,2323.7230914080565,0.9300846176057586,234.03606135809582,0.6939935684204102
RWA,Rwanda,Manufacturing,1975.0,44603.94,64.35445234521643,0.025758269744808337,693.097987486261,2.1336153044401773
RWA,Rwanda,Services,1975.0,197962.72,110.32211518295219,0.044157112649433124,1794.406483429994,11.053541316542448
RWA,Rwanda,Agriculture,1976.0,580512.1,2390.524213621282,0.9299876552049423,242.8388391517742,0.7814621925354004
RWA,Rwanda,Manufacturing,1976.0,50687.594,66.72926452217823,0.02595974217409132,759.6006656592687,2.373425514863229
RWA,Rwanda,Services,1976.0,213526.69,113.236786154166,0.04405260262096631,1885.6653809416184,12.204344951791043
RWA,Rwanda,Agriculture,1977.0,577612.0,2459.2453549228117,0.9298648268468592,234.8736773432391,0.7435067296028137
RWA,Rwanda,Manufacturing,1977.0,63535.383,69.25163293671196,0.026184722699854026,917.4568182466404,2.4963937811793477
RWA,Rwanda,Services,1977.0,231446.69,116.2372615926586,0.04395045045328673,1991.1574337588995,12.241015087293441
RWA,Rwanda,Agriculture,1978.0,543234.8,2529.942236845271,0.9297140134130452,214.72221957817914,0.6830412149429321
RWA,Rwanda,Manufacturing,1978.0,63445.984,71.93608806642692,0.02643538187214444,881.977128314414,2.3567060492854313
RWA,Rwanda,Services,1978.0,247894.92,119.32647607616332,0.043850604714810525,2077.4511242314275,12.353828199519263
RWA,Rwanda,Agriculture,1979.0,678397.7,2559.0748533868414,0.9278486074698111,265.09489810435423,0.8776842355728149
RWA,Rwanda,Manufacturing,1979.0,62963.1,72.90660807094639,0.026433886716696667,863.6130966514005,2.3875883978003882
RWA,Rwanda,Services,1979.0,264186.66,126.0922509825304,0.04571750581349225,2095.1855026095304,12.753313394681715
RWA,Rwanda,Agriculture,1980.0,648384.06,2588.5427986135373,0.9258356892366224,250.48226471174604,0.8277341723442078
RWA,Rwanda,Manufacturing,1980.0,68278.516,73.9800998787693,0.026460221866040093,922.9308386564435,2.589359768648876
RWA,Rwanda,Services,1980.0,287192.38,133.3758000638744,0.04770408889733754,2153.256999114247,13.155273923384897
RWA,Rwanda,Agriculture,1981.0,595649.4,2618.3500704828566,0.9236675079276637,227.4903503984686,0.8300260901451111
RWA,Rwanda,Manufacturing,1981.0,51125.426,75.15400015906206,0.026511851421347443,680.2755099268697,2.4408949258359556
RWA,Rwanda,Services,1981.0,350990.06,141.22817663326714,0.049820640650988866,2485.2693766020216,16.01478789064708
RWA,Rwanda,Agriculture,1982.0,558881.9,2648.500417079953,0.9213350990999775,211.01823182500502,0.7697424292564392
RWA,Rwanda,Manufacturing,1982.0,66941.47,76.42609383451277,0.026586381592674426,875.8980786712709,3.736578961667935
RWA,Rwanda,Services,1982.0,323935.2,149.7066379443885,0.052078519307348026,2163.799761640043,13.922536991397424
RWA,Rwanda,Agriculture,1983.0,529652.2,2678.9980862346683,0.9188282029924831,197.70532506965174,0.7743589282035829
RWA,Rwanda,Manufacturing,1983.0,73192.336,77.79449991076122,0.026681534758454587,940.842039237473,4.1285697470459555
RWA,Rwanda,Services,1983.0,327555.56,158.8755197198241,0.054490262249062185,2061.7119810379977,14.035169306528575
RWA,Rwanda,Agriculture,1984.0,579439.56,2709.847075904501,0.9161351270879073,213.82740290117403,0.7782860398292542
RWA,Rwanda,Manufacturing,1984.0,76717.195,79.25764705556281,0.02679513364557678,967.9469194779167,4.066843600212911
RWA,Rwanda,Services,1984.0,327409.8,168.80726598223885,0.05706973926651596,1939.5481029498376,11.826687762036418
RWA,Rwanda,Agriculture,1985.0,595167.0,2741.0511341746037,0.9132426040685921,217.13093658838986,0.8384647369384766
RWA,Rwanda,Manufacturing,1985.0,74269.96,80.81426644698942,0.026925083671657055,919.0204180869204,4.063163620396182
RWA,Rwanda,Services,1985.0,331606.4,179.58363599029065,0.05983231225975087,1846.529080566832,11.524279718964404
RWA,Rwanda,Agriculture,1986.0,466603.62,2772.614508874819,0.9101356673822676,168.29011876929002,0.7763230204582214
RWA,Rwanda,Manufacturing,1986.0,57928.168,82.46335878717436,0.02706933973118615,702.471604609921,3.433193464196763
RWA,Rwanda,Services,1986.0,353953.3,191.29709405048783,0.06279499288654623,1850.280655108035,13.413496913613475
RWA,Rwanda,Agriculture,1987.0,443595.34,2804.5414478349876,0.9067974568493907,158.17036474623714,0.7676076889038086
RWA,Rwanda,Manufacturing,1987.0,54038.348,84.2042003137394,0.027225896325932343,641.7535877652969,3.2331620360711866
RWA,Rwanda,Services,1987.0,353463.75,204.05244766771466,0.06597664682467692,1732.22009360844,12.776415714559471
RWA,Rwanda,Agriculture,1988.0,416761.72,2836.8359490126077,0.903209033368724,146.91075770351068,0.7667294740676881
RWA,Rwanda,Manufacturing,1988.0,51971.145,86.03630825333359,0.027392761586779245,604.0606063456507,3.172894594991179
RWA,Rwanda,Services,1988.0,355769.3,217.9687266112697,0.06939820504449679,1632.2034726315899,12.544519587912353
RWA,Rwanda,Agriculture,1989.0,425831.3,2869.50226023752,0.8993491584914701,148.39901623383014,0.8641191124916077
RWA,Rwanda,Manufacturing,1989.0,56549.984,87.95943587063498,0.027567932504465792,642.9098119520689,3.4049736798856682
RWA,Rwanda,Services,1989.0,352414.72,233.18148529060312,0.07308290900406413,1511.3323354588042,12.409345484687574
RWA,Rwanda,Agriculture,1990.0,477531.75,2901.3824730694337,0.8980808504814795,164.58765930808462,1.0002375841140747
RWA,Rwanda,Manufacturing,1990.0,56909.34,88.31117899741635,0.0273354442157078,644.41830003668,3.550826369272562
RWA,Rwanda,Services,1990.0,362375.94,240.95364601766346,0.07458370530281269,1503.9238604151917,12.65221342931708
RWA,Rwanda,Agriculture,1991.0,418220.84,2933.6167550122436,0.8967546761375649,142.56151320224325,0.7512689232826233
RWA,Rwanda,Manufacturing,1991.0,49875.33,88.67123933088824,0.027105227147693776,562.4746930499498,2.402662241978404
RWA,Rwanda,Services,1991.0,434473.12,249.08246301283083,0.07614009671474141,1744.294318213881,12.477179115753856
RWA,Rwanda,Agriculture,1992.0,421914.03,2966.209353895791,0.8953668127586265,142.24013915129157,0.7770203351974487
RWA,Rwanda,Manufacturing,1992.0,63564.203,89.03976922892033,0.026877150218191533,713.885533121465,3.4560381654704964
RWA,Rwanda,Services,1992.0,452476.1,257.59351480699326,0.07775603702318191,1756.550797053358,12.504624465142204
RWA,Rwanda,Agriculture,1993.0,444759.94,2999.1640178052303,0.8939130587753763,148.2946363918678,0.776046872138977
RWA,Rwanda,Manufacturing,1993.0,60794.8,89.41694013544699,0.02665108343134402,679.9024959829676,3.261981483177322
RWA,Rwanda,Services,1993.0,403596.97,266.5149189603271,0.07943585779327966,1514.3503798002341,9.733426211029645
RWA,Rwanda,Agriculture,1994.0,298499.75,3032.4847446980593,0.8923888108918939,98.43404835651407,0.43783718347549433
RWA,Rwanda,Manufacturing,1994.0,20002.074,89.80291254784626,0.026426881283843233,222.7330233648386,0.6729214986234316
RWA,Rwanda,Services,1994.0,333894.56,275.87770261249125,0.08118430782426292,1210.2991990222622,6.392115577112697
RWA,Rwanda,Agriculture,1995.0,477981.25,3066.175532531776,0.8907890079758627,155.8884169965721,0.4752434492111206
RWA,Rwanda,Manufacturing,1995.0,47796.82,90.19786250901524,0.026204391631683685,529.9107870513309,1.3508932029391183
RWA,Rwanda,Services,1995.0,528212.3,285.7161515051838,0.08300660039245368,1848.7310210407077,6.855399586772083
RWA,Rwanda,Agriculture,1996.0,583638.06,3100.240879008565,0.8891081183119377,188.2557147258323,0.596534788608551
RWA,Rwanda,Manufacturing,1996.0,63617.836,90.60196171508777,0.025983445428805776,702.1684159285245,1.795201311857872
RWA,Rwanda,Services,1996.0,555429.9,296.0681604880876,0.08490843625925658,1876.0202856137512,7.077796307342286
RWA,Rwanda,Agriculture,1997.0,681239.94,3134.6845322135805,0.8873400587216024,217.3232842090612,0.6658548712730408
RWA,Rwanda,Manufacturing,1997.0,81024.72,91.01539042183937,0.025763869075671905,890.2309639552776,2.067203605322497
RWA,Rwanda,Services,1997.0,660935.0,306.97562988020104,0.08689607220272562,2153.0536487796558,7.603480227044067
RWA,Rwanda,Agriculture,1998.0,683724.2,3169.510739976664,0.8854781512266292,215.71915781078377,0.7026211023330688
RWA,Rwanda,Manufacturing,1998.0,94100.03,91.43834521860214,0.025545474843851213,1029.1090791837337,2.4638653028375614
RWA,Rwanda,Services,1998.0,716036.94,318.4850720293085,0.08897637392951958,2248.259024944525,8.24572662896247
RWA,Rwanda,Agriculture,1999.0,520276.28,3204.724,0.8835151097949863,162.34667361370276,0.6401404142379761
RWA,Rwanda,Manufacturing,1999.0,95249.27,91.87100000000001,0.02532805216673111,1036.7719240837696,3.0496943763094797
RWA,Rwanda,Services,1999.0,644775.8,330.64800294494626,0.09115683803828259,1950.036917680573,8.233947917891197
RWA,Rwanda,Agriculture,2000.0,559332.9,3354.908,0.8827980435885306,166.72077893045056,0.6548531651496887
RWA,Rwanda,Manufacturing,2000.0,103003.03,93.596,0.024628504175885635,1100.506765780589,3.1588962154297437
RWA,Rwanda,Services,2000.0,700203.2,351.8080015563965,0.09257345223558369,1990.299209802805,8.484344204562253
RWA,Rwanda,Agriculture,2001.0,608630.56,3486.3,0.8823152038448819,174.57779379284628,0.6964482665061951
RWA,Rwanda,Manufacturing,2001.0,143676.94,98.892,0.025027655433734346,1452.8671429438175,4.130050021993667
RWA,Rwanda,Services,2001.0,735654.9,366.11699343872067,0.09265714072138373,2009.3437021057894,8.623066481494895
RWA,Rwanda,Agriculture,2002.0,711461.25,3572.787,0.8770885807246374,199.13340761707877,0.7571561336517334
RWA,Rwanda,Manufacturing,2002.0,136120.19,109.895,0.02697828042330372,1238.638586832886,3.5514535245068695
RWA,Rwanda,Services,2002.0,811371.94,390.77999519348145,0.095933138852059,2076.2883143449467,9.74170344140988
RWA,Rwanda,Agriculture,2003.0,689635.5,3588.74,0.8582040826384192,192.1664706833039,0.8233588337898254
RWA,Rwanda,Manufacturing,2003.0,135438.12,119.369,0.0285456631409535,1134.6172373061684,3.173644175368466
RWA,Rwanda,Services,2003.0,857276.4,473.57700289916994,0.11325025422062734,1810.215381557546,7.5933658515536795
RWA,Rwanda,Agriculture,2004.0,702121.75,3562.337,0.8311038149608427,197.0958250159937,0.9186404347419739
RWA,Rwanda,Manufacturing,2004.0,169889.03,139.817,0.03261972185573127,1215.081365284622,3.7628487587483255
RWA,Rwanda,Services,2004.0,920403.3,584.1179865722656,0.136276463183426,1575.7147248642889,6.479800867322309
RWA,Rwanda,Agriculture,2005.0,747661.0,3497.655,0.7959592342762077,213.7606482057264,1.0281480550765991
RWA,Rwanda,Manufacturing,2005.0,194940.67,164.231,0.03737394940450555,1186.990713537639,3.553304422478837
RWA,Rwanda,Services,2005.0,1.02028044e+06,732.3779891357422,0.16666681631928654,1393.1063639747053,5.805924941078066
RWA,Rwanda,Agriculture,2006.0,768322.6,3574.382,0.7911402662947787,214.95257781624906,1.0120887756347656
RWA,Rwanda,Manufacturing,2006.0,211710.92,183.542,0.04062449585866208,1153.473983475172,4.259763170726094
RWA,Rwanda,Services,2006.0,1.146388e+06,760.0889899597169,0.16823523784655917,1508.2286615686357,6.33472129040533
RWA,Rwanda,Agriculture,2007.0,788326.56,3647.136,0.7855508827406951,216.1494834577049,0.934066116809845
RWA,Rwanda,Manufacturing,2007.0,252212.98,201.728,0.0434498764163209,1250.2626525569083,5.0651561164670635
RWA,Rwanda,Services,2007.0,1.2849742e+06,793.9110004882812,0.1709992408429841,1618.536900496024,7.046172503952785
RWA,Rwanda,Agriculture,2008.0,839162.8,3706.124,0.7776556363738701,226.42599451610363,0.8876969218254089
RWA,Rwanda,Manufacturing,2008.0,282244.7,231.89100000000002,0.048657665845603965,1217.1437766019378,4.855199188560385
RWA,Rwanda,Services,2008.0,1.4664188e+06,827.7499821472168,0.17368669778052584,1771.572070827535,7.084653496934445
RWA,Rwanda,Agriculture,2009.0,903985.3,3786.968,0.776251550305292,238.70951972659924,0.9891083240509034
RWA,Rwanda,Manufacturing,2009.0,274722.7,252.878,0.05183485562542425,1086.384294007387,3.999413254253682
RWA,Rwanda,Services,2009.0,1.5605949e+06,838.6859636535645,0.17191359406928375,1860.7618854160696,7.591766050092183
RWA,Rwanda,Agriculture,2010.0,949047.0,3868.041,0.7727089220545167,245.3559825244872,1.0319011211395264
RWA,Rwanda,Manufacturing,2010.0,289106.0,279.382,0.055811446688759245,1034.805391900695,4.352112711360875
RWA,Rwanda,Services,2010.0,1.7041e+06,858.3959954833985,0.17147963125672416,1985.214293829913,8.34927614577244
RWA,Rwanda,Agriculture,2011.0,990285.75,3955.726,0.7704379895227601,250.34235182113218,1.1215609312057495
RWA,Rwanda,Manufacturing,2011.0,362382.1,313.979,0.0611522005094303,1154.1602901786425,5.8850757162502285
RWA,Rwanda,Services,2011.0,1.84079e+06,864.6809645996093,0.16840980996780966,2128.866108267317,8.784803508099744
RWA,Rwanda,Agriculture,2012.0,1.0578546e+06,4039.611,0.7660937882103623,261.8704189586572,1.219137191772461
RWA,Rwanda,Manufacturing,2012.0,395975.56,350.711,0.06651074040471827,1129.0651348261104,5.405143688408492
RWA,Rwanda,Services,2012.0,2.053847e+06,882.6759829711914,0.1673954713849193,2326.8413773834754,9.37580083218822
RWA,Rwanda,Agriculture,2013.0,1.0925892e+06,3953.213,0.7298331900402157,276.3800609782473,1.3028239011764526
RWA,Rwanda,Manufacturing,2013.0,440961.5,384.08299999999997,0.07090852962646237,1148.0890849113343,5.729019933512108
RWA,Rwanda,Services,2013.0,2.160808e+06,1079.3020034179688,0.19925828033332177,2002.0420541767576,8.127343661005044
RWA,Rwanda,Agriculture,2014.0,1.165421e+06,3809.336,0.6845259000946153,305.93809524809575,1.4570494890213013
RWA,Rwanda,Manufacturing,2014.0,484047.56,431.359,0.07751387846567306,1122.1455040928786,5.620666360912253
RWA,Rwanda,Services,2014.0,2.310097e+06,1324.2310305175781,0.23796022143971163,1744.4818515520622,7.082140295332152
RWA,Rwanda,Agriculture,2015.0,1.2234161e+06,3875.184,0.6764218011567414,315.70529941287947,1.5488611459732056
RWA,Rwanda,Manufacturing,2015.0,535945.75,465.596,0.08127079512388939,1151.0961219598107,5.421124007713365
RWA,Rwanda,Services,2015.0,2.5473895e+06,1388.1660413208008,0.24230740371936907,1835.0755055038162,7.623087487651571
RWA,Rwanda,Agriculture,2016.0,1.2708869e+06,3982.742,0.6749761510648412,319.09846909491,1.6868585348129272
RWA,Rwanda,Manufacturing,2016.0,568038.1,482.08500000000004,0.08170147044074007,1178.2945434933672,5.151650313947179
RWA,Rwanda,Services,2016.0,2.7312475e+06,1435.7399959106447,0.24332237849441862,1902.3273766693778,7.83382590443956
RWA,Rwanda,Agriculture,2017.0,1.3545344e+06,4075.284,0.6708003752710066,332.3779091224072,1.839170575141907
RWA,Rwanda,Manufacturing,2017.0,581147.6,509.56199999999995,0.08387498412965688,1140.4846220872043,5.045840342733816
RWA,Rwanda,Services,2017.0,2.941144e+06,1490.409993041992,0.24532464059933654,1973.3791464971303,7.80295182917998
SEN,Senegal,Agriculture,1970.0,509711.06,733.6785278320312,0.732831167072144,694.7335149716873,2.3187365531921387
SEN,Senegal,Manufacturing,1970.0,324162.0,71.13429546356201,0.07105213903077645,4557.042392667676,14.017131457582424
SEN,Senegal,Services,1970.0,1.03471125e+06,196.34346044063568,0.1961166938970795,5269.904318065354,21.6251097951537
SEN,Senegal,Agriculture,1971.0,425672.7,755.7999877929688,0.7196957448629007,563.2081163999724,1.947340726852417
SEN,Senegal,Manufacturing,1971.0,334202.53,74.38999843597412,0.07083641995161524,4492.573441006871,13.685659844724736
SEN,Senegal,Services,1971.0,1.1143588e+06,219.97599458694458,0.20946783518548412,5065.819804985832,20.1102284699451
SEN,Senegal,Agriculture,1972.0,527066.8,793.6486206054688,0.7196588520467316,664.1060020968783,2.265007495880127
SEN,Senegal,Manufacturing,1972.0,340517.03,77.28177738189697,0.07007700101886098,4406.174945579928,13.148826886425992
SEN,Senegal,Services,1972.0,1.1295175e+06,231.88188362121582,0.21026414693440737,4871.08989439249,18.934919967413368
SEN,Senegal,Agriculture,1973.0,442114.97,833.392578125,0.7268382017873325,530.5002472480472,1.8837804794311523
SEN,Senegal,Manufacturing,1973.0,335797.25,77.21980571746826,0.06734677774108214,4348.589676962081,12.434948623966948
SEN,Senegal,Services,1973.0,1.1069126e+06,235.98747301101685,0.20581502047158534,4690.556709967079,18.34695732505656
SEN,Senegal,Agriculture,1974.0,544422.56,875.1268310546875,0.7336169187793021,622.1070400091281,2.009254217147827
SEN,Senegal,Manufacturing,1974.0,377161.8,87.72646260261536,0.07354090276534624,4299.2935234203305,13.904304719859123
SEN,Senegal,Services,1974.0,1.0430281e+06,230.04017519950867,0.19284217845535162,4534.112896129579,18.472441781295775
SEN,Senegal,Agriculture,1975.0,567259.1,918.9510498046875,0.719580789887951,617.2898166018358,2.5402908325195312
SEN,Senegal,Manufacturing,1975.0,379342.2,91.43935179710388,0.07160120335787946,4148.566017197147,13.260257921568972
SEN,Senegal,Services,1975.0,1.1619844e+06,266.674054145813,0.20881800675416945,4357.320695190864,14.715938770126643
SEN,Senegal,Agriculture,1976.0,649927.3,958.14013671875,0.7132169846190853,678.3217690115177,2.64974045753479
SEN,Senegal,Manufacturing,1976.0,424824.84,103.37902641296387,0.07695291603544824,4109.391029210993,11.833692424702813
SEN,Senegal,Services,1976.0,1.1844718e+06,281.88706159591675,0.20983009934546645,4201.937269820253,15.212152594110384
SEN,Senegal,Agriculture,1977.0,605167.7,999.00048828125,0.7165932712789128,605.7731648771991,2.296226739883423
SEN,Senegal,Manufacturing,1977.0,440902.03,110.50655245780945,0.07926748069937127,3989.8270414175936,11.572244630313214
SEN,Senegal,Services,1977.0,1.1489108e+06,284.58990144729614,0.20413924802171587,4037.0749072864396,15.695432930554913
SEN,Senegal,Agriculture,1978.0,462211.12,1041.603271484375,0.7126143322785429,443.7496863285664,1.6512709856033325
SEN,Senegal,Manufacturing,1978.0,388657.6,101.88975095748901,0.06970801535706125,3814.4915469678376,12.383271304360585
SEN,Senegal,Services,1978.0,1.2275246e+06,318.17175793647766,0.21767765236439585,3858.056519413243,15.41857688648118
SEN,Senegal,Agriculture,1979.0,587811.94,1086.02294921875,0.7050710680728289,541.2518565310734,1.93382728099823
SEN,Senegal,Manufacturing,1979.0,432022.94,115.27409148216248,0.07483859052971296,3747.788700350341,11.74235490173763
SEN,Senegal,Services,1979.0,1.2641316e+06,339.00577187538147,0.22009034139745812,3728.9383540782155,14.857873323100215
SEN,Senegal,Agriculture,1980.0,481027.78,1132.3369140625,0.7026360146407323,424.8097675489624,1.4241359233856201
SEN,Senegal,Manufacturing,1980.0,410332.0,113.75190961360931,0.07058516545391691,3607.253727817047,11.920758340776413
SEN,Senegal,Services,1980.0,1.3086852e+06,365.46664810180664,0.2267788199053508,3580.8609535156393,13.854244889807578
SEN,Senegal,Agriculture,1981.0,554863.5,1174.951904296875,0.6964574328815402,472.24358543598964,1.7298462390899658
SEN,Senegal,Manufacturing,1981.0,419030.88,121.14164650440216,0.07180719468682283,3459.0158470792526,12.413152343445633
SEN,Senegal,Services,1981.0,1.3491525e+06,390.94696140289307,0.23173537243163703,3450.9860241876177,14.274748954162051
SEN,Senegal,Agriculture,1982.0,599078.9,1223.9100341796875,0.6859402983818882,489.47950279819884,1.9034348726272583
SEN,Senegal,Manufacturing,1982.0,447515.12,134.73869240283966,0.07551429131989641,3321.355707253164,13.502510644329178
SEN,Senegal,Services,1982.0,1.408659e+06,425.63197112083435,0.23854541029821535,3309.570463634392,14.080449278904057
SEN,Senegal,Agriculture,1983.0,449105.75,1273.6705322265625,0.6879407290123701,352.6074747249569,1.4602614641189575
SEN,Senegal,Manufacturing,1983.0,444925.8,134.875589966774,0.0728496179663604,3298.7867753505698,13.630611334492938
SEN,Senegal,Services,1983.0,1.4184004e+06,442.8786859512329,0.2392096530212695,3202.6837596699916,14.27214189932565
SEN,Senegal,Agriculture,1984.0,502994.88,1326.2275390625,0.6866037969256203,379.2674033564129,1.6385866403579712
SEN,Senegal,Manufacturing,1984.0,462479.78,140.13132977485657,0.07254765887282523,3300.3310679563797,14.111322721260061
SEN,Senegal,Services,1984.0,1.4349741e+06,465.21731090545654,0.2408485442015544,3084.524353161101,14.245734772597778
SEN,Senegal,Agriculture,1985.0,596013.1,1383.7294921875,0.6863074573448367,430.729509174354,2.001053810119629
SEN,Senegal,Manufacturing,1985.0,466718.78,145.02879989147186,0.07193194006289341,3218.111034492843,14.509876954343309
SEN,Senegal,Services,1985.0,1.444177e+06,487.43645763397217,0.24176060259226992,2962.800540218244,14.567431968378031
SEN,Senegal,Agriculture,1986.0,622116.3,1442.9595947265625,0.679907913295245,431.139107965036,2.0220799446105957
SEN,Senegal,Manufacturing,1986.0,487388.28,154.0395712852478,0.07258188230647829,3164.045947307026,13.608402930602553
SEN,Senegal,Services,1986.0,1.4942855e+06,525.2876415252686,0.24751020439827673,2844.6995167468044,13.550150797739997
SEN,Senegal,Agriculture,1987.0,653870.9,1506.0758056640625,0.6693909324604396,434.15535429286956,1.999748945236206
SEN,Senegal,Manufacturing,1987.0,526974.5,171.56581902503967,0.07625419858920897,3071.5587929731455,12.288091702739777
SEN,Senegal,Services,1987.0,1.5661148e+06,572.2780151367188,0.25435486895035153,2736.6327354473874,12.393310905507517
SEN,Senegal,Agriculture,1988.0,551532.8,1572.5291748046875,0.6646411634165341,350.7297806214005,1.5546211004257202
SEN,Senegal,Manufacturing,1988.0,549891.94,178.85576248168945,0.0755947196174252,3074.499417128345,12.127879692350872
SEN,Senegal,Services,1988.0,1.612114e+06,614.5972819328308,0.2597641169660407,2623.0412131503494,11.487186548732915
SEN,Senegal,Agriculture,1989.0,625624.5,1639.5267333984375,0.6593666115487645,381.5884713896646,1.7380837202072144
SEN,Senegal,Manufacturing,1989.0,557814.5,185.15755677223206,0.07446460513546573,3012.6477672536184,12.43607217302928
SEN,Senegal,Services,1989.0,1.6616322e+06,661.8333840370178,0.2661687833157698,2510.650399447153,11.38734934300536
SEN,Senegal,Agriculture,1990.0,563458.56,1712.2564697265625,0.6581082437774071,329.07369454412463,1.4117108583450317
SEN,Senegal,Manufacturing,1990.0,566698.8,194.99378859996796,0.07494614389368959,2906.2403298527074,12.042444901493685
SEN,Senegal,Services,1990.0,1.6634234e+06,694.5352168083191,0.26694561232890335,2395.016602101372,10.609806945369913
SEN,Senegal,Agriculture,1991.0,601024.25,1789.467041015625,0.6566629730202079,335.86773951359527,1.3712157011032104
SEN,Senegal,Manufacturing,1991.0,588201.25,205.92810332775116,0.07556739378830107,2856.342774467409,11.625054989140631
SEN,Senegal,Services,1991.0,1.6797338e+06,729.6968960762024,0.26776963319149105,2301.9609361536673,10.017057075436842
SEN,Senegal,Agriculture,1992.0,568623.56,1800.96923828125,0.6514003136945148,315.73196832760135,1.2332204580307007
SEN,Senegal,Manufacturing,1992.0,608529.0,218.14097690582275,0.07890034863765404,2789.613435456091,11.411330823922395
SEN,Senegal,Services,1992.0,1.7153314e+06,745.6554756164551,0.26969933766783116,2300.4342234352744,9.702169966632576
SEN,Senegal,Agriculture,1993.0,621555.9,1812.1578369140625,0.6517367176419702,342.9921292388373,1.4039973020553589
SEN,Senegal,Manufacturing,1993.0,613311.4,225.08592343330383,0.08095142593961037,2724.7877861261854,11.191043340035307
SEN,Senegal,Services,1993.0,1.7159901e+06,743.2622137069702,0.2673118564184194,2308.7277859069613,9.871002591263009
SEN,Senegal,Agriculture,1994.0,618413.5,1823.745361328125,0.6497564374932091,339.0898275127874,1.332082986831665
SEN,Senegal,Manufacturing,1994.0,621770.94,235.5725817680359,0.0839288229301972,2639.402823679399,11.280975126482957
SEN,Senegal,Services,1994.0,1.7326096e+06,747.4958968162537,0.2663147395765937,2317.8851313827386,10.276316824776465
SEN,Senegal,Agriculture,1995.0,677139.1,1834.9814453125,0.6396468065294061,369.01687847022464,1.5326875448226929
SEN,Senegal,Manufacturing,1995.0,661790.06,254.8335943222046,0.08883114062052472,2596.9498419554952,11.036495201811569
SEN,Senegal,Services,1995.0,1.7881994e+06,778.9266262054443,0.27152205285006914,2295.722491489663,9.981615946935092
SEN,Senegal,Agriculture,1996.0,655560.06,1843.785400390625,0.6334502102690783,355.5511733421432,1.5280632972717285
SEN,Senegal,Manufacturing,1996.0,697002.4,271.5503923892975,0.09329374943592043,2566.751492668698,11.25131472406414
SEN,Senegal,Services,1996.0,1.8288666e+06,795.3671646118164,0.2732560402950013,2299.399203753387,10.402791431815082
SEN,Senegal,Agriculture,1997.0,649471.4,1852.3074951171875,0.6233694748745064,350.6282713383453,1.5381923913955688
SEN,Senegal,Manufacturing,1997.0,717045.9,287.89059472084045,0.0968857542959334,2490.6887829916764,10.497736724739907
SEN,Senegal,Services,1997.0,1.9143534e+06,831.245924949646,0.2797447708295602,2302.992793758315,10.274703845345808
SEN,Senegal,Agriculture,1998.0,654520.0,1860.5423583984375,0.604963779510859,351.7898945140994,1.5603257417678833
SEN,Senegal,Manufacturing,1998.0,769412.5,319.2119314670563,0.103793206133454,2410.350065750615,9.980048510302238
SEN,Senegal,Services,1998.0,2.0277442e+06,895.7064590454102,0.29124301435568695,2263.849087524776,9.93598615359034
SEN,Senegal,Agriculture,1999.0,744217.8,1870.4481201171875,0.5926093002003981,397.88209279676425,1.5631500482559204
SEN,Senegal,Manufacturing,1999.0,791249.9,333.3585424423218,0.10561713550236936,2373.570118236593,9.846359088559158
SEN,Senegal,Services,1999.0,2.1456005e+06,952.4855513572693,0.3017735642972325,2252.633120725632,9.661334362179657
SEN,Senegal,Agriculture,2000.0,762092.56,1880.626953125,0.5823681047479952,405.23324481426056,1.6423976421356201
SEN,Senegal,Manufacturing,2000.0,815036.3,351.9192090034485,0.10897776533043747,2315.9756320434713,9.430761290847334
SEN,Senegal,Services,2000.0,2.2331758e+06,996.7291669845581,0.3086541299215674,2240.5040646659413,9.759675870679192
SEN,Senegal,Agriculture,2001.0,771802.1,1891.6717529296875,0.574892684601458,408.00002632839835,1.6467115879058838
SEN,Senegal,Manufacturing,2001.0,845925.06,375.0082151889801,0.11396770039183822,2255.7507495501345,9.968238794614432
SEN,Senegal,Services,2001.0,2.3030332e+06,1023.7980699539185,0.3111396150067038,2249.499503455462,9.741716655110134
SEN,Senegal,Agriculture,2002.0,600092.8,1903.5113525390625,0.5637586226506204,315.2557045165746,1.3648512363433838
SEN,Senegal,Manufacturing,2002.0,894245.7,402.9014687538147,0.11932641052315517,2219.5145881843678,9.555485928041806
SEN,Senegal,Services,2002.0,2.4159262e+06,1070.0523467063904,0.3169149668262245,2257.7645452918214,9.610864919608984
SEN,Senegal,Agriculture,2003.0,707063.75,1917.2921142578125,0.5524427968267072,368.78248480863635,1.5712984800338745
SEN,Senegal,Manufacturing,2003.0,927256.2,421.4758219718933,0.12144277867388058,2200.022253143231,9.058361966492315
SEN,Senegal,Services,2003.0,2.555876e+06,1131.803361415863,0.32611442449941225,2258.233264833788,9.431816885218408
SEN,Senegal,Agriculture,2004.0,723922.5,1931.6898193359375,0.538530825035041,374.7612545004067,1.4527634382247925
SEN,Senegal,Manufacturing,2004.0,985845.0,459.66507387161255,0.12814884097539606,2144.7028631010435,8.677103121235787
SEN,Senegal,Services,2004.0,2.723007e+06,1195.6075043678284,0.3333203339895629,2277.5091240664105,9.314479830907898
SEN,Senegal,Agriculture,2005.0,803688.94,1945.4744873046875,0.5287270637795617,413.10690155256276,1.662129521369934
SEN,Senegal,Manufacturing,2005.0,995363.0,484.02777433395386,0.13154558724946538,2056.417116496401,8.374445308258554
SEN,Senegal,Services,2005.0,2.8704285e+06,1250.0417234897614,0.33972734897097295,2296.266153410127,9.560634487894893
SEN,Senegal,Agriculture,2006.0,736235.94,1995.7481689453125,0.5236658695040264,368.9022237154683,1.467172384262085
SEN,Senegal,Manufacturing,2006.0,986504.2,498.87599420547485,0.13090044893707942,1977.4537138655803,8.309612208476144
SEN,Senegal,Services,2006.0,3.019393e+06,1316.4857165813446,0.34543368155889415,2293.5250735881677,9.494508063987286
SEN,Senegal,Agriculture,2007.0,693551.4,2053.621337890625,0.5144729034591198,337.7211573543449,1.3924033641815186
SEN,Senegal,Manufacturing,2007.0,1.0441677e+06,542.1919851303101,0.13582985318450702,1925.8264897609017,8.115075260242861
SEN,Senegal,Services,2007.0,3.2169765e+06,1395.8863837718964,0.3496972433563732,2304.611992350869,9.67159237982229
SEN,Senegal,Agriculture,2008.0,829003.8,2111.49462890625,0.5166377803054563,392.6146915795956,1.6140785217285156
SEN,Senegal,Manufacturing,2008.0,1.026619e+06,540.7273025512695,0.13230445842306154,1898.5891689881153,7.907681700889474
SEN,Senegal,Services,2008.0,3.3160852e+06,1434.7703664302826,0.35105776127148225,2311.2306523659536,9.550947643425681
SEN,Senegal,Agriculture,2009.0,923754.3,2171.121337890625,0.5171711121497239,425.4733700869445,1.8196700811386108
SEN,Senegal,Manufacturing,2009.0,1.0939448e+06,564.1761302947998,0.134389355242746,1939.0128210996438,8.413962854815608
SEN,Senegal,Services,2009.0,3.334838e+06,1462.7740924358368,0.3484395326075301,2279.803844793812,9.84980927587495
SEN,Senegal,Agriculture,2010.0,970193.0,2233.67138671875,0.514464591559313,434.34902992834935,1.8630306720733643
SEN,Senegal,Manufacturing,2010.0,1.1507359e+06,603.5989170074463,0.1390223611898645,1906.4578192173992,8.177270496828477
SEN,Senegal,Services,2010.0,3.456021e+06,1504.4694843292236,0.34651304725082244,2297.169225430243,9.853128600111269
SEN,Senegal,Agriculture,2011.0,845335.7,2298.559326171875,0.5061008783778377,367.76761768766715,1.5594468116760254
SEN,Senegal,Manufacturing,2011.0,1.2142479e+06,649.1614751815796,0.14293352756120406,1870.4866530478535,8.241857682598072
SEN,Senegal,Services,2011.0,3.6145572e+06,1593.9811090230942,0.3509655940609582,2267.628662309091,9.757875803092226
SEN,Senegal,Agriculture,2012.0,920696.1,2365.785888671875,0.5021112656358692,389.1713655950785,1.679927110671997
SEN,Senegal,Manufacturing,2012.0,1.2484532e+06,674.9443025588989,0.143249285412646,1849.7129989345365,8.076423598939963
SEN,Senegal,Services,2012.0,3.7979255e+06,1670.9463844299316,0.3546394489514848,2272.9188293469506,9.595074493462796
SEN,Senegal,Agriculture,2013.0,937708.06,2434.765869140625,0.4944113801849307,385.13274495299765,1.7351975440979004
SEN,Senegal,Manufacturing,2013.0,1.284884e+06,720.1457901000977,0.1462351179349444,1784.1998351769935,7.726141467770971
SEN,Senegal,Services,2013.0,3.9813622e+06,1769.6632326841354,0.35935350188012494,2249.7852565774742,9.74229926200179
SEN,Senegal,Agriculture,2014.0,960178.94,2506.08447265625,0.48805673154573836,383.13909526053874,1.7488157749176025
SEN,Senegal,Manufacturing,2014.0,1.3433491e+06,766.3781185150146,0.1492511540339908,1752.8542276271703,7.739087761171622
SEN,Senegal,Services,2014.0,4.159193e+06,1862.3594708442688,0.36269211442027083,2233.29226452426,9.739481043493047
SEN,Senegal,Agriculture,2015.0,1.062355e+06,2469.471923828125,0.4773873318615221,430.195212891167,2.048419237136841
SEN,Senegal,Manufacturing,2015.0,1.4513269e+06,782.863881111145,0.15133976450927122,1853.8687376151304,8.391982102518517
SEN,Senegal,Services,2015.0,4.282096e+06,1920.5537105798721,0.3712729036292067,2229.6153325007026,9.753559230702086
SEN,Senegal,Agriculture,2016.0,1.1201278e+06,2524.15185546875,0.47372907785826696,443.7640103043585,2.106438636779785
SEN,Senegal,Manufacturing,2016.0,1.5262982e+06,811.3218221664429,0.15226767669642535,1881.2488562484143,8.4678887663969
SEN,Senegal,Services,2016.0,4.532283e+06,1992.786658167839,0.3740032454453077,2274.344311481373,9.923210384539706
SEN,Senegal,Agriculture,2017.0,1.2651675e+06,2573.206298828125,0.46863031792588106,491.66967319183675,2.2880849838256836
SEN,Senegal,Manufacturing,2017.0,1.602916e+06,851.188606262207,0.15501780302232557,1883.1502069075216,8.627479163157142
SEN,Senegal,Services,2017.0,4.831693e+06,2066.5138142108917,0.37635187905179335,2338.0888948206743,10.176248881489636
SLE,Sierra Leone,Agriculture,2001.0,2.3498845e+06,1143.999,0.7008264769256993,2054.096638196362,1.8282877206802366
SLE,Sierra Leone,Manufacturing,2001.0,380950.2,84.536,0.05178769129465228,4506.3663705403615,4.045853008799311
SLE,Sierra Leone,Services,2001.0,2.2538935e+06,403.8219923019409,0.24738583177964849,5581.403546527862,4.818023584051057
SLE,Sierra Leone,Agriculture,2002.0,3.095657e+06,1165.917,0.6850408986831347,2655.126394074364,2.1600828170776367
SLE,Sierra Leone,Manufacturing,2002.0,516370.0,98.80699999999999,0.05805459228760236,5226.046737579322,4.498960449833924
SLE,Sierra Leone,Services,2002.0,2.7040875e+06,437.24299531555175,0.256904509029263,6184.404390626088,5.088380410779394
SLE,Sierra Leone,Agriculture,2003.0,3.3888222e+06,1219.832,0.6826258967869202,2778.105714557414,2.109896421432495
SLE,Sierra Leone,Manufacturing,2003.0,671788.5,106.668,0.059692104452471494,6297.938463269209,5.003761443824652
SLE,Sierra Leone,Services,2003.0,2.8036328e+06,460.4700017852783,0.2576819987606083,6088.632786348939,4.763854161696379
SLE,Sierra Leone,Agriculture,2004.0,3.6867428e+06,1312.963,0.6846004344723913,2807.95631712394,2.0391783714294434
SLE,Sierra Leone,Manufacturing,2004.0,764180.56,116.605,0.06079975876064534,6553.583143947515,5.347307321817867
SLE,Sierra Leone,Services,2004.0,2.9083385e+06,488.2850043029785,0.25459980676696337,5956.2314516531615,4.125089295619001
SLE,Sierra Leone,Agriculture,2005.0,3.9383922e+06,1346.214,0.6814482721398833,2925.5320847948396,2.0450353622436523
SLE,Sierra Leone,Manufacturing,2005.0,777978.5,112.464,0.056928837820688125,6917.578069426661,5.371641892882037
SLE,Sierra Leone,Services,2005.0,2.9682708e+06,516.8409866027832,0.26162289003942857,5743.102476277209,3.9529886359188304
SLE,Sierra Leone,Agriculture,2006.0,4.1734022e+06,1365.787,0.6771049334471051,3055.6757752123867,2.1043381690979004
SLE,Sierra Leone,Manufacturing,2006.0,827753.3,108.53399999999999,0.05380700420105631,7626.672862881678,5.229362148281433
SLE,Sierra Leone,Services,2006.0,3.0086525e+06,542.7769895935058,0.26908806235183874,5543.073044148808,3.7920742184500096
SLE,Sierra Leone,Agriculture,2007.0,4.726497e+06,1372.292,0.6691499246459741,3444.2356291518136,2.3335890769958496
SLE,Sierra Leone,Manufacturing,2007.0,860730.3,107.008,0.05217868728850449,8043.607136849581,5.345761128231153
SLE,Sierra Leone,Services,2007.0,3.054963e+06,571.4990055084229,0.27867138806552133,5345.526362346356,3.7661490033010487
SLE,Sierra Leone,Agriculture,2008.0,5.0423535e+06,1372.614,0.6606770212530113,3673.5407769409317,2.5969133377075195
SLE,Sierra Leone,Manufacturing,2008.0,713144.4,104.02700000000002,0.050071067678085036,6855.377690407297,4.858722736739977
SLE,Sierra Leone,Services,2008.0,3.2876758e+06,600.9460142974854,0.2892519110689037,5470.83377172131,3.905072880667359
SLE,Sierra Leone,Agriculture,2009.0,5.24513e+06,1370.932,0.6545243405031638,3825.959274420613,2.9228992462158203
SLE,Sierra Leone,Manufacturing,2009.0,682941.1,100.16499999999999,0.0478217960967425,6818.161283881596,4.587127588927428
SLE,Sierra Leone,Services,2009.0,3.4058505e+06,623.4500094299317,0.2976538634000937,5462.90873122968,4.048556511195539
SLE,Sierra Leone,Agriculture,2010.0,5.429597e+06,1369.112,0.6425725639413629,3965.7800092322614,2.9173014163970947
SLE,Sierra Leone,Manufacturing,2010.0,773583.9,100.238,0.04704522980176518,7717.471168618687,5.677114987333392
SLE,Sierra Leone,Services,2010.0,3.640685e+06,661.3229804992676,0.31038220625687185,5505.154224720052,4.049693996499897
SLE,Sierra Leone,Agriculture,2011.0,5.6951655e+06,1362.932,0.631380189188599,4178.613092949611,3.616586446762085
SLE,Sierra Leone,Manufacturing,2011.0,848109.0,101.33600000000001,0.046944046255877676,8369.276466408777,6.801182660677631
SLE,Sierra Leone,Services,2011.0,3.9193138e+06,694.3869963684082,0.3216757645555233,5644.278724252782,4.6146079730150085
SLE,Sierra Leone,Agriculture,2012.0,5.9142425e+06,1336.223,0.6130343442009892,4426.089432677031,3.615100860595703
SLE,Sierra Leone,Manufacturing,2012.0,2.1196065e+06,109.258,0.05012554519620728,19400.01189844222,12.501592697592978
SLE,Sierra Leone,Services,2012.0,4.159062e+06,734.2060153198242,0.3368401106028035,5664.70706207479,4.263434367149368
SLE,Sierra Leone,Agriculture,2013.0,6.1835105e+06,1300.757,0.5910949137722598,4753.778376745234,3.984147310256958
SLE,Sierra Leone,Manufacturing,2013.0,4.3615e+06,121.43900000000001,0.05518476951005411,35915.15081645929,18.696919994832342
SLE,Sierra Leone,Services,2013.0,4.4138265e+06,778.3930588684082,0.3537203167176861,5670.434043202566,3.980190742508249
SLE,Sierra Leone,Agriculture,2014.0,6.233206e+06,1284.898,0.5764932739552704,4851.129039036562,3.853230714797973
SLE,Sierra Leone,Manufacturing,2014.0,4.9784935e+06,124.74799999999999,0.055970499556674595,39908.40334113573,11.823048564898997
SLE,Sierra Leone,Services,2014.0,4.5081225e+06,819.1709837341309,0.3675362264880549,5503.274150959369,3.5022425911573603
SLE,Sierra Leone,Agriculture,2015.0,6.4282875e+06,1374.638,0.5973388482199933,4676.349337061831,3.9771711826324463
SLE,Sierra Leone,Manufacturing,2015.0,1.11689e+06,111.96600000000001,0.04865400307557319,9975.26034689102,3.6135281524953253
SLE,Sierra Leone,Services,2015.0,4.585449e+06,814.6660481414795,0.35400714870443345,5628.624158894204,3.9002022690781817
SLE,Sierra Leone,Agriculture,2016.0,6.645925e+06,1407.192,0.5953747267826051,4722.827446432328,4.198110103607178
SLE,Sierra Leone,Manufacturing,2016.0,1.4788478e+06,117.038,0.04951809509518426,12635.620482236538,4.6674293500490265
SLE,Sierra Leone,Services,2016.0,4.775903e+06,839.310030670166,0.35510717812221076,5690.272754379657,4.052559571221558
SLE,Sierra Leone,Agriculture,2017.0,7.0060525e+06,1443.968,0.5924423462195972,4851.94443367166,4.468055248260498
SLE,Sierra Leone,Manufacturing,2017.0,1.2196655e+06,122.60400000000001,0.05030291628062915,9948.00740595739,4.299284113052016
SLE,Sierra Leone,Services,2017.0,4.047196e+06,870.7419584197999,0.35725473749977366,4647.985503471944,3.2746321969942587
SWZ,Eswatini,Agriculture,1991.0,2576.5024,29.836998495893067,0.1662006138842328,86.3526015112041,18.576507568359375
SWZ,Eswatini,Manufacturing,1991.0,6796.021,45.17699917494788,0.2516488043312172,150.4309963080143,40.915400544356615
SWZ,Eswatini,Services,1991.0,7730.981,104.50999925420085,0.58215058178455,73.97360072912352,26.824611640006527
SWZ,Eswatini,Agriculture,1992.0,2426.2288,30.10399868175345,0.16347631576090882,80.59489988073258,15.618803977966309
SWZ,Eswatini,Manufacturing,1992.0,7222.4756,46.516998308330535,0.2526052297601075,155.26529760292073,42.21654960053959
SWZ,Eswatini,Services,1992.0,8265.922,107.52799451142408,0.5839184544789836,76.87227788965974,28.511910538635533
SWZ,Eswatini,Agriculture,1993.0,1583.6877,30.400997645505832,0.16200732177276897,52.09328202341876,12.416224479675293
SWZ,Eswatini,Manufacturing,1993.0,7317.4106,47.19000059780843,0.25147614234418014,155.06273684749817,49.33035229965481
SWZ,Eswatini,Services,1993.0,8873.92,110.06099990616562,0.5865165358830509,80.62728786255451,30.96618868223418
SWZ,Eswatini,Agriculture,1994.0,1831.3478,30.933998566589807,0.16123130759049906,59.20178002135991,16.108152389526367
SWZ,Eswatini,Manufacturing,1994.0,7606.845,48.09099797851615,0.2506554227290439,158.17607316533503,45.98588542002034
SWZ,Eswatini,Services,1994.0,8910.887,112.83599514986352,0.5881132696804571,78.9720222426804,29.642538661334253
SWZ,Eswatini,Agriculture,1995.0,1862.5828,31.37799878993747,0.16003222856012375,59.35951416599524,17.618118286132812
SWZ,Eswatini,Manufacturing,1995.0,7985.7295,49.38800021991071,0.2518857812517604,161.69372026867498,55.2011413096202
SWZ,Eswatini,Services,1995.0,9576.462,115.30699873728265,0.5880819901881158,83.0518703889056,32.58632647817117
SWZ,Eswatini,Agriculture,1996.0,2088.1477,31.82199901328514,0.1586546601723878,65.61962698215028,22.347854614257812
SWZ,Eswatini,Manufacturing,1996.0,8074.175,50.27999926908744,0.25068054945808554,160.58422677129133,58.477821920938325
SWZ,Eswatini,Services,1996.0,10076.754,118.471996699613,0.5906647903695267,85.05599793172826,35.45635610312091
SWZ,Eswatini,Agriculture,1997.0,2189.6038,32.384996804912575,0.1575812615820602,67.61167132286015,19.947860717773438
SWZ,Eswatini,Manufacturing,1997.0,8624.703,51.740999395479605,0.2517651000360598,166.68992145044467,55.7586600470313
SWZ,Eswatini,Services,1997.0,10061.188,121.3869974117838,0.5906536383818799,82.88522404448071,32.00860728145563
SWZ,Eswatini,Agriculture,1998.0,2267.3018,33.12799680063475,0.15637773765000731,68.44065373035346,19.116342544555664
SWZ,Eswatini,Manufacturing,1998.0,8886.303,53.39799824472068,0.2520604614520033,166.41640185928816,53.180313026924466
SWZ,Eswatini,Services,1998.0,10412.354,125.31999594077391,0.5915618008979895,83.08613032947964,30.368880935984752
SWZ,Eswatini,Agriculture,1999.0,2529.4348,33.15899884386062,0.15512547033012938,76.28200194956878,19.586711883544922
SWZ,Eswatini,Manufacturing,1999.0,8903.094,53.565998698192715,0.25059413828770455,166.20792977580356,50.741416081553794
SWZ,Eswatini,Services,1999.0,10885.017,127.03099477367334,0.5942803913821662,85.68787972538475,29.457088498181484
SWZ,Eswatini,Agriculture,2000.0,2965.2966,33.886,0.1562783917293969,87.50801602016688,28.390718460083008
SWZ,Eswatini,Manufacturing,2000.0,8478.616,54.319,0.25051307207546214,156.08932806085346,54.43369828193299
SWZ,Eswatini,Services,2000.0,10835.3125,128.6260002746582,0.5932085361951409,84.2388978656189,28.603183139210593
SWZ,Eswatini,Agriculture,2001.0,2912.0154,34.084,0.1552462355706883,85.43643295562066,26.920894622802734
SWZ,Eswatini,Manufacturing,2001.0,8549.323,55.058,0.2507788768352,155.27849253855027,52.71404848927057
SWZ,Eswatini,Services,2001.0,10976.775,130.40599660491944,0.5939748875941117,84.17385454965276,26.939957829617097
SWZ,Eswatini,Agriculture,2002.0,3010.524,33.804,0.1537160316593108,89.05821576681014,25.78890609741211
SWZ,Eswatini,Manufacturing,2002.0,9062.953,55.065,0.2503956124517793,164.58645464451104,47.78796315436942
SWZ,Eswatini,Services,2002.0,11350.325,131.04300029754637,0.5958883558889099,86.61527261693062,24.471146928559655
SWZ,Eswatini,Agriculture,2003.0,3265.8293,33.417,0.15140202422567453,97.72957912748376,25.929048538208008
SWZ,Eswatini,Manufacturing,2003.0,9277.067,54.879,0.24863966506511034,169.04585329201518,46.929203819721586
SWZ,Eswatini,Services,2003.0,11936.635,132.42099616241455,0.5999583107092151,90.14155693999386,25.067013834892858
SWZ,Eswatini,Agriculture,2004.0,2845.5999,33.23,0.14893664813593405,85.63345932938986,20.37347412109375
SWZ,Eswatini,Manufacturing,2004.0,9362.251,55.352000000000004,0.24808731109299495,169.1402474447626,48.25133681948567
SWZ,Eswatini,Services,2004.0,13080.387,134.53299832916258,0.602976040771071,97.22809185257397,25.647575640316756
SWZ,Eswatini,Agriculture,2005.0,3417.0725,33.225,0.14737191960928417,102.8464261780474,26.742185592651367
SWZ,Eswatini,Manufacturing,2005.0,9604.548,56.03699999999999,0.2485562154746563,171.39653892182847,55.27866938573798
SWZ,Eswatini,Services,2005.0,13827.543,136.18800491333008,0.6040718649160595,101.53275229745701,28.602106665376436
SWZ,Eswatini,Agriculture,2006.0,3294.5132,33.572,0.14539060953117885,98.13276491104938,25.864530563354492
SWZ,Eswatini,Manufacturing,2006.0,10744.881,57.3,0.24814970588992458,187.51973576570683,52.15458640353218
SWZ,Eswatini,Services,2006.0,14578.308,140.03699823760985,0.6064596845788965,104.10325700106439,26.758766177251673
SWZ,Eswatini,Agriculture,2007.0,3192.7322,34.165,0.14376183172314785,93.45037839117153,25.559368133544922
SWZ,Eswatini,Manufacturing,2007.0,11584.585,58.991,0.24822637831641198,196.3788537393416,54.14212674674762
SWZ,Eswatini,Services,2007.0,15259.845,144.49400480651855,0.6080117899604401,105.60884340492778,27.051400950515262
SWZ,Eswatini,Agriculture,2008.0,3478.6482,35.354,0.14231600680925807,98.39475570966157,21.135570526123047
SWZ,Eswatini,Manufacturing,2008.0,11112.406,61.196,0.24634186662610613,181.58713396300413,47.171219422089614
SWZ,Eswatini,Services,2008.0,15810.408,151.86899932861328,0.6113421265646358,104.10556646201722,24.332244915972268
SWZ,Eswatini,Agriculture,2009.0,3764.444,36.039,0.14135435639737645,104.4547321456443,20.381267547607422
SWZ,Eswatini,Manufacturing,2009.0,10703.448,62.541,0.24530211169700378,171.14290213120194,49.032852780332696
SWZ,Eswatini,Services,2009.0,16214.705,156.3750004577637,0.6133435319056199,103.69115926880225,25.314577599828564
SWZ,Eswatini,Agriculture,2010.0,3300.4832,36.971,0.13958009710596378,89.2722175298714,23.121511459350586
SWZ,Eswatini,Manufacturing,2010.0,11725.216,64.404,0.24315048481275842,182.05726073399944,47.15284862499653
SWZ,Eswatini,Services,2010.0,16631.223,163.49800672912596,0.6172694180812778,101.72125635637654,26.34581478206367
SWZ,Eswatini,Agriculture,2011.0,3491.0808,38.146,0.13823318230100726,91.51892231287356,21.96991729736328
SWZ,Eswatini,Manufacturing,2011.0,11875.42,66.61500000000001,0.24139892620410006,178.26945765780977,45.409299550209994
SWZ,Eswatini,Services,2011.0,16978.65,171.19300297546386,0.6203678914948927,99.17841322672783,26.113762055581816
SWZ,Eswatini,Agriculture,2012.0,3946.3281,39.501,0.13727923122418692,99.90451191109086,23.523256301879883
SWZ,Eswatini,Manufacturing,2012.0,12504.211,69.459,0.24139333489280781,180.02290469917506,46.511211717013246
SWZ,Eswatini,Services,2012.0,17459.066,178.78199598693848,0.6213274338830053,97.6556185642179,25.323560605432746
SWZ,Eswatini,Agriculture,2013.0,4178.5225,40.381,0.13487713242348837,103.47743891774597,23.383705139160156
SWZ,Eswatini,Manufacturing,2013.0,12987.977,71.727,0.2395763373205109,181.0751399403293,44.61475983811058
SWZ,Eswatini,Services,2013.0,18053.309,187.28300331115724,0.6255465302560007,96.39587295466276,25.317551588025285
SWZ,Eswatini,Agriculture,2014.0,3882.4167,41.714,0.13333035289258474,93.07227185230079,20.982038497924805
SWZ,Eswatini,Manufacturing,2014.0,13211.587,74.38,0.23774060622693707,177.62284100648696,43.57180345963009
SWZ,Eswatini,Services,2014.0,18553.828,196.76799349975585,0.6289290408804782,94.29291723210575,24.886341151868283
SWZ,Eswatini,Agriculture,2015.0,4031.4897,43.319,0.13275738705109658,93.06516184800549,21.556642532348633
SWZ,Eswatini,Manufacturing,2015.0,13257.822,77.339,0.23701663374373275,171.42479558340554,44.80912803347655
SWZ,Eswatini,Services,2015.0,19331.492,205.6439931488037,0.6302259792051706,94.00465285417678,24.97354026678627
SWZ,Eswatini,Agriculture,2016.0,3692.5354,44.914,0.1320456281107746,82.21346129025748,20.366201400756836
SWZ,Eswatini,Manufacturing,2016.0,13675.02,80.65100000000001,0.23711118922300584,169.55796619074778,43.647532731583226
SWZ,Eswatini,Services,2016.0,19775.406,214.5750004119873,0.6308431826662195,92.16081189342148,25.149682849983577
SWZ,Eswatini,Agriculture,2017.0,3534.0142,46.085,0.13108640921379885,76.68469480647174,18.591693878173828
SWZ,Eswatini,Manufacturing,2017.0,13925.329,83.2,0.23665811536482725,167.37174400916464,40.161740830242636
SWZ,Eswatini,Services,2017.0,20337.488,222.27699850463867,0.632255475421374,91.49614408179792,25.199583485731225
TZA,United Republic of Tanzania,Agriculture,1960.0,2.1067648e+06,4533.230495753454,0.90939621118968,464.7380608538506,0.9556952118873596
TZA,United Republic of Tanzania,Manufacturing,1960.0,957103.8,70.17667582086425,0.014077908274278761,13638.488875465418,68.47342641022826
TZA,United Republic of Tanzania,Services,1960.0,2.1622562e+06,381.47229017650943,0.07652588053604124,5668.18693174152,37.55330687094289
TZA,United Republic of Tanzania,Agriculture,1961.0,1.9017824e+06,4644.584676433451,0.8854292359793597,409.46231094668457,0.9453431367874147
TZA,United Republic of Tanzania,Manufacturing,1961.0,1.1461676e+06,71.43729379519571,0.01361858441002405,16044.38751957709,83.69898334958518
TZA,United Republic of Tanzania,Services,1961.0,2.1001392e+06,529.5521397070238,0.10095217961061614,3965.8781308331754,29.240914795236307
TZA,United Republic of Tanzania,Agriculture,1962.0,2.0650091e+06,4758.6744979563055,0.8951452479776164,433.9462860691257,1.0134484767913818
TZA,United Republic of Tanzania,Manufacturing,1962.0,1.1987808e+06,77.76488360071744,0.014628204985361002,15415.450965697071,83.14768779833888
TZA,United Republic of Tanzania,Services,1962.0,2.2347585e+06,479.6526255306344,0.0902265470370226,4659.11866432027,35.48983774738262
TZA,United Republic of Tanzania,Agriculture,1963.0,2.1788885e+06,4875.567126388193,0.9028758367150221,446.8994977439916,1.1113616228103638
TZA,United Republic of Tanzania,Manufacturing,1963.0,1.1523566e+06,82.37348713775374,0.015254231804152979,13989.411703220798,78.48409162065725
TZA,United Republic of Tanzania,Services,1963.0,2.382783e+06,442.1010401827301,0.08186993148082497,5389.679696331733,40.222799209849775
TZA,United Republic of Tanzania,Agriculture,1964.0,2.3383192e+06,4995.330828878343,0.9071723293044419,468.10097871436653,1.039618730545044
TZA,United Republic of Tanzania,Manufacturing,1964.0,1.2667616e+06,91.40424010319549,0.01659938055020415,13858.893455815887,75.11474151074881
TZA,United Republic of Tanzania,Services,1964.0,2.6208918e+06,419.7499366936491,0.07622829014535393,6243.936022110315,43.80780775249023
TZA,United Republic of Tanzania,Agriculture,1965.0,2.295529e+06,5118.036074742086,0.9095469732358518,448.51754979387846,0.9321855306625365
TZA,United Republic of Tanzania,Manufacturing,1965.0,1.3917765e+06,104.39492884919986,0.018552446713800616,13331.840112755317,73.55140854466823
TZA,United Republic of Tanzania,Services,1965.0,2.769774e+06,404.585769972255,0.07190058005034777,6845.950118784309,49.39163382390523
TZA,United Republic of Tanzania,Agriculture,1966.0,2.6325035e+06,5243.75553546086,0.9085645565886881,502.0263591995686,0.9862675666809082
TZA,United Republic of Tanzania,Manufacturing,1966.0,1.6035442e+06,125.18061566222632,0.021689544791613516,12809.84473128674,72.09397585354488
TZA,United Republic of Tanzania,Services,1966.0,3.0902402e+06,402.5365498913068,0.0697458986196984,7676.918408612656,52.633345378430725
TZA,United Republic of Tanzania,Agriculture,1967.0,2.6342865e+06,5372.563534140679,0.9088727433215652,490.32207497595357,0.9535527229309081
TZA,United Republic of Tanzania,Manufacturing,1967.0,1.8581122e+06,147.45438032971066,0.024944752409797443,12601.268581138298,70.42686440973243
TZA,United Republic of Tanzania,Services,1967.0,3.2847135e+06,391.2205659643024,0.06618250426863735,8396.065508222078,60.37528377246391
TZA,United Republic of Tanzania,Agriculture,1968.0,2.7430455e+06,5571.414729011562,0.9068153088785288,492.3427232434105,0.9565778374671935
TZA,United Republic of Tanzania,Manufacturing,1968.0,1.8714172e+06,156.2599113507378,0.02543319545733943,11976.310710937592,71.60269360476364
TZA,United Republic of Tanzania,Services,1968.0,3.5711978e+06,416.26081646386365,0.06775149566413184,8579.231118454365,61.367258937387554
TZA,United Republic of Tanzania,Agriculture,1969.0,2.753743e+06,5777.6255630024525,0.9079096925972886,476.6219219247855,0.9522066116333008
TZA,United Republic of Tanzania,Manufacturing,1969.0,1.8985272e+06,163.8332036342394,0.02574513559710379,11588.1714321994,75.670762330503
TZA,United Republic of Tanzania,Services,1969.0,3.6585245e+06,422.19789449465964,0.06634517180560774,8665.425734486405,62.79435352506252
TZA,United Republic of Tanzania,Agriculture,1970.0,2.8571532e+06,5991.468554168738,0.9027230992875058,476.87027381827,1.0035783052444458
TZA,United Republic of Tanzania,Manufacturing,1970.0,1.9946982e+06,176.0425738669847,0.026523997656164366,11330.771904682364,78.83128152077055
TZA,United Republic of Tanzania,Services,1970.0,3.9926145e+06,469.59449039548497,0.07075290305632978,8502.260102407683,61.898345265840646
TZA,United Republic of Tanzania,Agriculture,1971.0,2.8223862e+06,6147.416598457401,0.8974448316351263,459.1174528025698,0.9923954010009766
TZA,United Republic of Tanzania,Manufacturing,1971.0,2.3190615e+06,198.6112070077299,0.02899471646002137,11676.387928651695,79.95008237238291
TZA,United Republic of Tanzania,Services,1971.0,4.214106e+06,503.88249738538775,0.07356045190485229,8363.271242535138,61.95892005755019
TZA,United Republic of Tanzania,Agriculture,1972.0,3.0532762e+06,6307.423234875979,0.8922733474169926,484.07664053957143,1.0504933595657349
TZA,United Republic of Tanzania,Manufacturing,1972.0,2.4126975e+06,212.7635054195535,0.030098377438692883,11339.808935946714,79.55604591745347
TZA,United Republic of Tanzania,Services,1972.0,4.4625995e+06,548.7493129162922,0.07762827514431452,8132.309954583466,60.98883819001509
TZA,United Republic of Tanzania,Agriculture,1973.0,3.0826945e+06,6471.595268480522,0.888390241681158,476.34228843297115,1.0530261993408203
TZA,United Republic of Tanzania,Manufacturing,1973.0,2.461418e+06,221.30610882030328,0.030379864522422063,11122.232518211364,79.8462927426267
TZA,United Republic of Tanzania,Services,1973.0,4.7002235e+06,591.7298183704672,0.08122989379642002,7943.191899545795,59.0945140649983
TZA,United Republic of Tanzania,Agriculture,1974.0,2.9552148e+06,6640.03950432708,0.8822994432635073,445.05981448968646,1.0349472761154175
TZA,United Republic of Tanzania,Manufacturing,1974.0,2.4581682e+06,223.7616011772618,0.029732464093593765,10985.657222092645,76.94081485447478
TZA,United Republic of Tanzania,Services,1974.0,5.0671925e+06,662.0332980247654,0.08796809264289905,7653.984346585609,56.555360374197456
TZA,United Republic of Tanzania,Agriculture,1975.0,3.2057172e+06,6812.8688034284905,0.8773540264763993,470.5385267931129,1.188775658607483
TZA,United Republic of Tanzania,Manufacturing,1975.0,2.3793255e+06,220.73845642276152,0.028426464552382857,10778.935118777315,82.90130724285402
TZA,United Republic of Tanzania,Services,1975.0,5.349346e+06,731.6375533401952,0.09421950897121795,7311.469969766127,55.29543315199533
TZA,United Republic of Tanzania,Agriculture,1976.0,3.3626152e+06,7059.337986510539,0.8714053852683429,476.3357777210148,1.3537650108337402
TZA,United Republic of Tanzania,Manufacturing,1976.0,2.5325082e+06,243.77555213169802,0.030091678473285432,10388.688397398564,82.73778610260831
TZA,United Republic of Tanzania,Services,1976.0,5.626392e+06,797.9816644091745,0.09850293625837178,7050.778546604551,49.69344652882102
TZA,United Republic of Tanzania,Agriculture,1977.0,3.4012745e+06,7314.724290689742,0.8715834712623175,464.9901164872582,1.3178699016571045
TZA,United Republic of Tanzania,Manufacturing,1977.0,2.496691e+06,243.7430182519072,0.029043115981056262,10243.128266425594,80.1610038125897
TZA,United Republic of Tanzania,Services,1977.0,5.677498e+06,833.9868068939802,0.09937341275662617,6807.659249604589,44.57851315718565
TZA,United Republic of Tanzania,Agriculture,1978.0,3.3596418e+06,7579.349232217303,0.8688784472511301,443.2625608171313,1.3132822513580322
TZA,United Republic of Tanzania,Manufacturing,1978.0,2.36028e+06,238.18274747672749,0.02730469984281806,9909.533855849992,85.56300994391644
TZA,United Republic of Tanzania,Services,1978.0,5.948731e+06,905.6090490610069,0.10381685290605176,6568.762763764367,41.84939592513598
TZA,United Republic of Tanzania,Agriculture,1979.0,3.3700498e+06,7742.481843420696,0.8630414282786385,435.2673752620752,1.3582358360290527
TZA,United Republic of Tanzania,Manufacturing,1979.0,2.5217162e+06,257.4771556616067,0.028700545466586267,9793.941693663124,72.92386618180785
TZA,United Republic of Tanzania,Services,1979.0,6.28343e+06,971.199962386446,0.10825802625477524,6469.759311522489,40.00624459604209
TZA,United Republic of Tanzania,Agriculture,1980.0,3.5008968e+06,7909.1252579356005,0.8595635262009693,442.64019544859076,1.2513082027435303
TZA,United Republic of Tanzania,Manufacturing,1980.0,2.506536e+06,257.4418361067844,0.02797877201572592,9736.319620406657,65.8974160639181
TZA,United Republic of Tanzania,Services,1980.0,6.52044e+06,1034.760110814393,0.1124577017833048,6301.402549106943,37.98623788461363
TZA,United Republic of Tanzania,Agriculture,1981.0,3.535467e+06,8130.609214941697,0.8612532158495232,434.83420572013705,1.1031345129013062
TZA,United Republic of Tanzania,Manufacturing,1981.0,2.3144078e+06,241.50786023465588,0.025582267672856797,9583.157035763788,56.86854186852868
TZA,United Republic of Tanzania,Services,1981.0,6.683822e+06,1068.3228155726474,0.11316451647762012,6256.369238372305,31.54575680579068
TZA,United Republic of Tanzania,Agriculture,1982.0,3.5830478e+06,8362.194507867445,0.8618601037637542,428.4817516058665,1.2289639711380005
TZA,United Republic of Tanzania,Manufacturing,1982.0,2.3216795e+06,244.33102386632757,0.025182284552699313,9502.188724384754,49.450338284372776
TZA,United Republic of Tanzania,Services,1982.0,6.7664235e+06,1095.970814656592,0.11295761168354655,6173.908474123164,30.646773069690553
TZA,United Republic of Tanzania,Agriculture,1983.0,3.685272e+06,8601.798988661389,0.8676255509673354,428.43037890769193,1.2804594039916992
TZA,United Republic of Tanzania,Manufacturing,1983.0,1.7769651e+06,202.52398387319428,0.020427701614941444,8774.097225504935,53.18349556368048
TZA,United Republic of Tanzania,Services,1983.0,6.5475565e+06,1109.8606047828994,0.11194674741772317,5899.44040880771,31.83418557342048
TZA,United Republic of Tanzania,Agriculture,1984.0,3.833218e+06,8849.367603170924,0.8640687595012063,433.1629300410657,1.3546044826507568
TZA,United Republic of Tanzania,Manufacturing,1984.0,1.9390295e+06,221.49129930360255,0.021626823611779585,8754.427402324882,51.74402708383901
TZA,United Republic of Tanzania,Services,1984.0,6.623658e+06,1170.6496648289863,0.114304416887014,5658.104383404589,31.55739657935804
TZA,United Republic of Tanzania,Agriculture,1985.0,4.063315e+06,9098.831732154591,0.8601992254647127,446.5754637093187,1.7731354236602783
TZA,United Republic of Tanzania,Manufacturing,1985.0,1.822333e+06,214.31244599932455,0.02026099673923884,8503.159914500455,55.08725232218407
TZA,United Republic of Tanzania,Services,1985.0,6.731978e+06,1264.4423422699456,0.11953977779604844,5324.0687811155185,33.51855052138485
TZA,United Republic of Tanzania,Agriculture,1986.0,4.296014e+06,9352.17442618916,0.8607128784360113,459.3599097093132,1.2644155025482178
TZA,United Republic of Tanzania,Manufacturing,1986.0,1.8850746e+06,217.77473153961455,0.020042559889515473,8656.075990418996,38.2267603037877
TZA,United Republic of Tanzania,Services,1986.0,6.676291e+06,1295.665451387867,0.11924456167447327,5152.789242661841,19.101194348508688
TZA,United Republic of Tanzania,Agriculture,1987.0,4.485222e+06,9607.37244516646,0.8546263059417433,466.85209984302713,0.9784746170043945
TZA,United Republic of Tanzania,Manufacturing,1987.0,2.3197035e+06,253.25542482363613,0.022528401955065554,9159.541208704264,33.26548068966432
TZA,United Republic of Tanzania,Services,1987.0,6.871094e+06,1380.978406778734,0.12284529210319114,4975.526022906826,14.29663716717292
TZA,United Republic of Tanzania,Agriculture,1988.0,4.6859525e+06,9873.370987801474,0.8493249623353969,474.6051278524308,1.0791517496109009
TZA,United Republic of Tanzania,Manufacturing,1988.0,2.5257595e+06,275.71052309977296,0.023717110390817992,9160.910768306036,27.015700874388273
TZA,United Republic of Tanzania,Services,1988.0,7.103771e+06,1475.8811661082366,0.12695792727378513,4813.240498713046,13.268416867902731
TZA,United Republic of Tanzania,Agriculture,1989.0,4.9004375e+06,10129.936551929439,0.844769974582653,483.7579657956119,0.7472065091133118
TZA,United Republic of Tanzania,Manufacturing,1989.0,2.3534248e+06,272.4431162063841,0.02271996109482533,8638.2243118127,16.46490476658749
TZA,United Republic of Tanzania,Services,1989.0,7.52937e+06,1588.9752056379466,0.13251006432252174,4738.506915202044,10.07962638441769
TZA,United Republic of Tanzania,Agriculture,1990.0,5.224581e+06,10406.414101970964,0.8429380983646496,502.0539206690295,0.6387732625007629
TZA,United Republic of Tanzania,Manufacturing,1990.0,3.0999865e+06,322.6828758345645,0.026137888331707586,9606.913574147406,16.218695525014827
TZA,United Republic of Tanzania,Services,1990.0,7.6149255e+06,1616.3102616584756,0.130924013303643,4711.301833960035,10.177393984032433
TZA,United Republic of Tanzania,Agriculture,1991.0,5.4338615e+06,10683.84629101863,0.8403278816274182,508.6053610269527,0.7501933574676514
TZA,United Republic of Tanzania,Manufacturing,1991.0,3.043831e+06,337.3583037863697,0.02653460009140492,9022.546550173223,13.304278335813777
TZA,United Republic of Tanzania,Services,1991.0,7.8606195e+06,1692.6973530011278,0.13313751828117681,4643.842259257531,9.403714761502052
TZA,United Republic of Tanzania,Agriculture,1992.0,5.6736235e+06,10970.984527170256,0.839066754745811,517.1480723492914,0.6799148321151733
TZA,United Republic of Tanzania,Manufacturing,1992.0,3.1698825e+06,352.6032810184454,0.026967287209654165,8989.94045331693,14.51357062534093
TZA,United Republic of Tanzania,Services,1992.0,8.04308e+06,1751.6347114948867,0.13396595804453468,4591.756458820027,7.698507720959147
TZA,United Republic of Tanzania,Agriculture,1993.0,5.84956e+06,11260.865561204579,0.8430090834696985,519.4591808424245,0.6504680514335632
TZA,United Republic of Tanzania,Manufacturing,1993.0,2.957124e+06,339.18991693620416,0.02539238031432155,8718.195477951618,13.376718182110492
TZA,United Republic of Tanzania,Services,1993.0,8.058428e+06,1757.8854764887353,0.13159853621598003,4584.159837361077,8.287382377086608
TZA,United Republic of Tanzania,Agriculture,1994.0,5.973024e+06,11537.956414506105,0.8435742438916495,517.6847428969667,0.5809064507484436
TZA,United Republic of Tanzania,Manufacturing,1994.0,3.0085225e+06,344.9164701575906,0.025217867017867494,8722.466916773854,12.851678898583804
TZA,United Republic of Tanzania,Services,1994.0,8.1509795e+06,1794.5911892490037,0.13120788909048303,4541.970087020767,7.908183296757833
TZA,United Republic of Tanzania,Agriculture,1995.0,6.320155e+06,11787.995859384477,0.8437191714059932,536.1517831691887,0.6412317156791687
TZA,United Republic of Tanzania,Manufacturing,1995.0,2.848826e+06,335.02660286516385,0.023979340605496332,8503.28295017978,13.267068981445501
TZA,United Republic of Tanzania,Services,1995.0,8.271643e+06,1848.4460771468116,0.13230148798851046,4474.91712215256,7.777630270679432
TZA,United Republic of Tanzania,Agriculture,1996.0,6.5661595e+06,12009.44678389901,0.840866603759931,546.7495396043729,0.6591297388076782
TZA,United Republic of Tanzania,Manufacturing,1996.0,3.0324045e+06,355.29372429730785,0.02487663525747356,8534.922776914857,12.899329701648854
TZA,United Republic of Tanzania,Services,1996.0,8.409243e+06,1917.4853885140826,0.13425676098259542,4385.557798965329,7.460641347968686
TZA,United Republic of Tanzania,Agriculture,1997.0,6.7212325e+06,12207.47546973,0.8353087820981453,550.5833304081714,0.6889014244079591
TZA,United Republic of Tanzania,Manufacturing,1997.0,3.2653115e+06,380.7027985998867,0.026049971742999566,8577.061981180224,13.215173290008845
TZA,United Republic of Tanzania,Services,1997.0,8.881514e+06,2026.1484708994312,0.1386412461588552,4383.446784656107,7.5081989772153035
TZA,United Republic of Tanzania,Agriculture,1998.0,6.8521265e+06,12387.148,0.8293245464990826,553.164174675236,0.7050373554229736
TZA,United Republic of Tanzania,Manufacturing,1998.0,3.6222518e+06,419.819,0.028107051097371116,8628.127240548904,14.369636383079447
TZA,United Republic of Tanzania,Services,1998.0,9.33667e+06,2129.4629565124515,0.14256840240354637,4384.51862778173,7.627018798200371
TZA,United Republic of Tanzania,Agriculture,1999.0,7.124242e+06,12693.527,0.8272708833282126,561.249997735066,0.7416657209396362
TZA,United Republic of Tanzania,Manufacturing,1999.0,3.9055105e+06,436.69,0.028460247655407136,8943.439281870435,14.607005629060893
TZA,United Republic of Tanzania,Services,1999.0,9.759053e+06,2213.6410467529295,0.14426886901638017,4408.59777799794,8.14395292818916
TZA,United Republic of Tanzania,Agriculture,2000.0,7.3975465e+06,13040.156,0.8252107465456819,567.2897241413369,0.7658390402793884
TZA,United Republic of Tanzania,Manufacturing,2000.0,4.0686965e+06,452.246,0.028619156034812656,8996.644525324713,14.433444982517141
TZA,United Republic of Tanzania,Services,2000.0,1.0262704e+07,2309.811015991211,0.14617009741950537,4443.092499321187,8.43935778213635
TZA,United Republic of Tanzania,Agriculture,2001.0,7.7825305e+06,13387.897,0.8229001745048355,581.3109034226959,0.7957651019096375
TZA,United Republic of Tanzania,Manufacturing,2001.0,4.37327e+06,474.35699999999997,0.029156816643987494,9219.364318435271,14.965790524942912
TZA,United Republic of Tanzania,Services,2001.0,1.0906764e+07,2406.908912811279,0.14794300885117695,4531.440280912358,8.797721728615011
TZA,United Republic of Tanzania,Agriculture,2002.0,8.1534505e+06,13517.876,0.8074750956630443,603.1606222752746,0.847419023513794
TZA,United Republic of Tanzania,Manufacturing,2002.0,4.857095e+06,557.565,0.033305517206502364,8711.262364029306,15.858051590441729
TZA,United Republic of Tanzania,Services,2002.0,1.1724698e+07,2665.479026641846,0.15921938713045322,4398.720786323944,8.483891370205336
TZA,United Republic of Tanzania,Agriculture,2003.0,8.398652e+06,13639.135,0.7907745638975217,615.776000457507,0.8921552300453186
TZA,United Republic of Tanzania,Manufacturing,2003.0,5.477452e+06,654.288,0.03793453968036695,8371.622282542245,15.887634459639834
TZA,United Republic of Tanzania,Services,2003.0,1.2570436e+07,2954.394042541504,0.17129089642211137,4254.82715541436,7.92780766777973
TZA,United Republic of Tanzania,Agriculture,2004.0,8.784585e+06,13715.323,0.7712118338234597,640.4942122033874,0.9668704867362975
TZA,United Republic of Tanzania,Manufacturing,2004.0,6.157529e+06,758.2710000000001,0.042637535291378016,8120.485947636134,14.433797760569036
TZA,United Republic of Tanzania,Services,2004.0,1.3533245e+07,3310.5249650878905,0.1861506308851623,4087.945308589663,7.321677045057078
TZA,United Republic of Tanzania,Agriculture,2005.0,9.237283e+06,13707.067,0.7465171431370504,673.9066059865324,1.0574547052383423
TZA,United Republic of Tanzania,Manufacturing,2005.0,6.8303265e+06,886.316,0.04827072693499332,7706.42355548134,14.000149153791096
TZA,United Republic of Tanzania,Services,2005.0,1.4579112e+07,3767.9729661865235,0.20521212992795626,3869.218842818603,7.322053860841214
TZA,United Republic of Tanzania,Agriculture,2006.0,9.555029e+06,13705.689,0.7217856495032888,697.1578736391873,1.117209553718567
TZA,United Republic of Tanzania,Manufacturing,2006.0,7.5192735e+06,1023.497,0.05390064278488061,7346.649281824959,13.34124551152187
TZA,United Republic of Tanzania,Services,2006.0,1.5629158e+07,4259.400167419433,0.22431370771183068,3669.3330951970543,7.182427138387685
TZA,United Republic of Tanzania,Agriculture,2007.0,9.912004e+06,14029.176,0.7153512442146416,706.5278816090125,1.1994773149490356
TZA,United Republic of Tanzania,Manufacturing,2007.0,8.2253285e+06,1074.042,0.05476567412361082,7658.293157995684,14.466116950122137
TZA,United Republic of Tanzania,Services,2007.0,1.6845318e+07,4508.372968017578,0.22988308166174773,3736.451735360134,7.590288090800242
TZA,United Republic of Tanzania,Agriculture,2008.0,1.0627907e+07,14428.1,0.7139144661459189,736.6116813717675,1.34555983543396
TZA,United Republic of Tanzania,Manufacturing,2008.0,8.760302e+06,1122.353,0.05553496599152144,7805.300115026199,15.425064269749512
TZA,United Republic of Tanzania,Services,2008.0,1.759436e+07,4659.391013793946,0.23055056786255962,3776.107209700277,7.633508659265406
TZA,United Republic of Tanzania,Agriculture,2009.0,1.1075662e+07,14710.338,0.7101165294013344,752.9168942277194,1.4333337545394897
TZA,United Republic of Tanzania,Manufacturing,2009.0,9.030054e+06,1127.839,0.054444508100593716,8006.509794394413,14.41051658339767
TZA,United Republic of Tanzania,Services,2009.0,1.8555034e+07,4877.208983764649,0.2354389624980719,3804.436935502737,7.664811550553824
TZA,United Republic of Tanzania,Agriculture,2010.0,1.143019e+07,14913.622,0.7059090206191245,766.4261572406757,1.5561460256576538
TZA,United Republic of Tanzania,Manufacturing,2010.0,9.860018e+06,1168.008,0.05528552241402541,8441.738412750597,17.140043946068772
TZA,United Republic of Tanzania,Services,2010.0,2.0018494e+07,5045.20301159668,0.23880545696685015,3967.8272517451483,8.05624744836607
TZA,United Republic of Tanzania,Agriculture,2011.0,1.1714214e+07,15075.612,0.6999788246569432,777.0307434285255,1.7279226779937742
TZA,United Republic of Tanzania,Manufacturing,2011.0,1.1143364e+07,1236.957,0.057433403500380516,9008.69149048835,21.386529219444892
TZA,United Republic of Tanzania,Services,2011.0,2.1586328e+07,5224.671083496094,0.24258777184267635,4131.614728473105,8.468286257995935
TZA,United Republic of Tanzania,Agriculture,2012.0,1.2108577e+07,15392.419,0.696946572653897,786.6584842837243,1.8034865856170654
TZA,United Republic of Tanzania,Manufacturing,2012.0,1.1615677e+07,1254.32,0.05679380382064938,9260.537183493845,20.09882618295454
TZA,United Republic of Tanzania,Services,2012.0,2.2957068e+07,5438.768848022461,0.24625962352545352,4221.004540089473,8.054519313249036
TZA,United Republic of Tanzania,Agriculture,2013.0,1.2442378e+07,15625.675,0.6899064060327885,796.2777927993511,1.8923221826553345
TZA,United Republic of Tanzania,Manufacturing,2013.0,1.2869422e+07,1337.3490000000002,0.05904677028042269,9623.08417623223,20.011982282244507
TZA,United Republic of Tanzania,Services,2013.0,2.4130978e+07,5685.953982177734,0.25104682368678877,4243.96294370954,8.048428951977911
TZA,United Republic of Tanzania,Agriculture,2014.0,1.3299636e+07,15882.209,0.6805033108533536,837.3920781422785,2.009063243865967
TZA,United Republic of Tanzania,Manufacturing,2014.0,1.361216e+07,1422.575,0.060952918919352436,9568.676519691404,20.602729120100495
TZA,United Republic of Tanzania,Services,2014.0,2.6377826e+07,6034.131104003906,0.25854377022729397,4371.437336271526,8.758447607138114
TZA,United Republic of Tanzania,Agriculture,2015.0,1.4011748e+07,16334.303,0.6776454022100467,857.8111964740706,2.2478861808776855
TZA,United Republic of Tanzania,Manufacturing,2015.0,1.5016968e+07,1523.509,0.06320434175095356,9856.82920153409,20.929437051944916
TZA,United Republic of Tanzania,Services,2015.0,2.7994392e+07,6246.687118164063,0.2591502560389998,4481.478177224236,9.16263916704237
TZA,United Republic of Tanzania,Agriculture,2016.0,1.4679048e+07,16816.744,0.6750730210956046,872.8828838686015,2.2321360111236572
TZA,United Republic of Tanzania,Manufacturing,2016.0,1.6821292e+07,1614.441,0.0648083578634847,10419.267102359268,20.35192869017919
TZA,United Republic of Tanzania,Services,2016.0,2.9769432e+07,6479.814957763672,0.26011862104091077,4594.179339077005,8.50335105084963
TZA,United Republic of Tanzania,Agriculture,2017.0,1.5553887e+07,17264.537,0.669238219033451,900.9153851041589,2.3466110229492188
TZA,United Republic of Tanzania,Manufacturing,2017.0,1.8694638e+07,1725.788,0.06689801687408711,10832.522882300724,19.79430643701017
TZA,United Republic of Tanzania,Services,2017.0,3.1331668e+07,6806.971850341797,0.2638637640924618,4602.879031801307,8.031696514700904
UGA,Uganda,Agriculture,1990.0,5.6928695e+06,5460.610548568247,0.9066351904109444,1042.5335133069782,1.1593668460845947
UGA,Uganda,Manufacturing,1990.0,1.1538832e+06,131.8848562972597,0.021897084719351995,8749.171681995269,26.34533915795736
UGA,Uganda,Services,1990.0,4.358693e+06,430.4459130124736,0.07146772486970361,10125.994621474527,13.641491374475613
UGA,Uganda,Agriculture,1991.0,5.828238e+06,5567.115532432614,0.9030906224974774,1046.9044455869746,1.1132299900054932
UGA,Uganda,Manufacturing,1991.0,1.2440979e+06,136.62995220332292,0.022163942506359873,9105.601333656492,21.26911612821952
UGA,Uganda,Services,1991.0,4.982436e+06,460.7693422779746,0.07474543499616264,10813.29755006612,11.59823622845117
UGA,Uganda,Agriculture,1992.0,5.990292e+06,5675.698215733281,0.8968889617191182,1055.4282085320624,1.1929903030395508
UGA,Uganda,Manufacturing,1992.0,1.3280246e+06,149.9417006421754,0.023694187234016815,8856.939859373952,13.786643664856406
UGA,Uganda,Services,1992.0,5.692055e+06,502.5662027570014,0.0794168510468649,11325.980475356791,10.805795758635957
UGA,Uganda,Agriculture,1993.0,6.281012e+06,5786.398652039556,0.8900102160636754,1085.4786159239316,1.079836368560791
UGA,Uganda,Manufacturing,1993.0,1.4374092e+06,165.0466109396225,0.02538594014969479,8709.110970632619,13.681317161659022
UGA,Uganda,Services,1993.0,6.0718745e+06,550.0516272830022,0.08460384378663001,11038.735636493288,11.433394867406104
UGA,Uganda,Agriculture,1994.0,6.685195e+06,5899.258166462623,0.8823676868900142,1133.2263839554337,1.5176172256469727
UGA,Uganda,Manufacturing,1994.0,1.5999895e+06,182.2118607851777,0.027253911184793915,8780.929480141469,14.688675532345309
UGA,Uganda,Services,1994.0,6.816735e+06,604.2441643666932,0.09037840192519174,11281.424632614537,13.322951660906098
UGA,Uganda,Agriculture,1995.0,6.9260845e+06,6014.3187198846135,0.8738652657476275,1151.59917898945,1.382515549659729
UGA,Uganda,Manufacturing,1995.0,1.8424882e+06,201.74543102188358,0.029313099771455124,9132.73842518963,13.395678364826294
UGA,Uganda,Services,1995.0,7.454473e+06,666.3683654369898,0.09682163448091742,11186.715016268095,12.720528738105198
UGA,Uganda,Agriculture,1996.0,6.9423605e+06,6131.623544729537,0.8643973842655864,1132.222232718011,1.2314321994781494
UGA,Uganda,Manufacturing,1996.0,2.0852792e+06,224.00237618229337,0.03157843377512686,9309.183614655041,12.733677210784403
UGA,Uganda,Services,1996.0,7.9071345e+06,737.898025761281,0.10402418195928667,10715.75505550689,12.144973045208392
UGA,Uganda,Agriculture,1997.0,7.0217265e+06,6251.216509192346,0.8538492841231703,1123.257607487219,1.202514886856079
UGA,Uganda,Manufacturing,1997.0,2.368949e+06,249.3919812896256,0.03406427602964564,9498.89803092296,12.929566180662569
UGA,Uganda,Services,1997.0,8.370312e+06,820.6092295888564,0.11208643984718399,10200.119250661748,11.555032582038898
UGA,Uganda,Agriculture,1998.0,7.739792e+06,6373.141481467994,0.8420978500857345,1214.4390678452678,1.244489312171936
UGA,Uganda,Manufacturing,1998.0,2.5924582e+06,278.38620371169185,0.03678380973038537,9312.452324989696,13.015463152279857
UGA,Uganda,Services,1998.0,8.988855e+06,916.6444468583438,0.12111834018388018,9806.26133808796,11.448613460904749
UGA,Uganda,Agriculture,1999.0,8.204123e+06,6497.444872835198,0.8290132422701658,1262.6691200259593,1.249695062637329
UGA,Uganda,Manufacturing,1999.0,2.783566e+06,311.5291579164543,0.03974820907611953,8935.170045131039,12.698554517856357
UGA,Uganda,Services,1999.0,9.552475e+06,1028.5906081950384,0.1312385486537146,9286.955299701402,10.895954451387725
UGA,Uganda,Agriculture,2000.0,8.505983e+06,6624.173094572676,0.8144613275111792,1284.0822361615415,1.249039888381958
UGA,Uganda,Manufacturing,2000.0,2.8579912e+06,349.4483406888842,0.04296568875702178,8178.580113918714,12.056276839673718
UGA,Uganda,Services,2000.0,1.0238234e+07,1159.5739305819504,0.14257298373179908,8829.306808287576,10.621343081920001
UGA,Uganda,Agriculture,2001.0,8.91759e+06,6753.3725579591455,0.798307319487061,1320.4646898223066,1.159122347831726
UGA,Uganda,Manufacturing,2001.0,3.1147475e+06,392.8673506580891,0.04644033465149453,7928.242178390518,11.792830120474509
UGA,Uganda,Services,2001.0,1.0905598e+07,1313.3750706095775,0.15525234586144449,8303.490940282869,10.219295130943358
UGA,Uganda,Agriculture,2002.0,9.060382e+06,6885.092217357091,0.7804207605220799,1315.9419967039912,1.1004692316055298
UGA,Uganda,Manufacturing,2002.0,3.2940335e+06,442.6206587209067,0.05017076608370407,7442.114223767048,11.027494491070307
UGA,Uganda,Services,2002.0,1.1534382e+07,1494.5693665819167,0.16940847339421605,7717.528712888821,9.879126688534443
UGA,Uganda,Agriculture,2003.0,9.514258e+06,7070.208370805433,0.7596767784702639,1345.6828287107671,1.0582630634307861
UGA,Uganda,Manufacturing,2003.0,3.529202e+06,511.31640340288544,0.054939710082668416,6902.188109969961,9.126368408692052
UGA,Uganda,Services,2003.0,1.2257895e+07,1725.339106826032,0.18538351144706766,7104.6294328480535,8.853176384485083
UGA,Uganda,Agriculture,2004.0,9.445787e+06,7262.325633859821,0.7568466174262446,1300.6559435947106,1.050592303276062
UGA,Uganda,Manufacturing,2004.0,3.9204688e+06,548.0640816164316,0.05711675119196729,7153.303567052185,9.260225758313487
UGA,Uganda,Services,2004.0,1.3099486e+07,1785.1154590811825,0.1860366313817882,7338.172964309234,9.082815803923545
UGA,Uganda,Agriculture,2005.0,9.680825e+06,7460.664551346171,0.7538438734304717,1297.5821300333403,1.1866625547409058
UGA,Uganda,Manufacturing,2005.0,4.402816e+06,588.0266255920739,0.05941565474038034,7487.443269370466,9.563815648011863
UGA,Uganda,Services,2005.0,1.4210348e+07,1848.1386764309634,0.18674047182914796,7689.005257680306,9.681097412155445
UGA,Uganda,Agriculture,2006.0,9.507101e+06,7664.4482111741645,0.7506327105237393,1240.41558349098,1.1635370254516602
UGA,Uganda,Manufacturing,2006.0,4.698304e+06,631.5482993572462,0.06185191663009009,7439.34233499111,9.601654375219347
UGA,Uganda,Services,2006.0,1.5573475e+07,1914.6539230560707,0.18751537284617065,8133.832862673392,10.452051938988907
UGA,Uganda,Agriculture,2007.0,9.6672e+06,7890.010840368731,0.747588087460854,1225.2454648779942,1.1087491512298584
UGA,Uganda,Manufacturing,2007.0,5.063875e+06,679.0161884445399,0.06433760661987749,7457.664612680443,9.59558739121323
UGA,Uganda,Services,2007.0,1.6669448e+07,1984.9277127166042,0.18807430591926852,8398.012629480558,10.84380902708498
UGA,Uganda,Agriculture,2008.0,9.885205e+06,8111.683822944174,0.7440683504482835,1218.6378581521337,1.221798300743103
UGA,Uganda,Manufacturing,2008.0,5.486147e+06,730.8656384565093,0.06704082677229974,7506.3687651071,9.954281817055389
UGA,Uganda,Services,2008.0,1.8313924e+07,2059.24983977518,0.18889082277941682,8893.492982861873,11.050383776795645
UGA,Uganda,Agriculture,2009.0,1.0444543e+07,8338.024,0.7378262604571522,1252.6400739551723,1.5191019773483276
UGA,Uganda,Manufacturing,2009.0,5.8546525e+06,787.587,0.06969305569217205,7433.65812284865,9.046889133483228
UGA,Uganda,Services,2009.0,1.9579272e+07,2175.1849283447264,0.19248068385067588,9001.198815265536,11.51667716557723
UGA,Uganda,Agriculture,2010.0,1.0745028e+07,8312.26,0.708013225116513,1292.672269635454,1.766790509223938
UGA,Uganda,Manufacturing,2010.0,6.3057265e+06,864.282,0.07361693284740252,7295.9132551644025,9.971862449420367
UGA,Uganda,Services,2010.0,2.097567e+07,2563.7189232788087,0.21836984203608448,8181.735450613929,11.182580642574077
UGA,Uganda,Agriculture,2011.0,1.1079205e+07,8364.288,0.6848536938964332,1324.584351949622,1.662874698638916
UGA,Uganda,Manufacturing,2011.0,7.063418e+06,965.7360000000001,0.07907282328499042,7314.025779302003,10.015368915007485
UGA,Uganda,Services,2011.0,2.33813e+07,2883.223989379883,0.23607348281857624,8109.428919197081,9.679464436367546
UGA,Uganda,Agriculture,2012.0,1.1145032e+07,8402.702,0.6613569410899902,1326.362877084062,1.9508026838302612
UGA,Uganda,Manufacturing,2012.0,7.237706e+06,1004.805,0.07908584181515989,7203.095127910391,11.634784877943822
UGA,Uganda,Services,2012.0,2.4357572e+07,3297.738046875,0.25955721709484986,7386.145186116801,9.24306824161085
UGA,Uganda,Agriculture,2013.0,1.1352553e+07,9651.127,0.7191732232733933,1176.292986300978,1.7072718143463135
UGA,Uganda,Manufacturing,2013.0,7.324839e+06,922.6979999999999,0.06875670528093904,7938.501004662415,12.304385161080933
UGA,Uganda,Services,2013.0,2.570673e+07,2845.927971435547,0.21207007144566764,9032.81118075275,11.314946189569426
UGA,Uganda,Agriculture,2014.0,1.1658811e+07,9993.511,0.7168466858972307,1166.6381314835196,1.6694022417068481
UGA,Uganda,Manufacturing,2014.0,7.80964e+06,963.096,0.06908404621767858,8108.890494820869,11.7391624463398
UGA,Uganda,Services,2014.0,2.709255e+07,2984.325135986328,0.21406926788509079,9078.283620409153,11.269594482822773
UGA,Uganda,Agriculture,2015.0,1.1932293e+07,10332.071,0.7133695155582481,1154.8791137807707,1.6359257698059082
UGA,Uganda,Manufacturing,2015.0,8.440868e+06,1016.775,0.07020241045398717,8301.608517125225,11.573977960968898
UGA,Uganda,Services,2015.0,2.8411434e+07,3134.6310405273434,0.21642807398776473,9063.725086835197,11.521943487135866
UGA,Uganda,Agriculture,2016.0,1.2267511e+07,10738.924,0.7138512922202997,1142.340796899205,1.5371772050857542
UGA,Uganda,Manufacturing,2016.0,8.809862e+06,1057.761,0.07031282246808306,8328.783156119389,11.17567929452306
UGA,Uganda,Services,2016.0,3.01577e+07,3246.958006652832,0.21583588531161713,9287.985843429016,10.994774989168537
UGA,Uganda,Agriculture,2017.0,1.2465049e+07,11108.408,0.7106996857143181,1122.127401154153,1.5422207117080688
UGA,Uganda,Manufacturing,2017.0,9.046694e+06,1117.2530000000002,0.07148021174261687,8097.265346345008,10.335847571072641
UGA,Uganda,Services,2017.0,3.1821966e+07,3404.5808916015626,0.217820102543065,9346.808612625004,10.415820064895462
ZAF,South Africa,Agriculture,1960.0,23619.564,1440.9653169754083,0.3146294023876621,16.391487133571374,7.370997905731201
ZAF,South Africa,Manufacturing,1960.0,264411.84,1237.5796437441356,0.27022089923417525,213.65238599922063,27.185080790495718
ZAF,South Africa,Services,1960.0,278898.44,1901.3363410284778,0.4151496983781625,146.68548193274276,26.659008739154835
ZAF,South Africa,Agriculture,1961.0,24496.76,1409.8295629912861,0.3029495935175673,17.37568881280184,8.118350982666016
ZAF,South Africa,Manufacturing,1961.0,276876.4,1271.4506539317645,0.2732142018422506,217.76417778684728,27.718667004003596
ZAF,South Africa,Services,1961.0,289107.34,1972.3968077649965,0.42383620464018196,146.57666378886475,26.747530075660617
ZAF,South Africa,Agriculture,1962.0,25887.324,1379.366655587103,0.29243094579281526,18.767543867972883,8.372039794921875
ZAF,South Africa,Manufacturing,1962.0,297197.7,1295.734940186393,0.27470070595133117,229.3661136105875,28.607733596718948
ZAF,South Africa,Services,1962.0,304480.12,2041.7954201954362,0.4328683482558535,149.1237182669632,27.359348334462904
ZAF,South Africa,Agriculture,1963.0,26725.982,1349.5040461618303,0.28143178376648015,19.80429958538269,9.153600692749023
ZAF,South Africa,Manufacturing,1963.0,319175.16,1341.9759486263515,0.2798618396645684,237.83969941988016,30.183355466769633
ZAF,South Africa,Services,1963.0,320099.6,2103.657313802343,0.43870637656895145,152.1633735921668,28.8819419816092
ZAF,South Africa,Agriculture,1964.0,23664.271,1319.691574491004,0.2676751913540621,17.93166823354324,8.662141799926758
ZAF,South Africa,Manufacturing,1964.0,351655.88,1442.5958883835992,0.29260407350755224,243.76603165979046,30.834696666538587
ZAF,South Africa,Services,1964.0,338841.28,2167.9100941541624,0.43972073513838583,156.29858551961917,30.08314249643601
ZAF,South Africa,Agriculture,1965.0,23927.893,1289.4392248081958,0.2545903213804907,18.556820761896923,9.116077423095703
ZAF,South Africa,Manufacturing,1965.0,370958.0,1530.8184904831116,0.30224888770951236,242.32657385979783,31.497607245844144
ZAF,South Africa,Services,1965.0,359778.12,2244.503654333194,0.4431607909099971,160.29295577461838,30.456577995302368
ZAF,South Africa,Agriculture,1966.0,25810.244,1259.3349951858204,0.24416675612335118,20.495137703067314,10.113242149353027
ZAF,South Africa,Manufacturing,1966.0,386242.16,1570.927661039529,0.304580046267886,245.86883650289295,31.691163021988654
ZAF,South Africa,Services,1966.0,373017.38,2327.421441234724,0.4512531976087628,160.27066193998365,30.969094087291023
ZAF,South Africa,Agriculture,1967.0,32263.574,1228.4156361668342,0.23292408505807394,26.264379310105266,12.29369068145752
ZAF,South Africa,Manufacturing,1967.0,393495.28,1629.1580419599857,0.3089102215620089,241.53290909493285,31.323631780978385
ZAF,South Africa,Services,1967.0,397311.6,2416.3147471966454,0.4581656933799173,164.4287418313165,32.59700588376892
ZAF,South Africa,Agriculture,1968.0,28403.291,1198.2399003083879,0.2222686121344872,23.704177275614775,10.952199935913086
ZAF,South Africa,Manufacturing,1968.0,410793.3,1658.4555754887092,0.30763674198773233,247.69630165037645,31.83543101371716
ZAF,South Africa,Services,1968.0,428959.47,2534.2586890823486,0.47009464587778044,169.264278582912,33.00490249728522
ZAF,South Africa,Agriculture,1969.0,29753.775,1168.321420121404,0.21264677704629661,25.46711450992073,11.211132049560547
ZAF,South Africa,Manufacturing,1969.0,431119.8,1712.1618622271722,0.31163145305198653,251.79851392040783,33.31705030719957
ZAF,South Africa,Services,1969.0,451195.4,2613.704950125982,0.47572176990171683,172.62675583495073,33.868365263894304
ZAF,South Africa,Agriculture,1970.0,27775.844,1138.6828149254557,0.2021541563575816,24.39295946678387,10.532963752746582
ZAF,South Africa,Manufacturing,1970.0,453396.47,1788.4111776745551,0.31750259870825986,253.5191428067145,33.68087973526403
ZAF,South Africa,Services,1970.0,477749.94,2705.6510146868527,0.4803432449341586,176.57485570262799,35.28396918975626
ZAF,South Africa,Agriculture,1971.0,32988.15,1129.9241348987273,0.19819273636968468,29.195011787633565,11.592024803161621
ZAF,South Africa,Manufacturing,1971.0,456775.6,1799.8048345873995,0.31569220807044307,253.79173617716978,32.04229657319205
ZAF,South Africa,Services,1971.0,500795.44,2771.4090015397333,0.4861150555598723,180.70066064654088,35.33565218234066
ZAF,South Africa,Agriculture,1972.0,32776.94,1118.6742026240452,0.19391661580721287,29.299809836828253,11.842998504638672
ZAF,South Africa,Manufacturing,1972.0,452817.62,1820.990539648689,0.315659663946231,248.66555599314586,33.767405463036404
ZAF,South Africa,Services,1972.0,519322.44,2829.1766639541756,0.49042372024655617,183.5595649139044,35.03728816477241
ZAF,South Africa,Agriculture,1973.0,28626.832,1104.867453345595,0.1898579300395048,25.909743240753894,12.857024192810059
ZAF,South Africa,Manufacturing,1973.0,464294.56,1882.8469048553711,0.32354416346927534,246.59177615700216,39.05344847893955
ZAF,South Africa,Services,1973.0,549570.44,2831.7289124367107,0.48659790649121976,194.07593540692886,38.39503238764012
ZAF,South Africa,Agriculture,1974.0,37321.715,1088.4364460506395,0.18466697173486427,34.28929174429134,16.577787399291992
ZAF,South Africa,Manufacturing,1974.0,459707.25,1949.8939687874458,0.3308241061998587,235.76012714469388,41.08562301061874
ZAF,South Africa,Services,1974.0,585164.75,2855.7200253963656,0.4845089220652771,204.90970571205798,38.78016129356288
ZAF,South Africa,Agriculture,1975.0,34121.258,1067.9332315769889,0.17880696467123133,31.95074074257811,15.02867603302002
ZAF,South Africa,Manufacturing,1975.0,455761.6,1933.3750164299354,0.3237102358436223,235.73367291752038,42.481353872903355
ZAF,South Africa,Services,1975.0,615711.75,2971.240044731983,0.4974827994851463,207.2238327198298,37.66492005783963
ZAF,South Africa,Agriculture,1976.0,33294.938,1044.1774214905706,0.17274654235459733,31.88628370499646,13.452946662902832
ZAF,South Africa,Manufacturing,1976.0,474606.28,1968.4541681210305,0.3256569662663157,241.10608666242453,41.5181001534267
ZAF,South Africa,Services,1976.0,634698.44,3031.931776219389,0.5015964913790869,209.33796811596645,37.28518324860153
ZAF,South Africa,Agriculture,1977.0,37207.633,1016.1469769507494,0.1660583312272655,36.6163888261052,14.023903846740723
ZAF,South Africa,Manufacturing,1977.0,470539.25,1958.2398612286224,0.32001477234537684,240.2868306974296,38.71071744736787
ZAF,South Africa,Services,1977.0,633608.8,3144.8302431970674,0.5139268964273578,201.47631620836444,35.752576313129055
ZAF,South Africa,Agriculture,1978.0,38698.41,985.1472515935552,0.15862981802809384,39.28185364538367,14.268194198608398
ZAF,South Africa,Manufacturing,1978.0,480968.97,1971.6695027625835,0.31748104045242714,243.93995447822036,40.772337949154114
ZAF,South Africa,Services,1978.0,648292.1,3253.5367834578083,0.5238891415194791,199.25765963248315,35.25318103368927
ZAF,South Africa,Agriculture,1979.0,37859.75,950.6246453901647,0.1509386337292975,39.82618185168262,13.66881847381592
ZAF,South Africa,Manufacturing,1979.0,503235.4,2038.9751644943515,0.3237451574910864,246.80801169777766,44.51564563552348
ZAF,South Africa,Services,1979.0,665203.94,3308.4871801903546,0.525316208779616,201.05985040018422,34.347362453386914
ZAF,South Africa,Agriculture,1980.0,41638.33,912.9696282535834,0.1429389077382467,45.60757207734262,16.554426193237305
ZAF,South Africa,Manufacturing,1980.0,518209.9,2152.9589878495676,0.33707759448376856,240.69659904093285,51.2856813376036
ZAF,South Africa,Services,1980.0,708714.1,3321.2030802257186,0.5199834977779847,213.3907827617195,35.51994201400491
ZAF,South Africa,Agriculture,1981.0,44044.836,929.0107910545079,0.14180585562683987,47.41046752267031,17.65373992919922
ZAF,South Africa,Manufacturing,1981.0,539904.4,2257.8427617617135,0.34464112557730375,239.1239922211111,47.98459988772797
ZAF,South Africa,Services,1981.0,748150.4,3364.432971621718,0.5135530187958565,222.37042060593583,38.48396591398539
ZAF,South Africa,Agriculture,1982.0,40324.844,945.2668895096282,0.140517816174853,42.65974424526721,15.350915908813477
ZAF,South Africa,Manufacturing,1982.0,525551.75,2308.023189909063,0.34309715269428803,227.7064425945854,45.304047641132385
ZAF,South Africa,Services,1982.0,762783.9,3473.7351138378526,0.5163850311308589,219.5860795376712,39.130851773670074
ZAF,South Africa,Agriculture,1983.0,31169.006,961.245301940123,0.13934478936358963,32.42565222057809,11.870865821838379
ZAF,South Africa,Manufacturing,1983.0,519357.5,2324.9783049505704,0.3370353140081548,223.38165431227182,45.77937538391428
ZAF,South Africa,Services,1983.0,785483.06,3612.098937714577,0.5236198966282556,217.45890022519305,38.811955230485125
ZAF,South Africa,Agriculture,1984.0,34722.5,975.9360809388617,0.1380120299552503,35.57866204372376,12.91352367401123
ZAF,South Africa,Manufacturing,1984.0,544963.44,2376.664893018742,0.3360961366377054,229.29755015138454,43.69980722987057
ZAF,South Africa,Services,1984.0,830014.9,3718.7831746220813,0.5258918334070443,223.1952862065828,39.25333502742125
ZAF,South Africa,Agriculture,1985.0,41784.78,988.293109034695,0.1363710881129253,42.27974562203803,13.578744888305664
ZAF,South Africa,Manufacturing,1985.0,535479.4,2441.1440929638816,0.33684488250968647,219.35590633236856,41.9933924257884
ZAF,South Africa,Services,1985.0,828993.6,3817.6495721152705,0.5267840293773882,217.14764787609198,37.29678220174592
ZAF,South Africa,Agriculture,1986.0,44538.164,998.7592870979811,0.13604087268128906,44.59349178310137,12.693340301513672
ZAF,South Africa,Manufacturing,1986.0,522448.2,2425.217424537598,0.33033855017720226,215.42323678447596,41.98649417179126
ZAF,South Africa,Services,1986.0,837233.4,3917.6351687721058,0.5336205771415087,213.70886744985287,35.779032913311696
ZAF,South Africa,Agriculture,1987.0,45671.273,1006.7676728284429,0.1296675893964008,45.364262947766065,15.057669639587402
ZAF,South Africa,Manufacturing,1987.0,513084.56,2529.910937843498,0.32584225889586593,202.80736164465716,40.2637362019409
ZAF,South Africa,Services,1987.0,867130.0,4227.541249625608,0.5444901517077333,205.11449771821702,36.389594095001726
ZAF,South Africa,Agriculture,1988.0,46952.38,1013.2854766699616,0.12359307777485731,46.336772792355845,15.92900276184082
ZAF,South Africa,Manufacturing,1988.0,533838.4,2610.0116102938655,0.3183499372797169,204.53486601153253,39.73671958091203
ZAF,South Africa,Services,1988.0,895542.0,4575.264636013959,0.5580569849454259,195.73556313022584,34.22419416899466
ZAF,South Africa,Agriculture,1989.0,53855.875,1020.8840044992119,0.11849201988876727,52.75415694892649,14.7129545211792
ZAF,South Africa,Manufacturing,1989.0,539558.5,2669.83067537406,0.3098820513318252,202.09465153605836,38.31929620163104
ZAF,South Africa,Services,1989.0,915210.25,4924.920410637907,0.5716259287794074,185.8324954903091,32.477798865411266
ZAF,South Africa,Agriculture,1990.0,50012.55,1029.0643804476285,0.11403551880941483,48.60002127320279,12.604002952575684
ZAF,South Africa,Manufacturing,1990.0,532366.0,2742.2739935323602,0.30388442502888036,194.13304478530688,37.05530060706938
ZAF,South Africa,Services,1990.0,924798.44,5252.730540613913,0.5820800561617049,176.06051373652116,31.54848891678018
ZAF,South Africa,Agriculture,1991.0,52246.395,1037.3091745504066,0.1099298391196481,50.36723458451505,12.2610502243042
ZAF,South Africa,Manufacturing,1991.0,513598.34,2738.7256215724774,0.29023908624235417,187.5318723805236,35.37582025390097
ZAF,South Africa,Services,1991.0,932730.9,5660.067201819594,0.5998310746379977,164.79148422480682,29.969673894985227
ZAF,South Africa,Agriculture,1992.0,38004.668,1046.692752369038,0.10882087510561594,36.309287403330075,10.184539794921875
ZAF,South Africa,Manufacturing,1992.0,506967.2,2687.80514477401,0.2794414189891706,188.61753743038753,34.44314348918475
ZAF,South Africa,Services,1992.0,936280.1,5883.994431219244,0.6117377059052135,159.12321738992367,30.16484822586992
ZAF,South Africa,Agriculture,1993.0,47128.13,1056.703,0.10786986371462734,44.599219370296105,11.125265121459961
ZAF,South Africa,Manufacturing,1993.0,509124.12,2690.545,0.27465496214931917,189.22713613784566,33.75865613201323
ZAF,South Africa,Services,1993.0,946460.94,6048.842989746094,0.6174751741360535,156.46974786821647,29.700094009722456
ZAF,South Africa,Agriculture,1994.0,50851.254,1080.562,0.10668207078877101,47.06000572503013,12.402769088745117
ZAF,South Africa,Manufacturing,1994.0,517647.3,2769.203,0.27339875960331483,186.93007067376425,33.18590915751231
ZAF,South Africa,Services,1994.0,973666.0,6279.041012207032,0.6199191696079142,155.0660360566373,29.585305952451314
ZAF,South Africa,Agriculture,1995.0,40731.85,1103.426,0.10530297781307611,36.91398567960153,10.731377601623535
ZAF,South Africa,Manufacturing,1995.0,526878.3,2854.41,0.27240419647481806,184.58396393650528,33.89991312132522
ZAF,South Africa,Services,1995.0,1.0121946e+06,6520.747064941406,0.6222928257121059,155.22678842153422,30.336374232173686
ZAF,South Africa,Agriculture,1996.0,50507.496,1118.029,0.1040317398054439,45.17547943188415,12.067106246948242
ZAF,South Africa,Manufacturing,1996.0,529347.3,2898.2799999999997,0.26968272812540817,182.6418815642381,33.70436589688548
ZAF,South Africa,Services,1996.0,1.0568904e+06,6730.68996484375,0.6262855320691479,157.02556209250906,31.11645279841145
ZAF,South Africa,Agriculture,1997.0,50962.066,1134.25,0.10276195962591288,44.93018858827419,11.682981491088867
ZAF,South Africa,Manufacturing,1997.0,541624.1,2958.371,0.2680255686669354,183.08188019690564,33.20887125645547
ZAF,South Africa,Services,1997.0,1.0830519e+06,6945.023709472656,0.6292124717071517,155.94646185624575,31.31483995587499
ZAF,South Africa,Agriculture,1998.0,48261.074,1154.778,0.10168328095037996,41.79251268966849,10.846434593200684
ZAF,South Africa,Manufacturing,1998.0,538300.6,3026.869,0.2665291258813345,177.84074071259772,32.23925706153798
ZAF,South Africa,Services,1998.0,1.098609e+06,7174.969242187501,0.6317875931682855,153.1168933157763,30.790588871206193
ZAF,South Africa,Agriculture,1999.0,51253.26,1164.069,0.10048353553756068,44.029401795555074,10.249323844909668
ZAF,South Africa,Manufacturing,1999.0,536000.8,3060.3070000000002,0.2641685906852134,175.14609236916425,31.3835422366692
ZAF,South Africa,Services,1999.0,1.1374135e+06,7360.297984375,0.6353478737772259,154.53362111351848,30.905494757204046
ZAF,South Africa,Agriculture,2000.0,53662.164,1179.646,0.09925557180488782,45.490057239629515,9.85390853881836
ZAF,South Africa,Manufacturing,2000.0,556978.56,3133.8549999999996,0.26368297775655297,177.72952561621392,33.08800489669229
ZAF,South Africa,Services,2000.0,1.181147e+06,7571.433805664063,0.6370614504385591,156.00043932450467,31.48784693160403
ZAF,South Africa,Agriculture,2001.0,51891.312,1168.987,0.09723707191147657,44.389982523330026,11.059370040893555
ZAF,South Africa,Manufacturing,2001.0,567929.0,3242.781,0.26973655762653465,175.13640298250175,33.965489298759806
ZAF,South Africa,Services,2001.0,1.216733e+06,7610.262044921875,0.6330263704619888,159.88056558602912,32.01085696050046
ZAF,South Africa,Agriculture,2002.0,55264.25,1287.7,0.10926715710446404,42.91702259843131,11.295132637023926
ZAF,South Africa,Manufacturing,2002.0,581031.56,3266.591,0.27718499028735594,177.8709249183629,36.244762571743166
ZAF,South Africa,Services,2002.0,1.2638535e+06,7230.585939453125,0.6135478526081799,174.79268078453813,35.90444462695774
ZAF,South Africa,Agriculture,2003.0,55640.637,1171.998,0.09906897199010156,47.475027021163854,11.435834884643555
ZAF,South Africa,Manufacturing,2003.0,588045.94,3204.858,0.2709065949210262,183.48580108697482,35.77167208213543
ZAF,South Africa,Services,2003.0,1.3148548e+06,7453.2657470703125,0.6300244330888722,176.41323878956493,36.51720735430499
ZAF,South Africa,Agriculture,2004.0,56118.836,1104.793,0.09062880895122008,50.79579245840624,11.600798606872559
ZAF,South Africa,Manufacturing,2004.0,610836.25,3397.714,0.2787225959766995,179.7785952555159,34.75876071214758
ZAF,South Africa,Services,2004.0,1.3763065e+06,7687.799954101562,0.6306485950720805,179.02475457438493,37.387338000010494
ZAF,South Africa,Agriculture,2005.0,57695.656,905.652,0.07042747641506278,63.70620972514829,13.196708679199219
ZAF,South Africa,Manufacturing,2005.0,639270.6,3536.2749999999996,0.27499627247516273,180.775144749772,35.929516835929164
ZAF,South Africa,Services,2005.0,1.4509442e+06,8417.429122070313,0.6545762511097745,172.37380071257817,36.74111607417652
ZAF,South Africa,Agriculture,2006.0,54543.867,911.276,0.06778988650190824,59.854387899494775,13.762571334838867
ZAF,South Africa,Manufacturing,2006.0,665575.5,3694.113,0.27480532900594745,180.1719384328525,35.76201668882873
ZAF,South Africa,Services,2006.0,1.5386376e+06,8837.265163085936,0.6574047844921443,174.1078938569174,37.97781104736458
ZAF,South Africa,Agriculture,2007.0,56168.816,914.352,0.0662156277436196,61.430189255614906,16.47296142578125
ZAF,South Africa,Manufacturing,2007.0,693506.1,3801.3379999999997,0.2752856470327351,182.43737468228292,37.397165679049756
ZAF,South Africa,Services,2007.0,1.6313052e+06,9093.013944335937,0.6584987252236454,179.40203985018022,38.69654649015733
ZAF,South Africa,Agriculture,2008.0,67072.03,852.899,0.05657309261971249,78.64006318450367,19.488243103027344
ZAF,South Africa,Manufacturing,2008.0,696926.25,3779.376,0.25068734808308896,184.40246485134054,41.049148896834126
ZAF,South Africa,Services,2008.0,1.6952395e+06,10443.779012695311,0.6927395592971984,162.32050658476118,33.76381118951388
ZAF,South Africa,Agriculture,2009.0,65802.84,739.856,0.05069018523105933,88.94006908101036,20.797245025634766
ZAF,South Africa,Manufacturing,2009.0,652280.3,3579.054,0.24521381216339913,182.24936323955995,40.32510804633777
ZAF,South Africa,Services,2009.0,1.70597e+06,10276.736013671874,0.7040960026055416,166.00309648223197,34.565853795021276
ZAF,South Africa,Agriculture,2010.0,65605.21,687.11,0.04855559283600957,95.47992452081908,20.42293357849121
ZAF,South Africa,Manufacturing,2010.0,684501.7,3356.8540000000003,0.23721680085274566,203.91166476111263,43.61623539538558
ZAF,South Africa,Services,2010.0,1.744754e+06,10107.032,0.7142276063112448,172.62773087094214,36.9246755377944
ZAF,South Africa,Agriculture,2011.0,66913.4,661.444,0.04600427601085061,101.16260550779809,21.36691665649414
ZAF,South Africa,Manufacturing,2011.0,694086.8,3383.803,0.23534782563352954,205.1203372359443,44.006203264011276
ZAF,South Africa,Services,2011.0,1.813978e+06,10332.633870117188,0.7186478983556199,175.5581415931296,38.14518584886395
ZAF,South Africa,Agriculture,2012.0,68093.34,711.722,0.048384256033536126,95.6740746386932,19.081832885742188
ZAF,South Africa,Manufacturing,2012.0,697649.25,3345.252,0.22741678529636403,208.54908688493424,43.84795980015159
ZAF,South Africa,Services,2012.0,1.866841e+06,10652.810924804688,0.7241989586700999,175.24398144091037,37.923030373472564
ZAF,South Africa,Agriculture,2013.0,71143.86,755.293,0.0498232436212897,94.19372266789179,17.68663787841797
ZAF,South Africa,Manufacturing,2013.0,714761.75,3433.989,0.22652463420133512,208.14328467563524,43.35249044422312
ZAF,South Africa,Services,2013.0,1.9139728e+06,10970.168591796875,0.7236521221773753,174.47067781904508,37.416747300260724
ZAF,South Africa,Agriculture,2014.0,75982.69,716.767,0.04649517749801812,106.00751359925889,19.779848098754883
ZAF,South Africa,Manufacturing,2014.0,715691.25,3492.256,0.22653534912812495,204.93665126497027,43.45431212332268
ZAF,South Africa,Services,2014.0,1.9607358e+06,11206.919869140625,0.726969473373857,174.95759520857126,37.397778982526255
ZAF,South Africa,Agriculture,2015.0,71527.63,831.181632753459,0.05152984367663664,86.05535781096377,16.754629135131836
ZAF,South Africa,Manufacturing,2015.0,723702.4,3636.6951474876732,0.22546014621235982,199.00001117771805,40.71649255865163
ZAF,South Africa,Services,2015.0,1.9909902e+06,11662.225184929634,0.7230100101110036,170.72130047470122,36.57267918422546
ZAF,South Africa,Agriculture,2016.0,64316.36,888.2544861436935,0.05486997535939444,72.40758181163355,16.655057907104492
ZAF,South Africa,Manufacturing,2016.0,718908.6,3605.149162075555,0.22270019321695453,199.41161729522176,41.410208494778395
ZAF,South Africa,Services,2016.0,2.0167164e+06,11694.948548509285,0.7224298314236509,172.44337301997484,36.05226431505022
ZAF,South Africa,Agriculture,2017.0,77870.75,849.6207731755255,0.05137912786857313,91.65353821205647,18.750825881958008
ZAF,South Africa,Manufacturing,2017.0,727035.75,3651.3800531877637,0.22080995259603153,199.1125928853328,41.511409968437945
ZAF,South Africa,Services,2017.0,2.0358235e+06,12035.301139462988,0.7278109195353953,169.15434656841813,35.67059897805502
ZMB,Zambia,Agriculture,1965.0,1996.2515,727.5272216796875,0.6330802081097839,2.7438855967957867,0.655423641204834
ZMB,Zambia,Manufacturing,1965.0,35335.855,141.2409210205078,0.12290513538014208,250.18142910310905,110.86842801046458
ZMB,Zambia,Services,1965.0,6354.088,280.4183464050293,0.244014656510074,22.659315883160204,25.715352862428162
ZMB,Zambia,Agriculture,1966.0,2089.6313,742.5504150390625,0.6309386035068162,2.8141272367968755,0.6381912231445312
ZMB,Zambia,Manufacturing,1966.0,33436.938,150.8466796875,0.12817310649629696,221.66174004803614,108.43309930239927
ZMB,Zambia,Services,1966.0,6630.2563,283.50095987319946,0.24088828999688688,23.38706842693493,25.55911986211302
ZMB,Zambia,Agriculture,1967.0,2171.2383,757.8837890625,0.6281672439096245,2.8648696707655077,0.7588840126991272
ZMB,Zambia,Manufacturing,1967.0,28244.64,135.03892517089844,0.11192616951215183,209.15925233598395,142.49148541582667
ZMB,Zambia,Services,1967.0,7820.9443,313.57730054855347,0.25990658657822363,24.94104108382847,33.46575603524303
ZMB,Zambia,Agriculture,1968.0,2188.819,773.5338134765625,0.6292135669613687,2.8296359560023223,0.710329532623291
ZMB,Zambia,Manufacturing,1968.0,27215.219,132.41531372070312,0.10771023892549815,205.52923967241188,145.45460191201917
ZMB,Zambia,Services,1968.0,8425.203,323.41694831848145,0.2630761941131332,26.050592489987167,32.7674708247662
ZMB,Zambia,Agriculture,1969.0,2232.7712,789.5070190429688,0.6404707255339575,2.8280574920548704,0.5603912472724915
ZMB,Zambia,Manufacturing,1969.0,30988.66,151.29999923706055,0.12273889648519191,204.8159967780053,150.3322583297883
ZMB,Zambia,Services,1969.0,7808.4756,291.8910388946533,0.23679037798085062,26.751337127398642,27.603104550307336
ZMB,Zambia,Agriculture,1970.0,2329.466,819.518310546875,0.6272452662996794,2.8424820220290656,0.53341144323349
ZMB,Zambia,Manufacturing,1970.0,27558.02,142.36377716064453,0.10896279456766214,193.57465839188356,113.74603992703669
ZMB,Zambia,Services,1970.0,9233.998,344.65357637405396,0.26379193913265847,26.792114400847833,25.779597518210252
ZMB,Zambia,Agriculture,1971.0,2541.5322,851.1178588867188,0.6085860804607475,2.9861107953801853,0.5782123804092407
ZMB,Zambia,Manufacturing,1971.0,26840.082,146.9824676513672,0.1050988214504143,182.60737120642798,87.3717537848754
ZMB,Zambia,Services,1971.0,10621.528,400.4164752960205,0.2863150980888382,26.526202031173167,25.715857808412704
ZMB,Zambia,Agriculture,1972.0,2887.3635,883.935791015625,0.6197946043316335,3.2664855917567275,0.6910614371299744
ZMB,Zambia,Manufacturing,1972.0,29860.648,164.28244018554688,0.11519091210962903,181.7640911820779,86.9636207407262
ZMB,Zambia,Services,1972.0,11155.928,377.9571256637573,0.26501448355873747,29.51638420570398,28.776468200564643
ZMB,Zambia,Agriculture,1973.0,2570.8953,918.0191650390625,0.6263397672500606,2.80048103741111,0.5440962314605713
ZMB,Zambia,Manufacturing,1973.0,28800.46,165.0927963256836,0.11263837135784674,174.4501370046725,101.27540416497334
ZMB,Zambia,Services,1973.0,11754.136,382.5768117904663,0.2610218613920927,30.723596882879374,26.643145795309273
ZMB,Zambia,Agriculture,1974.0,2437.1306,953.416748046875,0.6352821056128889,2.5562070524007123,0.4654980003833771
ZMB,Zambia,Manufacturing,1974.0,29553.637,174.3437843322754,0.11616901699914535,169.51356672644442,107.33325517029468
ZMB,Zambia,Services,1974.0,12317.791,373.01642894744873,0.24854887738796577,33.022113933111385,24.764401807957046
ZMB,Zambia,Agriculture,1975.0,2743.8108,990.1792602539062,0.6445189302755321,2.771024299491028,0.6772162318229675
ZMB,Zambia,Manufacturing,1975.0,27991.496,171.92063522338867,0.11190509471795546,162.81638360269355,65.84469760314573
ZMB,Zambia,Services,1975.0,13141.572,374.207594871521,0.2435759750065124,35.118400710538694,33.912295369205346
ZMB,Zambia,Agriculture,1976.0,3158.1558,1024.056884765625,0.6531260465919229,3.083965167073267,0.8184510469436646
ZMB,Zambia,Manufacturing,1976.0,28592.506,166.34831619262695,0.10609412399681234,171.88335003202337,65.67803393658399
ZMB,Zambia,Services,1976.0,13726.247,377.5262727737427,0.2407798294112648,36.358388965789544,35.809003648355976
ZMB,Zambia,Agriculture,1977.0,2978.715,1059.093505859375,0.6656453108661662,2.8125137878865765,0.6267212629318237
ZMB,Zambia,Manufacturing,1977.0,27124.54,163.86858367919922,0.10299218503453104,165.5261701388774,48.827367882885966
ZMB,Zambia,Services,1977.0,13957.702,368.11575412750244,0.23136250409930276,37.91661180467446,33.43631440063449
ZMB,Zambia,Agriculture,1978.0,2473.0186,1095.328857421875,0.6741654170461714,2.257786360626301,0.5071073770523071
ZMB,Zambia,Manufacturing,1978.0,26304.691,164.38994598388672,0.10118058676303003,160.01399142030468,41.067331878808076
ZMB,Zambia,Services,1978.0,14901.203,364.9994478225708,0.22465399619079862,40.82527580218038,31.420851775394148
ZMB,Zambia,Agriculture,1979.0,2068.4614,1132.8040771484375,0.6821168965494095,1.8259657318572735,0.40302377939224243
ZMB,Zambia,Manufacturing,1979.0,25008.42,159.91677474975586,0.09629373366406134,156.38396885510713,59.56769476161137
ZMB,Zambia,Services,1979.0,15440.014,367.9975423812866,0.22158936978652916,41.95683909181496,29.02900788516597
ZMB,Zambia,Agriculture,1980.0,2234.852,1171.5614013671875,0.679675332658066,1.9075842274875432,0.40538501739501953
ZMB,Zambia,Manufacturing,1980.0,25828.113,166.10000228881836,0.09636206363440544,155.49736860532673,56.39256429474692
ZMB,Zambia,Services,1980.0,16732.25,386.0459976196289,0.22396260370752857,43.34263301050017,28.200005054850777
ZMB,Zambia,Agriculture,1981.0,2179.3884,1210.6766357421875,0.674834021221303,1.800140816625517,0.495817631483078
ZMB,Zambia,Manufacturing,1981.0,24196.441,168.29555130004883,0.09380833848160014,143.77350571264316,36.124471258577024
ZMB,Zambia,Services,1981.0,18000.148,415.06397247314453,0.23135764029709685,43.36716658457907,31.32794476150079
ZMB,Zambia,Agriculture,1982.0,2251.1648,1258.6357421875,0.6839546937877008,1.7885752958273429,0.5290866494178772
ZMB,Zambia,Manufacturing,1982.0,24324.709,165.45544815063477,0.08991007213786566,147.01666978188098,37.84340835278452
ZMB,Zambia,Services,1982.0,18918.352,416.14143562316895,0.22613523407443356,45.46135025984591,32.06679362758521
ZMB,Zambia,Agriculture,1983.0,2564.3704,1309.1309814453125,0.699425331708864,1.95883406448528,0.5271974205970764
ZMB,Zambia,Manufacturing,1983.0,24546.88,172.8855972290039,0.09236704951866762,141.98337659591303,55.915642915716205
ZMB,Zambia,Services,1983.0,18601.371,389.70713806152344,0.20820761877246843,47.73166636432865,29.799819966505734
ZMB,Zambia,Agriculture,1984.0,2567.6328,1361.3790283203125,0.7083635097101103,1.886052861904285,0.5994800329208374
ZMB,Zambia,Manufacturing,1984.0,23445.682,173.10836791992188,0.09007311594276549,135.4393315721787,66.96109888472829
ZMB,Zambia,Services,1984.0,19083.906,387.377592086792,0.20156337434712426,49.26435250731862,32.82842928158424
ZMB,Zambia,Agriculture,1985.0,2665.5095,1427.335693359375,0.7164175297944799,1.8674720557228104,0.5377804636955261
ZMB,Zambia,Manufacturing,1985.0,22156.816,173.35351181030273,0.08701071183894636,127.8129077102041,110.44197089637997
ZMB,Zambia,Services,1985.0,19674.475,391.6345920562744,0.19657175836657367,50.23681515484708,28.204335304642452
ZMB,Zambia,Agriculture,1986.0,3552.9253,1495.89892578125,0.7274844233661255,2.3751105316913006,0.5599104166030884
ZMB,Zambia,Manufacturing,1986.0,21466.611,169.8594627380371,0.08260592421959587,126.37866022943638,99.14922231632762
ZMB,Zambia,Services,1986.0,20341.303,390.504093170166,0.18990965241427862,52.089857930147424,22.701749564122373
ZMB,Zambia,Agriculture,1987.0,3242.9822,1567.0809326171875,0.7321894357500164,2.069441411885638,0.5267978310585022
ZMB,Zambia,Manufacturing,1987.0,22915.834,180.45448684692383,0.08431400456282903,126.98954946913608,80.60750235013424
ZMB,Zambia,Services,1987.0,20779.357,392.7316427230835,0.18349655968715453,52.90981209916564,23.86987366079156
ZMB,Zambia,Agriculture,1988.0,3931.3818,1638.49267578125,0.7401642576903774,2.3993893253523253,0.6449168920516968
ZMB,Zambia,Manufacturing,1988.0,21662.469,182.36043548583984,0.082378565591764,118.78930148574949,84.14682953769297
ZMB,Zambia,Services,1988.0,21206.402,392.8348083496094,0.1774571767178586,53.983002251870296,25.454290610957827
ZMB,Zambia,Agriculture,1989.0,3875.9185,1710.135009765625,0.7486766708925425,2.2664400382999275,0.4491136968135834
ZMB,Zambia,Manufacturing,1989.0,21581.19,184.90209197998047,0.0809479262596996,116.71684847925688,60.38165306468919
ZMB,Zambia,Services,1989.0,21628.783,389.17326068878174,0.17037540284775787,55.576231431843766,22.220895226409965
ZMB,Zambia,Agriculture,1990.0,3579.0256,1778.7958984375,0.7530171641912573,2.0120496330745157,0.45433157682418823
ZMB,Zambia,Manufacturing,1990.0,21243.156,190.0940055847168,0.08047244157741687,111.75079500617304,68.3402314722398
ZMB,Zambia,Services,1990.0,22513.855,393.335000038147,0.16651039423132583,57.2383730574867,19.371035993418214
ZMB,Zambia,Agriculture,1991.0,3781.3042,1819.3428955078125,0.7572754509002444,2.07839006520171,0.4567827582359314
ZMB,Zambia,Manufacturing,1991.0,19067.1,172.58540534973145,0.07183620579590633,110.47921213695298,55.49255754856439
ZMB,Zambia,Services,1991.0,23616.68,410.55667781829834,0.17088834330384928,57.52355512276462,19.129188940941496
ZMB,Zambia,Agriculture,1992.0,3516.608,1841.035888671875,0.7566849243205559,1.9101245835534115,0.4100005030632019
ZMB,Zambia,Manufacturing,1992.0,18629.78,169.64895629882812,0.06972748790391417,109.81369825853558,53.63879477597252
ZMB,Zambia,Services,1992.0,22893.836,422.34352588653564,0.17358758777553,54.20666953386785,17.098506597049823
ZMB,Zambia,Agriculture,1993.0,4881.051,1863.13671875,0.7519552338478281,2.6198027939274118,0.384130597114563
ZMB,Zambia,Manufacturing,1993.0,17372.016,161.4676399230957,0.0651677548487628,107.58821788238185,51.83744922509162
ZMB,Zambia,Services,1993.0,24296.566,453.11856269836426,0.18287701130340908,53.62077038195396,14.759685531006772
ZMB,Zambia,Agriculture,1994.0,5135.7686,1880.1630859375,0.7540936073521879,2.7315548279295503,0.3187820613384247
ZMB,Zambia,Manufacturing,1994.0,17106.266,158.19449615478516,0.06344846314708961,108.13439178226783,41.65641129896194
ZMB,Zambia,Services,1994.0,23830.184,454.91787815093994,0.18245792950072257,52.38348444473145,11.465662237983892
ZMB,Zambia,Agriculture,1995.0,6847.125,1900.7525634765625,0.7602170872672376,3.6023231700796963,0.38849565386772156
ZMB,Zambia,Manufacturing,1995.0,14022.927,143.5775604248047,0.05742468371761147,97.66795532897129,41.403951100581516
ZMB,Zambia,Services,1995.0,23521.363,455.94590950012207,0.18235822901515097,51.58805637062899,12.170958483568292
ZMB,Zambia,Agriculture,1996.0,6804.6387,1925.60009765625,0.745948772347638,3.5337756163168494,0.4118592143058777
ZMB,Zambia,Manufacturing,1996.0,14239.887,147.01492881774902,0.056951391829412085,96.86014089360174,40.36260013931187
ZMB,Zambia,Services,1996.0,26359.352,508.7956132888794,0.1970998358229499,51.80734832227007,12.524870549753325
ZMB,Zambia,Agriculture,1997.0,6456.2495,1950.78759765625,0.7368794621054321,3.3095604664882696,0.4657363295555115
ZMB,Zambia,Manufacturing,1997.0,15166.408,162.2921485900879,0.06130331733740694,93.45127496852487,34.26605453750306
ZMB,Zambia,Services,1997.0,27255.158,534.2834901809692,0.20181722055716095,51.01254054077789,12.833720060304127
ZMB,Zambia,Agriculture,1998.0,6534.4243,1973.26220703125,0.736636778673813,3.3114830320686144,0.5094315409660339
ZMB,Zambia,Manufacturing,1998.0,12950.109,149.53618240356445,0.05582322070956127,86.60184556571448,26.210128136879675
ZMB,Zambia,Services,1998.0,28072.633,555.9467725753784,0.20754000061662564,50.49518082901318,12.55988419427134
ZMB,Zambia,Agriculture,1999.0,7192.1157,1994.5858154296875,0.7242323533906172,3.6058191465213416,0.5865743160247803
ZMB,Zambia,Manufacturing,1999.0,11615.741,144.01153945922852,0.052290463178439,80.65840594826821,19.839439823586424
ZMB,Zambia,Services,1999.0,29663.336,615.471565246582,0.2234771834309438,48.19611109997536,11.753482244270778
ZMB,Zambia,Agriculture,2000.0,7304.28,2014.0279541015625,0.716117171294229,3.6267022859742855,0.6438515782356262
ZMB,Zambia,Manufacturing,2000.0,11933.789,150.76800155639648,0.05360777370362459,79.15332788991059,23.83232542839979
ZMB,Zambia,Services,2000.0,30665.533,647.6320028305054,0.23027505500214637,47.35024376358778,13.874843188917879
ZMB,Zambia,Agriculture,2001.0,7114.3687,2072.557373046875,0.7214762319312751,3.4326522126067314,0.6485599279403687
ZMB,Zambia,Manufacturing,2001.0,13065.975,158.98290252685547,0.055343406628086934,82.18477837368637,23.11180335048068
ZMB,Zambia,Services,2001.0,32265.309,641.1217489242554,0.223180361440638,50.32633606313978,14.689721632542122
ZMB,Zambia,Agriculture,2002.0,6993.4243,2130.014404296875,0.7292199235696719,3.2832755977135295,0.6819323897361755
ZMB,Zambia,Manufacturing,2002.0,14690.216,172.17616653442383,0.05894527790397621,85.32084385428242,22.29662417592563
ZMB,Zambia,Services,2002.0,33515.043,618.7587003707886,0.2118347985263519,54.164964385415914,16.04051723260112
ZMB,Zambia,Agriculture,2003.0,7343.0957,2187.889404296875,0.7339182947441985,3.3562462932100816,0.7772055864334106
ZMB,Zambia,Manufacturing,2003.0,15982.181,184.19059371948242,0.06178595964907434,86.76979829058456,21.91829367336617
ZMB,Zambia,Services,2003.0,35445.297,609.0275993347168,0.2042957456067272,58.19982035907628,17.725429339203213
ZMB,Zambia,Agriculture,2004.0,7658.8486,2251.722412109375,0.7392136581642524,3.4013289522831642,0.8210504055023193
ZMB,Zambia,Manufacturing,2004.0,17920.406,199.05532455444336,0.06534749303450786,90.02726397855594,22.977482277051738
ZMB,Zambia,Services,2004.0,36943.68,595.3272523880005,0.19543884880123974,62.05608686535017,18.336238391465304
ZMB,Zambia,Agriculture,2005.0,7612.8955,2318.5185546875,0.7369817286459376,3.2835171805811143,0.8774240016937256
ZMB,Zambia,Manufacturing,2005.0,19639.24,210.91740798950195,0.06704379209187517,93.11341544341617,25.10485718261287
ZMB,Zambia,Services,2005.0,38821.812,616.5288076400757,0.19597447926218722,62.968367445149205,19.740076617484704
ZMB,Zambia,Agriculture,2006.0,7780.3794,2390.816162109375,0.7330015846359234,3.254277563385199,0.9272304773330688
ZMB,Zambia,Manufacturing,2006.0,21365.395,222.9974594116211,0.06836890837072458,95.81003562830986,31.247448327143193
ZMB,Zambia,Services,2006.0,41701.125,647.8657693862915,0.1986295069933521,64.36692131381247,20.60295936655723
ZMB,Zambia,Agriculture,2007.0,7811.501,2477.078125,0.731321696381207,3.153514173705159,1.1424589157104492
ZMB,Zambia,Manufacturing,2007.0,23131.775,233.54383850097656,0.06895045999080583,99.04682366744723,40.68070174294146
ZMB,Zambia,Services,2007.0,44602.188,676.5032062530518,0.19972784362798707,65.93048944592314,25.284180340684667
ZMB,Zambia,Agriculture,2008.0,8014.5996,2567.796142578125,0.7300069901967525,3.1211977759761576,1.1730467081069946
ZMB,Zambia,Manufacturing,2008.0,24132.86,236.48525619506836,0.06723115096182809,102.04805053509828,39.71811184549033
ZMB,Zambia,Services,2008.0,47891.668,713.2138814926147,0.2027618588414194,67.14909680182089,25.419186643118902
ZMB,Zambia,Agriculture,2009.0,8591.651,2628.97412109375,0.727622232952487,3.2680623587169646,1.3768795728683472
ZMB,Zambia,Manufacturing,2009.0,26889.027,252.13517379760742,0.06978355423603513,106.64528450653305,38.72661944786357
ZMB,Zambia,Services,2009.0,49836.54,731.9937715530396,0.2025942128114779,68.08328294483158,27.838811429089265
ZMB,Zambia,Agriculture,2010.0,9158.7,2694.34228515625,0.7224751079203434,3.399234108364732,1.3964351415634155
ZMB,Zambia,Manufacturing,2010.0,29557.3,268.4443016052246,0.07198206658497684,110.10589759032061,45.23246549280567
ZMB,Zambia,Services,2010.0,53120.4,766.5353727340698,0.20554282549467975,69.2993439402943,28.46877906073099
ZMB,Zambia,Agriculture,2011.0,9871.1,2764.73876953125,0.7138307476209632,3.5703552603809308,1.5881032943725586
ZMB,Zambia,Manufacturing,2011.0,30551.2,278.6042594909668,0.07193312042155083,109.65804785098975,52.27600440595544
ZMB,Zambia,Services,2011.0,56524.3,829.7582330703735,0.21423613195748595,68.12140998238948,28.974514362513826
ZMB,Zambia,Agriculture,2012.0,10205.2,2839.325439453125,0.7014906711661887,3.5942340576774803,1.6270297765731812
ZMB,Zambia,Manufacturing,2012.0,31107.9,283.138614654541,0.06995291700881402,109.86809562722456,52.41555919522208
ZMB,Zambia,Services,2012.0,62999.098,925.0957441329956,0.22855641182499728,68.10008375435028,29.603183136732945
ZMB,Zambia,Agriculture,2013.0,9813.0,2918.9404296875,0.6863283898973719,3.361836336293637,1.4674601554870605
ZMB,Zambia,Manufacturing,2013.0,31734.402,292.0677185058594,0.06867367519541528,108.65426177906531,54.94134159688142
ZMB,Zambia,Services,2013.0,68042.3,1041.9711437225342,0.24499793490721283,65.30151749875996,27.421574729242238
ZMB,Zambia,Agriculture,2014.0,9917.0,3001.907958984375,0.6816148682487433,3.3035656440829664,1.2356895208358765
ZMB,Zambia,Manufacturing,2014.0,33055.6,302.1107711791992,0.06859743746557286,109.41550158399625,55.01028275687574
ZMB,Zambia,Services,2014.0,71736.0,1100.0928859710693,0.24978769428568384,65.20903908643814,27.893264753661846
ZMB,Zambia,Agriculture,2015.0,9149.8,3089.903564453125,0.6817814337078685,2.9611926760267364,0.9330505132675171
ZMB,Zambia,Manufacturing,2015.0,35531.4,315.9610595703125,0.06971621595829026,112.45499203547584,55.33603679288143
ZMB,Zambia,Services,2015.0,73206.2,1126.2382049560547,0.24850235033384122,65.00063912132734,30.668295931933358
ZMB,Zambia,Agriculture,2016.0,9490.104,3186.42236328125,0.6797516968524978,2.978294285460786,1.1416921615600586
ZMB,Zambia,Manufacturing,2016.0,37942.98,329.20452880859375,0.07022839773153351,115.25655678573858,54.99797860160586
ZMB,Zambia,Services,2016.0,75367.92,1172.0000429153442,0.2500199054159687,64.30709822119347,29.217740119586537
ZMB,Zambia,Agriculture,2017.0,10410.014,3291.643798828125,0.6773966881390276,3.1625577699449505,1.2854472398757935
ZMB,Zambia,Manufacturing,2017.0,39701.07,342.4667854309082,0.0704772084789693,115.92677597200033,59.225365995686566
ZMB,Zambia,Services,2017.0,77742.58,1225.1452350616455,0.2521261033820031,63.45580580990321,28.794248812605453
