iso3,year0,year1,within,structural_change,Y0,Y1,actual_change,decomposed_change
AGO,2002,2003,-4.190292716526692,0.09434889287596215,737.2029740134831,733.1070301898324,-4.095943823650714,-4.09594382365073
AGO,2003,2004,48.50777083488347,2.8750424577315616,733.1070301898324,784.4898434824472,51.382813292614856,51.38281329261503
AGO,2004,2005,57.738138158977954,-16.589341269168504,784.4898434824472,825.6386403722568,41.148796889809546,41.14879688980945
AGO,2005,2006,53.91244549573611,-20.36170803691904,825.6386403722568,859.1893778310738,33.550737458817025,33.55073745881707
AGO,2006,2007,64.78945350415606,-17.906633541062373,859.1893778310738,906.0721977941676,46.882819963093766,46.88281996309368
AGO,2007,2008,49.91790463306077,-20.673812335311034,906.0721977941676,935.3162900919172,29.244092297749603,29.244092297749738
AGO,2008,2009,-8.74773258689109,-22.5359441996549,935.3162900919172,904.0326133053711,-31.28367678654604,-31.28367678654599
AGO,2009,2010,8.79550160010237,-24.723675179586376,904.0326133053711,888.1044397258872,-15.928173579483882,-15.928173579484007
AGO,2010,2011,15.326555985354197,-27.46201295911429,888.1044397258872,875.9689827521272,-12.135456973760029,-12.135456973760093
AGO,2011,2012,32.889071442570824,9.266584536833319,875.9689827521272,918.1246387315313,42.15565597940406,42.155655979404145
AGO,2012,2013,10.561366255545385,6.626841733904976,918.1246387315313,935.3128467209816,17.188207989450348,17.188207989450362
AGO,2013,2014,3.885527805893121,4.607116016437963,935.3128467209816,943.8054905433128,8.49264382233116,8.492643822331084
AGO,2014,2015,-16.372292259994907,3.2558901222962504,943.8054905433128,930.689088405614,-13.116402137698742,-13.116402137698657
AGO,2015,2016,-50.20311206180446,1.3182975468396798,930.689088405614,881.8042738906493,-48.88481451496477,-48.88481451496478
AGO,2016,2017,17.143241993344567,-2.5464046440865973,881.8042738906493,896.4011112399073,14.596837349258067,14.59683734925797
BFA,1970,1971,-0.589284945547581,-0.10204168380394213,203.32338001864397,202.63205338929245,-0.6913266293515221,-0.6913266293515232
BFA,1971,1972,11.578619923674864,-0.09786973358194147,202.63205338929245,214.1128035793854,11.480750190092948,11.480750190092923
BFA,1972,1973,5.261023699736369,-0.10587975048046785,214.1128035793854,219.2679475286413,5.155143949255887,5.155143949255901
BFA,1973,1974,15.98927611938324,-0.10810381646030703,219.2679475286413,235.14911983156424,15.881172302922948,15.881172302922932
BFA,1974,1975,0.35091895790165406,-0.10147744381853907,235.14911983156424,235.39856134564735,0.24944151408311654,0.249441514083115
BFA,1975,1976,13.530127990048488,-0.11328246976202871,235.39856134564735,248.81540686593377,13.416845520286415,13.41684552028646
BFA,1976,1977,25.996177131622535,-0.11678724325290377,248.81540686593377,274.6947967543034,25.879389888369644,25.87938988836963
BFA,1977,1978,44.51525714806159,-0.13335992818844283,274.6947967543034,319.0766939741766,44.38189721987317,44.38189721987315
BFA,1978,1979,78.10279195260688,-0.16475033169381137,319.0766939741766,397.01473559508963,77.93804162091305,77.93804162091307
BFA,1979,1980,12.548202578595866,-0.17754421870164055,397.01473559508963,409.3853939549839,12.370658359894264,12.370658359894225
BFA,1980,1981,19.917366933823352,0.21111514502612808,409.3853939549839,429.51387603383336,20.12848207884946,20.12848207884948
BFA,1981,1982,11.635012639839639,-0.14545030593060382,429.51387603383336,441.00343836774243,11.489562333909078,11.489562333909035
BFA,1982,1983,-2.710342430730668,-0.5847748160633214,441.00343836774243,437.70832112094837,-3.2951172467940637,-3.295117246793989
BFA,1983,1984,-27.57404115803091,-0.8215054218549265,437.70832112094837,409.3127745410626,-28.395546579885774,-28.395546579885835
BFA,1984,1985,9.847999764857912,-1.2215053715564623,409.3127745410626,417.939268934364,8.626494393301414,8.62649439330145
BFA,1985,1986,5.1761685395679695,-0.9766476716167947,417.939268934364,422.13878980231516,4.199520867951151,4.199520867951175
BFA,1986,1987,-21.967447518255177,-0.8185268931954414,422.13878980231516,399.3528153908646,-22.78597441145058,-22.785974411450617
BFA,1987,1988,13.92382888481616,-0.2597361776622909,399.3528153908646,413.01690809801846,13.664092707153884,13.66409270715387
BFA,1988,1989,6.70067107792609,0.06736033444368117,413.01690809801846,419.7849395103882,6.768031412369737,6.768031412369772
BFA,1989,1990,-25.860364017723562,-0.1982796609338537,419.7849395103882,393.7262958317308,-26.058643678657404,-26.058643678657415
BFA,1990,1991,7.95567546624039,0.8075588376038796,393.7262958317308,402.489530135575,8.763234303844229,8.76323430384427
BFA,1991,1992,-12.198498063088634,0.32498642635872454,402.489530135575,390.61601849884516,-11.873511636729859,-11.873511636729909
BFA,1992,1993,0.165671943183753,-1.853601630982734,390.61601849884516,388.9280888110461,-1.6879296877990555,-1.687929687798981
BFA,1993,1994,-4.484766573350223,-8.650160330917739,388.9280888110461,375.7931619067782,-13.1349269042679,-13.134926904267962
BFA,1994,1995,9.286063927093613,10.687071291604397,375.7931619067782,395.76629712547617,19.973135218697962,19.973135218698012
BFA,1995,1996,9.812958918127961,10.642561854005201,395.76629712547617,416.2218178976094,20.45552077213324,20.455520772133163
BFA,1996,1997,-0.952585173490049,11.393936103929168,416.2218178976094,426.66316882804847,10.441350930439057,10.441350930439118
BFA,1997,1998,17.31326069315095,11.364564727638333,426.66316882804847,455.3409942488378,28.677825420789304,28.677825420789283
BFA,1998,1999,36.06012410676355,13.191670502535036,455.3409942488378,504.5927888581364,49.2517946092986,49.251794609298585
BFA,1999,2000,0.26637906161293146,13.631999659006219,504.5927888581364,518.4911675787555,13.898378720619121,13.898378720619151
BFA,2000,2001,10.334803656496979,13.648255166223493,518.4911675787555,542.474226401476,23.983058822720523,23.983058822720473
BFA,2001,2002,-8.631212846372303,13.873392286487645,542.474226401476,547.7164058415913,5.242179440115251,5.242179440115342
BFA,2002,2003,28.824958980652063,14.905020211778787,547.7164058415913,591.4463850340222,43.72997919243096,43.72997919243085
BFA,2003,2004,-6.809906546899402,15.82048214545079,591.4463850340222,600.4569606325736,9.010575598551327,9.010575598551387
BFA,2004,2005,15.685894343647309,16.089286329392095,600.4569606325736,632.2321413056129,31.77518067303936,31.775180673039404
BFA,2005,2006,23.946623615840135,17.606891965987664,632.2321413056129,673.7856568874408,41.553515581827924,41.553515581827796
BFA,2006,2007,-47.04375066313269,42.23043455885088,673.7856568874408,668.972340783159,-4.813316104281853,-4.81331610428181
BFA,2007,2008,-4.41749946801492,37.61021215367666,668.972340783159,702.1650534688208,33.19271268566183,33.192712685661746
BFA,2008,2009,-53.65415691470565,39.47512485840772,702.1650534688208,687.9860214125229,-14.179032056297956,-14.179032056297935
BFA,2009,2010,-5.07538775463048,38.27520140526182,687.9860214125229,721.1858350631542,33.19981365063131,33.19981365063134
BFA,2010,2011,-38.39558491731415,39.34705185053823,721.1858350631542,722.1373019963783,0.9514669332240828,0.9514669332240757
BFA,2011,2012,-46.68187498675648,30.571650178650966,722.1373019963783,706.0270771882726,-16.110224808105613,-16.110224808105517
BFA,2012,2013,-43.21798563408747,24.02993220244827,706.0270771882726,686.8390237566334,-19.18805343163922,-19.1880534316392
BFA,2013,2014,-40.13670861821354,19.263087497151005,686.8390237566334,665.965402635571,-20.873621121062456,-20.873621121062534
BFA,2014,2015,-6.894487137162045,6.302438399120638,665.965402635571,665.3733538975296,-0.5920487380413988,-0.5920487380414068
BFA,2015,2016,26.93461219703069,0.4527934753944973,665.3733538975296,692.7607595699548,27.38740567242519,27.38740567242519
BFA,2016,2017,-5.326605109618788,3.273090325368093,692.7607595699548,690.707244785704,-2.0535147842507513,-2.0535147842506944
BWA,1968,1969,-0.3606997033727599,3.648777520374147,23.12542458793901,26.413502404940395,3.288077817001387,3.288077817001387
BWA,1969,1970,1.4396424701705142,2.775273549519603,26.413502404940395,30.628418424630514,4.2149160196901185,4.214916019690117
BWA,1970,1971,6.350125027542504,-0.15877897273047004,30.628418424630514,36.81976447944255,6.191346054812033,6.191346054812033
BWA,1971,1972,1.8885313447128245,2.3049192404964938,36.81976447944255,41.01321506465186,4.1934505852093125,4.193450585209318
BWA,1972,1973,1.7388673206691845,2.803275620949738,41.01321506465186,45.55535800627079,4.542142941618927,4.5421429416189225
BWA,1973,1974,-0.1974156285206873,0.99412741624832,45.55535800627079,46.35206979399842,0.7967117877276308,0.7967117877276327
BWA,1974,1975,-5.329530067375487,0.5033845539433638,46.35206979399842,41.5259242805663,-4.826145513432117,-4.826145513432123
BWA,1975,1976,7.2979842512751985,-1.157901111664807,41.5259242805663,47.66600742017669,6.14008313961039,6.140083139610391
BWA,1976,1977,0.007665641194989942,-0.39729695511746166,47.66600742017669,47.27637610625422,-0.38963131392247163,-0.38963131392247174
BWA,1977,1978,8.100968471664917,-0.12469079703555808,47.27637610625422,55.25265378088358,7.976277674629358,7.976277674629359
BWA,1978,1979,-1.7717600500101898,3.471623300376666,55.25265378088358,56.952517031250046,1.6998632503664695,1.6998632503664761
BWA,1979,1980,4.556929629378199,1.524562723051587,56.952517031250046,63.03400938367984,6.081492352429791,6.081492352429786
BWA,1980,1981,-4.580655607058522,-0.013372895270418628,63.03400938367984,58.4399808813509,-4.594028502328939,-4.594028502328941
BWA,1981,1982,4.764378225481106,-1.402760309619543,58.4399808813509,61.80159879721246,3.361617915861565,3.3616179158615624
BWA,1982,1983,13.642739935631369,-1.2976583076587305,61.80159879721246,74.1466804251851,12.345081627972633,12.345081627972638
BWA,1983,1984,2.838921156239873,2.4104196972578853,74.1466804251851,79.39602127868287,5.24934085349777,5.249340853497758
BWA,1984,1985,1.3026156441282986,-0.15360512728224807,79.39602127868287,80.5450317955289,1.1490105168460332,1.1490105168460505
BWA,1985,1986,-3.558511383662645,5.007358528417197,80.5450317955289,81.99387894028347,1.4488471447545663,1.4488471447545521
BWA,1986,1987,-4.145233288982139,4.103683240424735,81.99387894028347,81.95232889172605,-0.0415500485574114,-0.04155004855740341
BWA,1987,1988,4.312103916082174,5.294440243561989,81.95232889172605,91.55887305137023,9.606544159644173,9.606544159644162
BWA,1988,1989,-5.2916546655837005,5.832342802586682,91.55887305137023,92.0995611883732,0.5406881370029737,0.5406881370029817
BWA,1989,1990,-4.66657153778405,2.569864244610619,92.0995611883732,90.00285389519976,-2.096707293173438,-2.0967072931734316
BWA,1990,1991,-2.200449842890105,1.2207614393241317,90.00285389519976,89.02316549163379,-0.979688403565973,-0.9796884035659734
BWA,1991,1992,6.300358856976586,-3.058427946268173,89.02316549163379,92.26509640234221,3.241930910708419,3.2419309107084127
BWA,1992,1993,-0.727055228522954,-1.7964933724024572,92.26509640234221,89.7415478014168,-2.523548600925409,-2.523548600925411
BWA,1993,1994,4.320551707353068,-1.6015238566041183,89.7415478014168,92.46057565216574,2.719027850748944,2.719027850748949
BWA,1994,1995,4.889342304896288,0.02994897697857249,92.46057565216574,97.3798669340406,4.919291281874862,4.919291281874861
BWA,1995,1996,0.9650326897435777,0.15808574860902214,97.3798669340406,98.5029853723932,1.1231184383525914,1.1231184383525998
BWA,1996,1997,7.6673828573140534,-3.9169856866466484,98.5029853723932,102.25338254306061,3.750397170667412,3.750397170667405
BWA,1997,1998,-0.6165541762820876,-3.646228356659703,102.25338254306061,97.99060001011883,-4.2627825329417846,-4.262782532941791
BWA,1998,1999,4.537207672849399,-0.3873903165346666,97.99060001011883,102.14041736643355,4.149817356314728,4.149817356314732
BWA,1999,2000,-2.5108596564119123,-0.25452071303481283,102.14041736643355,99.37503699698684,-2.765380369446717,-2.765380369446725
BWA,2000,2001,1.682644252765747,0.08511553301009,99.37503699698684,101.14279678276267,1.7677597857758371,1.7677597857758371
BWA,2001,2002,7.7562242262608585,0.41196199638506636,101.14279678276267,109.31098300540859,8.168186222645915,8.168186222645925
BWA,2002,2003,3.486512048205995,-0.047521375603366,109.31098300540859,112.74997367801123,3.4389906726026425,3.438990672602629
BWA,2003,2004,-4.448327394341165,-1.7104209096689431,112.74997367801123,106.59122537400111,-6.158748304010118,-6.158748304010108
BWA,2004,2005,0.7236200834630828,-1.7818670684576727,106.59122537400111,105.53297838900653,-1.0582469849945824,-1.05824698499459
BWA,2005,2006,4.342557778684805,-1.7723266345526818,105.53297838900653,108.10320953313865,2.570231144132123,2.570231144132123
BWA,2006,2007,4.591726428592553,-1.732703787855875,108.10320953313865,110.96223217387532,2.8590226407366686,2.859022640736678
BWA,2007,2008,4.4743988774147,-2.208772141537364,110.96223217387532,113.22785890975265,2.2656267358773334,2.265626735877336
BWA,2008,2009,-10.970288649756698,-1.4589216032634664,113.22785890975265,100.7986486567325,-12.429210253020159,-12.429210253020164
BWA,2009,2010,15.011126677633747,0.3327146719282393,100.7986486567325,116.14249000629448,15.343841349561984,15.343841349561986
BWA,2010,2011,-3.8748804921979367,0.26701718854720874,116.14249000629448,112.53462670264375,-3.6078633036507313,-3.607863303650728
BWA,2011,2012,-3.7525520325784516,0.2972658112517541,112.53462670264375,109.07934048131705,-3.455286221326702,-3.4552862213266975
BWA,2012,2013,4.94616122636588,0.33819072862957184,109.07934048131705,114.3636924363125,5.284351954995458,5.284351954995452
BWA,2013,2014,1.7506222762631263,0.2130033701134438,114.3636924363125,116.32731808268909,1.9636256463765847,1.96362564637657
BWA,2014,2015,-5.851323719048764,0.265355476716708,116.32731808268909,110.74134984035703,-5.585968242332058,-5.585968242332056
BWA,2015,2016,2.038779694897106,0.21298509930421325,110.74134984035703,112.99311463455835,2.2517647942013213,2.251764794201319
BWA,2016,2017,-0.6427751412850149,0.2641984856488921,112.99311463455835,112.61453797892221,-0.37857665563613807,-0.3785766556361228
CMR,1965,1966,9.452292711031076,0.044912678743974546,455.7143268375007,465.2115322272758,9.497205389775104,9.49720538977505
CMR,1966,1967,22.776227896829404,0.04717619035178337,465.2115322272758,488.034936314457,22.82340408718119,22.82340408718119
CMR,1967,1968,18.36708135371854,0.04483681720584289,488.034936314457,506.4468544853813,18.41191817092431,18.411918170924384
CMR,1968,1969,28.783746024716677,0.052215075969974746,506.4468544853813,535.282815586068,28.83596110068663,28.835961100686653
CMR,1969,1970,13.05086166644341,-0.00953742278253255,535.282815586068,548.3241398297289,13.041324243660938,13.041324243660878
CMR,1970,1971,18.49774703652561,0.04214809882908839,548.3241398297289,566.8640349650836,18.539895135354755,18.539895135354698
CMR,1971,1972,37.5828685053841,0.06394085963337583,566.8640349650836,604.510844330101,37.64680936501736,37.646809365017475
CMR,1972,1973,93.10345529506395,0.03081443907266431,604.510844330101,697.6451140642376,93.13426973413664,93.13426973413662
CMR,1973,1974,58.40321305656748,-0.015177601357670776,697.6451140642376,756.0331495194475,58.38803545520989,58.38803545520981
CMR,1974,1975,38.48589960257664,0.18951380360512515,756.0331495194475,794.7085629256292,38.67541340618163,38.67541340618176
CMR,1975,1976,97.77607059948849,0.01901986404972826,794.7085629256292,892.5036533891674,97.79509046353826,97.79509046353822
CMR,1976,1977,83.2455054337889,2.6066913909673968,892.5036533891674,978.3558502139238,85.85219682475633,85.8521968247563
CMR,1977,1978,4.6554596189145325,2.620520440654322,978.3558502139238,985.6318302734926,7.2759800595688375,7.275980059568854
CMR,1978,1979,62.67455742556496,2.782242820006686,985.6318302734926,1051.0886305190643,65.45680024557169,65.45680024557164
CMR,1979,1980,60.716672705203194,2.93136897053852,1051.0886305190643,1114.736672194806,63.64804167574175,63.648041675741716
CMR,1980,1981,203.7978135024519,3.423197559159207,1114.736672194806,1321.957683256417,207.22101106161108,207.2210110616111
CMR,1981,1982,102.73635377607437,3.79679186135696,1321.957683256417,1428.4908288938484,106.53314563743129,106.53314563743133
CMR,1982,1983,145.51172838343453,4.207834880949464,1428.4908288938484,1578.2103921582325,149.71956326438408,149.719563264384
CMR,1983,1984,163.57572905509213,4.696437325669056,1578.2103921582325,1746.4825585389935,168.27216638076106,168.27216638076118
CMR,1984,1985,-276.6080049467124,3.6903469026615103,1746.4825585389935,1473.5649004949425,-272.917658044051,-272.9176580440509
CMR,1985,1986,-54.486084145174544,3.8112574230058787,1473.5649004949425,1422.890073772774,-50.67482672216852,-50.67482672216867
CMR,1986,1987,29.75823588259729,26.375650147951262,1422.890073772774,1479.0239598033227,56.13388603054864,56.13388603054855
CMR,1987,1988,37.33095610089251,28.565848290450845,1479.0239598033227,1544.920764194666,65.89680439134327,65.89680439134335
CMR,1988,1989,-93.34324603881407,29.25853934439322,1544.920764194666,1480.8360575002448,-64.08470669442113,-64.08470669442084
CMR,1989,1990,-47.45126767511228,30.005450755241917,1480.8360575002448,1463.3902405803747,-17.44581691987014,-17.44581691987036
CMR,1990,1991,-44.083439811947535,30.248360704758557,1463.3902405803747,1449.5551614731855,-13.83507910718913,-13.835079107188978
CMR,1991,1992,-22.82878351659857,30.686480475721563,1449.5551614731855,1457.4128584323084,7.8576969591229044,7.857696959122993
CMR,1992,1993,25.082998084599726,31.544107814121837,1457.4128584323084,1514.0399643310302,56.627105898721766,56.62710589872157
CMR,1993,1994,17.47924367723645,31.56084966300032,1514.0399643310302,1563.0800576712668,49.04009334023658,49.040093340236766
CMR,1994,1995,44.53210776299092,34.15663674015861,1563.0800576712668,1641.7688021744166,78.68874450314979,78.68874450314954
CMR,1995,1996,-31.109807830241134,34.65486383517752,1641.7688021744166,1645.3138581793528,3.545056004936214,3.545056004936388
CMR,1996,1997,4.622726429855248,33.8637298551258,1645.3138581793528,1683.800314464334,38.48645628498116,38.486456284981045
CMR,1997,1998,99.35751538257753,36.67264031086143,1683.800314464334,1819.8304701577729,136.03015569343893,136.03015569343896
CMR,1998,1999,-57.601158535196916,35.797262190131704,1819.8304701577729,1798.0265738127077,-21.80389634506514,-21.803896345065212
CMR,1999,2000,-70.10347345838017,36.08402715880361,1798.0265738127077,1764.007127513131,-34.01944629957666,-34.01944629957656
CMR,2000,2001,2.3019997154490746,37.09927052870513,1764.007127513131,1803.4083977572855,39.401270244154375,39.401270244154205
CMR,2001,2002,-49.46454416685269,3.748353051036909e-06,1803.4083977572855,1753.9438573387856,-49.46454041849984,-49.46454041849964
CMR,2002,2003,-110.53192048648742,-0.8688358129522188,1753.9438573387856,1642.543101039346,-111.40075629943954,-111.40075629943964
CMR,2003,2004,-81.79888867348008,-6.256628287167048,1642.543101039346,1554.487584078699,-88.05551696064708,-88.05551696064713
CMR,2004,2005,-35.49919711638856,4.949570388932626,1554.487584078699,1523.9379573512429,-30.549626727456143,-30.54962672745593
CMR,2005,2006,-25.151499797134868,5.8700482206617846,1523.9379573512429,1504.6565057747698,-19.281451576473046,-19.28145157647308
CMR,2006,2007,-187.61791543977347,-3.6599650168882434,1504.6565057747698,1313.378625318108,-191.2778804566617,-191.2778804566617
CMR,2007,2008,-73.67171211818336,1.3882621520381944e-05,1313.378625318108,1239.7069270825464,-73.67169823556173,-73.67169823556185
CMR,2008,2009,-49.458894901099725,-1.3309806811658865e-05,1239.7069270825464,1190.24801887164,-49.45890821090643,-49.458908210906536
CMR,2009,2010,-32.03161840364713,2.2275867763901753e-05,1190.24801887164,1158.2164227438604,-32.031596127779494,-32.031596127779366
CMR,2010,2011,9.101553842467709,-8.973321427909891e-06,1158.2164227438604,1167.3179676130067,9.10154486914621,9.10154486914628
CMR,2011,2012,18.93677221339691,-2.4382555467858038e-05,1167.3179676130067,1186.254715443848,18.93674783084134,18.936747830841444
CMR,2012,2013,31.744876163358228,-6.406474275700728e-06,1186.254715443848,1217.9995852007323,31.744869756884327,31.74486975688395
CMR,2013,2014,38.8173380872813,3.422016899861597e-05,1217.9995852007323,1256.8169575081824,38.817372307450114,38.8173723074503
CMR,2014,2015,48.89687877145368,-2.016294562948489e-05,1256.8169575081824,1305.7138161166904,48.896858608507955,48.89685860850805
CMR,2015,2016,18.2695831264827,6.396281609789481,1305.7138161166904,1330.3796808529628,24.665864736272397,24.665864736272184
CMR,2016,2017,0.8968935951561363,4.601504139554226,1330.3796808529628,1335.878078587673,5.4983977347101245,5.4983977347103625
DZA,1999,2000,33.57563157902581,5.123586471021735,1189.5918588082457,1228.2910768582933,38.69921805004765,38.69921805004755
DZA,2000,2001,-39.59123130514971,-3.6559281650285,1228.2910768582933,1185.043917388115,-43.2471594701783,-43.24715947017821
DZA,2001,2002,7.984456752474056,-2.378707164451437,1185.043917388115,1190.6496669761377,5.605749588022718,5.605749588022619
DZA,2002,2003,18.207779597151987,-0.36189930220117245,1190.6496669761377,1208.4955472710885,17.845880294950803,17.845880294950813
DZA,2003,2004,-86.91386218665085,22.737911454192105,1208.4955472710885,1144.3195965386299,-64.17595073245866,-64.17595073245874
DZA,2004,2005,-15.912166682193407,22.401531231562267,1144.3195965386299,1150.8089610879988,6.489364549368929,6.48936454936886
DZA,2005,2006,-47.911208227721865,19.066784287292485,1150.8089610879988,1121.9645371475692,-28.84442394042958,-28.84442394042938
DZA,2006,2007,27.573910016292942,16.111544565897024,1121.9645371475692,1165.6499917297592,43.685454582190005,43.68545458218996
DZA,2007,2008,-35.64962867358689,15.282913209934541,1165.6499917297592,1145.283276266107,-20.366715463652326,-20.366715463652348
DZA,2008,2009,-5.086778197572274,9.401611028263481,1145.283276266107,1149.5981090967982,4.31483283069133,4.314832830691207
DZA,2009,2010,1.5972636163033478,10.576180629015203,1149.5981090967982,1161.7715533421167,12.173444245318478,12.173444245318551
DZA,2010,2011,22.58357072133659,4.809200631283712,1161.7715533421167,1189.164324694737,27.39277135262023,27.3927713526203
DZA,2011,2012,26.817071745026627,-0.7414488398329375,1189.164324694737,1215.2399475999307,26.075622905193768,26.07562290519369
DZA,2012,2013,-22.071043634341788,-1.5940613500272915,1215.2399475999307,1191.5748426155615,-23.665104984369236,-23.66510498436908
DZA,2013,2014,103.54531916204495,-1.6791707903079356,1191.5748426155615,1293.4409909872984,101.86614837173693,101.86614837173701
DZA,2014,2015,52.467907277600446,-3.799261107309074,1293.4409909872984,1342.10963715759,48.668646170291595,48.668646170291375
DZA,2015,2016,23.141894897086683,-1.740540311166785,1342.10963715759,1363.5109917435097,21.401354585919762,21.401354585919897
DZA,2016,2017,39.18780028443647,-0.10099805019104657,1363.5109917435097,1402.5977939777554,39.086802234245624,39.086802234245425
EGY,1960,1961,-0.029669677380243925,0.7808543408641319,9.719706716851213,10.4708913803351,0.7511846634838868,0.7511846634838879
EGY,1961,1962,0.47247717398719774,0.2221509593720838,10.4708913803351,11.165519513694383,0.6946281333592825,0.6946281333592815
EGY,1962,1963,0.21623555534301442,0.3811168116725503,11.165519513694383,11.762871880709946,0.5973523670155636,0.5973523670155647
EGY,1963,1964,0.35593975240807635,0.081831388613137,11.762871880709946,12.200643021731162,0.4377711410212157,0.43777114102121334
EGY,1964,1965,0.16610449235090505,0.08881412829843262,12.200643021731162,12.455561642380498,0.25491862064933635,0.2549186206493377
EGY,1965,1966,-0.13280250652868475,-0.3811382293193482,12.455561642380498,11.941620906532465,-0.513940735848033,-0.513940735848033
EGY,1966,1967,0.43350226781455803,-0.4745701705715559,11.941620906532465,11.900553003775467,-0.04106790275699801,-0.0410679027569979
EGY,1967,1968,-0.004333441896964496,0.2493110965317695,11.900553003775467,12.145530658410273,0.24497765463480548,0.244977654634805
EGY,1968,1969,0.7952807105046715,0.1117924632123134,12.145530658410273,13.052603832127257,0.9070731737169844,0.9070731737169849
EGY,1969,1970,0.08647111301282633,0.19903538910890733,13.052603832127257,13.338110334248992,0.28550650212173423,0.2855065021217337
EGY,1970,1971,-0.2139722689782272,0.0282938854158101,13.338110334248992,13.152431950686575,-0.18567838356241673,-0.1856783835624171
EGY,1971,1972,-1.0551345198908821,0.02733531448275176,13.152431950686575,12.124632745278443,-1.0277992054081313,-1.0277992054081304
EGY,1972,1973,2.0010704030118482,-2.0832016202287917e-05,12.124632745278443,14.12568231627409,2.0010495709956473,2.001049570995646
EGY,1973,1974,-0.6242078806774293,0.12324231568258642,14.12568231627409,13.624716751279246,-0.5009655649948446,-0.5009655649948428
EGY,1974,1975,1.229991033139367,0.6517627843053623,13.624716751279246,15.506470568723977,1.8817538174447304,1.8817538174447295
EGY,1975,1976,2.489869670717161,0.10957466410517157,15.506470568723977,18.10591490354631,2.5994443348223335,2.5994443348223326
EGY,1976,1977,1.730729884969033,0.01563888759642,18.10591490354631,19.85228367611176,1.7463687725654502,1.7463687725654529
EGY,1977,1978,1.6304090866074357,0.24681991710483164,19.85228367611176,21.72951267982403,1.8772290037122694,1.8772290037122672
EGY,1978,1979,1.3303386589094126,0.14224540636009164,21.72951267982403,23.20209674509353,1.4725840652695013,1.4725840652695044
EGY,1979,1980,1.4596897252555814,0.1265477013030632,23.20209674509353,24.788334171652178,1.5862374265586467,1.5862374265586445
EGY,1980,1981,-3.9817535828050046,0.817818552307049,24.788334171652178,21.62439914115422,-3.1639350304979565,-3.1639350304979557
EGY,1981,1982,2.0710072005629723,0.22937701942666455,21.62439914115422,23.92478336114386,2.3003842199896383,2.300384219989637
EGY,1982,1983,2.2889960720231923,0.15494178285279495,23.92478336114386,26.368721216019843,2.4439378548759834,2.4439378548759874
EGY,1983,1984,1.5703307862030915,0.1392012944562261,26.368721216019843,28.078253296679165,1.7095320806593222,1.7095320806593177
EGY,1984,1985,0.9568052247828354,0.017055727955485073,28.078253296679165,29.052114249417485,0.9738609527383204,0.9738609527383204
EGY,1985,1986,1.3474606889923617,-0.179458457212153,29.052114249417485,30.220116481197692,1.168002231780207,1.1680022317802088
EGY,1986,1987,0.03632142420325141,0.3543603709695622,30.220116481197692,30.61079827637051,0.3906817951728172,0.3906817951728136
EGY,1987,1988,-0.49691861899408174,0.3151491116632906,30.61079827637051,30.429028769039718,-0.18176950733079167,-0.1817695073307911
EGY,1988,1989,0.22842120967286145,0.3139604369325488,30.429028769039718,30.971410415645124,0.5423816466054063,0.5423816466054103
EGY,1989,1990,0.5044791007536114,0.2672394031312742,30.971410415645124,31.74312891953001,0.7717185038848875,0.7717185038848855
EGY,1990,1991,-0.5467123699744869,0.0010678292570807935,31.74312891953001,31.197484378812604,-0.545644540717408,-0.5456445407174061
EGY,1991,1992,0.4667445901303087,-0.2702093205985898,31.197484378812604,31.394019648344322,0.19653526953171863,0.1965352695317189
EGY,1992,1993,0.7921184421049337,-0.09914251600528867,31.394019648344322,32.08699557444397,0.6929759260996455,0.692975926099645
EGY,1993,1994,0.1564935659945966,0.11435707889735551,32.08699557444397,32.35784621933592,0.27085064489195076,0.2708506448919521
EGY,1994,1995,0.34487654473378726,0.10286238823022073,32.35784621933592,32.805585152299926,0.4477389329640076,0.447738932964008
EGY,1995,1996,1.976719102561316,0.858548783498017,32.805585152299926,35.64085303835927,2.8352678860593414,2.835267886059333
EGY,1996,1997,1.2152681878321738,0.3811909050915045,35.64085303835927,37.23731213128294,1.5964590929236735,1.5964590929236784
EGY,1997,1998,0.8080491431766668,0.26733691550586186,37.23731213128294,38.31269818996547,1.0753860586825255,1.0753860586825286
EGY,1998,1999,-3.9651468864249924,0.15876629623072203,38.31269818996547,34.506317599771194,-3.806380590194273,-3.80638059019427
EGY,1999,2000,2.2607259995010422,-0.02687721654655273,34.506317599771194,36.74016638272569,2.233848782954496,2.2338487829544897
EGY,2000,2001,1.207243703837858,0.009826827360011559,36.74016638272569,37.95723691392356,1.2170705311978693,1.2170705311978696
EGY,2001,2002,-0.654670139732638,-0.2184962888857202,37.95723691392356,37.0840704853052,-0.8731664286183616,-0.8731664286183582
EGY,2002,2003,-1.1266535249633076,-0.010633595424418385,37.0840704853052,35.94678336491747,-1.1372871203877253,-1.137287120387726
EGY,2003,2004,2.526879182997332,0.10632503892426687,35.94678336491747,38.57998758683907,2.633204221921595,2.633204221921599
EGY,2004,2005,-0.9916610915066222,0.3677707865428473,38.57998758683907,37.9560972818753,-0.6238903049637656,-0.623890304963775
EGY,2005,2006,3.160378611963769,0.7453162686935548,37.9560972818753,41.86179216253262,3.9056948806573217,3.905694880657324
EGY,2006,2007,-0.21682347277903957,0.5503662521358373,41.86179216253262,42.19533494188942,0.3335427793567973,0.33354277935679777
EGY,2007,2008,1.496832905747752,0.21019056095418048,42.19533494188942,43.902358408591354,1.7070234667019335,1.7070234667019326
EGY,2008,2009,-0.13349921946744522,0.636217045336278,43.902358408591354,44.40507623446018,0.5027178258688281,0.5027178258688327
EGY,2009,2010,-0.20172432135890858,0.685686611959802,44.40507623446018,44.88903852506108,0.4839622906008998,0.48396229060089335
EGY,2010,2011,2.4120536924177665,-0.7773372566062072,44.88903852506108,46.52375496087264,1.634716435811555,1.6347164358115593
EGY,2011,2012,-0.7924949178651873,0.8156605759464092,46.52375496087264,46.54692061895386,0.023165658081225615,0.02316565808122184
EGY,2012,2013,0.45793772753513334,-0.41323538914673547,46.54692061895386,46.59162295734226,0.04470233838839732,0.04470233838839788
EGY,2013,2014,0.2903454636935377,0.17364278104132613,46.59162295734226,47.055611202077124,0.463988244734864,0.46398824473486383
EGY,2014,2015,1.8036815990308859,0.5790447706204314,47.055611202077124,49.43833757172844,2.3827263696513157,2.3827263696513175
EGY,2015,2016,0.21336731399152148,0.05529791790050757,49.43833757172844,49.70700280362047,0.2686652318920295,0.26866523189202907
EGY,2016,2017,0.2706102313932828,0.29671015338448403,49.70700280362047,50.27432318839823,0.5673203847777586,0.5673203847777668
ETH,1961,1962,-0.03632877610538173,0.0634408325927025,7.501392185504265,7.528504241991586,0.027112056487320402,0.02711205648732077
ETH,1962,1963,-0.0010855633769193337,0.03687038710105228,7.528504241991586,7.564289065715719,0.03578482372413294,0.03578482372413295
ETH,1963,1964,-0.007303566670491502,0.07536326950015529,7.564289065715719,7.632348768545382,0.06805970282966367,0.06805970282966378
ETH,1964,1965,-0.08547407241791911,0.09351734610814977,7.632348768545382,7.640392042235614,0.008043273690232056,0.008043273690230654
ETH,1965,1966,-0.004748916602999027,0.07628025035509231,7.640392042235614,7.711923375987706,0.07153133375209197,0.07153133375209328
ETH,1966,1967,0.020870259936349986,0.0857024668362846,7.711923375987706,7.818496102760341,0.10657272677263485,0.10657272677263459
ETH,1967,1968,0.3206047386810104,-0.018681940831692032,7.818496102760341,8.12041890060966,0.3019227978493193,0.30192279784931836
ETH,1968,1969,-0.06360249069068767,0.09379568943227769,8.12041890060966,8.15061209935125,0.0301931987415891,0.030193198741590016
ETH,1969,1970,-0.03285820307435026,0.07848258418145401,8.15061209935125,8.196236480458353,0.04562438110710332,0.045624381107103755
ETH,1970,1971,-0.07352315857765913,0.08126407895157878,8.196236480458353,8.203977400832272,0.00774092037391938,0.007740920373919644
ETH,1971,1972,-0.034706902559545144,0.07907253028607225,8.203977400832272,8.2483430285588,0.044365627726527634,0.04436562772652711
ETH,1972,1973,-0.2038605447492139,0.0641874917279748,8.2483430285588,8.10866997553756,-0.1396730530212391,-0.13967305302123909
ETH,1973,1974,-0.2182240471374708,0.03127186375821561,8.10866997553756,7.921717792158306,-0.18695218337925468,-0.18695218337925518
ETH,1974,1975,-0.3452554477424422,0.025348917027208026,7.921717792158306,7.601811261443071,-0.3199065307152349,-0.31990653071523417
ETH,1975,1976,-0.09845527335611219,0.005929138577772816,7.601811261443071,7.509285126664732,-0.09252613477833904,-0.09252613477833938
ETH,1976,1977,-0.24454456968042643,0.028194514191285144,7.509285126664732,7.292935071175591,-0.21635005548914155,-0.21635005548914127
ETH,1977,1978,-0.4056536166423843,0.0055403581223673615,7.292935071175591,6.892821812655574,-0.4001132585200171,-0.40011325852001695
ETH,1978,1979,0.01677894193575548,0.074145479245393,6.892821812655574,6.983746233836722,0.09092442118114885,0.09092442118114848
ETH,1979,1980,-0.00978272554804907,0.09015615939055151,6.983746233836722,7.064119667679225,0.08037343384250217,0.08037343384250244
ETH,1980,1981,-0.0738079283943319,0.015779795115922327,7.064119667679225,7.006091534400816,-0.058028133278408944,-0.05802813327840957
ETH,1981,1982,-0.29590977706308264,0.019603942898991776,7.006091534400816,6.729785700236725,-0.2763058341640905,-0.2763058341640909
ETH,1982,1983,0.09264674605174511,-0.0018572316029032082,6.729785700236725,6.820575214685567,0.09078951444884176,0.0907895144488419
ETH,1983,1984,-0.8192757783654881,0.015866781485298073,6.820575214685567,6.017166217805376,-0.803408996880191,-0.8034089968801901
ETH,1984,1985,-0.7096597899030931,-0.0175080406877123,6.017166217805376,5.28999838721457,-0.7271678305908056,-0.7271678305908054
ETH,1985,1986,0.3208236577324334,-0.009865855229866383,5.28999838721457,5.600956189717138,0.31095780250256766,0.310957802502567
ETH,1986,1987,0.5191044487412811,-0.005585059945184774,5.600956189717138,6.114475578513234,0.5135193887960963,0.5135193887960964
ETH,1987,1988,-0.18332642300075433,0.0111191966305623,6.114475578513234,5.942268352143042,-0.17220722637019215,-0.17220722637019203
ETH,1988,1989,-0.013204344933076824,-0.026803491371358026,5.942268352143042,5.9022605158386074,-0.04000783630443472,-0.04000783630443485
ETH,1989,1990,-0.12345604096605747,-0.041684841306874824,5.9022605158386074,5.737119633565675,-0.1651408822729321,-0.1651408822729323
ETH,1990,1991,-0.1572787380332149,-0.07035043192714704,5.737119633565675,5.509490463605313,-0.22762916996036253,-0.22762916996036195
ETH,1991,1992,-0.4111648653907436,0.032151860885135844,5.509490463605313,5.130477459099706,-0.37901300450560704,-0.37901300450560776
ETH,1992,1993,0.4489780794519992,0.18562499676591637,5.130477459099706,5.7650805353176215,0.6346030762179158,0.6346030762179156
ETH,1993,1994,-0.21947371219577727,0.05935277727353434,5.7650805353176215,5.604959600395378,-0.16012093492224366,-0.16012093492224294
ETH,1994,1995,0.04392131065620644,0.05909767139227045,5.604959600395378,5.707978582443855,0.10301898204847681,0.1030189820484769
ETH,1995,1996,0.011737866929377616,0.1241804873803498,5.707978582443855,5.843896936753582,0.13591835430972754,0.13591835430972743
ETH,1996,1997,0.14887683887205055,0.014039831454921117,5.843896936753582,6.006813607080554,0.16291667032697177,0.16291667032697166
ETH,1997,1998,-0.3978813123535603,-0.01796863827622372,6.006813607080554,5.59096365645077,-0.41584995062978436,-0.415849950629784
ETH,1998,1999,0.006834626587150422,0.08234380140976522,5.59096365645077,5.680142084447686,0.08917842799691655,0.08917842799691564
ETH,1999,2000,0.01438693206928306,0.09863786057451727,5.680142084447686,5.793166877091486,0.11302479264379972,0.11302479264380033
ETH,2000,2001,0.37979851659535047,-0.04342117687705825,5.793166877091486,6.129544216809778,0.3363773397182923,0.3363773397182922
ETH,2001,2002,0.04909164547418171,-0.06735898279409593,6.129544216809778,6.111276879489864,-0.018267337319914034,-0.018267337319914215
ETH,2002,2003,-0.25309462803435256,-0.02356921606326364,6.111276879489864,5.834613035392248,-0.2766638440976159,-0.2766638440976162
ETH,2003,2004,0.5147879202066333,0.03389790484475784,5.834613035392248,6.383298860443639,0.5486858250513906,0.5486858250513912
ETH,2004,2005,0.4573104821273275,0.13506338748436042,6.383298860443639,6.975672730055326,0.5923738696116869,0.5923738696116879
ETH,2005,2006,0.509191556128741,0.14861580063906035,6.975672730055326,7.633480086823129,0.6578073567678029,0.6578073567678013
ETH,2006,2007,0.4239983221821007,0.17239993947419266,7.633480086823129,8.22987834847942,0.596398261656292,0.5963982616562934
ETH,2007,2008,0.3544338012485123,0.20895546351914168,8.22987834847942,8.793267613247075,0.5633892647676539,0.5633892647676539
ETH,2008,2009,0.30904480838166865,0.1877928745036534,8.793267613247075,9.290105296132399,0.4968376828853245,0.49683768288532204
ETH,2009,2010,0.3681128560794809,0.19944726393424855,9.290105296132399,9.857665416146126,0.5675601200137272,0.5675601200137295
ETH,2010,2011,0.5857901208707154,0.16344885719772514,9.857665416146126,10.606904394214567,0.7492389780684405,0.7492389780684405
ETH,2011,2012,0.32717297464567546,0.26630759120330016,10.606904394214567,11.200384960063543,0.5934805658489761,0.5934805658489757
ETH,2012,2013,0.27203443633783037,0.3827966960267384,11.200384960063543,11.855216092428112,0.6548311323645688,0.6548311323645688
ETH,2013,2014,0.3836630338658448,0.31146919933388423,11.855216092428112,12.55034832562784,0.6951322331997289,0.695132233199729
ETH,2014,2015,0.46947219540650853,0.28886055819811374,12.55034832562784,13.308681079232464,0.7583327536046234,0.7583327536046223
ETH,2015,2016,0.7165306043844873,0.15322932551689966,13.308681079232464,14.17844100913385,0.8697599299013863,0.869759929901387
ETH,2016,2017,0.6356156573834746,0.2069262487020961,14.17844100913385,15.020982915219422,0.8425419060855717,0.8425419060855707
GHA,1960,1961,0.03734718100601029,0.012223356151185461,3.2122795907240174,3.261850127881213,0.049570537157195727,0.049570537157195754
GHA,1961,1962,0.13226029584004828,-0.010451821041299639,3.261850127881213,3.3836586026799615,0.12180847479874846,0.12180847479874864
GHA,1962,1963,-0.04835128557301026,0.0529471222918359,3.3836586026799615,3.3882544393987875,0.0045958367188259075,0.004595836718825644
GHA,1963,1964,0.19216100015576656,-0.09176644319340366,3.3882544393987875,3.4886489963611504,0.10039455696236299,0.10039455696236291
GHA,1964,1965,-0.00027092358234356503,-0.017347734682498988,3.4886489963611504,3.471030338096308,-0.017618658264842324,-0.017618658264842553
GHA,1965,1966,-0.22285292220932817,-0.02868975042105849,3.471030338096308,3.2194876654659215,-0.25154267263038665,-0.25154267263038665
GHA,1966,1967,-0.20633889615811107,0.07862477319970347,3.2194876654659215,3.0917735425075135,-0.127714122958408,-0.12771412295840762
GHA,1967,1968,0.013902334475309398,0.0035860289161588886,3.0917735425075135,3.109261905898982,0.017488363391468642,0.017488363391468288
GHA,1968,1969,-0.04493839185537851,0.07444820297133131,3.109261905898982,3.1387717170149347,0.029509811115952633,0.0295098111159528
GHA,1969,1970,0.10523468696212006,0.03148432160832215,3.1387717170149347,3.275490725585377,0.1367190085704424,0.13671900857044222
GHA,1970,1971,-0.01568936274445743,0.022841619210896204,3.275490725585377,3.282642982051816,0.0071522564664388,0.007152256466438772
GHA,1971,1972,-0.10237669253804532,-0.04759403258868289,3.282642982051816,3.1326722569250878,-0.14997072512672815,-0.1499707251267282
GHA,1972,1973,-0.17253652128306635,0.09466109886558396,3.1326722569250878,3.054796834507605,-0.07787542241748291,-0.07787542241748238
GHA,1973,1974,0.027400011063341924,0.016630728194486265,3.054796834507605,3.0988275737654334,0.04403073925782852,0.04403073925782819
GHA,1974,1975,-0.4415867528824984,0.008465364755925145,3.0988275737654334,2.66570618563886,-0.4331213881265734,-0.43312138812657325
GHA,1975,1976,-0.09370174487566812,-0.03666845761506417,2.66570618563886,2.5353359831481277,-0.13037020249073228,-0.13037020249073228
GHA,1976,1977,-0.10031275440809372,0.05687536778076506,2.5353359831481277,2.491898596520799,-0.04343738662732877,-0.043437386627328656
GHA,1977,1978,0.029759734127432776,0.002467468040819123,2.491898596520799,2.524125798689051,0.032227202168252145,0.032227202168251895
GHA,1978,1979,-0.03535743802855974,-0.0621228555939322,2.524125798689051,2.426645505066559,-0.09748029362249211,-0.09748029362249194
GHA,1979,1980,-0.056514201952207244,-0.015759544518700985,2.426645505066559,2.3543717585956507,-0.07227374647090823,-0.07227374647090823
GHA,1980,1981,-0.10025901437892738,-0.02741523128747197,2.3543717585956507,2.2266975129292517,-0.12767424566639907,-0.12767424566639934
GHA,1981,1982,-0.09690402134056689,-0.07472402457718655,2.2266975129292517,2.055069467011498,-0.1716280459177537,-0.17162804591775344
GHA,1982,1983,-0.12780029073548005,-0.027932665373127427,2.055069467011498,1.8993365109028906,-0.15573295610860738,-0.1557329561086075
GHA,1983,1984,-0.03246191486476196,0.034659817457569776,1.8993365109028906,1.9015344134956982,0.00219790259280761,0.0021979025928078183
GHA,1984,1985,-0.018108915600624893,0.04505309730133814,1.9015344134956982,1.9284785951964116,0.026944181700713443,0.02694418170071325
GHA,1985,1986,0.026573450946070054,0.023329832210188244,1.9284785951964116,1.9783818783526699,0.04990328315625825,0.0499032831562583
GHA,1986,1987,0.00895697299210222,0.04411759123510828,1.9783818783526699,2.0314564425798807,0.053074564227210796,0.0530745642272105
GHA,1987,1988,0.06515771598507504,0.025107470196143327,2.0314564425798807,2.121721628761099,0.09026518618121848,0.09026518618121837
GHA,1988,1989,0.061964949341473965,0.021670713557057877,2.121721628761099,2.205357291659631,0.08363566289853175,0.08363566289853185
GHA,1989,1990,0.05520895772494715,0.010252635167964574,2.205357291659631,2.2708188845525425,0.06546159289291165,0.06546159289291172
GHA,1990,1991,0.1623544808617554,-0.051106975766244456,2.2708188845525425,2.3820663896480534,0.11124750509551085,0.11124750509551096
GHA,1991,1992,0.0750316360720491,0.0021140355233585256,2.3820663896480534,2.459212061243461,0.07714567159540753,0.07714567159540762
GHA,1992,1993,0.07125944480877969,-0.006799422669027937,2.459212061243461,2.5236720833832127,0.06446002213975177,0.06446002213975174
GHA,1993,1994,0.055130581741763975,-0.001451567808175784,2.5236720833832127,2.577351097316801,0.053679013933588315,0.05367901393358819
GHA,1994,1995,0.0658751762156492,0.0009749132545749913,2.577351097316801,2.644201186787025,0.0668500894702242,0.0668500894702242
GHA,1995,1996,0.07471826857801243,0.0056232555013266666,2.644201186787025,2.7245427108663645,0.08034152407933925,0.0803415240793391
GHA,1996,1997,0.06437986445582522,0.023238012381113417,2.7245427108663645,2.8121605877033025,0.087617876836938,0.08761787683693864
GHA,1997,1998,0.08601582621818699,0.007944326192700442,2.8121605877033025,2.90612074011419,0.09396015241088751,0.09396015241088743
GHA,1998,1999,0.07183693686208407,0.008702995511965374,2.90612074011419,2.98666067248824,0.08053993237404988,0.08053993237404945
GHA,1999,2000,0.0842884588330559,0.014453568778107433,2.98666067248824,3.0854027000994027,0.0987420276111628,0.09874202761116332
GHA,2000,2001,0.03756041766017909,0.038411780222512786,3.0854027000994027,3.1613748979820953,0.0759721978826926,0.07597219788269188
GHA,2001,2002,0.04261555817699476,0.038664017349381824,3.1613748979820953,3.2426544735084715,0.08127957552637621,0.08127957552637657
GHA,2002,2003,0.06653665768281641,0.03621318428855803,3.2426544735084715,3.345404315479846,0.1027498419713746,0.10274984197137443
GHA,2003,2004,0.0719188621612797,0.03927177696835191,3.345404315479846,3.4565949546094776,0.11119063912963156,0.1111906391296316
GHA,2004,2005,0.04088944395174729,0.05794374195626435,3.4565949546094776,3.5554281405174892,0.0988331859080116,0.09883318590801164
GHA,2005,2006,0.0681141879631965,0.04972288291378868,3.5554281405174892,3.673265211394474,0.11783707087698492,0.11783707087698518
GHA,2006,2007,0.03733410482037788,0.048981635737895754,3.673265211394474,3.759580951952748,0.08631574055827373,0.08631574055827362
GHA,2007,2008,0.233332961900485,0.04602379943042599,3.759580951952748,4.038937713283659,0.2793567613309107,0.279356761330911
GHA,2008,2009,0.13306858041076322,0.04460163900280109,4.038937713283659,4.216607932697223,0.17767021941356465,0.1776702194135643
GHA,2009,2010,0.1818906539878688,0.05722811218414216,4.216607932697223,4.455726698869234,0.23911876617201067,0.23911876617201094
GHA,2010,2011,0.4010349498006758,0.05534693810318298,4.455726698869234,4.912108586773092,0.45638188790385836,0.45638188790385875
GHA,2011,2012,0.2818096137487005,0.06918360213896213,4.912108586773092,5.2631018026607554,0.3509932158876632,0.35099321588766264
GHA,2012,2013,0.5089020192620832,0.06950025249681524,5.2631018026607554,5.841504074419654,0.5784022717588986,0.5784022717588985
GHA,2013,2014,-0.11094311366716367,0.21686965308550657,5.841504074419654,5.947430613837996,0.10592653941834218,0.1059265394183429
GHA,2014,2015,-0.0587569048576313,0.17171844990015417,5.947430613837996,6.06039215888052,0.11296154504252343,0.11296154504252287
GHA,2015,2016,0.009868907176989065,0.015643043333620914,6.06039215888052,6.08590410939113,0.025511950510610504,0.02551195051060998
GHA,2016,2017,0.1755202080361018,0.013130228085254842,6.08590410939113,6.274554545512486,0.1886504361213559,0.18865043612135665
KEN,1969,1970,6.917033759262355,-1.3652447459235324,157.8197511801436,163.37154019348245,5.5517890133388335,5.551789013338823
KEN,1970,1971,-1.1688651419961347,5.113673032499518,163.37154019348245,167.31634808398582,3.9448078905033697,3.9448078905033834
KEN,1971,1972,10.249099219246528,-3.553094967642143,167.31634808398582,174.0123523355902,6.696004251604393,6.696004251604385
KEN,1972,1973,0.9948893094274546,0.28782046816974405,174.0123523355902,175.2950621131874,1.282709777597205,1.2827097775971987
KEN,1973,1974,-10.50308081466761,7.472480107101793,175.2950621131874,172.2644614056216,-3.03060070756581,-3.0306007075658172
KEN,1974,1975,1.711497580732321,-3.839425813464665,172.2644614056216,170.13653317288924,-2.1279282327323585,-2.127928232732344
KEN,1975,1976,0.9923773501688471,3.0530199228097836,170.13653317288924,174.1819304458679,4.045397272978647,4.045397272978631
KEN,1976,1977,0.7155150364023739,-0.1610692281729399,174.1819304458679,174.7363762540973,0.554445808229417,0.554445808229434
KEN,1977,1978,7.261341998373453,-0.6992579953241544,174.7363762540973,181.29846025714662,6.562084003049307,6.562084003049298
KEN,1978,1979,-10.12233280933332,3.1764384294283396,181.29846025714662,174.35256587724163,-6.945894379904985,-6.945894379904981
KEN,1979,1980,-6.4333745273741005,5.231935973488744,174.35256587724163,173.15112732335626,-1.2014385538853674,-1.2014385538853567
KEN,1980,1981,3.8961444131727134,0.5647165373221749,173.15112732335626,177.61198827385118,4.460860950494919,4.460860950494888
KEN,1981,1982,-0.7012801268705837,2.517750284692289,177.61198827385118,179.42845843167288,1.8164701578216977,1.816470157821705
KEN,1982,1983,-3.358253007022066,4.583559041128812,179.42845843167288,180.6537644657796,1.2253060341067226,1.2253060341067457
KEN,1983,1984,-3.923441503591233,0.4298087113135858,180.6537644657796,177.16013167350195,-3.4936327922776513,-3.4936327922776473
KEN,1984,1985,-3.291937061218934,4.527439250846064,177.16013167350195,178.3956338631291,1.235502189627141,1.2355021896271303
KEN,1985,1986,-0.6667004014736432,4.603428852696449,178.3956338631291,182.3323623143519,3.9367284512228196,3.9367284512228053
KEN,1986,1987,0.05652326433881505,3.568302288029223,182.3323623143519,185.95718786671995,3.624825552368037,3.624825552368038
KEN,1987,1988,1.0996960033251326,3.462217530317668,185.95718786671995,190.51910140036273,4.56191353364278,4.561913533642801
KEN,1988,1989,-3.197314236616406,6.412079277842086,190.51910140036273,193.73386644158842,3.2147650412256894,3.2147650412256796
KEN,1989,1990,-1.8082038976190016,4.517890946116724,193.73386644158842,196.44355349008615,2.7096870484977273,2.7096870484977225
KEN,1990,1991,-6.418379470203755,4.2245706543083985,196.44355349008615,194.24974467419077,-2.1938088158953803,-2.1938088158953564
KEN,1991,1992,-10.26120003147588,5.0423735493378805,194.24974467419077,189.03091819205278,-5.218826482137985,-5.218826482138
KEN,1992,1993,-10.219555319436964,5.831861284380775,189.03091819205278,184.6432241569966,-4.387694035056171,-4.387694035056189
KEN,1993,1994,-10.17403467425138,8.267946629107586,184.6432241569966,182.7371361118528,-1.9060880451438038,-1.906088045143795
KEN,1994,1995,-10.688217658748615,9.71283810806947,182.7371361118528,181.76175656117363,-0.9753795506791789,-0.9753795506791452
KEN,1995,1996,-6.662496402598364,7.378665985820722,181.76175656117363,182.477926144396,0.7161695832223813,0.7161695832223574
KEN,1996,1997,-10.203674701039853,5.787518431948886,182.477926144396,178.06176987530506,-4.416156269090948,-4.416156269090967
KEN,1997,1998,-3.717157024236172,5.1997302963115,178.06176987530506,179.5443431473804,1.4825732720753422,1.4825732720753284
KEN,1998,1999,-5.790856365541158,4.621857760113995,179.5443431473804,178.3753445419532,-1.1689986054271913,-1.1689986054271628
KEN,1999,2000,-6.31038166870131,1.3911284838567102,178.3753445419532,173.45609135710862,-4.919253184844592,-4.9192531848445995
KEN,2000,2001,0.5799978809696071,1.7329599573552046,173.45609135710862,175.7690491954334,2.3129578383247917,2.3129578383248117
KEN,2001,2002,-4.863012567181358,1.8510648407316448,175.7690491954334,172.7571014689837,-3.011947726449705,-3.0119477264497134
KEN,2002,2003,0.42118024414975,1.5904948637349459,172.7571014689837,174.7687765768684,2.0116751078846846,2.0116751078846957
KEN,2003,2004,-2.448297078866578,3.4143786242666887,174.7687765768684,175.73485812226852,0.9660815454001295,0.9660815454001108
KEN,2004,2005,3.2598439220293693,1.6790392866980914,175.73485812226852,180.673741330996,4.938883208727475,4.938883208727461
KEN,2005,2006,-0.7970420884221574,0.9722753485608957,180.673741330996,180.84897459113472,0.1752332601387252,0.1752332601387383
KEN,2006,2007,6.648161442254435,2.273435298396332,180.84897459113472,189.7705713317855,8.921596740650784,8.921596740650767
KEN,2007,2008,-2.199871310927951,2.0959379315058766,189.7705713317855,189.6666379523634,-0.10393337942210223,-0.10393337942207426
KEN,2008,2009,3.160032545818279,3.4494030791091164,189.6666379523634,196.2760735772908,6.609435624927386,6.609435624927396
KEN,2009,2010,11.462499773098985,2.501701762678825,196.2760735772908,210.2402751130686,13.964201535777818,13.96420153577781
KEN,2010,2011,4.067688246298937,2.751714151620113,210.2402751130686,217.05967751098768,6.819402397919077,6.819402397919051
KEN,2011,2012,0.11076495999514399,2.5571724093956147,217.05967751098768,219.7276148803784,2.667937369390728,2.6679373693907587
KEN,2012,2013,-0.23084156739869854,0.034370580700100684,219.7276148803784,219.53114389367983,-0.19647098669858565,-0.19647098669859786
KEN,2013,2014,-4.211159105666219,5.723129168344488,219.53114389367983,221.0431139563581,1.511970062678273,1.5119700626782686
KEN,2014,2015,6.092957271405066,0.395402818010568,221.0431139563581,227.53147404577373,6.488360089415636,6.488360089415634
KEN,2015,2016,4.782277288237699,0.6120931317911072,227.53147404577373,232.92584446580253,5.3943704200287925,5.394370420028807
KEN,2016,2017,0.854931922274299,1.0531267898748191,232.92584446580253,234.83390317795164,1.9080587121491135,1.9080587121491182
LSO,1970,1971,0.5379991014164012,-0.19458451568952428,13.308967651998096,13.652382237724972,0.343414585726876,0.3434145857268769
LSO,1971,1972,0.06075362979860314,-0.19305408151634193,13.652382237724972,13.520081786007232,-0.13230045171773952,-0.1323004517177388
LSO,1972,1973,-1.357226144319002,-0.1656015621399049,13.520081786007232,11.997254079548327,-1.522827706458905,-1.5228277064589069
LSO,1973,1974,0.6982193189378824,-0.17589736692671407,11.997254079548327,12.519576031559495,0.5223219520111684,0.5223219520111683
LSO,1974,1975,-0.761140844484827,-0.15956374515166594,12.519576031559495,11.598871441923,-0.9207045896364949,-0.9207045896364929
LSO,1975,1976,0.18579241980918487,-0.16070096471506873,11.598871441923,11.623962897017117,0.02509145509411681,0.025091455094116144
LSO,1976,1977,-0.06800181033918824,0.22691152401290327,11.623962897017117,11.782872610690832,0.1589097136737152,0.15890971367371504
LSO,1977,1978,-0.407919083689688,0.22108314144730626,11.782872610690832,11.596036668448452,-0.18683594224238043,-0.18683594224238173
LSO,1978,1979,0.04193756688953473,0.22753800192029044,11.596036668448452,11.865512237258276,0.26947556880982404,0.26947556880982515
LSO,1979,1980,0.007114891616840846,0.23304764865621322,11.865512237258276,12.10567477753133,0.2401625402730545,0.24016254027305406
LSO,1980,1981,-0.4943432914861251,0.2875414059018398,12.10567477753133,11.898872891947047,-0.2068018855842837,-0.2068018855842853
LSO,1981,1982,-0.5584756878921115,0.3281664825137963,11.898872891947047,11.668563686568728,-0.2303092053783189,-0.23030920537831523
LSO,1982,1983,-0.4778197857805644,0.3013807989639002,11.668563686568728,11.492124699752065,-0.17643898681666315,-0.1764389868166642
LSO,1983,1984,-0.06419224531125456,0.2880130524173164,11.492124699752065,11.715945506858127,0.2238208071060619,0.22382080710606184
LSO,1984,1985,-0.35497530344889827,0.28015390766966586,11.715945506858127,11.641124111078895,-0.07482139577923164,-0.07482139577923241
LSO,1985,1986,-0.013593136269596406,0.31510159461175463,11.641124111078895,11.942632569421052,0.3015084583421572,0.3015084583421582
LSO,1986,1987,0.37165664984715435,-0.035042383436943825,11.942632569421052,12.279246835831263,0.3366142664102103,0.3366142664102105
LSO,1987,1988,1.3099025112092344,-0.03152385765138569,12.279246835831263,13.557625489389112,1.2783786535578496,1.2783786535578487
LSO,1988,1989,1.2563026158286439,-0.025801274278491167,13.557625489389112,14.788126830939264,1.230501341550152,1.2305013415501527
LSO,1989,1990,1.4733630083951876,-0.04827793724214052,14.788126830939264,16.21321190209231,1.4250850711530472,1.4250850711530472
LSO,1990,1991,1.704584194118202,-0.007345654204005542,16.21321190209231,17.910450442006507,1.6972385399141956,1.6972385399141965
LSO,1991,1992,1.6841778025277987,0.007318842186443381,17.910450442006507,19.60194708672075,1.6914966447142419,1.691496644714242
LSO,1992,1993,1.1832236187417369,0.022434229088315973,19.60194708672075,20.807604934550803,1.2056578478300537,1.2056578478300528
LSO,1993,1994,1.730305143606488,0.0008446353103370094,20.807604934550803,22.53875471346763,1.7311497789168264,1.731149778916825
LSO,1994,1995,1.2803782316672407,0.06296199993310159,22.53875471346763,23.88209494506797,1.3433402316003402,1.3433402316003424
LSO,1995,1996,1.7803981160935742,0.09023158842792656,23.88209494506797,25.752724649589474,1.8706297045215052,1.8706297045215008
LSO,1996,1997,0.2837604836784381,-0.6273291276965167,25.752724649589474,25.409156005571393,-0.34356864401808096,-0.34356864401807863
LSO,1997,1998,-0.1571850757165064,-0.550736506395425,25.409156005571393,24.70123442345946,-0.7079215821119327,-0.7079215821119315
LSO,1998,1999,-0.676930374929764,-0.5037977016887185,24.70123442345946,23.520506346840975,-1.180728076618486,-1.1807280766184824
LSO,1999,2000,0.7476265773001116,-0.43684261809561054,23.520506346840975,23.83129030604548,0.31078395920450674,0.3107839592045011
LSO,2000,2001,0.25484140875066663,-0.4067003562031245,23.83129030604548,23.67943135859302,-0.1518589474524603,-0.15185894745245787
LSO,2001,2002,-0.21290440392321391,-0.34853005503082735,23.67943135859302,23.11799689963898,-0.5614344589540394,-0.5614344589540412
LSO,2002,2003,0.4197181551605671,-0.27541311435539595,23.11799689963898,23.262301940444154,0.1443050408051718,0.14430504080517115
LSO,2003,2004,-0.5172884580828029,-0.29962759858841814,23.262301940444154,22.44538588377293,-0.816916056671225,-0.816916056671221
LSO,2004,2005,-0.23549587000679176,-0.24242294012622378,22.44538588377293,21.967467073639916,-0.4779188101330121,-0.4779188101330155
LSO,2005,2006,0.14712245749824712,-0.2654821369439684,21.967467073639916,21.849107394194192,-0.11835967944572445,-0.11835967944572126
LSO,2006,2007,0.4210966680331314,0.6698973884224807,21.849107394194192,22.940101450649806,1.0909940564556138,1.090994056455612
LSO,2007,2008,0.8225610330728208,0.25402277156168285,22.940101450649806,24.016685255284308,1.0765838046345024,1.0765838046345038
LSO,2008,2009,-0.41095907397220366,0.7215172084847536,24.016685255284308,24.327243389796863,0.3105581345125543,0.31055813451255
LSO,2009,2010,0.5760864878142279,0.6103620961718537,24.327243389796863,25.51369197378294,1.1864485839860777,1.1864485839860817
LSO,2010,2011,1.0339098837107865,0.14740080913835255,25.51369197378294,26.695002666632078,1.181310692849138,1.181310692849139
LSO,2011,2012,0.12229388878833236,0.7505182213382877,26.695002666632078,27.567814776758702,0.872812110126624,0.8728121101266201
LSO,2012,2013,-0.20569097428382838,0.0499185257331258,27.567814776758702,27.412042328208,-0.15577244855070305,-0.15577244855070257
LSO,2013,2014,1.2407669478331251,-0.019280875579039524,27.412042328208,28.633528400462083,1.2214860722540841,1.2214860722540857
LSO,2014,2015,0.1942416880084885,0.25238851532022555,28.633528400462083,29.0801586037908,0.4466302033287164,0.44663020332871406
LSO,2015,2016,0.013575480900229642,0.20181870682724687,29.0801586037908,29.295552791518276,0.2153941877274761,0.2153941877274765
LSO,2016,2017,-1.7662207539861132,0.3076662402196417,29.295552791518276,27.836998277751803,-1.4585545137664724,-1.4585545137664715
MAR,1970,1971,5.578424022712005,4.443823271993132,54.29101734236855,64.31326463707369,10.022247294705139,10.022247294705137
MAR,1971,1972,-3.252157831191626,-3.471053148566945,64.31326463707369,57.59005365731511,-6.723210979758576,-6.723210979758571
MAR,1972,1973,-0.7017235679876284,1.0096552871974487,57.59005365731511,57.897985376524936,0.30793171920982587,0.3079317192098203
MAR,1973,1974,5.987027375026292,-0.7715755853172482,57.897985376524936,63.11343716623398,5.215451789709043,5.215451789709044
MAR,1974,1975,0.7979883964678447,1.0085674208277875,63.11343716623398,64.91999298352961,1.8065558172956315,1.8065558172956322
MAR,1975,1976,7.027904774048427,0.43292217682588335,64.91999298352961,72.38081993440392,7.460826950874306,7.46082695087431
MAR,1976,1977,-0.4277320962043739,1.4733951557575402,72.38081993440392,73.42648299395708,1.0456630595531635,1.0456630595531662
MAR,1977,1978,-0.2922637729234639,1.1003205715841784,73.42648299395708,74.23453979261781,0.8080567986607292,0.8080567986607146
MAR,1978,1979,-0.6999135345752392,1.0534944716983188,74.23453979261781,74.5881207297409,0.353580937123084,0.3535809371230796
MAR,1979,1980,-0.9044096086628693,1.650020665728453,74.5881207297409,75.33373178680648,0.7456110570655881,0.7456110570655837
MAR,1980,1981,-5.5322604943594476,1.1385424415049537,75.33373178680648,70.94001373395197,-4.39371805285451,-4.393718052854494
MAR,1981,1982,2.070164105042019,1.1410890762044523,70.94001373395197,74.15126691519845,3.2112531812464766,3.2112531812464713
MAR,1982,1983,-2.445043964691097,1.0324534926691777,74.15126691519845,72.73867644317653,-1.4125904720219182,-1.4125904720219191
MAR,1983,1984,-0.28103737270207185,1.3520097133456188,72.73867644317653,73.80964878382008,1.07097234064355,1.070972340643547
MAR,1984,1985,-2.2894267789312632,2.539809244584896,73.80964878382008,74.06003124947371,0.25038246565362954,0.25038246565363265
MAR,1985,1986,-0.010442033859086708,1.924683351182177,74.06003124947371,75.9742725667968,1.9142413173230892,1.9142413173230903
MAR,1986,1987,-6.80481294596817,1.5081282134111709,75.9742725667968,70.6775878342398,-5.296684732556997,-5.296684732556999
MAR,1987,1988,7.341279055089532,0.25336794346513913,70.6775878342398,78.27223483279447,7.594646998554666,7.594646998554671
MAR,1988,1989,-0.9984804006165582,0.7104133257620965,78.27223483279447,77.98416775794001,-0.28806707485445315,-0.2880670748544617
MAR,1989,1990,0.6015068473855364,1.029443518532762,77.98416775794001,79.61511812385831,1.6309503659182951,1.6309503659182982
MAR,1990,1991,3.843425465004069,0.4487574619604342,79.61511812385831,83.90730105082281,4.2921829269645,4.292182926964503
MAR,1991,1992,-8.167629910401097,1.5587758362730717,83.90730105082281,77.29844697669478,-6.608854074128033,-6.608854074128025
MAR,1992,1993,-1.7114909198724488,-0.06903095571624396,77.29844697669478,75.51792510110609,-1.7805218755886898,-1.780521875588693
MAR,1993,1994,5.5831862086366195,0.2306477490226082,75.51792510110609,81.33175905876531,5.813833957659227,5.813833957659227
MAR,1994,1995,-7.757059918588175,0.544830504142592,81.33175905876531,74.11952964431973,-7.212229414445588,-7.212229414445583
MAR,1995,1996,4.581085370152722,0.32827087653105275,74.11952964431973,79.02888589100351,4.909356246683785,4.909356246683775
MAR,1996,1997,-3.230131251946693,0.05098509100103649,79.02888589100351,75.84973973005785,-3.1791461609456633,-3.1791461609456566
MAR,1997,1998,1.2147480847943581,0.6464790203702776,75.84973973005785,77.7109668352225,1.8612271051646445,1.8612271051646356
MAR,1998,1999,-1.4282984692584386,0.26902488315214046,77.7109668352225,76.5516932491162,-1.1592735861062948,-1.1592735861062982
MAR,1999,2000,-1.758289382048106,0.5150544773009137,76.5516932491162,75.308458344369,-1.2432349047471973,-1.2432349047471924
MAR,2000,2001,2.700852359110819,0.33585547228587653,75.308458344369,78.3451661757657,3.036707831396697,3.0367078313966958
MAR,2001,2002,0.7165811564136018,-0.035236949520409455,78.3451661757657,79.0265103826589,0.6813442068932005,0.6813442068931923
MAR,2002,2003,4.952725660601831,-0.39839759918915707,79.0265103826589,83.58083844407156,4.5543280614126616,4.554328061412674
MAR,2003,2004,1.2078908372029304,0.39633565433615703,83.58083844407156,85.18506493561065,1.6042264915390945,1.6042264915390874
MAR,2004,2005,2.5500077911388974,-0.502441253619949,85.18506493561065,87.2326314731296,2.0475665375189465,2.0475665375189482
MAR,2005,2006,3.145212438813564,0.4887377495151064,87.2326314731296,90.86658166145827,3.6339501883286687,3.6339501883286704
MAR,2006,2007,1.1116339114970684,-0.18686666130437868,90.86658166145827,91.79134891165096,0.9247672501926871,0.9247672501926897
MAR,2007,2008,1.2539135524108156,0.61971525961862,91.79134891165096,93.6649777236804,1.8736288120294375,1.8736288120294355
MAR,2008,2009,1.7077079535865185,0.4910500109597702,93.6649777236804,95.86373568822668,2.1987579645462887,2.1987579645462887
MAR,2009,2010,-0.3949759444676565,0.44920803231737083,95.86373568822668,95.9179677760764,0.05423208784971223,0.05423208784971434
MAR,2010,2011,0.5602315363548525,0.8442812781393741,95.9179677760764,97.32248059057062,1.4045128144942254,1.4045128144942267
MAR,2011,2012,0.8813645450550154,0.007397893963005057,97.32248059057062,98.21124302958864,0.8887624390180235,0.8887624390180204
MAR,2012,2013,3.124100812321312,0.07087410857814835,98.21124302958864,101.4062179504881,3.1949749208994547,3.19497492089946
MAR,2013,2014,2.4151166019678456,0.27941163018158427,101.4062179504881,104.10074618263752,2.6945282321494233,2.69452823214943
MAR,2014,2015,3.131270832590062,0.08719841154775443,104.10074618263752,107.31921542677534,3.2184692441378218,3.2184692441378164
MAR,2015,2016,0.08862570055761898,0.1950285163119097,107.31921542677534,107.60286964364488,0.28365421686953596,0.2836542168695287
MAR,2016,2017,4.797841728181676,0.23002388844247185,107.60286964364488,112.63073526026902,5.02786561662414,5.0278656166241475
MOZ,1970,1971,-2.347174036691865,-0.32773384589142945,26.289553766767476,23.61464588418418,-2.6749078825832946,-2.6749078825832946
MOZ,1971,1972,-0.30257095641339804,-0.3020545333151697,23.61464588418418,23.010020394455616,-0.6046254897285657,-0.6046254897285677
MOZ,1972,1973,-1.4864096432588856,-0.2826171572513249,23.010020394455616,21.240993593945404,-1.7690268005102112,-1.7690268005102106
MOZ,1973,1974,-0.11037724151866224,-0.2545292211232845,21.240993593945404,20.876087131303457,-0.36490646264194737,-0.36490646264194676
MOZ,1974,1975,-2.195997435264552,-0.24165956417127216,20.876087131303457,18.438430131867634,-2.4376569994358235,-2.4376569994358244
MOZ,1975,1976,-1.0443078589891577,-0.22618336704843955,18.438430131867634,17.167938905830034,-1.2704912260375991,-1.2704912260375973
MOZ,1976,1977,-0.9556553898047775,-0.21195026879860368,17.167938905830034,16.000333247226653,-1.1676056586033816,-1.1676056586033812
MOZ,1977,1978,-1.1458433683830054,-0.20061809855078028,16.000333247226653,14.653871780292869,-1.3464614669337838,-1.3464614669337855
MOZ,1978,1979,-0.8777957996860879,-0.18531570812527945,14.653871780292869,13.590760272481502,-1.0631115078113673,-1.0631115078113673
MOZ,1979,1980,-2.8720349359453894,-0.1941090943564204,13.590760272481502,10.524616242179693,-3.0661440303018086,-3.06614403030181
MOZ,1980,1981,-0.4540567622819584,0.08028202900751155,10.524616242179693,10.150841508905245,-0.3737747332744483,-0.3737747332744469
MOZ,1981,1982,-0.5085134815326567,0.08156738557471475,10.150841508905245,9.723895412947304,-0.4269460959579412,-0.426946095957942
MOZ,1982,1983,-1.272725299666622,0.08157323256588894,9.723895412947304,8.532743345846571,-1.1911520671007327,-1.1911520671007332
MOZ,1983,1984,-0.4032958268141161,0.07958324263834138,8.532743345846571,8.209030761670796,-0.32371258417577486,-0.3237125841757747
MOZ,1984,1985,-0.013461779306646826,0.08206986472126494,8.209030761670796,8.277638847085415,0.06860808541461871,0.06860808541461812
MOZ,1985,1986,0.20285040746789723,0.09382773790599866,8.277638847085415,8.574316992459309,0.29667814537389425,0.2966781453738959
MOZ,1986,1987,0.7745736369365093,0.11246232149433108,8.574316992459309,9.46135295089015,0.8870359584308414,0.8870359584308404
MOZ,1987,1988,0.029146710348944366,0.11682605491022899,9.46135295089015,9.607325716149322,0.14597276525917202,0.14597276525917335
MOZ,1988,1989,0.4906364584204338,0.13159163677678776,9.607325716149322,10.229553811346545,0.6222280951972223,0.6222280951972216
MOZ,1989,1990,0.4365091626850053,0.13091241333068643,10.229553811346545,10.796975387362238,0.5674215760156933,0.5674215760156918
MOZ,1990,1991,5.266655512316793,0.20769898943769965,10.796975387362238,16.27132988911673,5.47435450175449,5.474354501754492
MOZ,1991,1992,-1.3719483669693542,-0.16574133408859704,16.27132988911673,14.733640188058779,-1.5376897010579498,-1.537689701057951
MOZ,1992,1993,0.6690835140890022,0.19392752646498904,14.733640188058779,15.59665122861277,0.8630110405539906,0.8630110405539912
MOZ,1993,1994,0.03422775481437129,0.21398293281594788,15.59665122861277,15.844861916243088,0.24821068763031917,0.24821068763031917
MOZ,1994,1995,-0.2912760887153999,-0.010601692982272606,15.844861916243088,15.542984134545415,-0.301877781697673,-0.3018777816976725
MOZ,1995,1996,-0.13462673126762417,0.6332948387111026,15.542984134545415,16.041652241988892,0.49866810744347667,0.49866810744347845
MOZ,1996,1997,1.0352469633933743,0.34899397798250986,16.041652241988892,17.425893183364778,1.3842409413758858,1.384240941375884
MOZ,1997,1998,0.4952905591853046,0.4532033766841729,17.425893183364778,18.374387119234257,0.9484939358694788,0.9484939358694775
MOZ,1998,1999,0.42409857057883105,0.31282411162130763,18.374387119234257,19.111309801434395,0.736922682200138,0.7369226822001387
MOZ,1999,2000,-0.6385560986086385,0.21732530035949735,19.111309801434395,18.690079003185254,-0.421230798249141,-0.4212307982491411
MOZ,2000,2001,1.444357861700442,0.5772651318724221,18.690079003185254,20.711701996758116,2.021622993572862,2.0216229935728642
MOZ,2001,2002,0.9319518504263506,0.1555643167921586,20.711701996758116,21.799218163976626,1.08751616721851,1.0875161672185092
MOZ,2002,2003,0.7566479478502429,0.11369089554707042,21.799218163976626,22.66955700737394,0.8703388433973132,0.8703388433973134
MOZ,2003,2004,0.8007100051990497,0.379715130229753,22.66955700737394,23.849982142802745,1.1804251354288056,1.1804251354288027
MOZ,2004,2005,0.4423549400708186,0.5571188162012793,23.849982142802745,24.84945589907484,0.9994737562720957,0.9994737562720979
MOZ,2005,2006,1.3998949832852978,0.39620280410534897,24.84945589907484,26.645553686465487,1.7960977873906465,1.7960977873906467
MOZ,2006,2007,0.9286031427689818,0.4865841930475304,26.645553686465487,28.060741022282002,1.4151873358165155,1.4151873358165123
MOZ,2007,2008,1.2623833438357683,0.4485516771642585,28.060741022282002,29.771676043282024,1.7109350210000223,1.7109350210000267
MOZ,2008,2009,0.8507162257438965,0.40604247085931683,29.771676043282024,31.028434739885242,1.2567586966032174,1.2567586966032134
MOZ,2009,2010,1.0112021357555008,0.6009978687518289,31.028434739885242,32.64063474439257,1.6122000045073293,1.6122000045073297
MOZ,2010,2011,0.8899876238752499,0.6911736441942861,32.64063474439257,34.22179601246211,1.5811612680695362,1.581161268069536
MOZ,2011,2012,0.6305143127425116,0.7258209220033787,34.22179601246211,35.578131247208,1.3563352347458917,1.3563352347458904
MOZ,2012,2013,0.102686816483952,0.7943714470605339,35.578131247208,36.47518951075248,0.8970582635444799,0.8970582635444859
MOZ,2013,2014,1.2580348364608027,0.7161367306710186,36.47518951075248,38.449361077884305,1.974171567131826,1.9741715671318212
MOZ,2014,2015,1.0605488831486867,0.6444009877717223,38.449361077884305,40.154310948804714,1.7049498709204087,1.704949870920409
MOZ,2015,2016,-0.06856336948526912,0.10155401014485264,40.154310948804714,40.1873015894643,0.0329906406595839,0.03299064065958353
MOZ,2016,2017,-0.28421916123387914,0.09144926292191505,40.1873015894643,39.99453169115233,-0.19276989831196545,-0.1927698983119641
MUS,1970,1971,-11.72854817066887,5.100738670984084,141.662840332557,135.03503083287222,-6.627809499684787,-6.627809499684785
MUS,1971,1972,8.14159145118864,-0.37189509131491505,135.03503083287222,142.80472719274593,7.769696359873706,7.769696359873725
MUS,1972,1973,11.633136812465896,1.4679919685107818,142.80472719274593,155.90585597372262,13.101128780976694,13.101128780976678
MUS,1973,1974,28.24734663570312,-0.8313378566821354,155.90585597372262,183.32186475274364,27.416008779021013,27.416008779020984
MUS,1974,1975,43.187505123196196,-0.4331211412100098,183.32186475274364,226.0762487347298,42.754383981986166,42.75438398198619
MUS,1975,1976,6.976213493711442,-1.1256761806077145,226.0762487347298,231.92678604783353,5.850537313103729,5.850537313103727
MUS,1976,1977,7.018645919290516,0.4726049054718221,231.92678604783353,239.41803687259585,7.491250824762318,7.491250824762338
MUS,1977,1978,-0.949918109304035,2.6528448010908616,239.41803687259585,241.1209635643827,1.7029266917868426,1.7029266917868267
MUS,1978,1979,-0.8262297127883615,0.6346377005326198,241.1209635643827,240.92937155212695,-0.19159201225573952,-0.19159201225574174
MUS,1979,1980,-30.01847373334357,1.7401887805637912,240.92937155212695,212.65108659934717,-28.278284952779785,-28.278284952779778
MUS,1980,1981,5.099699110744364,1.7357589837512368,212.65108659934717,219.48654469384275,6.8354580944955785,6.835458094495601
MUS,1981,1982,1.790834208845328,1.7685320669152964,219.48654469384275,223.0459109696034,3.5593662757606523,3.5593662757606244
MUS,1982,1983,-4.328034199689778,0.5262567712839901,223.0459109696034,219.24413354119758,-3.8017774284058135,-3.801777428405788
MUS,1983,1984,19.98368863126494,-4.09970937579989,219.24413354119758,235.12811279666266,15.883979255465078,15.88397925546505
MUS,1984,1985,10.622844485846162,-1.731868857604736,235.12811279666266,244.01908842490408,8.89097562824142,8.890975628241426
MUS,1985,1986,9.055516967057027,-7.94731680866592,244.01908842490408,245.12728858329518,1.1082001583910994,1.1082001583911074
MUS,1986,1987,9.637433411591223,3.2182496755915713,245.12728858329518,257.982971670478,12.855683087182797,12.855683087182793
MUS,1987,1988,-11.264964997408399,3.993048028476633,257.982971670478,250.71105470154623,-7.271916968931748,-7.271916968931766
MUS,1988,1989,2.3159341435169365,-0.7985308926597323,250.71105470154623,252.2284579524034,1.5174032508571713,1.5174032508572042
MUS,1989,1990,-2.52570702506455,0.698444424821218,252.2284579524034,250.4011953521601,-1.8272626002433014,-1.827262600243332
MUS,1990,1991,9.412669551674597,1.4489574784308712,250.4011953521601,261.26282238226554,10.861627030105439,10.861627030105469
MUS,1991,1992,14.783735320023855,1.165719077631766,261.26282238226554,277.2122767799212,15.949454397655643,15.949454397655622
MUS,1992,1993,9.073460770300688,1.9933941073524513,277.2122767799212,288.27913165757434,11.066854877653157,11.066854877653139
MUS,1993,1994,8.799528442716673,1.5852426636462305,288.27913165757434,298.66390276393724,10.384771106362905,10.384771106362903
MUS,1994,1995,-8.195656454231647,2.541210236018795,298.66390276393724,293.0094565457244,-5.654446218212854,-5.654446218212852
MUS,1995,1996,16.285274608585727,3.0177148814824672,293.0094565457244,312.31244603579256,19.30298949006817,19.302989490068192
MUS,1996,1997,13.096350000844229,2.5434929780676,312.31244603579256,327.9522890147044,15.639842978911815,15.63984297891183
MUS,1997,1998,15.577143470044163,1.1307603983358656,327.9522890147044,344.6601928830844,16.707903868380015,16.70790386838003
MUS,1998,1999,5.767906021337046,3.051854927258092,344.6601928830844,353.4799538316796,8.819760948595217,8.819760948595139
MUS,1999,2000,32.7789107696589,-2.091033661030325,353.4799538316796,384.16783094030814,30.687877108628527,30.687877108628577
MUS,2000,2001,5.611881343700754,4.095752549543922,384.16783094030814,393.8754648335528,9.70763389324469,9.707633893244676
MUS,2001,2002,-5.280586086854333,2.9815037018378723,393.8754648335528,391.5763824485363,-2.2990823850165043,-2.299082385016461
MUS,2002,2003,27.16348795163305,-2.7555403811407664,391.5763824485363,415.9843300190286,24.407947570492297,24.407947570492286
MUS,2003,2004,5.902397887363425,9.375387003599053,415.9843300190286,431.2621149099911,15.277784890962494,15.27778489096248
MUS,2004,2005,7.137189600474258,2.643235451231022,431.2621149099911,441.0425399616964,9.780425051705265,9.78042505170528
MUS,2005,2006,17.904074978621743,1.5723905274040761,441.0425399616964,460.51900546772225,19.476465506025875,19.476465506025818
MUS,2006,2007,22.532240583568175,1.631668412018571,460.51900546772225,484.682914463309,24.163908995586723,24.163908995586745
MUS,2007,2008,10.864948220107788,1.4475602354490398,484.682914463309,496.9954229188658,12.312508455556838,12.312508455556827
MUS,2008,2009,7.512412828699683,4.07086969318517,496.9954229188658,508.5787054407507,11.583282521884882,11.583282521884854
MUS,2009,2010,10.656517489096581,3.0116497853246758,508.5787054407507,522.2468727151719,13.668167274421194,13.668167274421258
MUS,2010,2011,16.456727456961204,4.877728043695374,522.2468727151719,543.5813282158285,21.334455500656645,21.334455500656578
MUS,2011,2012,12.43296712262288,1.0578298446732317,543.5813282158285,557.0721251831246,13.490796967296092,13.490796967296113
MUS,2012,2013,3.966394779659959,0.5997833885480942,557.0721251831246,561.6383033513326,4.566178168208012,4.566178168208054
MUS,2013,2014,13.814165682737624,0.8165768955530461,561.6383033513326,576.2690459296233,14.630742578290665,14.63074257829067
MUS,2014,2015,9.641048002886802,0.8020064237210212,576.2690459296233,586.7121003562311,10.443054426607773,10.443054426607823
MUS,2015,2016,19.09119119073617,0.885820702727746,586.7121003562311,606.6891122496951,19.97701189346401,19.977011893463914
MUS,2016,2017,18.199328779626676,0.5634925557538658,606.6891122496951,625.4519335850756,18.762821335380522,18.76282133538054
MWI,1966,1967,-7.0922541304662134,-5.320026048738928,129.76965203695116,117.357371857746,-12.412280179205155,-12.41228017920514
MWI,1967,1968,-3.559176213018418,-3.49644061811026,117.357371857746,110.30175502661731,-7.055616831128688,-7.0556168311286775
MWI,1968,1969,4.315865605279001,0.2040778690168114,110.30175502661731,114.82169850091314,4.519943474295829,4.519943474295812
MWI,1969,1970,4.572865493065311,-4.222683132168685,114.82169850091314,115.17188086180977,0.3501823608966248,0.3501823608966266
MWI,1970,1971,7.891150417743921,5.5546687863565225,115.17188086180977,128.61770006591019,13.445819204100417,13.445819204100443
MWI,1971,1972,7.489187466412286,-6.061984257393396,128.61770006591019,130.04490327492908,1.4272032090188986,1.4272032090188898
MWI,1972,1973,1.3789600871510324,4.616372750059308,130.04490327492908,136.04023611213944,5.995332837210356,5.9953328372103405
MWI,1973,1974,5.031281535219932,4.084097778473279,136.04023611213944,145.15561542583265,9.11537931369321,9.11537931369321
MWI,1974,1975,3.315408371227952,0.14936284272194333,145.15561542583265,148.62038663978257,3.4647712139499163,3.4647712139498954
MWI,1975,1976,7.2114360933226065,-2.6690291073687966,148.62038663978257,153.16279362573636,4.5424069859537894,4.54240698595381
MWI,1976,1977,8.538685676554211,-5.5049684245174415,153.16279362573636,156.19651087777314,3.03371725203678,3.0337172520367695
MWI,1977,1978,3.6796050624207672,3.7058703430656807,156.19651087777314,163.58198628325957,7.3854754054864316,7.3854754054864475
MWI,1978,1979,6.319230695735452,-2.946859514725148,163.58198628325957,166.9543574642699,3.3723711810103225,3.3723711810103034
MWI,1979,1980,-7.08323875804814,-10.89523367393843,166.9543574642699,148.97588503228332,-17.978472431986575,-17.97847243198657
MWI,1980,1981,1.549136979628934,-7.5087200541459875,148.97588503228332,143.01630195776625,-5.95958307451707,-5.959583074517053
MWI,1981,1982,-2.8683546005556764,-3.633085116943949,143.01630195776625,136.51486224026664,-6.501439717499608,-6.5014397174996255
MWI,1982,1983,-4.470785789130856,5.903924830773027,136.51486224026664,137.94800128190877,1.4331390416421357,1.4331390416421712
MWI,1983,1984,-5.521609017393594,5.915304615668293,137.94800128190877,138.34169688018352,0.3936955982747463,0.39369559827469924
MWI,1984,1985,-2.5269648413542027,5.685136679986037,138.34169688018352,141.49986871881532,3.1581718386318016,3.1581718386318345
MWI,1985,1986,-8.335824788363839,4.197719341410713,141.49986871881532,137.36176327186223,-4.138105446953091,-4.1381054469531255
MWI,1986,1987,-0.8572338063632721,-3.8439699519468826,137.36176327186223,132.66055951355204,-4.701203758310186,-4.701203758310155
MWI,1987,1988,-4.963036025847183,1.0825455311279142,132.66055951355204,128.78006901883276,-3.8804904947192824,-3.8804904947192687
MWI,1988,1989,-3.482802698087631,2.2380577658057463,128.78006901883276,127.5353240865509,-1.2447449322818613,-1.2447449322818849
MWI,1989,1990,-2.842981409208731,3.920925798140054,127.5353240865509,128.61326847548222,1.0779443889313143,1.0779443889313232
MWI,1990,1991,-0.4433081394198193,5.706591577501608,128.61326847548222,133.87655191356401,5.2632834380818,5.263283438081789
MWI,1991,1992,-12.800447722771603,3.1902007288857006,133.87655191356401,124.2663049196781,-9.610246993885909,-9.610246993885902
MWI,1992,1993,9.898749044547381,-1.7633502014877698,124.2663049196781,132.40170376273772,8.135398843059619,8.135398843059612
MWI,1993,1994,-16.440171228818432,2.2327717216761034,132.40170376273772,118.1943042555954,-14.207399507142327,-14.207399507142329
MWI,1994,1995,6.025861697847535,1.8777135287843403,118.1943042555954,126.09787948222726,7.903575226631858,7.903575226631876
MWI,1995,1996,6.0581489485553295,2.4852295973069407,126.09787948222726,134.64125802808954,8.543378545862282,8.54337854586227
MWI,1996,1997,-2.6267011274023906,6.887575907898989,134.64125802808954,138.90213280858615,4.260874780496607,4.260874780496598
MWI,1997,1998,2.4543812001708734,-0.7119926063507631,138.90213280858615,140.64452140240624,1.7423885938200954,1.7423885938201102
MWI,1998,1999,-1.752466926847017,2.653533148732989,140.64452140240624,141.54558762429224,0.9010662218859977,0.901066221885972
MWI,1999,2000,-0.38723246400817724,0.7213012902036001,141.54558762429224,141.87965645048763,0.33406882619539147,0.3340688261954229
MWI,2000,2001,-8.375654680729484,2.08355448563384,141.87965645048763,135.587556255392,-6.292100195095628,-6.292100195095644
MWI,2001,2002,-1.5276411424611809,4.127655179224859,135.587556255392,138.18757029215567,2.6000140367636675,2.600014036763678
MWI,2002,2003,-2.3323464100558184,0.7577071044607102,138.18757029215567,136.61293098656057,-1.574639305595099,-1.5746393055951082
MWI,2003,2004,-0.6169782868241307,10.139605228420335,136.61293098656057,146.13555792815677,9.5226269415962,9.522626941596204
MWI,2004,2005,-9.730584531124116,7.118074088884993,146.13555792815677,143.52304748591763,-2.6125104422391416,-2.612510442239123
MWI,2005,2006,0.347275671033874,-0.20723682117096986,143.52304748591763,143.66308633578055,0.14003884986291837,0.14003884986290416
MWI,2006,2007,0.5838480960320682,7.944040528673758,143.66308633578055,152.19097496048636,8.52788862470581,8.527888624705827
MWI,2007,2008,-2.598996150005589,9.213214535757395,152.19097496048636,158.80519334623818,6.614218385751826,6.614218385751806
MWI,2008,2009,-1.1689013934962218,5.0576323770441896,158.80519334623818,162.69392432978614,3.8887309835479584,3.8887309835479678
MWI,2009,2010,-4.0737196240040126,5.0367730810980955,162.69392432978614,163.65697778688025,0.9630534570941052,0.963053457094083
MWI,2010,2011,-9.217466296329125,5.143066742573671,163.65697778688025,159.58257823312476,-4.074399553755484,-4.074399553755454
MWI,2011,2012,-6.919392658258991,2.098566685841238,159.58257823312476,154.76175226070703,-4.820825972417737,-4.820825972417753
MWI,2012,2013,-7.266221529240628,4.229108588911646,154.76175226070703,151.72463932037806,-3.037112940328967,-3.0371129403289823
MWI,2013,2014,-7.273381107968495,3.5835832856180123,151.72463932037806,148.03484149802756,-3.6897978223504992,-3.689797822350483
MWI,2014,2015,-10.966936339625516,2.9324569272089325,148.03484149802756,140.000362085611,-8.034479412416573,-8.034479412416584
MWI,2015,2016,-0.7957575026091543,0.2957753632290573,140.000362085611,139.50037994623088,-0.4999821393801085,-0.49998213938009706
MWI,2016,2017,-0.9168848030883107,0.14174268414085323,139.50037994623088,138.72523782728342,-0.775142118947457,-0.7751421189474574
NAM,1965,1966,0.1499048971855408,0.912682496672711,70.33030192606935,71.39288931992759,1.0625873938582373,1.0625873938582517
NAM,1966,1967,-6.725479172225683,0.860714500244866,71.39288931992759,65.52812464794678,-5.864764671980808,-5.864764671980817
NAM,1967,1968,-4.408658710677409,0.8185313618335437,65.52812464794678,61.93799729910292,-3.5901273488438648,-3.5901273488438656
NAM,1968,1969,-3.3336633753308966,0.7911077495668111,61.93799729910292,59.39544167333883,-2.542555625764088,-2.5425556257640856
NAM,1969,1970,-5.825724236349885,0.7465596852289538,59.39544167333883,54.3162771222179,-5.0791645511209325,-5.079164551120931
NAM,1970,1971,5.096750790047167,0.22052667024237127,54.3162771222179,59.63355458250744,5.317277460289546,5.317277460289539
NAM,1971,1972,2.3815462235225775,0.2196816616171916,59.63355458250744,62.23478246764721,2.601227885139764,2.601227885139769
NAM,1972,1973,3.236650924697324,0.20115387952620406,62.23478246764721,65.67258727187073,3.437804804223518,3.437804804223528
NAM,1973,1974,2.915001812032523,0.16706442260443022,65.67258727187073,68.7546535065077,3.0820662346369687,3.0820662346369536
NAM,1974,1975,2.4540099733874565,0.12907119564039615,68.7546535065077,71.33773467553554,2.5830811690278495,2.5830811690278526
NAM,1975,1976,1.721243388147116,0.10322778817830092,71.33773467553554,73.16220585186096,1.8244711763254173,1.8244711763254169
NAM,1976,1977,0.6649725229680379,0.059903930069478584,73.16220585186096,73.88708230489847,0.7248764530375098,0.7248764530375165
NAM,1977,1978,0.5051584743548786,0.028726950335612345,73.88708230489847,74.42096772958897,0.5338854246904958,0.5338854246904909
NAM,1978,1979,2.367702270953541,-0.01588034835864438,74.42096772958897,76.77278965218386,2.351821922594894,2.3518219225948966
NAM,1979,1980,5.140675750347443,0.06718000393058154,76.77278965218386,81.98064540646189,5.207855754278029,5.207855754278024
NAM,1980,1981,0.006701064952196578,0.7925124660449427,81.98064540646189,82.77985893745904,0.7992135309971502,0.7992135309971393
NAM,1981,1982,-0.23133253566750067,0.925129195719627,82.77985893745904,83.47365559751114,0.6937966600521008,0.6937966600521264
NAM,1982,1983,-2.976310804079754,0.5297091064740125,83.47365559751114,81.02705389990541,-2.446601697605729,-2.4466016976057414
NAM,1983,1984,-4.004495814098,1.2020317059965993,81.02705389990541,78.22458979180401,-2.802464108101404,-2.802464108101401
NAM,1984,1985,-2.8806273726504896,0.887532507128298,78.22458979180401,76.23149492628181,-1.9930948655221954,-1.9930948655221916
NAM,1985,1986,-2.3271800007546712,0.5633482149431167,76.23149492628181,74.46766314047026,-1.763831785811547,-1.7638317858115546
NAM,1986,1987,0.5400521709016386,-0.916981202289063,74.46766314047026,74.09073410908283,-0.3769290313874336,-0.3769290313874244
NAM,1987,1988,-0.2226803286163046,-0.839426636795152,74.09073410908283,73.02862714367139,-1.062106965411445,-1.0621069654114565
NAM,1988,1989,-0.7217124801805159,-0.908288320089238,73.02862714367139,71.39862634340163,-1.6300008002697552,-1.630000800269754
NAM,1989,1990,0.9185380049314595,-0.6830197325576827,71.39862634340163,71.6341446157754,0.235518272373767,0.23551827237377687
NAM,1990,1991,3.2763931417053564,-0.5111924052222538,71.6341446157754,74.3993453522585,2.7652007364831093,2.7652007364831026
NAM,1991,1992,4.502085655022404,2.6684306128931263,74.3993453522585,81.56986162017404,7.170516267915531,7.170516267915531
NAM,1992,1993,-2.2845289512615166,2.4736925739869258,81.56986162017404,81.75902524289944,0.18916362272540255,0.1891636227254092
NAM,1993,1994,-0.6294352744006604,2.303982318782082,81.75902524289944,83.43357228728087,1.674547044381427,1.6745470443814217
NAM,1994,1995,0.7135940975312173,2.575906668570933,83.43357228728087,86.72307305338302,3.289500766102151,3.2895007661021505
NAM,1995,1996,0.23611640738849182,2.4236592301569178,86.72307305338302,89.38284869092843,2.6597756375454082,2.6597756375454096
NAM,1996,1997,0.5528284162721102,2.1891506436871135,89.38284869092843,92.12482775088765,2.7419790599592204,2.741979059959224
NAM,1997,1998,0.9186243940760741,1.5656393733140697,92.12482775088765,94.6090915182778,2.4842637673901464,2.4842637673901438
NAM,1998,1999,-0.14887759667426392,1.4627627959224467,94.6090915182778,95.92297671752598,1.3138851992481904,1.3138851992481828
NAM,1999,2000,0.34836941134078625,1.241325617040964,95.92297671752598,97.51267174590774,1.5896950283817546,1.5896950283817501
NAM,2000,2001,-1.5196188586447776,0.6121291986693091,97.51267174590774,96.60518208593226,-0.9074896599754823,-0.9074896599754685
NAM,2001,2002,3.122346555747195,0.6507617205088524,96.60518208593226,100.37829036218831,3.7731082762560533,3.7731082762560475
NAM,2002,2003,3.6776174280860188,0.8600851386988501,100.37829036218831,104.91599292897317,4.5377025667848585,4.537702566784869
NAM,2003,2004,9.323154937969917,0.986879736951293,104.91599292897317,115.2260276038944,10.310034674921226,10.31003467492121
NAM,2004,2005,-0.06198304229180973,-0.5351677033642828,115.2260276038944,114.62887685823829,-0.5971507456561085,-0.5971507456560925
NAM,2005,2006,5.8019388987111835,-0.20067970572243543,114.62887685823829,120.23013605122705,5.601259192988763,5.601259192988748
NAM,2006,2007,3.390279309707495,-0.5010499221844218,120.23013605122705,123.11936543875012,2.8892293875230735,2.889229387523073
NAM,2007,2008,0.9602072702705093,-0.8339268850923627,123.11936543875012,123.24564582392827,0.12628038517814844,0.12628038517814666
NAM,2008,2009,-0.09452701211195791,-0.5271267419720547,123.24564582392827,122.62399206984423,-0.6216537540840363,-0.6216537540840126
NAM,2009,2010,6.9379812294082495,-0.6725118674104359,122.62399206984423,128.88946143184205,6.265469361997816,6.2654693619978135
NAM,2010,2011,-4.546008146126544,3.07115823274378,128.88946143184205,127.4146115184593,-1.474849913382755,-1.4748499133827644
NAM,2011,2012,-5.316867149551102,2.6535770775608905,127.4146115184593,124.75132144646908,-2.663290071990218,-2.663290071990212
NAM,2012,2013,4.693219396835817,-4.134388798061973,124.75132144646908,125.31015204524293,0.5588305987738522,0.5588305987738433
NAM,2013,2014,1.37171292161698,2.787987191291522,125.31015204524293,129.4698521581514,4.159700112908482,4.159700112908502
NAM,2014,2015,1.0034036080768227,7.264278381293234,129.4698521581514,137.7375341475215,8.26768198937009,8.267681989370057
NAM,2015,2016,-1.8773718699984885,5.611625263341944,137.7375341475215,141.47178754086494,3.7342533933434368,3.7342533933434554
NAM,2016,2017,-5.478919219915297,0.1602898339328369,141.47178754086494,136.15315815488248,-5.318629385982462,-5.31862938598246
NGA,1960,1961,-7.675754851992005,4.771789603716545,298.97129019714754,296.06732494887206,-2.903965248275483,-2.90396524827546
NGA,1961,1962,-0.5696790378817509,4.76177562905527,296.06732494887206,300.2594215400456,4.192096591173538,4.192096591173519
NGA,1962,1963,3.9900907364535616,7.489301259777802,300.2594215400456,311.73881353627695,11.479391996231357,11.479391996231364
NGA,1963,1964,-3.7710256199761987,6.626709443361381,311.73881353627695,314.5944973596621,2.8556838233851636,2.8556838233851827
NGA,1964,1965,5.4972064190703085,12.201572017427225,314.5944973596621,332.29327579615966,17.69877843649755,17.698778436497534
NGA,1965,1966,-9.348916103688174,2.602022872090032,332.29327579615966,325.5463825645615,-6.746893231598165,-6.746893231598142
NGA,1966,1967,-43.595759049529455,-9.443357015761755,325.5463825645615,272.5072664992703,-53.03911606529118,-53.03911606529121
NGA,1967,1968,-16.589201147372222,-0.17852214775371422,272.5072664992703,255.73954320414435,-16.76772329512596,-16.767723295125936
NGA,1968,1969,74.8065313302916,15.321132550725736,255.73954320414435,345.8672070851617,90.12766388101733,90.12766388101734
NGA,1969,1970,103.87986578798765,11.224569693592167,345.8672070851617,460.97164256674154,115.10443548157986,115.10443548157983
NGA,1970,1971,108.67485749114803,-23.912078368824815,460.97164256674154,545.7344216890647,84.76277912232314,84.76277912232322
NGA,1971,1972,15.16870038408304,21.345166366817537,545.7344216890647,582.2482884399652,36.51386675090055,36.513866750900576
NGA,1972,1973,12.245914746903075,22.63869855352042,582.2482884399652,617.1329017403889,34.884613300423666,34.884613300423496
NGA,1973,1974,144.15345816889135,-47.60301535903069,617.1329017403889,713.6833445502494,96.55044280986056,96.55044280986066
NGA,1974,1975,-96.68866126910657,27.683513955663717,713.6833445502494,644.6781972368067,-69.00514731344276,-69.00514731344286
NGA,1975,1976,20.54212046591143,37.301725357217975,644.6781972368067,702.5220430599361,57.84384582312941,57.843845823129406
NGA,1976,1977,25.908659085581327,-4.615988746060946,702.5220430599361,723.8147133994564,21.292670339520328,21.29267033952038
NGA,1977,1978,-52.23339582909665,11.514904042770322,723.8147133994564,683.0962216131302,-40.71849178632624,-40.718491786326325
NGA,1978,1979,31.776880482730938,-3.662330941060522,683.0962216131302,711.2107711548005,28.11454954167027,28.114549541670417
NGA,1979,1980,-44.20905044804745,14.845607536811944,711.2107711548005,681.847328243565,-29.36344291123544,-29.363442911235506
NGA,1980,1981,-60.15762139888491,-1.273572335186735,681.847328243565,620.4161345094934,-61.4311937340716,-61.43119373407165
NGA,1981,1982,-7.408160370170799,0.3237160773436756,620.4161345094934,613.3316902166663,-7.084444292827129,-7.084444292827124
NGA,1982,1983,53.16282287059716,-86.00109323127731,613.3316902166663,580.4934198559861,-32.83827036068021,-32.83827036068015
NGA,1983,1984,54.322692757188776,-31.618148599410077,580.4934198559861,603.1979640137648,22.70454415777874,22.7045441577787
NGA,1984,1985,40.42898606024413,20.136752101533013,603.1979640137648,663.7637021755419,60.56573816177706,60.56573816177714
NGA,1985,1986,29.198597912785033,-20.240701126503176,663.7637021755419,672.7215989618238,8.957896786281935,8.957896786281857
NGA,1986,1987,-7.096300423268227,-4.0041962393419945,672.7215989618238,661.6211022992136,-11.100496662610226,-11.100496662610222
NGA,1987,1988,6.61333074506186,15.12296827479985,661.6211022992136,683.3574013190753,21.73629901986169,21.73629901986171
NGA,1988,1989,34.349734378005664,-8.101276168473722,683.3574013190753,709.6058595286072,26.24845820953192,26.24845820953194
NGA,1989,1990,51.65522798502594,-0.549729805172527,709.6058595286072,760.7113577084606,51.105498179853384,51.10549817985341
NGA,1990,1991,-23.51961308476625,5.938354213826029,760.7113577084606,743.1300988375203,-17.581258870940246,-17.581258870940218
NGA,1991,1992,14.60020778892148,0.13993700393269237,743.1300988375203,757.8702436303746,14.740144792854267,14.740144792854172
NGA,1992,1993,-32.24014423743242,-0.28206356701707813,757.8702436303746,725.3480358259251,-32.52220780444952,-32.52220780444949
NGA,1993,1994,-29.851831625842202,-0.8375089427002536,725.3480358259251,694.6586952573826,-30.689340568542434,-30.689340568542455
NGA,1994,1995,-20.264020381279046,0.3451880451154654,694.6586952573826,674.739862921219,-19.918832336163632,-19.918832336163582
NGA,1995,1996,10.418565823128313,0.9284096364334182,674.739862921219,686.0868383807808,11.346975459561804,11.346975459561731
NGA,1996,1997,2.018535025696371,0.4356610499890352,686.0868383807808,688.5410344564662,2.4541960756853314,2.4541960756854064
NGA,1997,1998,-0.014092805489939852,-0.34939563712389266,688.5410344564662,688.1775460138524,-0.36348844261374325,-0.3634884426138325
NGA,1998,1999,-14.955746163859459,0.5511589645637036,688.1775460138524,673.7729588145565,-14.404587199295861,-14.404587199295754
NGA,1999,2000,12.575723188478635,2.5804620232129265,673.7729588145565,688.9291440262481,15.156185211691536,15.156185211691561
NGA,2000,2001,24.26980676920292,-0.5414284697993983,688.9291440262481,712.6575223256517,23.72837829940363,23.72837829940352
NGA,2001,2002,88.08283194748034,1.1493434577437691,712.6575223256517,801.8896977308758,89.2321754052241,89.23217540522411
NGA,2002,2003,36.561905273606385,1.439964209167695,801.8896977308758,839.8915672136499,38.001869482774055,38.00186948277408
NGA,2003,2004,56.03550532062148,2.666162616864451,839.8915672136499,898.5932351511358,58.70166793748592,58.70166793748594
NGA,2004,2005,31.532718458179815,0.7377375422359806,898.5932351511358,930.8636911515516,32.270456000415834,32.2704560004158
NGA,2005,2006,29.624819056561876,1.1632819465721695,930.8636911515516,961.6517921546857,30.788101003134102,30.788101003134045
NGA,2006,2007,33.3637995084435,2.1315032558836977,961.6517921546857,997.1470949190128,35.49530276432711,35.4953027643272
NGA,2007,2008,36.963541451687824,2.967962491517294,997.1470949190128,1037.0785988622179,39.93150394320503,39.931503943205115
NGA,2008,2009,54.59010356744056,3.2259087445448476,1037.0785988622179,1094.8946111742034,57.81601231198556,57.8160123119854
NGA,2009,2010,63.32967444390974,5.169574542793222,1094.8946111742034,1163.3938601609063,68.49924898670292,68.49924898670297
NGA,2010,2011,24.45830385855357,4.5909386721650485,1163.3938601609063,1192.443102691625,29.04924253071863,29.04924253071862
NGA,2011,2012,13.12609254962202,4.511521443258008,1192.443102691625,1210.080716684505,17.637613992880006,17.637613992880027
NGA,2012,2013,26.80242009830174,5.952792177320616,1210.080716684505,1242.8359289601274,32.7552122756224,32.755212275622355
NGA,2013,2014,49.4604878163446,2.8697727369818242,1242.8359289601274,1295.1661895134537,52.3302605533263,52.330260553326426
NGA,2014,2015,9.234028767609402,1.588488879126782,1295.1661895134537,1305.98870716019,10.822517646736287,10.822517646736184
NGA,2015,2016,-43.49725096460591,-0.42149851830205654,1305.98870716019,1262.069957677282,-43.91874948290797,-43.91874948290797
NGA,2016,2017,-36.237339391335645,0.17760367142916889,1262.069957677282,1226.0102219573755,-36.059735719906485,-36.05973571990648
RWA,1970,1971,22.04371457939205,-0.1314767364599477,239.6129324157428,261.5251702586749,21.912237842932115,21.9122378429321
RWA,1971,1972,-18.184934626071907,-0.13390112677132482,261.5251702586749,243.20633450583168,-18.318835752843228,-18.31883575284323
RWA,1972,1973,2.788596451924632,-0.14075966026963518,243.20633450583168,245.8541712974867,2.64783679165501,2.647836791654997
RWA,1973,1974,64.31397876701587,-0.10850949776026694,245.8541712974867,310.05964056674225,64.20546926925556,64.2054692692556
RWA,1974,1975,4.7867088247668335,-0.08419460836040482,310.05964056674225,314.7621547831487,4.702514216406428,4.702514216406429
RWA,1975,1976,13.930051558918201,-0.06757858810133846,314.7621547831487,328.62462775396557,13.862472970816896,13.862472970816862
RWA,1976,1977,1.3376023505443477,-0.025840278861076788,328.62462775396557,329.93638982564886,1.3117620716832903,1.311762071683271
RWA,1977,1978,-15.874511060227338,-0.01873197993550449,329.93638982564886,314.043146785486,-15.893243040162872,-15.893243040162842
RWA,1978,1979,47.124388145332524,3.4157032824926485,314.043146785486,364.5832382133112,50.54009142782519,50.540091427825175
RWA,1979,1980,-9.335429093294259,3.7977291333528322,364.5832382133112,359.0455382533697,-5.537699959941449,-5.537699959941427
RWA,1980,1981,-11.869100699570806,4.802083253704523,359.0455382533697,351.97852080750346,-7.06701744586627,-7.067017445866283
RWA,1981,1982,-26.04426640305868,4.458697345599047,351.97852080750346,330.39295175004384,-21.585569057459622,-21.58556905745963
RWA,1982,1983,-15.855603800127453,4.566216706800405,330.39295175004384,319.1035646567168,-11.289387093327036,-11.289387093327047
RWA,1983,1984,8.879877852315413,4.537124022160053,319.1035646567168,332.52056653119223,13.417001874475432,13.417001874475467
RWA,1984,1985,-3.593080243429932,4.592541864208133,332.52056653119223,333.52002815197045,0.9994616207782201,0.9994616207782014
RWA,1985,1986,-50.20964519240571,5.060259692684688,333.52002815197045,288.37064265224944,-45.14938549972101,-45.14938549972102
RWA,1986,1987,-18.267557826835354,5.083789661320229,288.37064265224944,275.1868744867343,-13.183768165515119,-13.183768165515126
RWA,1987,1988,-17.83516951460164,5.158297926340533,275.1868744867343,262.5100028984732,-12.676871588261122,-12.676871588261104
RWA,1988,1989,-5.979844385893503,5.108629707866382,262.5100028984732,261.6387882204461,-0.8712146780271155,-0.8712146780271208
RWA,1989,1990,14.059395516178673,1.8985158088448533,261.6387882204461,277.5966995454696,15.957911325023531,15.957911325023527
RWA,1990,1991,-4.0935055372233755,2.396252000839641,277.5966995454696,275.89944600908586,-1.697253536383755,-1.6972535363837347
RWA,1991,1992,4.74904101400133,2.478250536228228,275.89944600908586,283.1267375593154,7.227291550229552,7.227291550229558
RWA,1992,1993,-14.324915907855146,2.1745499302080527,283.1267375593154,270.97637158166833,-12.150365977647084,-12.150365977647095
RWA,1993,1994,-80.90765887818904,1.9161725600017268,270.97637158166833,191.98488526348103,-78.9914863181873,-78.99148631818731
RWA,1994,1995,111.2200315687758,3.001638389452948,191.98488526348103,306.2065552217098,114.22166995822874,114.22166995822874
RWA,1995,1996,35.61152848316886,3.096304135692382,306.2065552217098,344.91438784057107,38.70783261886129,38.70783261886125
RWA,1996,1997,54.25319461905015,3.6997726351704596,344.91438784057107,402.8673550947916,57.95296725422054,57.95296725422061
RWA,1997,1998,10.427605207087801,4.050656528326982,402.8673550947916,417.3456168302064,14.478261735414776,14.478261735414783
RWA,1998,1999,-73.5991393515443,3.707874535874961,417.3456168302064,347.4543520145371,-69.89126481566927,-69.89126481566933
RWA,1999,2000,9.14905077655299,1.9300789840851744,347.4543520145371,358.53348177517523,11.079129760638125,11.079129760638164
RWA,2000,2001,17.377280767911415,0.6637795822724681,358.53348177517523,376.57454212535913,18.041060350183898,18.041060350183884
RWA,2001,2002,22.50704928723514,8.177240744793549,376.57454212535913,407.2588321573878,30.684290032028684,30.68429003202869
RWA,2002,2003,-34.44214957065321,29.497120705436075,407.2588321573878,402.3138032921707,-4.945028865217125,-4.945028865217132
RWA,2003,2004,-20.02996508012614,35.89169972981961,402.3138032921707,418.17553794186415,15.86173464969346,15.861734649693467
RWA,2004,2005,-11.95133268785314,40.4676899593798,418.17553794186415,446.6918952133908,28.516357271526658,28.516357271526658
RWA,2005,2006,18.883141633885483,5.079109477778733,446.6918952133908,470.654146325055,23.962251111664216,23.962251111664216
RWA,2006,2007,23.436643946571728,6.797966265234383,470.654146325055,500.88875653686114,30.234610211806114,30.23461021180611
RWA,2007,2008,32.80260921509389,9.311963135247904,500.88875653686114,543.0033288872029,42.114572350341746,42.11457235034179
RWA,2008,2009,18.680985775792657,-0.18284343997660457,543.0033288872029,561.501471223019,18.49814233581617,18.498142335816052
RWA,2009,2010,23.88080292789088,2.38428366005126,561.501471223019,587.7665578109611,26.26508658794205,26.26508658794214
RWA,2010,2011,35.14774175554365,-0.939663111796242,587.7665578109611,621.9746364547085,34.2080786437474,34.208078643747406
RWA,2011,2012,40.688014346763026,2.552317766280267,621.9746364547085,665.2149685677518,43.24033211304334,43.240332113043294
RWA,2012,2013,-41.98889218773661,58.8180309487535,665.2149685677518,682.0441073287687,16.829138761016907,16.829138761016893
RWA,2013,2014,-31.588189783899185,61.06577039600906,682.0441073287687,711.5216879408786,29.47758061210982,29.477580612109872
RWA,2014,2015,30.487664852541972,9.743472933505561,711.5216879408786,751.7528257269261,40.2311377860475,40.23113778604753
RWA,2015,2016,20.801277589493125,1.9769719458957595,751.7528257269261,774.531075262315,22.77824953538891,22.778249535388884
RWA,2016,2017,23.1626647726508,5.042145594453393,774.531075262315,802.7358856294193,28.2048103671043,28.204810367104194
SEN,1970,1971,-140.99094823226193,59.26736575161976,1866.4261942467208,1784.7026117660787,-81.72358248064211,-81.72358248064216
SEN,1971,1972,25.705966078625792,0.5082726976130747,1784.7026117660787,1810.9168505423177,26.21423877623897,26.214238776238865
SEN,1972,1973,-138.14562310551227,-28.932853932763663,1810.9168505423177,1643.8383735040416,-167.0784770382761,-167.07847703827593
SEN,1973,1974,31.0648926782844,-27.972881122248715,1643.8383735040416,1646.9303850600772,3.0920115560356862,3.0920115560356862
SEN,1974,1975,-48.71162663528962,52.900476794718855,1646.9303850600772,1651.1192352195067,4.188850159429421,4.188850159429236
SEN,1975,1976,8.665587073497484,21.928322000373893,1651.1192352195067,1681.713144293378,30.593909073871373,30.593909073871377
SEN,1976,1977,-95.53678010132974,-11.694416539525182,1681.713144293378,1574.481947652523,-107.23119664085493,-107.23119664085492
SEN,1977,1978,-166.54801652185836,14.0017764616208,1574.481947652523,1421.9357075922856,-152.54624006023755,-152.54624006023755
SEN,1978,1979,36.72558175046946,24.142274574564805,1421.9357075922856,1482.80356391732,60.86785632503438,60.86785632503427
SEN,1979,1980,-125.20779295483759,7.572893584227323,1482.80356391732,1365.1686645467096,-117.63489937061036,-117.63489937061027
SEN,1980,1981,-6.587569787379689,18.414216375710996,1365.1686645467096,1376.995311135041,11.826646588331414,11.826646588331307
SEN,1981,1982,-30.651893294095053,29.702964973305917,1376.995311135041,1376.0463828142515,-0.9489283207894914,-0.9489283207891361
SEN,1982,1983,-121.08764932777699,-5.957463044692451,1376.0463828142515,1249.0012704417823,-127.04511237246925,-127.04511237246943
SEN,1983,1984,-9.81191876768774,3.5515800191181883,1249.0012704417823,1242.7409316932126,-6.260338748569666,-6.260338748569551
SEN,1984,1985,0.052203170212052896,0.5931533941562219,1242.7409316932126,1243.3862882575809,0.645356564368285,0.6453565643682748
SEN,1985,1986,-32.160070507599855,15.65324288790859,1243.3862882575809,1226.8794606378897,-16.506827619691194,-16.506827619691265
SEN,1986,1987,-31.4097531320636,25.44506490473783,1226.8794606378897,1220.914772410564,-5.964688227325723,-5.9646882273257695
SEN,1987,1988,-84.51264438041898,10.49522730817551,1220.914772410564,1146.8973553383205,-74.01741707224346,-74.01741707224346
SEN,1988,1989,-13.360802473130557,10.662533073969312,1146.8973553383205,1144.1990859391592,-2.6982693991612905,-2.6982693991612443
SEN,1989,1990,-73.32818542412772,2.8458900113703507,1144.1990859391592,1073.7167905264018,-70.48229541275737,-70.48229541275737
SEN,1990,1991,-24.109214089930784,3.185946661659127,1073.7167905264018,1052.7935230981302,-20.92326742827163,-20.923267428271657
SEN,1991,1992,-18.673784913943578,12.075224058473886,1052.7935230981302,1046.1949622426605,-6.598560855469714,-6.598560855469692
SEN,1992,1993,14.87927934167098,0.19208998814458855,1046.1949622426605,1061.266331572476,15.071369329815525,15.071369329815568
SEN,1993,1994,-7.007440763057011,4.875854868179836,1061.266331572476,1059.1347456775989,-2.131585894877162,-2.1315858948771753
SEN,1994,1995,9.980027557363467,20.95499489251343,1059.1347456775989,1090.0697681274758,30.935022449876897,30.935022449876897
SEN,1995,1996,-10.297540633261677,13.238330117221704,1090.0697681274758,1093.0105576114358,2.9407894839600885,2.9407894839600264
SEN,1996,1997,-9.232618512274744,20.35547504979653,1093.0105576114358,1104.1334141489576,11.122856537521784,11.122856537521788
SEN,1997,1998,-18.009803919717037,36.204727475060565,1104.1334141489576,1122.3283377043012,18.19492355534362,18.19492355534353
SEN,1998,1999,20.8000298256483,23.13506374215204,1122.3283377043012,1166.2634312721016,43.93509356780032,43.93509356780034
SEN,1999,2000,-5.386832078386879,19.04899917469291,1166.2634312721016,1179.9255983684075,13.662167096305893,13.66216709630603
SEN,2000,2001,-2.1754084719295177,13.797175603218548,1179.9255983684075,1191.5473654996965,11.621767131289062,11.62176713128903
SEN,2001,2002,-54.87620219484583,21.423043340567293,1191.5473654996965,1158.094206645418,-33.45315885427863,-33.45315885427854
SEN,2002,2003,27.99877779729464,21.257499998458055,1158.094206645418,1207.3504844411707,49.256277795752794,49.256277795752695
SEN,2003,2004,2.870923549215351,25.58036762798999,1207.3504844411707,1235.801775618376,28.45129117720535,28.45129117720534
SEN,2004,2005,15.588696126967267,17.647337388782937,1235.801775618376,1269.0378091341263,33.23603351575025,33.23603351575021
SEN,2005,2006,-34.69071646964777,9.944799893944934,1269.0378091341263,1244.2918925584233,-24.74591657570295,-24.745916575702836
SEN,2006,2007,-19.256691875393795,16.214373794830188,1244.2918925584233,1241.2495744778598,-3.0423180805635184,-3.042318080563607
SEN,2007,2008,26.856121814278506,-2.6988431466625618,1241.2495744778598,1265.406853145476,24.157278667616083,24.157278667615945
SEN,2008,2009,11.29163941771968,-1.6994876134342496,1265.406853145476,1274.9990049497612,9.592151804285322,9.592151804285429
SEN,2009,2010,6.265974270870601,3.2315929467678925,1274.9990049497612,1284.4965721673998,9.497567217638561,9.497567217638494
SEN,2010,2011,-49.49076605410367,14.33660439060285,1284.4965721673998,1249.342410503899,-35.15416166350087,-35.15416166350082
SEN,2011,2012,9.719870570890084,7.3817923203067455,1249.342410503899,1266.4440733950958,17.10166289119684,17.10166289119683
SEN,2012,2013,-19.61662831465422,12.967450652187752,1266.4440733950958,1259.7948957326294,-6.6491776624664,-6.649177662466469
SEN,2013,2014,-11.496326163648288,10.308054856722405,1259.7948957326294,1258.6066244257033,-1.1882713069260262,-1.1882713069258823
SEN,2014,2015,36.70899290971365,18.41394418180542,1258.6066244257033,1313.7295615172225,55.122937091519134,55.12293709151907
SEN,2015,2016,27.227930602373412,6.331969651435324,1313.7295615172225,1347.2894617710313,33.55990025380879,33.559900253808735
SEN,2016,2017,46.8245007997791,8.163309483327684,1347.2894617710313,1402.277272054138,54.98781028310668,54.98781028310678
SLE,2001,2002,607.6620163995985,49.70576142684852,3053.6997795259012,3711.067557352348,657.3677778264469,657.3677778264471
SLE,2002,2003,121.86994435876505,8.337669747979003,3711.067557352348,3841.2751714590922,130.20761410674413,130.20761410674405
SLE,2003,2004,1.5193227653927934,-5.554728721894911,3841.2751714590922,3837.2397655025907,-4.035405956501563,-4.035405956502117
SLE,2004,2005,48.36062934299541,4.3351370902298,3837.2397655025907,3889.9355319358156,52.69576643322489,52.69576643322521
SLE,2005,2006,76.72185733466237,4.298956838504061,3889.9355319358156,3970.956346108982,81.0208141731664,81.02081417316643
SLE,2006,2007,232.37232444257086,10.73145395951574,3970.956346108982,4214.060124511068,243.1037784020864,243.1037784020866
SLE,2007,2008,126.35885935653047,12.310197999113889,4214.060124511068,4352.729181866713,138.66905735564433,138.66905735564436
SLE,2008,2009,96.54360058134945,7.023296359160312,4352.729181866713,4456.296078807223,103.56689694051056,103.56689694050976
SLE,2009,2010,147.09722252559703,16.680245896068314,4456.296078807223,4620.073547228889,163.77746842166562,163.77746842166533
SLE,2010,2011,210.60679942569877,16.128554073704905,4620.073547228889,4846.8089007282915,226.73535349940266,226.7353534994037
SLE,2011,2012,680.6503137420201,66.42234480985933,4846.8089007282915,5593.881559280171,747.0726585518796,747.0726585518794
SLE,2012,2013,1030.6439961419717,173.1257096860126,5593.881559280171,6797.651265108156,1203.7697058279846,1203.7697058279844
SLE,2013,2014,218.78235147571834,36.555531795287536,6797.651265108156,7052.989148379162,255.33788327100592,255.33788327100586
SLE,2014,2015,-1730.061620394973,-51.65286389303904,7052.989148379162,5271.274664091149,-1781.7144842880125,-1781.714484288012
SLE,2015,2016,179.02439403548698,7.901599613905982,5271.274664091149,5458.200657740543,186.9259936493936,186.92599364939295
SLE,2016,2017,-426.33617335223585,3.561484269822783,5458.200657740543,5035.425968658129,-422.7746890824137,-422.7746890824131
SWZ,1991,1992,1.947079190505193,0.06483554539712816,95.27141043808547,97.2833251739878,2.0119147359023373,2.0119147359023213
SWZ,1992,1993,-2.517887766777003,-0.04212784571256409,97.2833251739878,94.72330956149823,-2.560015612489579,-2.5600156124895674
SWZ,1993,1994,0.9637178721683058,-0.04966232983981214,94.72330956149823,95.63736510382672,0.914055542328498,0.9140555423284937
SWZ,1994,1995,3.3065618371667522,0.12516667776883675,95.63736510382672,99.06909361876231,3.4317285149355854,3.431728514935589
SWZ,1995,1996,1.9009454825988206,-0.06425409252494044,99.06909361876231,100.90578500883619,1.8366913900738808,1.8366913900738802
SWZ,1996,1997,0.5644263118664061,0.10728504296926486,100.90578500883619,101.57749636367186,0.671711354835665,0.671711354835671
SWZ,1997,1998,0.18043543458119649,0.042238728573385315,101.57749636367186,101.80017052682643,0.22267416315457922,0.2226741631545818
SWZ,1998,1999,2.7127602832106965,-0.10628974122600202,101.80017052682643,104.40664106881114,2.606470541984706,2.6064705419846943
SWZ,1999,2000,-1.6553230715275393,-0.0020556059468146842,104.40664106881114,102.74926239133677,-1.6573786774743695,-1.657378677474354
SWZ,2000,2001,-0.5654528175547728,0.017596773139316825,102.74926239133677,102.20140634692133,-0.5478560444154397,-0.547856044415456
SWZ,2001,2002,4.346649452130839,-0.033621778167598176,102.20140634692133,106.51443402088456,4.313027673963234,4.313027673963241
SWZ,2002,2003,4.550813188054121,-0.1561105327247353,106.51443402088456,110.90913667621395,4.394702655329382,4.394702655329386
SWZ,2003,2004,2.4437186227489844,-0.011135834992737459,110.90913667621395,113.34171946397021,2.4325827877562602,2.432582787756247
SWZ,2004,2005,5.719005984420731,0.030703892671939126,113.34171946397021,119.09142934106288,5.74970987709267,5.74970987709267
SWZ,2005,2006,4.865629049645515,-0.022080201993200627,119.09142934106288,123.93497818871518,4.8435488476523005,4.843548847652314
SWZ,2006,2007,2.430689945009262,0.026762994938753504,123.93497818871518,126.3924311286632,2.457452939948027,2.4574529399480154
SWZ,2007,2008,-3.8748923939802884,-0.13775808727456007,126.3924311286632,122.37978064740835,-4.012650481254852,-4.012650481254848
SWZ,2008,2009,-1.963764491958409,-0.07086757228923568,122.37978064740835,120.34514858316071,-2.0346320642476456,-2.0346320642476448
SWZ,2009,2010,-0.6770265787401035,-0.15076528398467387,120.34514858316071,119.51735672043593,-0.82779186272478,-0.8277918627247773
SWZ,2010,2011,-2.177030181481141,-0.1282159180307394,119.51735672043593,117.21211062092405,-2.3052460995118764,-2.3052460995118804
SWZ,2011,2012,0.6377540546121828,-0.002605875366981189,117.21211062092405,117.84725880016924,0.6351481792451921,0.6351481792452016
SWZ,2012,2013,-0.038223260282566285,-0.1708726436438313,117.84725880016924,117.63816289624285,-0.20909590392639643,-0.2090959039263976
SWZ,2013,2014,-3.546004885607563,-0.15108326280979106,117.63816289624285,113.9410747478255,-3.6970881484173503,-3.6970881484173543
SWZ,2014,2015,-1.655772894418104,-0.05551175672679429,113.9410747478255,112.2297900966806,-1.7112846511448936,-1.7112846511448983
SWZ,2015,2016,-3.045149504519765,0.01439844074327603,112.2297900966806,109.19903903290412,-3.030751063776478,-3.030751063776489
SWZ,2016,2017,-1.6677283421105757,-0.020169828764208225,109.19903903290412,107.51114086202932,-1.6878981708748029,-1.687898170874784
TZA,1960,1961,-146.66821704099294,79.68858218593542,1048.395423119106,981.4157882640483,-66.97963485505772,-66.97963485505753
TZA,1961,1962,83.09774468878453,-30.192011115158962,981.4157882640483,1034.3215218376738,52.905733573625525,52.90573357362557
TZA,1962,1963,56.65061054632651,-32.82693806393772,1034.3215218376738,1058.1451943200627,23.82367248238893,23.823672482388794
TZA,1963,1964,87.0892561286924,-14.572582018480247,1058.1451943200627,1130.6618684302748,72.51667411021208,72.51667411021215
TZA,1964,1965,19.376201391571495,-2.5242521385220833,1130.6618684302748,1147.5138176833243,16.851949253049497,16.851949253049412
TZA,1965,1966,98.73158617895741,23.151226691360698,1147.5138176833243,1269.3966305536424,121.88281287031805,121.8828128703181
TZA,1966,1967,34.9995411450852,11.252363839310433,1269.3966305536424,1315.648535538038,46.25190498439565,46.25190498439564
TZA,1967,1968,-1.6305484235135062,18.297522630194216,1315.648535538038,1332.3155097447188,16.666974206680834,16.66697420668071
TZA,1968,1969,-18.287671290019787,-8.049971867144817,1332.3155097447188,1305.9778665875542,-26.33764315716462,-26.337643157164607
TZA,1969,1970,-17.22655654032052,43.827453719756036,1305.9778665875542,1332.5787637669896,26.60089717943538,26.600897179435517
TZA,1970,1971,-16.692628327165828,49.906018963538926,1332.5787637669896,1365.7921544033627,33.213390636373106,33.2133906363731
TZA,1971,1972,-4.3491351377493395,43.09270934504197,1365.7921544033627,1404.5357286106555,38.743574207292795,38.743574207292625
TZA,1972,1973,-28.130761798237074,29.889425426332046,1404.5357286106555,1406.2943922387503,1.758663628094837,1.758663628094972
TZA,1973,1974,-55.432482392134006,41.75117968473451,1406.2943922387503,1392.6130895313509,-13.681302707399482,-13.681302707399496
TZA,1974,1975,-13.796840265372012,29.302749303760166,1392.6130895313509,1408.118998569739,15.505909038388154,15.505909038388154
TZA,1975,1976,-30.569311031159685,44.667335125249124,1408.118998569739,1422.2170226638284,14.098024094089396,14.098024094089439
TZA,1976,1977,-38.21478357386109,-4.731844491278355,1422.2170226638284,1379.270394598689,-42.94662806513929,-42.94662806513944
TZA,1977,1978,-52.3659586435016,10.761974748864159,1379.270394598689,1337.6664107040515,-41.60398389463762,-41.60398389463744
TZA,1978,1979,-20.381280541842994,39.863489352018526,1337.6664107040515,1357.148619514227,19.482208810175507,19.482208810175532
TZA,1979,1980,-13.516706474915319,17.896969814387496,1357.148619514227,1361.528882853699,4.380263339472094,4.380263339472178
TZA,1980,1981,-16.059387722451262,-17.809248887618395,1361.528882853699,1327.6602462436294,-33.86863661006964,-33.86863661006966
TZA,1981,1982,-16.874057063798762,-4.818085959254028,1327.6602462436294,1305.9681032205767,-21.692143023052722,-21.69214302305279
TZA,1982,1983,-49.382540525609656,-45.21061373023,1305.9681032205767,1211.374948964737,-94.59315425583964,-94.59315425583966
TZA,1983,1984,-23.312510072766724,22.296896213650385,1211.374948964737,1210.3593351056209,-1.015613859116229,-1.015613859116339
TZA,1984,1985,-32.026511049213006,14.531538304240717,1210.3593351056209,1192.8643623606486,-17.4949727449723,-17.494972744972287
TZA,1985,1986,-6.379315305008875,-3.17604084330844,1192.8643623606486,1183.309006212331,-9.555356148317514,-9.555356148317316
TZA,1986,1987,-4.598318615143267,37.843171637498905,1183.309006212331,1216.5538592346868,33.244853022355755,33.24485302235564
TZA,1987,1988,-13.279216946954783,28.16870920891565,1216.5538592346868,1231.4433514966477,14.889492261960868,14.889492261960868
TZA,1988,1989,-14.110899507382758,15.491728898945846,1231.4433514966477,1232.8241808882108,1.3808293915631111,1.380829391563088
TZA,1989,1990,33.85950862132381,24.44366585602576,1232.8241808882108,1291.1273553655603,58.30317447734956,58.30317447734957
TZA,1990,1991,-18.58373959632098,12.530948048620559,1291.1273553655603,1285.07456381786,-6.052791547700281,-6.052791547700423
TZA,1991,1992,-0.6210854397058405,7.04163572630879,1285.07456381786,1291.4951141044628,6.420550286602747,6.42055028660295
TZA,1992,1993,-6.4067391669079665,-22.535107388113637,1291.4951141044628,1262.5532675494412,-28.941846555021584,-28.941846555021606
TZA,1993,1994,-6.939514695113126,-3.0039190857124254,1262.5532675494412,1252.6098337686158,-9.943433780825444,-9.94343378082555
TZA,1994,1995,1.2530894349225221,-5.5600729468672565,1252.6098337686158,1248.3028502566708,-4.3069835119449635,-4.306983511944734
TZA,1995,1996,-2.1221389630814116,14.673663243905139,1248.3028502566708,1260.8543745374948,12.551524280823969,12.551524280823728
TZA,1996,1997,3.988570323721771,26.22289324902433,1260.8543745374948,1291.0658381102407,30.21146357274597,30.2114635727461
TZA,1997,1998,3.6346521117329407,31.65716737626402,1291.0658381102407,1326.3576575982377,35.29181948799692,35.29181948799696
TZA,1998,1999,19.00118917676607,9.50284685226017,1326.3576575982377,1354.861693627264,28.504036029026338,28.50403602902624
TZA,1999,2000,11.487238636791416,8.70828143197363,1354.861693627264,1375.057213696029,20.195520068765063,20.195520068765045
TZA,2000,2001,30.858284175272,11.647570591133608,1375.057213696029,1417.5630684624348,42.50585476640572,42.505854766405605
TZA,2001,2002,-16.469419427015282,76.43825844850738,1417.5630684624348,1477.5319074839267,59.96883902149193,59.9688390214921
TZA,2002,2003,-24.035940598861053,79.83082657349034,1477.5319074839267,1533.326793458556,55.794885974629324,55.79488597462929
TZA,2003,2004,-18.565549287182506,86.40657616879311,1533.326793458556,1601.1678203401666,67.84102688161056,67.8410268816106
TZA,2004,2005,-32.60263597096622,100.52295685727951,1601.1678203401666,1669.08814122648,67.92032088631345,67.92032088631329
TZA,2005,2006,-41.028075831187905,94.20931325452631,1669.08814122648,1722.2693786498185,53.181237423338416,53.1812374233384
TZA,2006,2007,38.61657356548173,22.888273804884754,1722.2693786498185,1783.7742260201849,61.504847370366406,61.504847370366484
TZA,2007,2008,38.68754133969821,7.4667058513927955,1783.7742260201849,1829.9284732112758,46.15424719109092,46.154247191091
TZA,2008,2009,29.34613440347887,7.00729658436293,1829.9284732112758,1866.2819041991177,36.353430987841875,36.353430987841804
TZA,2009,2010,71.75740554157906,17.23254654393157,1866.2819041991177,1955.2718562846283,88.9899520855106,88.98995208551062
TZA,2010,2011,77.94351336237446,30.368721336743956,1955.2718562846283,2063.5840909837466,108.31223469911833,108.31223469911842
TZA,2011,2012,42.88844525959256,7.190519242154108,2063.5840909837466,2113.6630554854933,50.07896450174667,50.07896450174667
TZA,2012,2013,32.94829471483987,36.39125763945765,2113.6630554854933,2183.002607839791,69.33955235429767,69.33955235429752
TZA,2013,2014,57.154453794372614,43.137674326288206,2183.002607839791,2283.294735960452,100.29212812066089,100.29212812066082
TZA,2014,2015,59.90939858113779,22.458297208753763,2283.294735960452,2365.662431750343,82.36769578989106,82.36769578989156
TZA,2015,2016,74.96831191393247,18.91612735183111,2365.662431750343,2459.5468710161067,93.88443926576383,93.88443926576358
TZA,2016,2017,47.96936584847828,34.618056524805596,2459.5468710161067,2542.1342933893907,82.58742237328397,82.58742237328389
UGA,1990,1991,60.88758790158829,34.16193159524829,1860.460721531309,1955.5102410281456,95.04951949683664,95.04951949683658
UGA,1991,1992,40.50712003051179,59.91624478027657,1955.5102410281456,2055.9336058389335,100.42336481078792,100.42336481078837
UGA,1992,1993,0.6371127344926641,64.52477416684496,2055.9336058389335,2121.0954927402718,65.16188690133822,65.16188690133762
UGA,1993,1994,64.85160364288363,72.8870486572454,2121.0954927402718,2258.8341450404005,137.7386523001287,137.73865230012905
UGA,1994,1995,17.240026625888476,81.09325590756156,2258.8341450404005,2357.1674275738505,98.33328253345007,98.33328253345003
UGA,1995,1996,-57.359798035844264,87.54939883185953,2357.1674275738505,2387.357028369866,30.189600796015384,30.18960079601527
UGA,1996,1997,-55.39670725804875,94.00052025326846,2387.357028369866,2425.9608413650853,38.603812995219414,38.60381299521971
UGA,1997,1998,27.357955434532904,99.62330241728034,2425.9608413650853,2552.942099216899,126.98125785181355,126.98125785181324
UGA,1998,1999,-36.160941762929994,103.95180568245276,2552.942099216899,2620.732963136422,67.79086391952296,67.79086391952276
UGA,1999,2000,-72.3824617427602,107.70376489403787,2620.732963136422,2656.054266287699,35.321303151277334,35.321303151277675
UGA,2000,2001,-56.09097751027606,111.50000551265242,2656.054266287699,2711.4632942900753,55.40902800237609,55.40902800237636
UGA,2001,2002,-117.15845430542849,113.47494340137388,2711.4632942900753,2707.779783386021,-3.683510904054401,-3.6835109040546143
UGA,2002,2003,-107.70847540063014,118.49805366170847,2707.779783386021,2718.5693616470994,10.789578261078532,10.789578261078333
UGA,2003,2004,22.88545131787999,16.684677196950517,2718.5693616470994,2758.1394901619296,39.57012851483023,39.57012851483051
UGA,2004,2005,82.02622688285076,18.728435850834636,2758.1394901619296,2858.894152895615,100.75466273368556,100.7546627336854
UGA,2005,2006,37.11471745312895,20.443925062182274,2858.894152895615,2916.4527954109262,57.55864251531102,57.55864251531122
UGA,2006,2007,39.28384820994193,19.50095868177873,2916.4527954109262,2975.2376023026472,58.78480689172102,58.78480689172066
UGA,2007,2008,91.38086408352618,23.263769509209954,2975.2376023026472,3089.882235895383,114.64463359273577,114.64463359273613
UGA,2008,2009,40.77003435287182,44.20972420732222,3089.882235895383,3174.861994455577,84.97975856019411,84.97975856019403
UGA,2009,2010,-137.7939243168749,201.9080266020861,3174.861994455577,3238.9760967407883,64.11410228521117,64.1141022852112
UGA,2010,2011,8.13799894889809,152.79418719357434,3238.9760967407883,3399.9082828832607,160.93218614247235,160.93218614247243
UGA,2011,2012,-178.30168022065226,142.38282393349397,3399.9082828832607,3363.9894265961025,-35.91885628715818,-35.91885628715829
UGA,2012,2013,386.3144719731701,-442.93139368983964,3363.9894265961025,3307.372504879433,-56.61692171666937,-56.61692171666954
UGA,2013,2014,14.415250425228312,18.08941688313555,3307.372504879433,3339.8771721877965,32.50466730836342,32.504667308363864
UGA,2014,2015,1.7677932665740328,26.648080717624524,3339.8771721877965,3368.2930461719952,28.415873984198697,28.415873984198555
UGA,2015,2016,41.49959574152824,-4.030289181407426,3368.2930461719952,3405.762352732116,37.46930656012091,37.46930656012081
UGA,2016,2017,-18.011964863734402,24.462255408575682,3405.762352732116,3412.2126432769574,6.450290544841209,6.45029054484128
ZAF,1960,1961,1.3755750408723597,1.7221284648628745,123.78701725015068,126.88472075588592,3.0977035057352396,3.0977035057352342
ZAF,1961,1962,4.671009462116664,1.4904513276501006,126.88472075588592,133.0461815456527,6.161460789766778,6.161460789766764
ZAF,1962,1963,3.9466500386381282,1.8980258743120157,133.0461815456527,138.89085745860282,5.844675912950123,5.844675912950144
ZAF,1963,1964,2.94568010247686,3.017987936833992,138.89085745860282,144.85452549791367,5.963668039310846,5.963668039310852
ZAF,1964,1965,1.5025540316756416,2.6457979019441304,144.85452549791367,149.00287743153345,4.148351933619779,4.148351933619772
ZAF,1965,1966,1.5542419234511344,1.6565022154478393,149.00287743153345,152.21362157043245,3.2107441388990026,3.2107441388989737
ZAF,1966,1967,1.9643668848282883,1.8872110409285625,152.21362157043245,156.06519949618928,3.8515779257568283,3.8515779257568505
ZAF,1967,1968,3.5230792920870284,1.451130138888808,156.06519949618928,161.0394089271651,4.974209430975833,4.9742094309758365
ZAF,1968,1969,3.234519383113186,1.7322140984671477,161.0394089271651,166.00614240874546,4.9667334815803486,4.966733481580334
ZAF,1969,1970,2.1859835288320535,2.0485380298983196,166.00614240874546,170.24066396747583,4.234521558730364,4.234521558730373
ZAF,1970,1971,3.0391064739410427,0.46785410682035267,170.24066396747583,173.74762454823724,3.5069605807614153,3.5069605807613953
ZAF,1971,1972,-0.20776852235558518,0.6575144931863245,173.74762454823724,174.19737051906796,0.449745970830719,0.4497459708307393
ZAF,1972,1973,3.845478652832755,1.0965948521007067,174.19737051906796,179.13944402400142,4.942073504933461,4.942073504933462
ZAF,1973,1974,3.35809686474974,1.110272756071174,179.13944402400142,183.60781364482233,4.4683696208209085,4.468369620820914
ZAF,1974,1975,0.6806103542638702,0.8242862500080572,183.60781364482233,185.11271024909428,1.5048966042719485,1.5048966042719274
ZAF,1975,1976,2.779325948531464,1.1372761111746574,185.11271024909428,189.0293123088004,3.916602059706122,3.9166020597061215
ZAF,1976,1977,-3.3930641208073986,0.8836415518504723,189.0293123088004,186.51988973984345,-2.50942256895695,-2.5094225689569263
ZAF,1977,1978,0.4714489266127897,1.0751694308224542,186.51988973984345,188.0665080972787,1.54661835743525,1.546618357435244
ZAF,1978,1979,1.941048648600149,1.5266496966491332,188.0665080972787,191.534206442528,3.467698345249289,3.467698345249282
ZAF,1979,1980,5.371733527513383,1.7062727864501308,191.534206442528,198.6122127564915,7.078006313963499,7.078006313963514
ZAF,1980,1981,4.396876876842294,0.3249549040918105,198.6122127564915,203.3340445374256,4.72183178093411,4.721831780934104
ZAF,1981,1982,-6.038544294783616,0.21535047959191594,203.3340445374256,197.5108507222339,-5.823193815191701,-5.8231938151917
ZAF,1982,1983,-4.020338363004157,0.1811461810310706,197.5108507222339,193.6716585402608,-3.8391921819730896,-3.8391921819730865
ZAF,1983,1984,5.436907136037535,0.2443167128084337,193.6716585402608,199.35288238910678,5.681223848845974,5.681223848845969
ZAF,1984,1985,-5.596921541260986,0.28860148209169084,199.35288238910678,194.0445623299375,-5.30832005916929,-5.308320059169295
ZAF,1985,1986,-2.820666139286322,0.04469025014044514,194.0445623299375,191.2685864407916,-2.775975889145883,-2.775975889145877
ZAF,1986,1987,-8.648786057388827,1.0285070568318997,191.2685864407916,183.6483074402347,-7.620279000556906,-7.620279000556928
ZAF,1987,1988,-4.417740584304859,0.8415974809672844,183.6483074402347,180.07216433689712,-3.5761431033375857,-3.5761431033375746
ZAF,1988,1989,-5.510173934884636,0.5411342256220297,180.07216433689712,175.1031246276345,-4.969039709262631,-4.969039709262606
ZAF,1989,1990,-8.545309104953123,0.4596355346586116,175.1031246276345,167.01745105734,-8.085673570294489,-8.085673570294512
ZAF,1990,1991,-8.363945725008273,0.15948901724306053,167.01745105734,158.81299434957478,-8.204456707765218,-8.204456707765212
ZAF,1991,1992,-4.630288026845292,-0.1822736248788277,158.81299434957478,154.00043269785067,-4.81256165172411,-4.8125616517241205
ZAF,1992,1993,-0.5507625788612345,-0.050401678221401625,154.00043269785067,153.39926844076803,-0.6011642570826439,-0.6011642570826361
ZAF,1993,1994,-1.2322129346674988,0.08826111736570619,153.39926844076803,152.25531662346623,-1.1439518173017973,-1.1439518173017926
ZAF,1994,1995,-1.6241676280148762,0.13396679087218347,152.25531662346623,150.76511578632355,-1.4902008371426803,-1.4902008371426927
ZAF,1995,1996,1.4602924557216044,0.07247407356430324,150.76511578632355,152.29788231560946,1.532766529285908,1.5327665292859076
ZAF,1996,1997,-0.5826828672139713,0.09599854823821724,152.29788231560946,151.8111979966337,-0.4866843189757617,-0.4866843189757541
ZAF,1997,1998,-3.507592929969651,0.08308541237901956,151.8111979966337,148.38669047904307,-3.4245075175906265,-3.4245075175906314
ZAF,1998,1999,0.404323001385931,0.0839204663459297,148.38669047904307,148.87493394677492,0.48824346773184857,0.4882434677318607
ZAF,1999,2000,1.7611735747930117,0.1251508160527986,148.87493394677492,150.76125833762075,1.8863243908458287,1.8863243908458103
ZAF,2000,2001,1.678928021311966,0.32547015976508653,150.76125833762075,152.7656565186978,2.0043981810770504,2.0043981810770526
ZAF,2001,2002,10.034136383616557,-1.56354730871583,152.7656565186978,161.2362455935985,8.470589074900715,8.470589074900728
ZAF,2002,2003,3.048689465614144,1.2705314095729099,161.2362455935985,165.55546646878557,4.319220875187057,4.319220875187054
ZAF,2003,2004,0.9699970614498207,1.088165366124961,165.55546646878557,167.61362889636035,2.0581624275747856,2.0581624275747816
ZAF,2004,2005,-2.7465981068312324,2.163924015709891,167.61362889636035,167.030954805239,-0.5826740911213619,-0.5826740911213415
ZAF,2005,2006,0.6979426100291576,0.3001960051470463,167.030954805239,168.02909342041522,0.9981386151762308,0.998138615176204
ZAF,2006,2007,4.209774254718555,0.1871761450672198,168.02909342041522,172.426043820201,4.396950399785766,4.396950399785775
ZAF,2007,2008,-9.567644155887114,0.2637130038361395,172.426043820201,163.12211266815,-9.303931152050978,-9.303931152050975
ZAF,2008,2009,2.5940235570021892,0.3644301286335623,163.12211266815,166.08056635378574,2.9584536856357317,2.9584536856357513
ZAF,2009,2010,10.307780611775229,-0.08549885243168931,166.08056635378574,176.3028481131293,10.22228175934356,10.22228175934354
ZAF,2010,2011,2.655623597595772,0.13455557184919364,176.3028481131293,179.09302728257427,2.7901791694449685,2.7901791694449654
ZAF,2011,2012,0.3286823523957124,-0.45351892330634047,179.09302728257427,178.96819071166362,-0.12483657091064515,-0.12483657091062805
ZAF,2012,2013,-0.723937640370609,-0.14555859512472935,178.96819071166362,178.0986944761683,-0.8694962354953191,-0.8694962354953384
ZAF,2013,2014,0.2145787255515127,0.22979165419162534,178.0986944761683,178.54306485591144,0.444370379743134,0.44437037974313803
ZAF,2014,2015,-5.35219481139654,-0.45667011021192794,178.54306485591144,172.73419993430298,-5.8088649216084605,-5.808864921608468
ZAF,2015,2016,0.6346087000252093,-0.40856380219305133,172.73419993430298,172.96024483213512,0.2260448978321392,0.22604489783215798
ZAF,2016,2017,-1.3866584653457155,0.21391520826759958,172.96024483213512,171.787501575057,-1.1727432570781104,-1.1727432570781158
ZMB,1965,1966,-3.2831653652499084,1.088564348714438,38.01488726014656,35.82028624361108,-2.1946010165354792,-2.1946010165354704
ZMB,1966,1967,-1.1961335125377999,-2.9318006600308664,35.82028624361108,31.692352071042414,-4.127934172568665,-4.127934172568667
ZMB,1967,1968,-0.1400463596019385,-0.7809661404126641,31.692352071042414,30.771339571027816,-0.9210125000145979,-0.9210125000146026
ZMB,1968,1969,0.10653247875625756,2.4067646409409367,30.771339571027816,33.28463669072501,2.5132971196971923,2.513297119697194
ZMB,1969,1970,-1.3608553133580907,-1.9808684373833871,33.28463669072501,29.94291293998353,-3.3417237507414796,-3.341723750741478
ZMB,1970,1971,-1.1750813320002704,-0.16385450476772434,29.94291293998353,28.603977103215538,-1.338935836767991,-1.3389358367679947
ZMB,1971,1972,0.9381387642791934,1.2422750462403602,28.603977103215538,30.78439091373509,2.1804138105195534,2.1804138105195534
ZMB,1972,1973,-0.8113993170135401,-0.5496291931722516,30.78439091373509,29.423362403549298,-1.3610285101857933,-1.3610285101857915
ZMB,1973,1974,-0.10908254825679997,0.20946650502156167,29.423362403549298,29.523746360314064,0.10038395676476597,0.1003839567647617
ZMB,1974,1975,-0.1205059018831105,-0.8432813187222352,29.523746360314064,28.559959139708717,-0.9637872206053473,-0.9637872206053457
ZMB,1975,1976,1.5183673985616277,-1.0739284167363758,28.559959139708717,29.004398121533967,0.4444389818252503,0.4444389818252519
ZMB,1976,1977,-0.47656276865215186,-0.8353145411374809,29.004398121533967,27.692520811744338,-1.3118773097896295,-1.3118773097896328
ZMB,1977,1978,-0.2640072552448437,-0.5445211763344879,27.692520811744338,26.883992380165004,-0.8085284315793331,-0.8085284315793316
ZMB,1978,1979,-0.4041961324337234,-0.8782883906585865,26.883992380165004,25.601507857072693,-1.282484523092311,-1.2824845230923099
ZMB,1979,1980,0.27737650771696715,0.10882984870180606,25.601507857072693,25.98771421349147,0.386206356418775,0.3862063564187732
ZMB,1980,1981,-1.197267654996423,-0.05517127648982184,25.98771421349147,24.73527528200522,-1.2524389314862496,-1.2524389314862447
ZMB,1981,1982,0.7809364193091127,-0.7942147646327383,24.73527528200522,24.721996936681595,-0.013278345323623597,-0.013278345323625595
ZMB,1982,1983,0.17730399425086613,-0.4765605949960959,24.721996936681595,24.422740335936368,-0.29925660074522753,-0.29925660074522975
ZMB,1983,1984,-0.3362422153595414,-0.6211553535066434,24.422740335936368,23.46534276707018,-0.9573975688661882,-0.9573975688661849
ZMB,1984,1985,-0.5040848731658897,-0.6271370049878943,23.46534276707018,22.334120888916395,-1.1312218781537844,-1.131221878153784
ZMB,1985,1986,0.6031420853964296,-0.8774142150242407,22.334120888916395,22.059848759288585,-0.27427212962781056,-0.2742721296278111
ZMB,1986,1987,-0.01618924188756521,-0.11267043045173603,22.059848759288585,21.930989086949282,-0.12885967233930273,-0.12885967233930123
ZMB,1987,1988,-0.2528846683880812,-0.5367987652372345,21.930989086949282,21.14130565332397,-0.7896834336253136,-0.7896834336253157
ZMB,1988,1989,0.013599935849798184,-0.541265143597788,21.14130565332397,20.613640445575978,-0.5276652077479902,-0.5276652077479898
ZMB,1989,1990,-0.3092598429731409,-0.2656293083670491,20.613640445575978,20.038751294235787,-0.5748891513401908,-0.57488915134019
ZMB,1990,1991,-0.004886115965381958,-0.6934389493815488,20.038751294235787,19.34042622888886,-0.6983250653469284,-0.6983250653469307
ZMB,1991,1992,-0.7420483936311671,-0.08637703657319054,19.34042622888886,18.5120007986845,-0.8284254302043585,-0.8284254302043577
ZMB,1992,1993,0.28012082643967917,-0.00485836376886245,18.5120007986845,18.787263261355317,0.2752624626708169,0.2752624626708167
ZMB,1993,1994,-0.10664570065337972,-0.20202644307907927,18.787263261355317,18.47859111762286,-0.30867214373245844,-0.308672143732459
ZMB,1994,1995,-0.1525706267557353,-0.571414820920193,18.47859111762286,17.754605669946933,-0.7239854476759255,-0.7239854476759283
ZMB,1995,1996,-0.058509818175959176,0.667459416397985,17.754605669946933,18.363555268168955,0.6089495982220221,0.6089495982220259
ZMB,1996,1997,-0.5180491579922668,0.6173233366546301,18.363555268168955,18.462829446831318,0.09927417866236254,0.09927417866236332
ZMB,1997,1998,-0.522888144226552,-0.18641730996851336,18.462829446831318,17.753523992636254,-0.7093054541950643,-0.7093054541950654
ZMB,1998,1999,-0.592112067323004,0.4384355282896934,17.753523992636254,17.59984745360294,-0.15367653903331302,-0.15367653903331063
ZMB,1999,2000,-0.25260903345116803,0.39671903844278134,17.59984745360294,17.743957458594558,0.1441100049916173,0.1441100049916133
ZMB,2000,2001,0.7088665398693863,-0.19601153385320386,17.743957458594558,18.25681246461074,0.5128550060161814,0.5128550060161825
ZMB,2001,2002,0.9224953262549953,-0.2817926406788614,18.25681246461074,18.897515150186873,0.6407026855761337,0.640702685576134
ZMB,2002,2003,0.9933436091740411,-0.17651725273118712,18.897515150186873,19.714341506629726,0.8168263564428528,0.816826356442854
ZMB,2003,2004,1.0221714729821678,-0.21097797834641735,19.714341506629726,20.525535001265474,0.8111934946357486,0.8111934946357504
ZMB,2004,2005,0.29287925691835803,0.1843473956054398,20.525535001265474,21.002761653789275,0.47722665252380025,0.4772266525237978
ZMB,2005,2006,0.43332344553217583,0.2849029055952648,21.002761653789275,21.720988004916716,0.7182263511274414,0.7182263511274407
ZMB,2006,2007,0.4580067077861433,0.12471716124408812,21.720988004916716,22.303711873946945,0.5827238690302288,0.5827238690302314
ZMB,2007,2008,0.42669210967586213,0.024175788571412088,22.303711873946945,22.75457977219422,0.45086789824727447,0.45086789824727425
ZMB,2008,2009,0.6057068220142373,0.25299434587747044,22.75457977219422,23.61328094008593,0.8587011678917094,0.8587011678917078
ZMB,2009,2010,0.5833042823079287,0.42890981705426945,23.61328094008593,24.625495039448126,1.0122140993621969,1.0122140993621982
ZMB,2010,2011,-0.1507222509401114,0.5559695156567641,24.625495039448126,25.030742304164782,0.40524726471665673,0.40524726471665273
ZMB,2011,2012,0.027585963104301857,0.7132979573832399,25.030742304164782,25.771626224652323,0.7408839204875406,0.7408839204875417
ZMB,2012,2013,-0.8875663136260595,0.8836882242771995,25.771626224652323,25.767748135303464,-0.0038780893488592483,-0.0038780893488600254
ZMB,2013,2014,-0.010372715295851286,0.2884225888939644,25.767748135303464,26.045798008901578,0.27804987359811406,0.2780498735981131
ZMB,2014,2015,-0.07692099611524486,0.042757280545135154,26.045798008901578,26.01163429333146,-0.03416371557011644,-0.03416371557010971
ZMB,2015,2016,0.03462750921319507,0.15057671767753392,26.01163429333146,26.196838520222194,0.18520422689073257,0.185204226890729
ZMB,2016,2017,-0.04051821232596328,0.15504646580223244,26.196838520222194,26.311366773698463,0.11452825347626927,0.11452825347626916
