iso3,year0,year1,broad_sector,employment_share_0,employment_share_1,productivity_0,productivity_1,within,structural_change
AGO,2002,2003,Agriculture,0.36960761014946547,0.36515282905001273,129.44989615142111,136.55061762973122,2.624480695935178,-0.6083031105355251
AGO,2002,2003,Manufacturing,0.08769634761684987,0.08713557732647406,4184.59057855477,4087.7581426880233,-8.491850956356556,-2.2922933206612397
AGO,2002,2003,Services,0.5426960422336845,0.5477115936235132,594.0415484233574,597.131818875657,1.6770775438946866,2.994945324072727
AGO,2003,2004,Agriculture,0.36515282905001273,0.3616630716607287,136.55061762973122,144.41624931462337,2.872157662003787,-0.5039776731783919
AGO,2003,2004,Manufacturing,0.08713557732647406,0.08745349783684524,4087.7581426880233,4510.098677649783,36.80088634226483,1.4338528734227813
AGO,2003,2004,Services,0.5477115936235132,0.550883430502426,597.131818875657,613.2620723401978,8.834726830614851,1.9451672574871721
AGO,2004,2005,Agriculture,0.3616630716607287,0.38412550292789943,144.41624931462337,131.68126797322097,-4.60577246947366,2.957881431022367
AGO,2004,2005,Manufacturing,0.08745349783684524,0.08627844097429095,4510.098677649783,5061.84945665711,48.25253555839493,-5.947960941261619
AGO,2004,2005,Services,0.550883430502426,0.5295960560978096,613.2620723401978,638.8416673866577,14.091375070056678,-13.59926175892925
AGO,2005,2006,Agriculture,0.38412550292789943,0.40218972470321096,131.68126797322097,136.46199704974177,1.8363999608805843,2.465079778608443
AGO,2005,2006,Manufacturing,0.08627844097429095,0.08404683670499928,5061.84945665711,5466.282841755367,34.893881944232696,-12.198580126817083
AGO,2005,2006,Services,0.5295960560978096,0.5137634385917897,638.8416673866577,671.2855713636343,17.18216359062283,-10.6282076887104
AGO,2006,2007,Agriculture,0.40218972470321096,0.4227580899781969,136.46199704974177,127.6827094732823,-3.530939253466553,2.62622460774638
AGO,2006,2007,Manufacturing,0.08404683670499928,0.08289015046558398,5466.282841755367,6160.759749743428,58.36858728106535,-7.126066026871853
AGO,2006,2007,Services,0.5137634385917897,0.4943517595562191,671.2855713636343,690.6559755789184,9.951805476557263,-13.4067921219369
AGO,2007,2008,Agriculture,0.4227580899781969,0.4458598861960177,127.6827094732823,118.79433500111845,-3.757632214862952,2.744362519027372
AGO,2007,2008,Manufacturing,0.08289015046558398,0.08185342557958171,6160.759749743428,6387.563749939546,18.799817702452565,-6.622146300488335
AGO,2007,2008,Services,0.4943517595562191,0.47228668822440056,690.6559755789184,761.2043623729276,34.87571914547116,-16.79602855385007
AGO,2008,2009,Agriculture,0.4458598861960177,0.4593804525223551,118.79433500111845,115.6482683440422,-1.4027049216891077,1.56363008267169
AGO,2008,2009,Manufacturing,0.08185342557958171,0.07933216400145093,6387.563749939546,6051.267368189586,-27.52701085625298,-15.256827914412945
AGO,2008,2009,Services,0.47228668822440056,0.4612873834761939,761.2043623729276,803.9368460406904,20.181983191050996,-8.842746367913644
AGO,2009,2010,Agriculture,0.4593804525223551,0.4872619910766173,115.6482683440422,112.15594142867714,-1.6043067187363995,3.127080205033232
AGO,2009,2010,Manufacturing,0.07933216400145093,0.07857666984301735,6051.267368189586,5831.331541949219,-17.447985037095382,-4.405536915832123
AGO,2009,2010,Services,0.4612873834761939,0.4341613390803654,803.9368460406904,864.3065729256472,27.84779335593415,-23.445218468787484
AGO,2010,2011,Agriculture,0.4872619910766173,0.5121794368787729,112.15594142867714,110.31836163554262,-0.8953827887648863,2.748851797036235
AGO,2010,2011,Manufacturing,0.07857666984301735,0.07716812358510058,5831.331541949219,5550.2964375353195,-22.082802613828907,-7.817849277419143
AGO,2010,2011,Services,0.4341613390803654,0.4106524395361266,864.3065729256472,952.5335474164772,38.30474138794799,-22.39301547873138
AGO,2011,2012,Agriculture,0.5121794368787729,0.5087711374777883,110.31836163554262,114.72483638343431,2.2569057549957,-0.391016591123707
AGO,2011,2012,Manufacturing,0.07716812358510058,0.07846867124921787,5550.2964375353195,5853.509518800349,23.39838452767893,7.6127681315641045
AGO,2011,2012,Services,0.4106524395361266,0.41276019127299385,952.5335474164772,970.1488845323786,7.233781159896192,2.044832996392922
AGO,2012,2013,Agriculture,0.5087711374777883,0.5032951297361753,114.72483638343431,116.44272432804728,0.8740118036401199,-0.6376412598749015
AGO,2012,2013,Manufacturing,0.07846867124921787,0.07884138922281812,5853.509518800349,5833.338469657805,-1.582795423918086,2.174190093735244
AGO,2012,2013,Services,0.41276019127299385,0.4178634810410067,970.1488845323786,997.4532373118099,11.270149875823352,5.090292900044633
AGO,2013,2014,Agriculture,0.5032951297361753,0.4977732774580391,116.44272432804728,133.15608284124136,8.411751941225225,-0.7352682193845977
AGO,2013,2014,Manufacturing,0.07884138922281812,0.07875040902032274,5833.338469657805,5541.718147986125,-22.991751286200373,-0.5041866392761329
AGO,2013,2014,Services,0.4178634810410067,0.4234763135216381,997.4532373118099,1041.6435721667865,18.46552715086827,5.846570875098694
AGO,2014,2015,Agriculture,0.4977732774580391,0.4938854503129491,133.15608284124136,142.4206623959554,4.611660129220745,-0.5537069172846948
AGO,2014,2015,Manufacturing,0.07875040902032274,0.07877088216156714,5541.718147986125,5742.98993509166,15.85023555881225,0.11757704410628847
AGO,2014,2015,Services,0.4234763135216381,0.4273436675254837,1041.6435721667865,954.6630569126652,-36.8341879480279,3.6920199954746566
AGO,2015,2016,Agriculture,0.4938854503129491,0.49442431805077885,142.4206623959554,142.65185588490283,0.11418310039822827,0.07687048287791169
AGO,2015,2016,Manufacturing,0.07877088216156714,0.0791411194430885,5742.98993509166,5512.434575224596,-18.1610490838062,2.0409087916955686
AGO,2015,2016,Services,0.4273436675254837,0.4264345625061327,954.6630569126652,879.4162508359636,-32.15624607839649,-0.7994817277338007
AGO,2016,2017,Agriculture,0.49442431805077885,0.4980233099167362,142.65185588490283,151.00077744833035,4.127909850457096,0.5434505697897781
AGO,2016,2017,Manufacturing,0.0791411194430885,0.07917284526811676,5512.434575224596,5567.689258191111,4.372917464442899,0.17663953521704037
AGO,2016,2017,Services,0.4264345625061327,0.422803844815147,879.4162508359636,899.6829351958185,8.642414678444572,-3.266494749093416
BFA,1970,1971,Agriculture,0.8837119511980641,0.8837969007635283,68.13530337523022,63.04836755058064,-4.495385983220413,0.005355931426651
BFA,1970,1971,Manufacturing,0.035348150522756756,0.03532232844694687,1983.5761230469593,2105.1144967113687,4.296156726580599,-0.05435842612257493
BFA,1970,1971,Services,0.08093989827917909,0.08088077078952477,901.850043162389,897.030965090875,-0.3900556889077668,-0.053039189108018206
BFA,1971,1972,Agriculture,0.8837969007635283,0.8838808905969422,63.04836755058064,78.80425026721117,13.925000313751704,0.006618755852245976
BFA,1971,1972,Manufacturing,0.03532232844694687,0.03529679797691248,2105.1144967113687,1980.2133424352007,-4.411799594745587,-0.05055577740073954
BFA,1971,1972,Services,0.08088077078952477,0.0808223114261453,897.030965090875,922.5675566009086,2.0654192046687463,-0.053932712033447905
BFA,1972,1973,Agriculture,0.8838808905969422,0.8839639257423111,78.80425026721117,71.30713627828258,-6.626555789440995,0.005920998426706635
BFA,1972,1973,Manufacturing,0.03529679797691248,0.035271558209919625,1980.2133424352007,2310.8542158080318,11.670564110350718,-0.058325421961450144
BFA,1972,1973,Services,0.0808223114261453,0.08076451604776931,922.5675566009086,925.2526490586386,0.21701537882664626,-0.05347532694572435
BFA,1973,1974,Agriculture,0.8839639257423111,0.8840460329463086,71.30713627828258,82.48310372702494,9.879152059958573,0.006772457024060428
BFA,1973,1974,Manufacturing,0.035271558209919625,0.03524659937775795,2310.8542158080318,2193.89397804636,-4.125369834456839,-0.054757031578560794
BFA,1973,1974,Services,0.08076451604776931,0.08070736767593348,925.2526490586386,1051.985209281343,10.235493893881506,-0.06011924190580666
BFA,1974,1975,Agriculture,0.8840460329463086,0.8841272045052694,82.48310372702494,90.53802474045023,7.120920967614484,0.0073491126134150086
BFA,1974,1975,Manufacturing,0.03524659937775795,0.03522192621641311,2193.89397804636,2135.6012240533605,-2.05462134661746,-0.05269203356931298
BFA,1974,1975,Services,0.08070736767593348,0.0806508692783175,1051.985209281343,993.5595562228866,-4.715380663095369,-0.05613452286264111
BFA,1975,1976,Agriculture,0.8841272045052694,0.884207463568977,90.53802474045023,85.37905793186837,-4.5611829026069435,0.006852443249845809
BFA,1975,1976,Manufacturing,0.03522192621641311,0.035197529717477444,2135.6012240533605,2457.5561245712993,11.339871751055462,-0.05995576537744447
BFA,1975,1976,Services,0.0806508692783175,0.08059500671354565,993.5595562228866,1077.2714765284381,6.751439141599969,-0.06017914763443006
BFA,1976,1977,Agriculture,0.884207463568977,0.8842868238294787,85.37905793186837,104.41058727223115,16.82782028588074,0.008286051405060174
BFA,1976,1977,Manufacturing,0.035197529717477444,0.03517340629920676,2457.5561245712993,2192.8820313118085,-9.315874262947322,-0.052899810459599454
BFA,1976,1977,Services,0.08059500671354565,0.08053976987131457,1077.2714765284381,1306.6185770800466,18.484231108689116,-0.07217348419836449
BFA,1977,1978,Agriculture,0.8842868238294787,0.8843652919648022,104.41058727223115,122.55018066893061,16.040603430325543,0.009616284160652497
BFA,1977,1978,Manufacturing,0.03517340629920676,0.03514955454085435,2192.8820313118085,2609.4858360605954,14.653374890224482,-0.06224082558576416
BFA,1977,1978,Services,0.08053976987131457,0.08048515349434353,1306.6185770800466,1478.2267012352936,13.82127882751157,-0.08073538676333117
BFA,1978,1979,Agriculture,0.8843652919648022,0.8844428796195201,122.55018066893061,151.6406957055276,25.726641823746572,0.01176544593957975
BFA,1978,1979,Manufacturing,0.03514955454085435,0.03512596920396308,2609.4858360605954,2757.2776507616504,5.194816451526574,-0.06503132229596777
BFA,1978,1979,Services,0.08048515349434353,0.08043115117651689,1478.2267012352936,2064.438339393499,47.18133367733373,-0.11148445533742336
BFA,1979,1980,Agriculture,0.8844428796195201,0.8845195917202507,151.6406957055276,142.11508338296468,-8.424859992706734,0.010901946591823026
BFA,1979,1980,Manufacturing,0.03512596920396308,0.03510265088525687,2757.2776507616504,3216.7333083414437,16.138825278734426,-0.07500881247680487
BFA,1979,1980,Services,0.08043115117651689,0.0803777573944924,2064.438339393499,2124.542381445052,4.834237292568174,-0.11343735281665872
BFA,1980,1981,Agriculture,0.8845195917202507,0.8844317272569097,142.11508338296468,151.83429278837136,8.59683113511393,-0.013340838652622781
BFA,1980,1981,Manufacturing,0.03510265088525687,0.03512936025406384,3216.7333083414437,2790.1650881365117,-14.973675312599102,0.07452354837137237
BFA,1980,1981,Services,0.0803777573944924,0.08043891248902646,2124.542381445052,2451.6753093053935,26.294211111308524,0.1499324353073785
BFA,1981,1982,Agriculture,0.8844317272569097,0.8844885768264987,151.83429278837136,145.4661005649321,-5.632231247680397,0.008269685206916481
BFA,1981,1982,Manufacturing,0.03512936025406384,0.03511207962066076,2790.1650881365117,2948.846562635555,5.574378683322938,-0.050957936410821414
BFA,1981,1982,Services,0.08043891248902646,0.08039934355284055,2451.6753093053935,2597.038602298598,11.692865204197098,-0.10276205472669887
BFA,1982,1983,Agriculture,0.8844885768264987,0.8847163933350156,145.4661005649321,141.7907562316208,-3.2508000787178495,0.0323022750246569
BFA,1982,1983,Manufacturing,0.03511207962066076,0.035042829273172454,2948.846562635555,3027.5760439477476,2.7643558163270283,-0.20966069309066088
BFA,1982,1983,Services,0.08039934355284055,0.08024077739181189,2597.038602298598,2569.3779514765147,-2.2238981683398467,-0.40741639799731744
BFA,1983,1984,Agriculture,0.8847163933350156,0.8850642876027502,141.7907562316208,137.90757667199486,-3.4355126146645194,0.04797725540136065
BFA,1983,1984,Manufacturing,0.035042829273172454,0.03493707926215525,3027.5760439477476,2472.3477032853816,-19.456771949458126,-0.26145079686078493
BFA,1983,1984,Services,0.08024077739181189,0.07999863313509455,2569.3779514765147,2511.031600081544,-4.68175659390826,-0.6080318803955023
BFA,1984,1985,Agriculture,0.8850642876027502,0.885590956399527,137.90757667199486,152.58984696326198,12.994753095731355,0.08036431110049168
BFA,1984,1985,Manufacturing,0.03493707926215525,0.034776987574452856,2472.3477032853816,2451.095004095547,-0.7425072361299873,-0.3923999359245677
BFA,1984,1985,Services,0.07999863313509455,0.0796320560260201,2511.031600081544,2480.9780104072884,-2.4042460947434567,-0.9094697467323863
BFA,1985,1986,Agriculture,0.885590956399527,0.8860158780997035,152.58984696326198,160.15560831470458,6.700169831114633,0.06805359337788505
BFA,1985,1986,Manufacturing,0.034776987574452856,0.03464782450336023,2451.095004095547,2569.1721756752736,4.106368328854682,-0.33184216837594305
BFA,1985,1986,Services,0.0796320560260201,0.07933629739693629,2480.9780104072884,2410.273197529399,-5.6303696204013445,-0.7128590966187367
BFA,1986,1987,Agriculture,0.8860158780997035,0.8863739307571472,160.15560831470458,139.5978221215772,-18.21452498568972,0.049983371183984784
BFA,1986,1987,Manufacturing,0.03464782450336023,0.03453898610577642,2569.1721756752736,2612.6580906205418,1.5066923493917015,-0.28435752001750636
BFA,1986,1987,Services,0.07933629739693629,0.07908708313707637,2410.273197529399,2343.978007880679,-5.25961488195716,-0.5841527443619198
BFA,1987,1988,Agriculture,0.8863739307571472,0.886490341871817,139.5978221215772,159.75441779011243,17.86628093340206,0.018597189848364986
BFA,1987,1988,Manufacturing,0.03453898610577642,0.034503601126768604,2612.6580906205418,2434.0149089495258,-6.170154369626915,-0.08612756645789665
BFA,1987,1988,Services,0.07908708313707637,0.0790060570014144,2343.978007880679,2372.1457216548724,2.227702321041016,-0.19220580105275922
BFA,1988,1989,Agriculture,0.886490341871817,0.88646168815942,159.75441779011243,152.8753616469577,-6.098216832100644,-0.004380446645222327
BFA,1988,1989,Manufacturing,0.034503601126768604,0.03451231214596441,2434.0149089495258,2657.360780884299,7.706236878547757,0.023148320772465657
BFA,1988,1989,Services,0.0790060570014144,0.07902599969461561,2372.1457216548724,2436.6047166327867,5.092651031478978,0.04859246031643783
BFA,1989,1990,Agriculture,0.88646168815942,0.8865498746748641,152.8753616469577,138.6434826636213,-12.616015469248955,0.012226485625149988
BFA,1989,1990,Manufacturing,0.03451231214596441,0.034485505198325786,2657.360780884299,2298.723777364972,-12.377392212552342,-0.06162176793548409
BFA,1989,1990,Services,0.07902599969461561,0.07896462012681013,2436.6047166327867,2425.634196306913,-0.8669563359222633,-0.1488843786235196
BFA,1990,1991,Agriculture,0.8865498746748641,0.886166755659495,138.6434826636213,162.54562228712334,21.190438887676823,-0.06227431876320646
BFA,1990,1991,Manufacturing,0.034485505198325786,0.0346019637015471,2298.723777364972,2148.924454380797,-5.165905331476449,0.25026052549286154
BFA,1990,1991,Services,0.07896462012681013,0.07923128063895796,2425.634196306913,2323.4509897391854,-8.068858089959985,0.6195726308742245
BFA,1991,1992,Agriculture,0.886166755659495,0.886004817984812,162.54562228712334,161.84361855215096,-0.6220923722813213,-0.02620857925061405
BFA,1991,1992,Manufacturing,0.0346019637015471,0.034651186385841505,2148.924454380797,2106.7665445272355,-1.4587464664860368,0.10370070450328371
BFA,1991,1992,Services,0.07923128063895796,0.07934399562934652,2323.4509897391854,2195.7532024167067,-10.117659224321276,0.24749430110605486
BFA,1992,1993,Agriculture,0.886004817984812,0.8869728892816383,161.84361855215096,172.51093949562346,9.451297750906928,0.16700288891425166
BFA,1992,1993,Manufacturing,0.034651186385841505,0.0343569216792546,2106.7665445272355,2013.4295263281565,-3.2342384143149676,-0.5924812487983611
BFA,1992,1993,Services,0.07934399562934652,0.07867018903910714,2195.7532024167067,2119.4854603473873,-6.051387393408207,-1.4281232710986245
BFA,1993,1994,Agriculture,0.8869728892816383,0.891333704270437,172.51093949562346,160.24151473091874,-10.882647133373833,0.6987835992663981
BFA,1993,1994,Manufacturing,0.0343569216792546,0.033031361192342824,2013.4295263281565,2344.3876765420855,11.370703246010939,-3.107627670027099
BFA,1993,1994,Services,0.07867018903910714,0.07563493453722016,2119.4854603473873,2056.2744429756694,-4.972822685987328,-6.2413162601570376
BFA,1994,1995,Agriculture,0.891333704270437,0.8858534049465296,160.24151473091874,171.0873063353266,9.667219606502055,-0.9376096492386229
BFA,1994,1995,Manufacturing,0.033031361192342824,0.03430274626698015,2344.3876765420855,2325.7033262670916,-0.6171695225775736,2.956864497050359
BFA,1994,1995,Services,0.07563493453722016,0.07984384878649023,2056.2744429756694,2059.394877264576,0.23601384316913127,8.667816443792661
BFA,1995,1996,Agriculture,0.8858534049465296,0.8800839897866215,171.0873063353266,193.26432035697928,19.645583382627972,-1.1150220997369
BFA,1995,1996,Manufacturing,0.03430274626698015,0.035636798703776784,2325.7033262670916,2208.4337556585087,-4.022668325423931,2.94616643324018
BFA,1995,1996,Services,0.07984384878649023,0.08427921150960173,2059.394877264576,1986.628393341532,-5.80995613907608,8.811417520501921
BFA,1996,1997,Agriculture,0.8800839897866215,0.8740103700941011,193.26432035697928,186.41739458770377,-6.025869748796828,-1.1322283587962243
BFA,1996,1997,Manufacturing,0.035636798703776784,0.03703785467916442,2208.4337556585087,2437.9323066363613,8.178593664006186,3.4156796258034388
BFA,1996,1997,Services,0.08427921150960173,0.08895177522673448,1986.628393341532,1949.7829004485945,-3.105309088699407,9.110484836921954
BFA,1997,1998,Agriculture,0.8740103700941011,0.8676167544199967,186.41739458770377,218.084695091502,27.677549033205807,-1.3943497248192946
BFA,1997,1998,Manufacturing,0.03703785467916442,0.0385106094960576,2437.9323066363613,2182.4901661157946,-9.461028879535446,3.2142729049690284
BFA,1997,1998,Services,0.08895177522673448,0.09387263608394565,1949.7829004485945,1939.628415524409,-0.9032594605194083,9.544641547488599
BFA,1998,1999,Agriculture,0.8676167544199967,0.860886592004474,218.084695091502,226.36759884142188,7.186386068678709,-1.52349070581466
BFA,1998,1999,Manufacturing,0.0385106094960576,0.040060134544382314,2182.4901661157946,2718.5401802280926,20.64361276383487,4.212446104140615
BFA,1998,1999,Services,0.09387263608394565,0.09905327345114362,1939.628415524409,2027.3017313870869,8.230125274249971,10.50271510420908
BFA,1999,2000,Agriculture,0.860886592004474,0.8538025276087523,226.36759884142188,232.82536614903063,5.559405289405203,-1.6493498867572243
BFA,1999,2000,Manufacturing,0.040060134544382314,0.04169191600951294,2718.5401802280926,2573.390234012865,-5.814726374491865,4.199210486410361
BFA,1999,2000,Services,0.09905327345114362,0.10450555638173477,2027.3017313870869,2032.5685956564128,0.521700146699594,11.082139059353082
BFA,2000,2001,Agriculture,0.8538025276087523,0.8463463839903778,232.82536614903063,259.4987402778088,22.7737942510047,-1.9348598762986173
BFA,2000,2001,Manufacturing,0.04169191600951294,0.04341186819750964,2573.390234012865,2255.7543521939383,-13.24284850640228,3.879789633639039
BFA,2000,2001,Services,0.10450555638173477,0.11024174781211266,2032.5685956564128,2040.260606873101,0.8038579118945599,11.703325408883071
BFA,2001,2002,Agriculture,0.8463463839903778,0.8384991161482117,259.4987402778088,261.3770754681069,1.589722196230689,-2.051095919000284
BFA,2001,2002,Manufacturing,0.04341186819750964,0.045226359112041266,2255.7543521939383,2109.0411639643185,-6.36909359026068,3.826836030386461
BFA,2001,2002,Services,0.11024174781211266,0.11627452473974703,2040.260606873101,2005.3206541892314,-3.851841452342313,12.097652175101468
BFA,2002,2003,Agriculture,0.8384991161482117,0.8302407626953562,261.3770754681069,280.3326605920861,15.894241372528729,-2.3150861955488304
BFA,2002,2003,Manufacturing,0.045226359112041266,0.04714221719293715,2109.0411639643185,2552.8443014891136,20.07160007274702,4.890887384276933
BFA,2002,2003,Services,0.11627452473974703,0.12261702011170664,2005.3206541892314,1943.906664490225,-7.140882464623687,12.329219023050685
BFA,2003,2004,Agriculture,0.8302407626953562,0.8215504264123817,280.3326605920861,271.4595066986021,-7.366854056039392,-2.3590744004212056
BFA,2003,2004,Manufacturing,0.04714221719293715,0.049166744165404945,2552.8443014891136,2509.619640427881,-2.03770635983971,5.080792652681168
BFA,2003,2004,Services,0.12261702011170664,0.12928282942221334,1943.906664490225,1965.0672983615743,2.5946538689797003,13.098763893190826
BFA,2004,2005,Agriculture,0.8215504264123817,0.8124062103093621,271.4595066986021,300.38407705547036,23.762993110480032,-2.746776914501322
BFA,2004,2005,Manufacturing,0.049166744165404945,0.05130770632065706,2509.619640427881,2244.0501984108105,-13.05718481380266,4.804426549283541
BFA,2004,2005,Services,0.12928282942221334,0.13628608336998088,1965.0672983615743,2003.5881604839983,4.980086046969938,14.031636694609876
BFA,2005,2006,Agriculture,0.8124062103093621,0.8027851703813813,300.38407705547036,311.8607838967333,9.323747911741977,-3.0004250538418633
BFA,2005,2006,Manufacturing,0.05130770632065706,0.05357334016151032,2244.0501984108105,2250.575353092579,0.33479072010904004,5.098979681356833
BFA,2005,2006,Services,0.13628608336998088,0.14364148945710836,2003.5881604839983,2108.4270745585977,14.288084983989117,15.508337338472696
BFA,2006,2007,Agriculture,0.8027851703813813,0.7770783685781107,311.8607838967333,301.60493435457886,-8.233243922104284,-7.753298270341587
BFA,2006,2007,Manufacturing,0.05357334016151032,0.06419523928801026,2250.575353092579,1920.0387972176693,-17.707947343700603,20.394458423012342
BFA,2006,2007,Services,0.14364148945710836,0.15872639213387899,2108.4270745585977,1961.515764483182,-21.102559397327802,29.589274406180127
BFA,2007,2008,Agriculture,0.7770783685781107,0.7483631313421528,301.60493435457886,365.1405854096086,49.372180068390634,-10.485098534513467
BFA,2007,2008,Manufacturing,0.06419523928801026,0.07690003894248161,1920.0387972176693,1554.4490256124507,-23.46912286944603,19.748963443494397
BFA,2007,2008,Services,0.15872639213387899,0.17473682971536558,1961.515764483182,1770.491724565577,-30.320556666959526,28.346347244695732
BFA,2008,2009,Agriculture,0.7483631313421528,0.7164345982906626,365.1405854096086,330.9027621341906,-25.622324636731065,-10.565239777630916
BFA,2008,2009,Manufacturing,0.07690003894248161,0.09209853043497758,1554.4490256124507,1487.904103156596,-5.117307128279646,22.61389785347537
BFA,2008,2009,Services,0.17473682971536558,0.1914668712743599,1770.491724565577,1639.3543725429888,-22.914525149694942,27.426466782563267
BFA,2009,2010,Agriculture,0.7164345982906626,0.681120842679521,330.9027621341906,372.8911080666609,30.08190375101872,-13.168185459833849
BFA,2009,2010,Manufacturing,0.09209853043497758,0.1102778671306793,1487.904103156596,1432.6711900020234,-5.086870133178873,26.04501193727844
BFA,2009,2010,Services,0.1914668712743599,0.20860129018979973,1639.3543725429888,1482.3015039588392,-30.070421372470328,25.398374927817226
BFA,2010,2011,Agriculture,0.681120842679521,0.6423040202610689,372.8911080666609,359.5801012744018,-9.06640416325634,-13.957756936377468
BFA,2010,2011,Manufacturing,0.1102778671306793,0.1320052124100613,1432.6711900020234,1373.4001402442389,-6.536284949884848,29.84033905383824
BFA,2010,2011,Services,0.20860129018979973,0.2256907673288698,1482.3015039588392,1373.0361404347957,-22.792895804172968,23.464469733077458
BFA,2011,2012,Agriculture,0.6423040202610689,0.5999504150876698,359.5801012744018,389.23462988395477,19.047222944862767,-16.485489833919168
BFA,2011,2012,Manufacturing,0.1320052124100613,0.15792002634305474,1373.4001402442389,985.803658021584,-51.1647559651941,25.546918372093646
BFA,2011,2012,Services,0.2256907673288698,0.24212955856927554,1373.0361404347957,1308.5038507944205,-14.564341966425157,21.510221640476487
BFA,2012,2013,Agriculture,0.5999504150876698,0.5541515227289691,389.23462988395477,398.90890703493653,5.80408659240467,-18.26958609422001
BFA,2012,2013,Manufacturing,0.15792002634305474,0.1887057029876761,985.803658021584,764.1028288283252,-35.01100078647652,23.52342261154929
BFA,2012,2013,Services,0.24212955856927554,0.25714277428335486,1308.5038507944205,1250.637840866488,-14.011071440015614,18.77609568511899
BFA,2013,2014,Agriculture,0.5541515227289691,0.5051772028059692,398.90890703493653,411.11136472612776,6.762010510609439,-20.13389950007845
BFA,2013,2014,Manufacturing,0.1887057029876761,0.2250285662874392,764.1028288283252,694.8540971892297,-13.067630584960439,25.239090385484683
BFA,2013,2014,Services,0.25714277428335486,0.26979423090659155,1250.637840866488,1119.0724541347463,-33.83108854386254,14.157896611744773
BFA,2014,2015,Agriculture,0.5051772028059692,0.4893321526609062,411.11136472612776,375.35981409515307,-18.06086834373178,-5.947595076779242
BFA,2014,2015,Manufacturing,0.2250285662874392,0.2375531495510467,694.8540971892297,663.4861153667589,-7.058691976841064,8.309887096158466
BFA,2014,2015,Services,0.26979423090659155,0.2731146977880471,1119.0724541347463,1186.624206898951,18.2250731834108,3.9401463797414147
BFA,2015,2016,Agriculture,0.4893321526609062,0.4845407777427932,375.35981409515307,403.36596005829165,13.704307691878148,-1.9326775438438646
BFA,2015,2016,Manufacturing,0.2375531495510467,0.2441074045521399,663.4861153667589,689.9572697190955,6.28830608864946,4.522155885596985
BFA,2015,2016,Services,0.2731146977880471,0.2713518177050669,1186.624206898951,1212.0420934965096,6.941998416503087,-2.136684866358623
BFA,2016,2017,Agriculture,0.4845407777427932,0.47851174828427756,403.36596005829165,359.4962719395044,-21.256652800410937,-2.1674136137498192
BFA,2016,2017,Manufacturing,0.2441074045521399,0.24793871786406496,689.9572697190955,692.2855996780291,0.5683625832162805,2.6523630337004644
BFA,2016,2017,Services,0.2713518177050669,0.2735495338516575,1212.0420934965096,1268.6537839487642,15.361685107575868,2.788140905417448
BWA,1968,1969,Agriculture,0.6397503575885265,0.5990613993946502,11.261145578080084,11.95254585312019,0.4423235731937134,-0.48633663852799697
BWA,1968,1969,Manufacturing,0.05120582255422587,0.09874433307900853,141.08020660104492,91.840404243997,-2.5213645821001487,4.365956023753545
BWA,1968,1969,Services,0.3090438198572476,0.3021942675263413,28.141558230792203,33.70174482933802,1.7183413055336754,-0.230841864851401
BWA,1969,1970,Agriculture,0.5990613993946502,0.5560948709940181,11.95254585312019,12.700801840221898,0.4482512787385741,-0.5457093629786944
BWA,1969,1970,Manufacturing,0.09874433307900853,0.13310287130202386,91.840404243997,86.99465300952397,-0.47849047391482136,2.9890091106256858
BWA,1969,1970,Services,0.3021942675263413,0.31080225770395803,33.70174482933802,38.56577377793029,1.4698816653467615,0.33197380187261194
BWA,1970,1971,Agriculture,0.5560948709940181,0.521459139101861,12.700801840221898,13.560340358197186,0.4779849612678574,-0.46967231301291495
BWA,1970,1971,Manufacturing,0.13310287130202386,0.12049600258590235,86.99465300952397,126.79215408798171,5.297161664188117,-1.5984520408214355
BWA,1970,1971,Services,0.31080225770395803,0.35804485831223654,38.56577377793029,40.415755198059486,0.5749784020865288,1.9093453811038803
BWA,1971,1972,Agriculture,0.521459139101861,0.461422089359275,13.560340358197186,16.99689985198635,1.7920253551036245,-1.020443721883458
BWA,1971,1972,Manufacturing,0.12049600258590235,0.13101542130093238,126.79215408798171,130.54403883659361,0.45208711437074706,1.373247405273271
BWA,1971,1972,Services,0.35804485831223654,0.4075624893397926,40.415755198059486,39.42263627313567,-0.3555811247615473,1.9521155571066806
BWA,1972,1973,Agriculture,0.461422089359275,0.4267554476479454,16.99689985198635,22.212509057783482,2.4065972970203817,-0.7700330930158436
BWA,1972,1973,Manufacturing,0.13101542130093238,0.15865973449700327,130.54403883659361,118.69441765859492,-1.5524831108919503,3.2812256563794446
BWA,1972,1973,Services,0.4075624893397926,0.41458481785505147,39.42263627313567,41.59347671523317,0.884753134540753,0.29208305758613723
BWA,1973,1974,Agriculture,0.4267554476479454,0.40525051000164025,22.212509057783482,24.208811970516756,0.8519331431643855,-0.5206089919170879
BWA,1973,1974,Manufacturing,0.15865973449700327,0.16750193797206284,118.69441765859492,111.33236178148475,-1.1680618308144013,0.9844233962308335
BWA,1973,1974,Services,0.41458481785505147,0.42724755202629683,41.59347671523317,41.87981874710862,0.11871305912932847,0.5303130119345744
BWA,1974,1975,Agriculture,0.40525051000164025,0.37166806365552496,24.208811970516756,21.35545366046408,-1.1563249103662656,-0.7171683767494863
BWA,1974,1975,Manufacturing,0.16750193797206284,0.1676041271178852,111.33236178148475,101.03941470097477,-1.7240885834293072,0.010325131482683485
BWA,1974,1975,Services,0.42724755202629683,0.4607278092265898,41.87981874710862,36.147506035275526,-2.4491165735799134,1.2102277992101667
BWA,1975,1976,Agriculture,0.37166806365552496,0.3583681630318136,21.35545366046408,21.46845855686611,0.042000311029336365,-0.28552836535058457
BWA,1975,1976,Manufacturing,0.1676041271178852,0.15354809335427402,101.03941470097477,137.35438650523466,6.08653915056359,-1.9306578942976769
BWA,1975,1976,Services,0.4607278092265898,0.4880837436139123,36.147506035275526,38.685761305009265,1.1694447896822722,1.0582851479834545
BWA,1976,1977,Agriculture,0.3583681630318136,0.345611368914196,21.46845855686611,22.137538113757792,0.23977681172541163,-0.28240401598812076
BWA,1976,1977,Manufacturing,0.15354809335427402,0.14746072705288205,137.35438650523466,137.2549919859195,-0.015261838930706557,-0.8355214129129124
BWA,1976,1977,Services,0.4880837436139123,0.5069279040329219,38.685761305009265,38.241474162819074,-0.21684933159971512,0.7206284737835715
BWA,1977,1978,Agriculture,0.345611368914196,0.3311231781708381,22.137538113757792,21.963924075343368,-0.06000298547913098,-0.3182175214762064
BWA,1977,1978,Manufacturing,0.14746072705288205,0.14530582710131604,137.2549919859195,196.5861313609541,8.749012949118482,-0.423623444948269
BWA,1977,1978,Services,0.5069279040329219,0.5235709947278459,38.241474162819074,37.08146405626111,-0.5880414919744341,0.6171501693889173
BWA,1978,1979,Agriculture,0.3311231781708381,0.3124715836431125,21.963924075343368,20.35343549529365,-0.533270097033903,-0.3796240261044346
BWA,1978,1979,Manufacturing,0.14530582710131604,0.17116533455300323,196.5861313609541,161.33320388855222,-5.1224557841200635,4.171997188160585
BWA,1978,1979,Services,0.5235709947278459,0.5163630818038843,37.08146405626111,44.49968597889202,3.8839658311437764,-0.3207498616794842
BWA,1979,1980,Agriculture,0.3124715836431125,0.2989316916832499,20.35343549529365,20.56815422835718,0.06709350255820433,-0.2784905860657474
BWA,1979,1980,Manufacturing,0.17116533455300323,0.1804700202991835,161.33320388855222,171.0293997550628,1.6596526093827302,1.591374818078699
BWA,1979,1980,Services,0.5163630818038843,0.5205982880175667,44.49968597889202,49.98068107162828,2.8301835174372645,0.21167849103863545
BWA,1980,1981,Agriculture,0.2989316916832499,0.2782295409146005,20.56815422835718,18.384444164875937,-0.652780143422185,-0.38059753489907827
BWA,1980,1981,Manufacturing,0.1804700202991835,0.17867754985009082,171.0293997550628,200.3071731110297,5.28376035186624,-0.35904468854281063
BWA,1980,1981,Services,0.5205982880175667,0.5430929092353087,49.98068107162828,32.28635508646149,-9.211635815502577,0.7262693281714703
BWA,1981,1982,Agriculture,0.2782295409146005,0.2722216997533025,18.384444164875937,18.477960070947663,0.026018887614549256,-0.11101264909106008
BWA,1981,1982,Manufacturing,0.17867754985009082,0.17096410104763768,200.3071731110297,225.61141715644175,4.521300326842975,-1.7402421154851122
BWA,1981,1982,Services,0.5430929092353087,0.5568141991990598,32.28635508646149,32.68602705295652,0.2170590110235814,0.4484944549566294
BWA,1982,1983,Agriculture,0.2722216997533025,0.27551293969233454,18.477960070947663,15.950023995943678,-0.688159055205277,0.05249535600396893
BWA,1982,1983,Manufacturing,0.17096410104763768,0.16640553061380162,225.61141715644175,305.5941363072665,13.674173678966433,-1.3930723945239727
BWA,1982,1983,Services,0.5568141991990598,0.5580815296938639,32.68602705295652,33.86546053869533,0.6567253118702125,0.042918730861273395
BWA,1983,1984,Agriculture,0.27551293969233454,0.26614253898103835,15.950023995943678,13.68864929781706,-0.6230379908267301,-0.12826812911694907
BWA,1983,1984,Manufacturing,0.16640553061380162,0.173965360842965,305.5941363072665,327.8023222446397,3.69556496487855,2.4781299048949803
BWA,1983,1984,Services,0.5580815296938639,0.5598921001759967,33.86546053869533,33.446873279697364,-0.23360581781194684,0.060557921479854115
BWA,1984,1985,Agriculture,0.26614253898103835,0.25372037333855096,13.68864929781706,13.241718727701832,-0.11894723667870975,-0.16449082342673943
BWA,1984,1985,Manufacturing,0.173965360842965,0.1722321545726919,327.8023222446397,316.4442672102644,-1.9759081425293537,-0.5484631881208055
BWA,1984,1985,Services,0.5598921001759967,0.5740474720887572,33.446873279697364,39.514955008781236,3.397471023336362,0.5593488842652969
BWA,1985,1986,Agriculture,0.25372037333855096,0.23548860808169492,13.241718727701832,14.807003509732304,0.39714463927792387,-0.26995781214688297
BWA,1985,1986,Manufacturing,0.1722321545726919,0.19149096945273142,316.4442672102644,276.4013305439652,-6.89668125745456,5.32316205754284
BWA,1985,1986,Services,0.5740474720887572,0.5730204224655735,39.514955008781236,44.6382686326748,2.941025234513991,-0.04584571697876024
BWA,1986,1987,Agriculture,0.23548860808169492,0.2138811257374704,14.807003509732304,13.926811584069732,-0.20727517141902585,-0.30092333541412825
BWA,1986,1987,Manufacturing,0.19149096945273142,0.2077013453325903,276.4013305439652,256.9806181682692,-3.718891040284683,4.1657524143461355
BWA,1986,1987,Services,0.5730204224655735,0.5784175289299393,44.6382686326748,44.25596624223672,-0.21906707727842992,0.2388541614927283
BWA,1987,1988,Agriculture,0.2138811257374704,0.19508911141940324,13.926811584069732,23.26345302663982,1.9969313823440098,-0.4371671423642981
BWA,1987,1988,Manufacturing,0.2077013453325903,0.2362962357029756,256.9806181682692,221.36941191066845,-7.3964954486200325,6.330034064942228
BWA,1987,1988,Services,0.5784175289299393,0.5686146528776211,44.25596624223672,61.04603137101071,9.711667982358197,-0.598426679015941
BWA,1988,1989,Agriculture,0.19508911141940324,0.17722067884985082,23.26345302663982,23.00583219290879,-0.05025901953571216,-0.41107816124542906
BWA,1988,1989,Manufacturing,0.2362962357029756,0.2758061616348512,221.36941191066845,192.89245135422408,-6.7289985837499176,7.621166465823317
BWA,1988,1989,Services,0.5686146528776211,0.5469731595152979,61.04603137101071,63.66221955781443,1.4876029377019295,-1.3777455019912057
BWA,1989,1990,Agriculture,0.17722067884985082,0.16274426881666548,23.00583219290879,24.062805050902508,0.1873174474195135,-0.3483430324654679
BWA,1989,1990,Manufacturing,0.2758061616348512,0.2950257972169145,192.89245135422408,168.40334891987519,-6.754245344300459,3.236650997039054
BWA,1989,1990,Services,0.5469731595152979,0.54222993396642,63.66221955781443,67.13653328973668,1.9003563590968955,-0.3184437199629673
BWA,1990,1991,Agriculture,0.16274426881666548,0.15381832009229576,24.062805050902508,24.25133029296667,0.030681402673217038,-0.2164661306927746
BWA,1990,1991,Manufacturing,0.2950257972169145,0.3036065100027614,168.40334891987519,164.88243335272486,-1.0387609221319696,1.4148088040312718
BWA,1990,1991,Services,0.54222993396642,0.5425751699049428,67.13653328973668,64.93752093586468,-1.1923703234313525,0.022418765985634543
BWA,1991,1992,Agriculture,0.15381832009229576,0.1589599892273476,24.25133029296667,23.92966667018126,-0.04947775809165394,0.12303842853014986
BWA,1991,1992,Manufacturing,0.3036065100027614,0.2787413095027364,164.88243335272486,181.4068410908964,5.016917763248883,-4.510717475801313
BWA,1991,1992,Services,0.5425751699049428,0.562298701269916,64.93752093586468,67.39417381228157,1.3329188518193564,1.3292511010029895
BWA,1992,1993,Agriculture,0.1589599892273476,0.15879186459338515,23.92966667018126,23.162564597471302,-0.12193853721425074,-0.003894197694581641
BWA,1992,1993,Manufacturing,0.2787413095027364,0.26206768532595187,181.4068410908964,176.80300985692935,-1.2832779468855722,-2.9479469396787708
BWA,1992,1993,Services,0.562298701269916,0.5791404500806631,67.39417381228157,68.6002254251437,0.6781612555768689,1.155347764970895
BWA,1993,1994,Agriculture,0.15879186459338515,0.15942330801725724,23.162564597471302,21.47400558828358,-0.26812943354487767,0.013559619612914083
BWA,1993,1994,Manufacturing,0.26206768532595187,0.24838586037441984,176.80300985692935,186.74601479944056,2.6057402904684115,-2.5550262848821554
BWA,1993,1994,Services,0.5791404500806631,0.5921908316083229,68.6002254251437,72.02416317660511,1.9829408504295338,0.9399428086651229
BWA,1994,1995,Agriculture,0.15942330801725724,0.1575750980316085,21.47400558828358,25.473581024034328,0.6376255466319476,-0.04708052681885267
BWA,1994,1995,Manufacturing,0.24838586037441984,0.24784256998412862,186.74601479944056,193.8135996361789,1.7554881404424583,-0.10529706619008547
BWA,1994,1995,Services,0.5921908316083229,0.5945823319842629,72.02416317660511,76.23940678488998,2.496228617821882,0.18232656998751062
BWA,1995,1996,Agriculture,0.1575750980316085,0.1559186772974031,25.473581024034328,24.21405141863473,-0.1984705010445545,-0.04010865682894183
BWA,1995,1996,Manufacturing,0.24784256998412862,0.24844696232401348,193.8135996361789,186.52041761278295,-1.8075609760405014,0.11273151163728957
BWA,1995,1996,Services,0.5945823319842629,0.5956343603785834,76.23940678488998,81.2362995733344,2.9710641668286337,0.08546289380067439
BWA,1996,1997,Agriculture,0.1559186772974031,0.18107951021253962,24.21405141863473,18.821473185675902,-0.840803665305708,0.4735639420415136
BWA,1996,1997,Manufacturing,0.24844696232401348,0.23038546654566405,186.52041761278295,209.27361252634057,5.652962159439586,-3.7797944691644334
BWA,1996,1997,Services,0.5956343603785834,0.5885350232417963,81.2362995733344,86.02988529153475,2.8552243631801764,-0.6107551595237287
BWA,1997,1998,Agriculture,0.18107951021253962,0.20730049460195232,18.821473185675902,14.96908677122104,-0.6975882450789281,0.392504190551951
BWA,1997,1998,Manufacturing,0.23038546654566405,0.21585917452067924,209.27361252634057,208.37493764893335,-0.20704163090432912,-3.026915194976409
BWA,1997,1998,Services,0.5885350232417963,0.5768403308773684,86.02988529153475,86.5193645719935,0.2880756997011696,-1.0118173522352447
BWA,1998,1999,Agriculture,0.20730049460195232,0.20332031256366692,14.96908677122104,15.94467405490094,0.20223972643421845,-0.06346270527963198
BWA,1998,1999,Manufacturing,0.21585917452067924,0.21056569352688173,208.37493764893335,218.9801918786542,2.289241423609486,-1.159167483727787
BWA,1998,1999,Services,0.5768403308773684,0.5861139939094513,86.5193645719935,90.06579919748886,2.0457265228056944,0.8352398724727523
BWA,1999,2000,Agriculture,0.20332031256366692,0.19955530379066905,15.94467405490094,13.334798910726168,-0.53064063006576,-0.05020563488504652
BWA,1999,2000,Manufacturing,0.21056569352688173,0.20694575613935595,218.9801918786542,227.23793888878845,1.73879822615845,-0.8225871108478234
BWA,1999,2000,Services,0.5861139939094513,0.593498940069975,90.06579919748886,83.7205877008339,-3.719017252504602,0.6182720326980571
BWA,2000,2001,Agriculture,0.19955530379066905,0.20435332211496848,13.334798910726168,14.429816001862795,0.21851646827774443,0.06923452159320691
BWA,2000,2001,Manufacturing,0.20694575613935595,0.21014582099896276,227.23793888878845,223.57113805928785,-0.7588288702734197,0.7154421425258286
BWA,2000,2001,Services,0.593498940069975,0.5855008568860687,83.7205877008339,87.46609844176182,2.2229566547614223,-0.6995611311089455
BWA,2001,2002,Agriculture,0.20435332211496848,0.20817447496856661,14.429816001862795,11.244934451365983,-0.6508411253866951,0.04296861336736106
BWA,2001,2002,Manufacturing,0.21014582099896276,0.21492513411984573,223.57113805928785,245.97318777216967,4.707697128973128,1.175582883704943
BWA,2001,2002,Services,0.5855008568860687,0.5769003909115877,87.46609844176182,93.78439529678124,3.6993682226744267,-0.8065895006872376
BWA,2002,2003,Agriculture,0.20817447496856661,0.21220025779929755,11.244934451365983,13.240746061339662,0.4154770340424402,0.05330436815980945
BWA,2002,2003,Manufacturing,0.21492513411984573,0.2169002433580263,245.97318777216967,247.89330695795655,0.41268187353133584,0.4896163606557896
BWA,2002,2003,Services,0.5769003909115877,0.5708994988426761,93.78439529678124,98.39238860465824,2.6583531406322187,-0.590442104418965
BWA,2003,2004,Agriculture,0.21220025779929755,0.21932072508062225,13.240746061339662,12.104203136085623,-0.24117470173887487,0.08618758239700557
BWA,2003,2004,Manufacturing,0.2169002433580263,0.20910683142352432,247.89330695795655,238.69068086236015,-1.9960518396677827,-1.86021480088712
BWA,2003,2004,Services,0.5708994988426761,0.5715724434958533,98.39238860465824,94.51937617879898,-2.2111008529345075,0.06360630882117126
BWA,2004,2005,Agriculture,0.21932072508062225,0.22782866507861846,12.104203136085623,10.727951536559107,-0.3018404987015215,0.09127276797445608
BWA,2004,2005,Manufacturing,0.20910683142352432,0.20213904068463537,238.69068086236015,248.31790750526815,2.013118858694625,-1.7302272162154908
BWA,2004,2005,Services,0.5715724434958533,0.5700322942367462,94.51937617879898,92.79140925567494,-0.9876582765300208,-0.14291262021663803
BWA,2005,2006,Agriculture,0.22782866507861846,0.23468987642741634,10.727951536559107,11.110635330159472,0.08718633784319253,0.07623241721964491
BWA,2005,2006,Manufacturing,0.20213904068463537,0.1949524207447976,248.31790750526815,261.5494600660118,2.674613341397055,-1.8796565649642027
BWA,2005,2006,Services,0.5700322942367462,0.570357702827786,92.79140925567494,95.56451196481379,1.5807580994445571,0.031097513191876133
BWA,2006,2007,Agriculture,0.23468987642741634,0.24053510468299333,11.110635330159472,11.746858270590943,0.1493150832701495,0.06866306787751636
BWA,2006,2007,Manufacturing,0.1949524207447976,0.1876877587475265,261.5494600660118,267.7433513455711,1.2075140987801765,-1.9450649495421757
BWA,2006,2007,Services,0.570357702827786,0.5717771365694803,95.56451196481379,101.23621102402501,3.2348972465422268,0.14369809380878426
BWA,2007,2008,Agriculture,0.24053510468299333,0.24570028699147534,11.746858270590943,11.387587871860099,-0.08641714296822439,0.05881896741201606
BWA,2007,2008,Manufacturing,0.1876877587475265,0.1774615407288977,267.7433513455711,274.6681743488578,1.2997045092101942,-2.808816633670167
BWA,2007,2008,Services,0.5717771365694803,0.576838172279627,101.23621102402501,106.93967711701814,3.26111151117273,0.5412255247207878
BWA,2008,2009,Agriculture,0.24570028699147534,0.2508903334232726,11.387587871860099,11.64826058517183,0.06404736047153889,0.06045501328671581
BWA,2008,2009,Manufacturing,0.1774615407288977,0.1675707106415654,274.6681743488578,205.46641522221748,-12.28065079576365,-2.0322334016162196
BWA,2008,2009,Services,0.576838172279627,0.581538955935162,106.93967711701814,109.10027404944731,1.2463147855354122,0.5128567850660374
BWA,2009,2010,Agriculture,0.2508903334232726,0.24900799701936743,11.64826058517183,12.986751767803279,0.3358144990945147,-0.024445435621015952
BWA,2009,2010,Manufacturing,0.1675707106415654,0.16862124970762246,205.46641522221748,241.93358699100241,6.110829888383323,0.25416068452536356
BWA,2009,2010,Services,0.581538955935162,0.5823707532730101,109.10027404944731,123.82754589039135,8.56448229015591,0.10299942302389169
BWA,2010,2011,Agriculture,0.24900799701936743,0.24743766888027643,12.986751767803279,11.941632259004164,-0.2602431155319327,-0.018752281162991043
BWA,2010,2011,Manufacturing,0.16862124970762246,0.16953038927943487,241.93358699100241,225.2810978002737,-2.8079635380833508,0.20481196079156963
BWA,2010,2011,Services,0.5823707532730101,0.5830319418402888,123.82754589039135,122.4423907567432,-0.806673838582653,0.08095750891863017
BWA,2011,2012,Agriculture,0.24743766888027643,0.24285415834055232,11.941632259004164,10.323913627037696,-0.4002845271979728,-0.04731976692072866
BWA,2011,2012,Manufacturing,0.16953038927943487,0.16732226373723597,225.2810978002737,213.44727789095958,-2.0061920958887485,-0.47131838622385486
BWA,2011,2012,Services,0.5830319418402888,0.5898235779222116,122.4423907567432,120.13364004706001,-1.3460754094917302,0.8159039643963376
BWA,2012,2013,Agriculture,0.24285415834055232,0.2402601425092449,10.323913627037696,9.939734499872767,-0.09329949857964683,-0.025783828651662465
BWA,2012,2013,Manufacturing,0.16732226373723597,0.16772262646605118,213.44727789095958,230.3706080290054,2.8316499086704177,0.09223180526931354
BWA,2012,2013,Services,0.5898235779222116,0.592017231024704,120.13364004706001,123.87681156294384,2.207810816275109,0.2717427520119208
BWA,2013,2014,Agriculture,0.2402601425092449,0.23854795773038767,9.939734499872767,9.72964821341795,-0.050475361122872535,-0.016658955574649695
BWA,2013,2014,Manufacturing,0.16772262646605118,0.1678317883861717,230.3706080290054,227.29691249593705,-0.5155282877631946,0.024812167405518684
BWA,2013,2014,Services,0.592017231024704,0.5936202538834406,123.87681156294384,127.78991713444793,2.3166259251491934,0.20485015828257483
BWA,2014,2015,Agriculture,0.23854795773038767,0.23564854362300983,9.72964821341795,9.60710856367271,-0.029231583187723707,-0.027854986100623168
BWA,2014,2015,Manufacturing,0.1678317883861717,0.16691231088148623,227.29691249593705,201.46436241151295,-4.335523079244247,-0.18524194923318552
BWA,2014,2015,Services,0.5936202538834406,0.597439145495504,127.78991713444793,125.28567465469473,-1.4865690566167928,0.4784524120505167
BWA,2015,2016,Agriculture,0.23564854362300983,0.23394181119072713,9.60710856367271,9.511281545042,-0.022581497380062095,-0.01623321268549507
BWA,2015,2016,Manufacturing,0.16691231088148623,0.16701843304126243,201.46436241151295,196.2385006222683,-0.8722606675900823,0.02082525351727952
BWA,2015,2016,Services,0.597439145495504,0.5990397557680104,125.28567465469473,130.19600214492667,2.9336218598672503,0.2083930584724288
BWA,2016,2017,Agriculture,0.23394181119072713,0.23173857003797782,9.511281545042,9.541860882775683,0.00715378565443099,-0.021023020570740226
BWA,2016,2017,Manufacturing,0.16701843304126243,0.1668842528317803,196.2385006222683,183.81175013177432,-2.075496394717045,-0.024663899137959813
BWA,2016,2017,Services,0.5990397557680104,0.6013771771302419,130.19600214492667,132.57575650021136,1.4255674677775991,0.3098854053575921
CMR,1965,1966,Agriculture,0.7939581091054317,0.7939351281500786,57.36754574026397,60.079885038802495,2.1534837807199994,-0.0013806931556982463
CMR,1965,1966,Manufacturing,0.06650137744639865,0.06649945368907233,2047.4206132727109,2045.6101200566925,-0.120400292722581,-0.003935257455268834
CMR,1965,1966,Services,0.13954051344816953,0.13956541816084905,1963.6634618270443,2016.8323160880645,7.419209223033658,0.05022862935494163
CMR,1966,1967,Agriculture,0.7939351281500786,0.7939116547080467,60.079885038802495,66.38631030325843,5.0068925505047135,-0.0015583152066157373
CMR,1966,1967,Manufacturing,0.06649945368907233,0.066497486105017,2045.6101200566925,2172.653834723241,8.44833761995585,-0.0042748790429388865
CMR,1966,1967,Services,0.13956541816084905,0.13959085918693634,2016.8323160880645,2083.6181850318053,9.32099772636884,0.05300938460133799
CMR,1967,1968,Agriculture,0.7939116547080467,0.793890376165914,66.38631030325843,69.43507218849552,2.420447593119409,-0.0014774771090528185
CMR,1967,1968,Manufacturing,0.066497486105017,0.06649570006510191,2172.653834723241,2211.6334204233453,2.592044458472019,-0.00395006556642034
CMR,1967,1968,Services,0.13959085918693634,0.1396139237689841,2083.6181850318053,2179.287696487731,13.354589302127112,0.05026435988131605
CMR,1968,1969,Agriculture,0.793890376165914,0.7938686759398349,69.43507218849552,80.44414372690115,8.739995944862295,-0.0017456561056099701
CMR,1968,1969,Manufacturing,0.06649570006510191,0.06649388630969964,2211.6334204233453,1954.0025304470719,-17.13134638736755,-0.003544082645651143
CMR,1968,1969,Services,0.1396139237689841,0.13963743775046547,2179.287696487731,2445.558391155225,37.175096467221934,0.05750481472123586
CMR,1969,1970,Agriculture,0.7938686759398349,0.7938728795187062,80.44414372690115,82.22817940414883,1.4162900409260477,0.00034565263757040424
CMR,1969,1970,Manufacturing,0.06649388630969964,0.0664942386790439,1954.0025304470719,2330.641503095984,25.044189027118822,0.0008212466181479044
CMR,1969,1970,Services,0.13963743775046547,0.13963288180224984,2445.558391155225,2349.5267135648305,-13.409617401601459,-0.010704322038250858
CMR,1970,1971,Agriculture,0.7938728795187062,0.7938554325267068,82.22817940414883,90.48961514762223,6.558529782629991,-0.0015787715915146975
CMR,1970,1971,Manufacturing,0.0664942386790439,0.0664927769179064,2330.641503095984,2226.467588603758,-6.926965134376371,-0.0032545637949430123
CMR,1970,1971,Services,0.13963288180224984,0.13965179055538687,2349.5267135648305,2484.6394616852235,18.86618238827199,0.0469814342155461
CMR,1971,1972,Agriculture,0.7938554325267068,0.7938307063545398,90.48961514762223,98.79652194337869,6.594483087304285,-0.002442859811070583
CMR,1971,1972,Manufacturing,0.0664927769179064,0.06649070721413047,2226.467588603758,2329.79719706921,6.870672604707919,-0.004821990055901656
CMR,1971,1972,Services,0.13965179055538687,0.13967858643132974,2484.6394616852235,2657.338377448904,24.11771281337189,0.07120570950034806
CMR,1972,1973,Agriculture,0.7938307063545398,0.7938205182283669,98.79652194337869,116.11139514548557,13.745078024467798,-0.0011829575438568516
CMR,1972,1973,Manufacturing,0.06649070721413047,0.06648985396915137,2329.79719706921,2596.3658140287,17.72433586272912,-0.002215336094730904
CMR,1972,1973,Services,0.13967858643132974,0.13968962780248181,2657.338377448904,3098.5945712762104,61.63404140786703,0.03421273271125207
CMR,1973,1974,Agriculture,0.7938205182283669,0.7938253744644733,116.11139514548557,138.1312290891825,17.479795992488086,0.0006707978621333097
CMR,1973,1974,Manufacturing,0.06648985396915137,0.06649025998424817,2596.3658140287,2920.902494642995,21.578396501677606,0.0011859305090862011
CMR,1973,1974,Services,0.13968962780248181,0.13968436555127847,3098.5945712762104,3237.0803047320633,19.345020562401785,-0.017034329728890286
CMR,1974,1975,Agriculture,0.7938253744644733,0.7937634542956026,138.1312290891825,153.55634342745444,12.244847165736028,-0.00950823471620191
CMR,1974,1975,Manufacturing,0.06649025998424817,0.06648507397089672,2920.902494642995,3342.8058818746513,28.052465905267756,-0.01733583593470483
CMR,1974,1975,Services,0.13968436555127847,0.13975147173350067,3237.0803047320633,3224.112400548383,-1.811413468427149,0.2163578742560319
CMR,1975,1976,Agriculture,0.7937634542956026,0.7937576695744102,153.55634342745444,173.8207098320405,16.085113476415998,-0.0010055043438420706
CMR,1975,1976,Manufacturing,0.06648507397089672,0.0664845886381345,3342.8058818746513,3986.5750270024796,42.80103923400461,-0.001934815469632746
CMR,1975,1976,Services,0.13975147173350067,0.13975774178745531,3224.112400548383,3502.3915299677074,38.88991788906788,0.021960183863203076
CMR,1976,1977,Agriculture,0.7937576695744102,0.7930723382567514,173.8207098320405,193.04125637473592,15.2564562316764,-0.13229721859380789
CMR,1976,1977,Manufacturing,0.0664845886381345,0.06672149900742011,3986.5750270024796,4233.920751409677,16.444678738613902,1.0030597287424694
CMR,1976,1977,Services,0.13975774178745531,0.1402061627358285,3502.3915299677074,3871.2038032934147,51.5443704634986,1.735928880818735
CMR,1977,1978,Agriculture,0.7930723382567514,0.7923846157105763,193.04125637473592,195.36771253536818,1.845048027164452,-0.13435878070522975
CMR,1977,1978,Manufacturing,0.06672149900742011,0.0669590865773551,4233.920751409677,4121.208578140286,-7.520325156917856,0.9791479312755674
CMR,1977,1978,Services,0.1402061627358285,0.14065629771206867,3871.2038032934147,3944.8862759257536,10.330736748667936,1.7757312900839841
CMR,1978,1979,Agriculture,0.7923846157105763,0.7916945062500447,195.36771253536818,212.5210036195951,13.592003963946793,-0.14666275515955451
CMR,1978,1979,Manufacturing,0.0669590865773551,0.06719734208512383,4121.208578140286,4415.630024908297,19.714191144369412,1.0520481737034049
CMR,1978,1979,Services,0.14065629771206867,0.14110815166483154,3944.8862759257536,4153.68149373653,29.36836231724876,1.8768574014628359
CMR,1979,1980,Agriculture,0.7916945062500447,0.7910020066730159,212.5210036195951,231.1803564735833,14.772507144683546,-0.16009229907531697
CMR,1979,1980,Manufacturing,0.06719734208512383,0.06743627797006503,4415.630024908297,4623.593829558561,13.974614922407666,1.1047424832742436
CMR,1979,1980,Services,0.14110815166483154,0.14156171535691905,4153.68149373653,4380.242115932531,31.969550638111983,1.9867187863395936
CMR,1980,1981,Agriculture,0.7910020066730159,0.7903071338147358,231.1803564735833,295.3785229420884,50.780878501315875,-0.20525051851131454
CMR,1980,1981,Manufacturing,0.06743627797006503,0.06767588948028669,4623.593829558561,6133.2757264696065,101.80732804646833,1.4696034594252145
CMR,1980,1981,Services,0.14156171535691905,0.1420169767049775,4380.242115932531,4741.989688894282,51.209606954667684,2.158844618245307
CMR,1981,1982,Agriculture,0.7903071338147358,0.7896098875966953,295.3785229420884,288.72514410666207,-5.258212757609414,-0.2013125147815888
CMR,1981,1982,Manufacturing,0.06767588948028669,0.06791617499565501,6133.2757264696065,6576.077495662833,29.967003593596203,1.5801361701473826
CMR,1981,1982,Services,0.1420169767049775,0.1424739374076497,4741.989688894282,5291.413882750909,78.02756294008758,2.417968205991166
CMR,1982,1983,Agriculture,0.7896098875966953,0.7889102672377826,288.72514410666207,315.3467081152021,21.020650164431512,-0.22062297711349274
CMR,1982,1983,Manufacturing,0.06791617499565501,0.06815713930409448,6576.077495662833,7299.5962535991475,49.138626576641705,1.758942163135826
CMR,1982,1983,Services,0.1424739374076497,0.14293259345812293,5291.413882750909,5820.299747867145,75.35245164236132,2.66951569492713
CMR,1983,1984,Agriculture,0.7889102672377826,0.7882082709149284,315.3467081152021,335.41007483012703,15.828195996761066,-0.2354566391789913
CMR,1983,1984,Manufacturing,0.06815713930409448,0.06839878660090662,7299.5962535991475,7875.277184674713,39.23676541402811,1.9030394433229798
CMR,1983,1984,Services,0.14293259345812293,0.14339294248416498,5820.299747867145,6579.474160217642,108.51076764430294,3.028854521525067
CMR,1984,1985,Agriculture,0.7882082709149284,0.7875039219650822,335.41007483012703,370.71066202608296,27.824214796006082,-0.26110966549484904
CMR,1984,1985,Manufacturing,0.06839878660090662,0.06864110898774584,7875.277184674713,7151.313998143573,-49.518203502455755,1.7329234770668516
CMR,1984,1985,Services,0.14339294248416498,0.14385496904717193,6579.474160217642,4801.74359814055,-254.91401624026275,2.218533091089508
CMR,1985,1986,Agriculture,0.7875039219650822,0.7867972188630998,370.71066202608296,284.433539445629,-67.94357240796967,-0.20101006463405868
CMR,1985,1986,Manufacturing,0.06864110898774584,0.06888411288281637,7151.313998143573,7359.477269294508,14.288557782316992,1.7883816421216456
CMR,1985,1986,Services,0.14385496904717193,0.14431866825408382,4801.74359814055,4795.966463537369,-0.8310695195218706,2.223885845518292
CMR,1986,1987,Agriculture,0.7867972188630998,0.7820188256901699,284.433539445629,291.8938609086603,5.869760178937746,-1.394783632186104
CMR,1986,1987,Manufacturing,0.06888411288281637,0.07055714178612722,7359.477269294508,7624.513658850335,18.256796576217656,12.75603172494497
CMR,1986,1987,Services,0.14431866825408382,0.14742403252370287,4795.966463537369,4834.988990529698,5.631679127441887,15.014402055192397
CMR,1987,1988,Agriculture,0.7820188256901699,0.7768049235948041,291.8938609086603,322.24723338464935,23.73690869940927,-1.6801655253700434
CMR,1987,1988,Manufacturing,0.07055714178612722,0.07224600803804229,7624.513658850335,8002.917507783411,26.69909402158731,13.515857295755657
CMR,1987,1988,Services,0.14742403252370287,0.15094906836715355,4834.988990529698,4746.0954336532295,-13.10504662010408,16.730156520065233
CMR,1988,1989,Agriculture,0.7768049235948041,0.7711317389958652,322.24723338464935,281.95826892175575,-31.296665961311845,-1.599601308790392
CMR,1988,1989,Manufacturing,0.07224600803804229,0.07394699689219271,8002.917507783411,7875.059399584535,-9.237237912664872,13.395388264465772
CMR,1988,1989,Services,0.15094906836715355,0.1549212641119421,4746.0954336532295,4396.2466884036785,-52.80934216483736,17.46275238871784
CMR,1989,1990,Agriculture,0.7711317389958652,0.7649751610021525,281.95826892175575,276.77742062933856,-3.9951165532054196,-1.7040017770031548
CMR,1989,1990,Manufacturing,0.07394699689219271,0.07565586897453658,7875.059399584535,8004.558400561376,9.576062222776573,13.678766382210421
CMR,1989,1990,Services,0.1549212641119421,0.15936897002331102,4396.2466884036785,4053.929488446133,-53.03221334468343,18.03068615003465
CMR,1990,1991,Agriculture,0.7649751610021525,0.7583108161656194,276.77742062933856,282.7051975426362,4.5346020986347,-1.8840449235043402
CMR,1990,1991,Manufacturing,0.07565586897453658,0.07736790571337547,8004.558400561376,8219.323384781308,16.248231506461565,14.071783603143242
CMR,1990,1991,Services,0.15936897002331102,0.16432127812100514,4053.929488446133,3646.9100203052785,-64.8662734170438,18.060622025119656
CMR,1991,1992,Agriculture,0.7583108161656194,0.7511144084991448,282.7051975426362,289.7277556329459,5.325281757033222,-2.084999041827399
CMR,1991,1992,Manufacturing,0.07736790571337547,0.07907782363178747,8219.323384781308,8621.924485190853,31.148403976586913,14.742783168423037
CMR,1991,1992,Services,0.16432127812100514,0.1698077678690677,3646.9100203052785,3286.0165929394766,-59.30246925021871,18.028696349125926
CMR,1992,1993,Agriculture,0.7511144084991448,0.7433619531367959,289.7277556329459,332.8064930707724,32.357060389503,-2.580067481831048
CMR,1992,1993,Manufacturing,0.07907782363178747,0.08077981421933106,8621.924485190853,8776.993156344392,12.262493028295141,14.938359739032604
CMR,1992,1993,Services,0.1698077678690677,0.17585823264387307,3286.0165929394766,3170.965582150251,-19.53655533319841,19.18581555692028
CMR,1993,1994,Agriculture,0.7433619531367959,0.7350301661344562,332.8064930707724,416.58192762551886,62.275470655500165,-3.4708718899999234
CMR,1993,1994,Manufacturing,0.08077981421933106,0.0824674851164933,8776.993156344392,8158.9137863257665,-49.92833668290571,13.769561349637739
CMR,1993,1994,Services,0.17585823264387307,0.18250234874905052,3170.965582150251,3200.148803359092,5.132109704641994,21.262160203362505
CMR,1994,1995,Agriculture,0.7350301661344562,0.7260968003044412,416.58192762551886,451.02565405469716,25.31717795952868,-4.02917716639236
CMR,1994,1995,Manufacturing,0.0824674851164933,0.08413389533201117,8158.9137863257665,7806.929701394902,-29.027242285278604,13.009547406234374
CMR,1994,1995,Services,0.18250234874905052,0.18976930436354764,3200.148803359092,3464.4860703554536,48.242172088740844,25.176266500316597
CMR,1995,1996,Agriculture,0.7260968003044412,0.7165411404743669,451.02565405469716,471.93520566135163,15.182358517392403,-4.509652287136048
CMR,1995,1996,Manufacturing,0.08413389533201117,0.08577155043335782,7806.929701394902,7337.492349846156,-39.49559300013872,12.016281777817612
CMR,1995,1996,Services,0.18976930436354764,0.1976873090922753,3464.4860703554536,3428.6711456483768,-6.796573347494818,27.148234344495958
CMR,1996,1997,Agriculture,0.7165411404743669,0.7063445319656337,471.93520566135163,524.2898492411764,37.51425601981663,-5.345978337815007
CMR,1996,1997,Manufacturing,0.08577155043335782,0.08737240911695222,7337.492349846156,7609.219920427344,23.306495024238167,12.181285784995602
CMR,1996,1997,Services,0.1976873090922753,0.20628305891741408,3428.6711456483768,3144.3937943492715,-56.19802461419955,27.028422407945204
CMR,1997,1998,Agriculture,0.7063445319656337,0.6954907410307621,524.2898492411764,569.6880714437925,32.06678601377873,-6.183275225541119
CMR,1997,1998,Manufacturing,0.08737240911695222,0.08892797116663204,7609.219920427344,8134.295349893599,45.87710524058508,12.653401147181453
CMR,1997,1998,Services,0.20628305891741408,0.2155812878026058,3144.3937943492715,3248.2007877136016,21.413624128213716,30.2025143892211
CMR,1998,1999,Agriculture,0.6954907410307621,0.6839667708765701,569.6880714437925,570.0628916263366,0.2606839665108906,-6.569387749114316
CMR,1998,1999,Manufacturing,0.08892797116663204,0.09042924830898161,8134.295349893599,8024.470485103407,-9.766502409441527,12.046954118744525
CMR,1998,1999,Services,0.2155812878026058,0.22560398081444824,3248.2007877136016,3025.104708353021,-48.09534009226628,30.319695820501497
CMR,1999,2000,Agriculture,0.6839667708765701,0.6717632555051328,570.0628916263366,540.0592561056808,-20.52148970162054,-6.590621433372652
CMR,1999,2000,Manufacturing,0.09042924830898161,0.09186692138730228,8024.470485103407,7699.083421858088,-29.42450753874126,11.068764963350352
CMR,1999,2000,Services,0.22560398081444824,0.23636982310756485,3025.104708353021,2935.755769804826,-20.157476218018367,31.60588362882591
CMR,2000,2001,Agriculture,0.6717632555051328,0.6588752397243312,540.0592561056808,561.5743759379243,14.45306694109094,-7.237579419181821
CMR,2000,2001,Manufacturing,0.09186692138730228,0.09323135127124386,7699.083421858088,7508.3664033419445,-17.520585347243188,10.24463950030276
CMR,2000,2001,Services,0.23636982310756485,0.247893409004425,2935.755769804826,2958.4723672579526,5.369518121601322,34.092210447584186
CMR,2001,2002,Agriculture,0.6588752397243312,0.6588752368581232,561.5743759379243,551.1620568513597,-6.860419234246476,-1.5797450622829188e-06
CMR,2001,2002,Manufacturing,0.09323135127124386,0.0932313505195601,7508.3664033419445,7086.859878503928,-39.29762288029443,-5.327077556486524e-06
CMR,2001,2002,Services,0.247893409004425,0.24789341262231668,2958.4723672579526,2945.133964814777,-3.306502052311778,1.0655175669806352e-05
CMR,2002,2003,Agriculture,0.6588752368581232,0.6593398172148304,551.1620568513597,505.18978994848186,-30.289988244538492,0.23470125281907894
CMR,2002,2003,Manufacturing,0.0932313505195601,0.0932970848119887,7086.859878503928,6411.101442600244,-63.001871604286016,0.42142921701734837
CMR,2002,2003,Services,0.24789341262231668,0.24736309797318096,2945.133964814777,2875.5877011392295,-17.2400606376629,-1.524966282788646
CMR,2003,2004,Agriculture,0.6593398172148304,0.6625142212852442,505.18978994848186,483.5116376280924,-14.293268988480845,1.5348613105790614
CMR,2003,2004,Manufacturing,0.0932970848119887,0.09374626582900648,6411.101442600244,5728.137605969132,-63.71853498969404,2.572970675467023
CMR,2003,2004,Services,0.24736309797318096,0.24373951288574935,2875.5877011392295,2860.2778803683245,-3.787084695305198,-10.364460273213133
CMR,2004,2005,Agriculture,0.6625142212852442,0.6595434778900586,483.5116376280924,484.7414174526397,0.8147466228122825,-1.4400423642703104
CMR,2004,2005,Manufacturing,0.09374626582900648,0.09300702009452767,5728.137605969132,5467.191594798482,-24.46271413022268,-4.041598066033184
CMR,2004,2005,Services,0.24373951288574935,0.24744950201541374,2860.2778803683245,2811.6553592650953,-11.851229608978166,10.43121081923612
CMR,2005,2006,Agriculture,0.6595434778900586,0.6568816399614438,484.7414174526397,480.4536900745175,-2.8279426272111468,-1.2788898551833157
CMR,2005,2006,Manufacturing,0.09300702009452767,0.09294925439160896,5467.191594798482,5408.380267151306,-5.469866332266736,-0.3124188877836792
CMR,2005,2006,Services,0.24744950201541374,0.2501691056469473,2811.6553592650953,2743.5457421497326,-16.853690837656988,7.46135696362878
CMR,2006,2007,Agriculture,0.6568816399614438,0.6588752423829469,480.4536900745175,441.93012645648014,-25.3054216465754,0.8810329702388316
CMR,2006,2007,Manufacturing,0.09294925439160896,0.09323134541389407,5408.380267151306,4255.788753699761,-107.13252179341718,1.200519800160608
CMR,2006,2007,Services,0.2501691056469473,0.247893412203159,2743.5457421497326,2522.975053146855,-55.17997199978088,-5.741517787287683
CMR,2007,2008,Agriculture,0.6588752423829469,0.6588752373996876,441.93012645648014,428.4747901447185,-8.865387973756018,-2.1352010088184347e-06
CMR,2007,2008,Manufacturing,0.09323134541389407,0.09323134804353604,4255.788753699761,3971.348674881214,-26.518731237887263,1.0443225178359184e-05
CMR,2007,2008,Services,0.247893412203159,0.24789341455677635,2522.975053146855,2368.523216100206,-38.28759290654009,5.574597350841195e-06
CMR,2008,2009,Agriculture,0.6588752373996876,0.6588752415293113,428.4747901447185,410.5770552027514,-11.792374358805247,1.6955287600404802e-06
CMR,2008,2009,Manufacturing,0.09323134804353604,0.09323134438924356,3971.348674881214,3810.0082692467195,-15.041983511194825,-1.392288456600485e-05
CMR,2008,2009,Services,0.24789341455677635,0.24789341408144508,2368.523216100206,2277.2560193836193,-22.624537031099653,-1.0824510056944953e-06
CMR,2009,2010,Agriculture,0.6588752415293113,0.6588752344038115,410.5770552027514,410.38693787827475,-0.12526359808346557,-2.924212067092165e-06
CMR,2009,2010,Manufacturing,0.09323134438924356,0.09323135127054805,3810.0082692467195,3582.830963432659,-21.180045635771194,2.4654550776099653e-05
CMR,2009,2010,Services,0.24789341408144508,0.24789341432564044,2277.2560193836193,2233.986176134503,-10.726309169792469,5.455290548942672e-07
CMR,2010,2011,Agriculture,0.6588752344038115,0.6588752384266597,410.38693787827475,411.34032549450893,0.6281634891239872,1.6547597195606423e-06
CMR,2010,2011,Manufacturing,0.09323135127054805,0.09323135012435325,3582.830963432659,3531.9208125529335,-4.746422159904268,-4.048269240598584e-06
CMR,2010,2011,Services,0.24789341432564044,0.24789341144898702,2233.986176134503,2287.3147913750918,13.21981251324799,-6.57981190687195e-06
CMR,2011,2012,Agriculture,0.6588752384266597,0.6588752473760173,411.34032549450893,410.39409854617867,-0.6234455061868329,3.6727635400293367e-06
CMR,2011,2012,Manufacturing,0.09323135012435325,0.09323134450490873,3531.9208125529335,3607.160338838037,7.014682618276982,-2.0270237401807327e-05
CMR,2011,2012,Services,0.24789341144898702,0.24789340811907395,2287.3147913750918,2337.923377654072,12.545535101306761,-7.785081606080049e-06
CMR,2012,2013,Agriculture,0.6588752473760173,0.6588752511873062,410.39409854617867,413.2490796611479,1.881076388379212,1.5750116054871835e-06
CMR,2012,2013,Manufacturing,0.09323134450490873,0.0932313454061884,3607.160338838037,3739.115697072723,12.30237546284663,3.3699889316865737e-06
CMR,2012,2013,Services,0.24789340811907395,0.24789340340650548,2337.923377654072,2408.766021052225,17.561424312132385,-1.1351474812874485e-05
CMR,2013,2014,Agriculture,0.6588752511873062,0.6588752373160564,413.2490796611479,420.88091089972477,5.028424724336462,-5.838144257642022e-06
CMR,2013,2014,Manufacturing,0.0932313454061884,0.0932313493547604,3739.115697072723,3924.7751390582685,17.30927956367459,1.5497257263654184e-05
CMR,2013,2014,Services,0.24789340340650548,0.2478934133291833,2408.766021052225,2475.2447315496006,16.479633799270243,2.4561055992603814e-05
CMR,2014,2015,Agriculture,0.6588752373160564,0.6588752424275275,420.88091089972477,431.2831748670667,6.853794140106672,2.204491499449409e-06
CMR,2014,2015,Manufacturing,0.0932313493547604,0.09323134380423219,3924.7751390582685,4229.919540800615,28.4490243224901,-2.3478287769398227e-05
CMR,2014,2015,Services,0.2478934133291833,0.24789341376824028,2475.2447315496006,2530.0830595482757,13.594060308856902,1.1108506404639287e-06
CMR,2015,2016,Agriculture,0.6588752424275275,0.6560923870273664,431.2831748670667,442.60154116275237,7.4573913369534575,-1.2316960889443906
CMR,2015,2016,Manufacturing,0.09323134380423219,0.09352803799881637,4229.919540800615,4270.096352920691,3.745738183724824,1.2669127982266584
CMR,2015,2016,Services,0.24789341376824028,0.2503795749738173,2530.0830595482757,2558.5890754943507,7.066453605804417,6.3610649005072135
CMR,2016,2017,Agriculture,0.6560923870273664,0.6540091831094359,442.60154116275237,445.5182133147381,1.9136063943725579,-0.928105287486653
CMR,2016,2017,Manufacturing,0.09352803799881637,0.0936198049346878,4270.096352920691,4192.544488775444,-7.253273696655729,0.38473696123956935
CMR,2016,2017,Services,0.2503795749738173,0.2523710119558763,2558.5890754943507,2583.497500624841,6.236560897439308,5.14487246580131
DZA,1999,2000,Agriculture,0.22020795731242815,0.22041773327433825,398.39579442177484,377.69622868406304,-4.558209088355839,0.07923158968201738
DZA,1999,2000,Manufacturing,0.2318455391745847,0.23396446151563555,3110.897599428116,3185.7072958980975,17.34429441356992,6.750266361327168
DZA,1999,2000,Services,0.5479465035129872,0.5456178052100261,694.6192758239049,732.5601078586493,20.789546253811732,-1.7059114799874506
DZA,2000,2001,Agriculture,0.22041773327433825,0.21711335602175277,377.69622868406304,407.4731938957006,6.563371175737976,-1.3464451529473047
DZA,2000,2001,Manufacturing,0.23396446151563555,0.23195874964430122,3185.7072958980975,3036.4195248489777,-34.9280329643768,-6.090182687340945
DZA,2000,2001,Services,0.5456178052100261,0.5509278943339461,732.5601078586493,711.9842223041275,-11.22656951651089,3.7806996752597493
DZA,2001,2002,Agriculture,0.21711335602175277,0.21673876429947903,407.4731938957006,386.3257425630832,-4.591394130131247,-0.14471442526539005
DZA,2001,2002,Manufacturing,0.23195874964430122,0.2308917213043187,3036.4195248489777,3068.298410134458,7.394586370874161,-3.273961359136752
DZA,2001,2002,Services,0.5509278943339461,0.5523695143962023,711.9842223041275,721.3888368916591,5.181264511731142,1.0399686199507048
DZA,2002,2003,Agriculture,0.21673876429947903,0.21717228600512206,386.3257425630832,437.3345606269857,11.055588195547168,0.1895940246596587
DZA,2002,2003,Manufacturing,0.2308917213043187,0.23079113716437824,3068.298410134458,3110.2119898354713,9.67749856319266,-0.31283799803011625
DZA,2002,2003,Services,0.5523695143962023,0.5520365768304998,721.3888368916591,716.8170654673287,-2.5253071615878446,-0.23865532883071489
DZA,2003,2004,Agriculture,0.21717228600512206,0.20127339517618806,437.3345606269857,450.3227429649959,2.820673249397021,-7.159632128186578
DZA,2003,2004,Manufacturing,0.23079113716437824,0.2397057683865109,3110.2119898354713,2826.631489834126,-65.44786607295342,25.198377332738634
DZA,2003,2004,Services,0.5520365768304998,0.559020836437301,716.8170654673287,672.8223912329952,-24.286669363094454,4.699166249640048
DZA,2004,2005,Agriculture,0.20127339517618806,0.1865622173199556,450.3227429649959,472.3429892347534,4.432089729329889,-6.948721723776955
DZA,2004,2005,Manufacturing,0.2397057683865109,0.2491315800173516,2826.631489834126,2734.8918348496613,-21.990524489564535,25.778575266017253
DZA,2004,2005,Services,0.559020836437301,0.5643062026626928,672.8223912329952,675.7673048582781,1.6462680780412398,3.5716776893219695
DZA,2005,2006,Agriculture,0.1865622173199556,0.1719032442273132,472.3429892347534,524.1036632954658,9.656586122742016,-7.6828214980035385
DZA,2005,2006,Manufacturing,0.2491315800173516,0.2582973151917506,2734.8918348496613,2516.891465919492,-54.31077635593865,23.069160639322888
DZA,2005,2006,Services,0.5643062026626928,0.5697994405809362,675.7673048582781,669.9955837976962,-3.2570179945252358,3.6804451459731347
DZA,2006,2007,Agriculture,0.1719032442273132,0.15721062521679446,524.1036632954658,586.0334370946274,10.645929030339536,-8.610366018656162
DZA,2006,2007,Manufacturing,0.2582973151917506,0.2663558475362138,2516.891465919492,2476.814125395778,-10.351869457300914,19.959486740725175
DZA,2006,2007,Services,0.5697994405809362,0.5764335272469919,669.9955837976962,717.8718162057893,27.279850443254322,4.76242384382801
DZA,2007,2008,Agriculture,0.15721062521679446,0.14398843089134025,586.0334370946274,587.1770834787375,0.17979336307287044,-7.763769501209317
DZA,2007,2008,Manufacturing,0.2663558475362138,0.2748539804395187,2476.814125395778,2302.7516650662274,-46.36255414531601,19.5690896930395
DZA,2007,2008,Services,0.5764335272469919,0.581157588669141,717.8718162057893,736.1447507433791,10.533132108656256,3.4775930181043586
DZA,2008,2009,Agriculture,0.14398843089134025,0.12959843101383214,587.1770834787375,765.3551041113136,25.655573610209487,-11.013459854412009
DZA,2008,2009,Manufacturing,0.2748539804395187,0.2817167784128181,2302.7516650662274,2141.9273376906126,-44.20320653069597,14.699614592057753
DZA,2008,2009,Services,0.581157588669141,0.5886847905733498,736.1447507433791,759.3068929666954,13.460854722914211,5.715456290617737
DZA,2009,2010,Agriculture,0.12959843101383214,0.11837257338473801,765.3551041113136,855.3460179190483,11.662681234983424,-9.601992620771833
DZA,2009,2010,Manufacturing,0.2817167784128181,0.29074335595243744,2141.9273376906126,2043.054198816802,-27.854222155093094,18.44178714326471
DZA,2009,2010,Services,0.5886847905733498,0.5908840706628246,759.3068929666954,789.5247698700338,17.788804536413018,1.736386106522328
DZA,2010,2011,Agriculture,0.11837257338473801,0.1077000399747411,855.3460179190483,1028.6549566913086,20.515025073050445,-10.978354392646915
DZA,2010,2011,Manufacturing,0.29074335595243744,0.29683975871456136,2043.054198816802,1965.879741880062,-22.437960603594636,11.98479468840107
DZA,2010,2011,Services,0.5908840706628246,0.5954602013106975,789.5247698700338,830.9990750148494,24.50650625188078,3.802760335529557
DZA,2011,2012,Agriculture,0.1077000399747411,0.10202347786307683,1028.6549566913086,1153.0290294347703,13.395092606292188,-6.545240902138445
DZA,2011,2012,Manufacturing,0.29683975871456136,0.2976898589112174,1965.879741880062,1957.5110367914738,-2.4841643992498685,1.6640805173328106
DZA,2011,2012,Services,0.5954602013106975,0.6002866632257058,830.9990750148494,857.7114287590165,15.906143537984308,4.1397115449726964
DZA,2012,2013,Agriculture,0.10202347786307683,0.09661377647805719,1153.0290294347703,1250.326314868161,9.926607446551005,-6.763891997268798
DZA,2012,2013,Manufacturing,0.2976898589112174,0.2982102855461347,1957.5110367914738,1842.9655830514157,-34.09901996279927,0.9591283766558548
DZA,2012,2013,Services,0.6002866632257058,0.6051759379758082,857.7114287590165,861.2120377357586,2.101368881906476,4.210702270585652
DZA,2013,2014,Agriculture,0.09661377647805719,0.09146170352899835,1250.326314868161,1408.882736953516,15.318734722514984,-7.258666637454191
DZA,2013,2014,Manufacturing,0.2982102855461347,0.2988868660626997,1842.9655830514157,1956.9339631699215,33.98654317837004,1.3240233916850888
DZA,2013,2014,Services,0.6051759379758082,0.609651430408302,861.2120377357586,950.8389344074636,54.240041261159924,4.255472455461167
DZA,2014,2015,Agriculture,0.09146170352899835,0.08655795704480256,1408.882736953516,1575.1795866858756,15.209793168027456,-7.724281360187848
DZA,2014,2015,Manufacturing,0.2988868660626997,0.29799822906009715,1956.9339631699215,2009.9309473298363,15.840102506331457,-1.786099012473299
DZA,2014,2015,Services,0.609651430408302,0.6154438138951004,950.8389344074636,985.9705039157927,21.418011603241528,5.711119265352072
DZA,2015,2016,Agriculture,0.08655795704480256,0.08344097943257238,1575.1795866858756,1625.1985877212694,4.32954254304555,-5.065707613355297
DZA,2015,2016,Manufacturing,0.29799822906009715,0.29823250769503856,2009.9309473298363,2075.4383874062487,19.521101133031337,0.48623087230653605
DZA,2015,2016,Services,0.6154438138951004,0.6183265128723889,985.9705039157927,984.8188979316419,-0.7087487789902008,2.8389364298819757
DZA,2016,2017,Agriculture,0.08344097943257238,0.09386400728512656,1625.1985877212694,1470.3892746905851,-12.917440704563987,15.32590836419691
DZA,2016,2017,Manufacturing,0.29823250769503856,0.29406021395816623,2075.4383874062487,2148.8675172075814,21.89895351851594,-8.965706483413594
DZA,2016,2017,Services,0.6183265128723889,0.6120757787567073,984.8188979316419,1033.6705755512276,30.20628747048452,-6.461199930974361
EGY,1960,1961,Agriculture,0.6225084907155941,0.5918454491047399,5.081820153370259,5.208809197680728,0.07905175831112582,-0.15971793317148428
EGY,1960,1961,Manufacturing,0.10043264032153938,0.12539747874999346,38.266271720249875,35.28357453384575,-0.2995601537101929,0.8808487374157762
EGY,1960,1961,Services,0.2770588689628665,0.2827570721452665,9.792315362862745,10.48111741685655,0.19083871801882316,0.05972353661984003
EGY,1961,1962,Agriculture,0.5918454491047399,0.5850212571668056,5.208809197680728,5.937573959455487,0.4313161077242909,-0.04051914434500457
EGY,1961,1962,Manufacturing,0.12539747874999346,0.13326644856947895,35.28357453384575,34.81878729775639,-0.05828314756078426,0.2739879863971295
EGY,1961,1962,Services,0.2827570721452665,0.2817122942637153,10.48111741685655,10.832812294262133,0.0994442138236911,-0.011317882680041177
EGY,1962,1963,Agriculture,0.5850212571668056,0.5728253936163654,5.937573959455487,6.289445473766723,0.20585231566354711,-0.07670521880599282
EGY,1962,1963,Manufacturing,0.13326644856947895,0.14695619329215776,34.81878729775639,34.63816734581827,-0.024070579535583166,0.47418766862568107
EGY,1962,1963,Services,0.2817122942637153,0.2802184130914768,10.832812294262133,10.95511373412332,0.03445381921505049,-0.01636563814713797
EGY,1963,1964,Agriculture,0.5728253936163654,0.5681599944086947,6.289445473766723,6.60979806997187,0.18350610201723752,-0.03083734667851027
EGY,1963,1964,Manufacturing,0.14695619329215776,0.1494760558839324,34.63816734581827,35.04001887888153,0.05905457156759513,0.08829603278797077
EGY,1963,1964,Services,0.2802184130914768,0.2823639497073729,10.95511373412332,11.359723401176966,0.11337907882324369,0.024372702503676506
EGY,1964,1965,Agriculture,0.5681599944086947,0.5625405567369143,6.60979806997187,6.667987850042315,0.033061105119467304,-0.03747034211950188
EGY,1964,1965,Manufacturing,0.1494760558839324,0.15205899596767183,35.04001887888153,34.890044935808966,-0.022417513495848695,0.09011889558817116
EGY,1964,1965,Services,0.2823639497073729,0.2854004472954138,11.359723401176966,11.910292625358728,0.15546090072728644,0.03616557482976334
EGY,1965,1966,Agriculture,0.5625405567369143,0.5933345368793439,6.667987850042315,5.8929687605072685,-0.4359796701087814,0.18146796299101892
EGY,1965,1966,Manufacturing,0.15205899596767183,0.14457601141112403,34.890044935808966,35.06813564673943,0.027080294695254952,-0.26241431747147476
EGY,1965,1966,Services,0.2854004472954138,0.262089451709532,11.910292625358728,12.877694293790796,0.2760968688848417,-0.30019187483889237
EGY,1966,1967,Agriculture,0.5933345368793439,0.6114406499621476,5.8929687605072685,6.0080433440713445,0.06827772474557443,0.10878231219414213
EGY,1966,1967,Manufacturing,0.14457601141112403,0.1294209301002447,35.06813564673943,35.790920068612486,0.10449728882450193,-0.5424143038310053
EGY,1966,1967,Services,0.262089451709532,0.25913841993760767,12.877694293790796,13.872496841332618,0.2607272542444817,-0.04093817893469275
EGY,1967,1968,Agriculture,0.6114406499621476,0.605175867088029,6.0080433440713445,6.002189214098317,-0.003579453035670675,-0.03760241219570306
EGY,1967,1968,Manufacturing,0.1294209301002447,0.13902445190080862,35.790920068612486,34.85946239376576,-0.12055011862767458,0.3347736070544678
EGY,1967,1968,Services,0.25913841993760767,0.2557996810111623,13.872496841332618,14.3347830966676,0.11979612976638075,-0.047860098326995254
EGY,1968,1969,Agriculture,0.605175867088029,0.5991789914708966,6.002189214098317,6.323144583054279,0.1942344437044822,-0.03791911157372075
EGY,1968,1969,Manufacturing,0.13902445190080862,0.14160881301195583,34.85946239376576,38.54069624438049,0.5117815184004162,0.09960307657051426
EGY,1968,1969,Services,0.2557996810111623,0.25921219551714775,14.3347830966676,14.683746582653644,0.08926474839977319,0.05010849821551989
EGY,1969,1970,Agriculture,0.5991789914708966,0.5864199514095327,6.323144583054279,6.170311065288442,-0.09157463303788337,-0.07872724607309194
EGY,1969,1970,Manufacturing,0.14160881301195583,0.14524226850076563,38.54069624438049,40.41891707003247,0.2659726216949124,0.14686033607985785
EGY,1969,1970,Services,0.25921219551714775,0.2683377800897016,14.683746582653644,14.344538485330977,-0.08792687564420272,0.13090229910214143
EGY,1970,1971,Agriculture,0.5864199514095327,0.5840752768046216,6.170311065288442,6.3561508305741965,0.10898014612883107,-0.014903105437432345
EGY,1970,1971,Manufacturing,0.14524226850076563,0.14562577449886255,40.41891707003247,37.58066668677263,-0.4122339242378267,0.014412411086858291
EGY,1970,1971,Services,0.2683377800897016,0.27029894869651583,14.344538485330977,14.677259092548205,0.08928150913076845,0.02878457976638415
EGY,1971,1972,Agriculture,0.5840752768046216,0.5825024387621317,6.3561508305741965,6.476406720332222,0.07023849209780492,-0.010186338868375545
EGY,1971,1972,Manufacturing,0.14562577449886255,0.14656282915769864,37.58066668677263,30.216760493542264,-1.0723745427261429,0.028314756195408075
EGY,1971,1972,Services,0.27029894869651583,0.2709347320801696,14.677259092548205,14.481185561673879,-0.05299846926254415,0.00920689715571923
EGY,1972,1973,Agriculture,0.5825024387621317,0.5613660105715879,6.476406720332222,6.880689902138983,0.23549593935295265,-0.14543320801796078
EGY,1972,1973,Manufacturing,0.14656282915769864,0.14000671695887004,30.216760493542264,41.266175105188275,1.6194334660192533,-0.27054567400612173
EGY,1972,1973,Services,0.2709347320801696,0.298627272469542,14.481185561673879,15.020581144209968,0.1461409976396424,0.4159580500078802
EGY,1973,1974,Agriculture,0.5613660105715879,0.5563187175188913,6.880689902138983,7.216674752574807,0.18861047510165005,-0.036424672342241615
EGY,1973,1974,Manufacturing,0.14000671695887004,0.1443781122697163,41.266175105188275,34.104655549226685,-1.002660841466927,0.1490849313459166
EGY,1973,1974,Services,0.298627272469542,0.29930317021139247,15.020581144209968,15.65629831805654,0.18984248568784756,0.010582056678911426
EGY,1974,1975,Agriculture,0.5563187175188913,0.5359094818490683,7.216674752574807,7.409113143329056,0.10705707874580286,-0.15121433624658578
EGY,1974,1975,Manufacturing,0.1443781122697163,0.1639509645636723,34.104655549226685,40.32389661358309,0.8979222846220787,0.7892536723344143
EGY,1974,1975,Services,0.29930317021139247,0.3001395535872594,15.65629831805654,16.40808343818261,0.2250116697714855,0.01372344821753368
EGY,1975,1976,Agriculture,0.5359094818490683,0.5259025666089001,7.409113143329056,7.456911076391348,0.025615365540869572,-0.0746206770949194
EGY,1975,1976,Manufacturing,0.1639509645636723,0.1642963268465521,40.32389661358309,54.02624140875528,2.246512645952496,0.018658626068342413
EGY,1975,1976,Services,0.3001395535872594,0.3098011065445478,16.40808343818261,17.133551496695237,0.21774165922379513,0.16553671513174856
EGY,1976,1977,Agriculture,0.5259025666089001,0.5215695086055594,7.456911076391348,7.118032148413005,-0.17821729799348335,-0.03084284616871749
EGY,1976,1977,Manufacturing,0.1642963268465521,0.16362611285398446,54.02624140875528,64.21472076350534,1.6739297341373638,-0.043037604384525176
EGY,1976,1977,Services,0.3098011065445478,0.3148043785404561,17.133551496695237,17.892159015714405,0.2350174488251525,0.08951933814966266
EGY,1977,1978,Agriculture,0.5215695086055594,0.5134598102899234,7.118032148413005,7.388666636466595,0.14115469694582797,-0.05991985737654917
EGY,1977,1978,Manufacturing,0.16362611285398446,0.16655200043145638,64.21472076350534,71.04835684091569,1.1181613080054051,0.20787950468062727
EGY,1977,1978,Services,0.3148043785404561,0.3199881892786204,17.892159015714405,19.070964353101136,0.3710930816562025,0.09886026980075355
EGY,1978,1979,Agriculture,0.5134598102899234,0.5106866132843093,7.388666636466595,7.562824892753041,0.0894232652332627,-0.020973203346566282
EGY,1978,1979,Manufacturing,0.16655200043145638,0.16848464526182694,71.04835684091569,75.47440054012493,0.7371664321003429,0.14586521002918953
EGY,1978,1979,Services,0.3199881892786204,0.32082874145386375,19.070964353101136,20.645237962109817,0.5037489615758068,0.017353399677468403
EGY,1979,1980,Agriculture,0.5106866132843093,0.5043994064194016,7.562824892753041,9.36697633368694,0.9213559892225396,-0.0588921179085844
EGY,1979,1980,Manufacturing,0.16848464526182694,0.1691650720792974,75.47440054012493,71.53278039624058,-0.664102471699226,0.04867282210982759
EGY,1979,1980,Services,0.32082874145386375,0.3264355215013012,20.645237962109817,24.39314471847872,1.2024362077322677,0.13676699710182
EGY,1980,1981,Agriculture,0.5043994064194016,0.4917113778299079,9.36697633368694,8.239487219927907,-0.5687048397243935,-0.1045428494092132
EGY,1980,1981,Manufacturing,0.1691650720792974,0.18924792573355836,71.53278039624058,54.34044511411857,-2.9083426372116175,1.0913112067342434
EGY,1980,1981,Services,0.3264355215013012,0.31904069643653377,24.39314471847872,22.84703201742274,-0.5047061058689937,-0.16894980501798115
EGY,1981,1982,Agriculture,0.4917113778299079,0.48233613574109846,8.239487219927907,8.569940891904984,0.16248783035680095,-0.08034527054839694
EGY,1981,1982,Manufacturing,0.18924792573355836,0.19129795703202448,54.34044511411857,59.94209395361119,1.0601004235617724,0.12288316870049976
EGY,1981,1982,Services,0.31904069643653377,0.326365907226877,22.84703201742274,25.50631328191551,0.8484189466443992,0.18683912127456173
EGY,1982,1983,Agriculture,0.48233613574109846,0.47626649072529814,8.569940891904984,8.926536261000845,0.1719988323528679,-0.05418090632494458
EGY,1982,1983,Manufacturing,0.19129795703202448,0.19225854818780105,59.94209395361119,65.79765318422147,1.1201565180957602,0.06320464371961715
EGY,1982,1983,Services,0.326365907226877,0.33147496108690083,25.50631328191551,28.56067864147373,0.9968407215745643,0.14591804545812237
EGY,1983,1984,Agriculture,0.47626649072529814,0.4699226430737792,8.926536261000845,9.225726362892319,0.1424942198875968,-0.058526602520791025
EGY,1983,1984,Manufacturing,0.19225854818780105,0.19249501292539214,65.79765318422147,71.41481566849028,1.079947504160502,0.016887085647165696
EGY,1983,1984,Services,0.33147496108690083,0.3375823440008287,28.56067864147373,29.610197015393346,0.34788906215499277,0.18084081132985141
EGY,1984,1985,Agriculture,0.4699226430737792,0.4662202396020179,9.225726362892319,9.560252771661899,0.15720153418698063,-0.03539591305271624
EGY,1984,1985,Manufacturing,0.19249501292539214,0.19112392815962628,71.41481566849028,74.20011995112822,0.53615718388754,-0.1017346540829915
EGY,1984,1985,Services,0.3375823440008287,0.3426558322383558,29.610197015393346,30.390588855754725,0.2634465067083147,0.1541862950911928
EGY,1985,1986,Agriculture,0.4662202396020179,0.4639286695896274,9.560252771661899,9.878330606783603,0.14829432450253197,-0.022636886190984536
EGY,1985,1986,Manufacturing,0.19112392815962628,0.18605684132323128,74.20011995112822,77.49613749373214,0.6299478200254995,-0.3926796581659477
EGY,1985,1986,Services,0.3426558322383558,0.35001448908714133,30.390588855754725,32.05178499167333,0.5692185444643303,0.2358580871447792
EGY,1986,1987,Agriculture,0.4639286695896274,0.44746087235164267,9.878330606783603,10.106613912134085,0.1059071701407718,-0.16643366866761994
EGY,1986,1987,Manufacturing,0.18605684132323128,0.18627623070753238,77.49613749373214,79.13172091167775,0.30431148446361483,0.01736065952949987
EGY,1986,1987,Services,0.35001448908714133,0.3662628969408249,32.05178499167333,30.98355141261127,-0.37389723040113526,0.5034333801076822
EGY,1987,1988,Agriculture,0.44746087235164267,0.4389064025011955,10.106613912134085,10.322895889404125,0.09677772222319003,-0.08830690165521257
EGY,1987,1988,Manufacturing,0.18627623070753238,0.18934678688868262,79.13172091167775,77.19819071864296,-0.360170716317727,0.2370413816847439
EGY,1987,1988,Services,0.3662628969408249,0.371746810610122,30.98355141261127,30.345961236674682,-0.23352562489954473,0.16641463163375927
EGY,1988,1989,Agriculture,0.4389064025011955,0.4266038593733677,10.322895889404125,10.63206009215478,0.13569414801144075,-0.13080137782139103
EGY,1988,1989,Manufacturing,0.18934678688868262,0.19068844590397926,77.19819071864296,75.82226672589013,-0.2605267870307956,0.10172762771301755
EGY,1988,1989,Services,0.371746810610122,0.382707694722653,30.345961236674682,31.29621511541663,0.3532538486922163,0.3430341870409223
EGY,1989,1990,Agriculture,0.4266038593733677,0.41767324165420355,10.63206009215478,11.059832792514971,0.1824894849082244,-0.09877113870782689
EGY,1989,1990,Manufacturing,0.19068844590397926,0.19255497815609493,75.82226672589013,77.35662422279312,0.2925842465455498,0.1443886340266353
EGY,1989,1990,Services,0.382707694722653,0.3897717801897015,31.29621511541663,31.373050177019316,0.02940536929983718,0.2216219078124658
EGY,1990,1991,Agriculture,0.41767324165420355,0.4158680914252232,11.059832792514971,11.492189312843955,0.18058374939613825,-0.020745128169566
EGY,1990,1991,Manufacturing,0.19255497815609493,0.1917079772315946,77.35662422279312,73.1489744652701,-0.8102039071483422,-0.06195724899833437
EGY,1990,1991,Services,0.3897717801897015,0.39242393134318226,31.373050177019316,31.585758720817346,0.08290778777771718,0.08377020642498118
EGY,1991,1992,Agriculture,0.4158680914252232,0.41961066559982774,11.492189312843955,11.429655472595227,-0.026005828793728175,0.04277633339636248
EGY,1991,1992,Manufacturing,0.1917079772315946,0.1872144680295501,73.1489744652701,74.99078008229262,0.3530888292931755,-0.3369717603682772
EGY,1991,1992,Services,0.39242393134318226,0.3931748663706221,31.585758720817346,31.941653401227967,0.13966158963086145,0.023986106373324864
EGY,1992,1993,Agriculture,0.41961066559982774,0.42131042308235744,11.429655472595227,11.52655094396825,0.04065837323644296,0.01959234121476989
EGY,1992,1993,Manufacturing,0.1872144680295501,0.1858196607366326,74.99078008229262,78.04272582165217,0.5713683980492507,-0.10885456313520085
EGY,1992,1993,Services,0.3931748663706221,0.3928699161810099,31.941653401227967,32.399698119298726,0.1800916708192401,-0.00988029408485771
EGY,1993,1994,Agriculture,0.42131042308235744,0.41883655078502474,11.52655094396825,11.52358415224826,-0.0012499402747461435,-0.028507875600229122
EGY,1993,1994,Manufacturing,0.1858196607366326,0.18718080601571566,78.04272582165217,78.20882758043766,0.03086497246527721,0.10645357644373236
EGY,1993,1994,Services,0.3928699161810099,0.3939826431992597,32.399698119298726,32.7226511594231,0.12687853380406552,0.036411378053852264
EGY,1994,1995,Agriculture,0.41883655078502474,0.41574953036325546,11.52358415224826,11.542194753634693,0.007794800092728551,-0.035630990916508565
EGY,1994,1995,Manufacturing,0.18718080601571566,0.1879633057419319,78.20882758043766,78.48645576654458,0.05196666764817508,0.06141563014900463
EGY,1994,1995,Services,0.3939826431992597,0.39628716389481256,32.7226511594231,33.44632536668681,0.28511507699288363,0.07707774899772467
EGY,1995,1996,Agriculture,0.41574953036325546,0.3902930899133119,11.542194753634693,14.902246026282699,1.3969397385998672,-0.37935813853847344
EGY,1995,1996,Manufacturing,0.1879633057419319,0.19593703158236958,78.48645576654458,72.9383032657343,-1.0428490848126657,0.5815900335076656
EGY,1995,1996,Services,0.39628716389481256,0.41376987850431857,33.44632536668681,37.54090272525301,1.6226284487741145,0.6563168885288249
EGY,1996,1997,Agriculture,0.3902930899133119,0.3829583383377578,14.902246026282699,14.896899528924086,-0.0020867009743061812,-0.10926505729064756
EGY,1996,1997,Manufacturing,0.19593703158236958,0.2012891197219145,72.9383032657343,77.42925840487543,0.8799444189328989,0.4144082155624917
EGY,1996,1997,Services,0.41376987850431857,0.41575254194032774,37.54090272525301,38.35635712974771,0.3374104698735812,0.07604774681966037
EGY,1997,1998,Agriculture,0.3829583383377578,0.37705263604077716,14.896899528924086,15.750783438617917,0.3270019631896976,-0.09301943793269013
EGY,1997,1998,Manufacturing,0.2012891197219145,0.20466478966790405,77.42925840487543,76.96919815798923,-0.09260512211477,0.2598226089888394
EGY,1997,1998,Services,0.41575254194032774,0.41828257429131876,38.35635712974771,39.7361497809832,0.5736523021017392,0.1005337444497126
EGY,1998,1999,Agriculture,0.37705263604077716,0.37042776101133934,15.750783438617917,15.585236231474891,-0.06242001084246668,-0.10325024233778753
EGY,1998,1999,Manufacturing,0.20466478966790405,0.2041290743706739,76.96919815798923,55.79595652925078,-4.333417044533464,-0.029890747436308072
EGY,1998,1999,Services,0.41828257429131876,0.42544316461798665,39.7361497809832,40.7658129690341,0.43069016895093837,0.29190728600481763
EGY,1999,2000,Agriculture,0.37042776101133934,0.36934295519013605,15.585236231474891,15.440878823948626,-0.05347399125535565,-0.016750355232714145
EGY,1999,2000,Manufacturing,0.2041290743706739,0.20185839618795068,55.79595652925078,65.71011930238285,2.023768870039643,-0.14920653428406092
EGY,1999,2000,Services,0.42544316461798665,0.4287986486219133,40.7658129690341,41.448468479500555,0.2904311207167551,0.13907967297022233
EGY,2000,2001,Agriculture,0.36934295519013605,0.3669359964905033,15.440878823948626,15.836159412810328,0.14599410081947825,-0.03811698166743496
EGY,2000,2001,Manufacturing,0.20185839618795068,0.19999836087522999,65.71011930238285,70.16996148953852,0.9002565911506062,-0.13051860626279274
EGY,2000,2001,Services,0.4287986486219133,0.43306564263426683,41.448468479500555,41.82391978370867,0.16099301186777368,0.17846241529023926
EGY,2001,2002,Agriculture,0.3669359964905033,0.367184882236001,15.836159412810328,15.56393980913957,-0.09988717153717931,0.0038736427622789644
EGY,2001,2002,Manufacturing,0.19999836087522999,0.19228033541259543,70.16996148953852,68.70289685712667,-0.2934105217803914,-0.5302507073000595
EGY,2001,2002,Services,0.43306564263426683,0.4405347823514037,41.82391978370867,41.22037976417449,-0.26137244641506735,0.30788077565206035
EGY,2002,2003,Agriculture,0.367184882236001,0.36307468064618453,15.56393980913957,16.048931376932124,0.1780815717053622,-0.06596434326032158
EGY,2002,2003,Manufacturing,0.19228033541259543,0.18847956600907087,68.70289685712667,66.80160240566185,-0.36558153484576245,-0.253897486529852
EGY,2002,2003,Services,0.4405347823514037,0.44844575334474457,41.22037976417449,39.088530930785964,-0.9391535618229073,0.3092282343657552
EGY,2003,2004,Agriculture,0.36307468064618453,0.35771941623832326,16.048931376932124,16.367169901211412,0.11554435057201537,-0.08765052242937575
EGY,2003,2004,Manufacturing,0.18847956600907087,0.18779741758403462,66.80160240566185,75.78183959818558,1.6925912087053898,-0.051694462528252
EGY,2003,2004,Services,0.44844575334474457,0.454483166177642,39.088530930785964,40.69127467037801,0.7187436237199268,0.24567002388189463
EGY,2004,2005,Agriculture,0.35771941623832326,0.3493004787134796,16.367169901211412,16.750123824166298,0.13699005376559778,-0.14101824600905183
EGY,2004,2005,Manufacturing,0.18779741758403462,0.1932460913622869,75.78183959818558,71.61039540299907,-0.7833864474519382,0.3901816836825989
EGY,2004,2005,Services,0.454483166177642,0.45745342992423343,40.69127467037801,39.931588231991135,-0.34526469782028174,0.11860734886930017
EGY,2005,2006,Agriculture,0.3493004787134796,0.33168865050468743,16.750123824166298,17.61008274173835,0.30038406158184316,-0.3101457519901112
EGY,2005,2006,Manufacturing,0.1932460913622869,0.20147199208748384,71.61039540299907,79.33790291256958,1.493310622197219,0.6526257131041103
EGY,2005,2006,Services,0.45745342992423343,0.4668393574078288,39.931588231991135,42.91917962115411,1.366683928184707,0.40283630757955563
EGY,2006,2007,Agriculture,0.33168865050468743,0.317576356443959,17.61008274173835,19.541005237236657,0.6404650767609772,-0.2757684121501184
EGY,2006,2007,Manufacturing,0.20147199208748384,0.20861292859667396,79.33790291256958,72.84877930175327,-1.3073766607730877,0.5202085077658235
EGY,2006,2007,Services,0.4668393574078288,0.473810714959367,42.91917962115411,43.88329737192009,0.4500881112330709,0.3059261565201322
EGY,2007,2008,Agriculture,0.317576356443959,0.3169210475888427,19.541005237236657,19.771193226832,0.07310226303284909,-0.012956237997757962
EGY,2007,2008,Manufacturing,0.20861292859667396,0.215831057234895,72.84877930175327,73.34675896136123,0.10388499517239215,0.5294263413796979
EGY,2007,2008,Services,0.473810714959367,0.4672478951762623,43.88329737192009,46.668894248207906,1.3198456475425109,-0.3062795424277595
EGY,2008,2009,Agriculture,0.3169210475888427,0.29957975699472805,19.771193226832,20.964891419968705,0.378308081873793,-0.36355827438773836
EGY,2008,2009,Manufacturing,0.215831057234895,0.22355485938703465,73.34675896136123,71.80973735248166,-0.3317369988373569,0.5546442039076799
EGY,2008,2009,Services,0.4672478951762623,0.4768653836182372,46.668894248207906,46.28350930723144,-0.1800703025038813,0.44513111581633646
EGY,2009,2010,Agriculture,0.29957975699472805,0.28276397931194686,20.964891419968705,22.20954312548955,0.37287245548300846,-0.3734707396343737
EGY,2009,2010,Manufacturing,0.22355485938703465,0.23631748827399462,71.80973735248166,68.12423511170155,-0.8239119352081986,0.8694443309386553
EGY,2009,2010,Services,0.4768653836182372,0.48091853241405846,46.28350930723144,46.80633014290333,0.24931515836628157,0.18971302065552043
EGY,2010,2011,Agriculture,0.28276397931194686,0.29239122446433496,22.20954312548955,22.45445788911335,0.06925307315451061,0.2161745708624694
EGY,2010,2011,Manufacturing,0.23631748827399462,0.21715543097626425,68.12423511170155,75.70788157807642,1.7921482848916648,-1.4507187646888866
EGY,2010,2011,Services,0.48091853241405846,0.49045334455940076,46.80633014290333,47.95133142120194,0.5506523343715909,0.45720693722021
EGY,2011,2012,Agriculture,0.29239122446433496,0.27071371129088484,22.45445788911335,24.489070376634388,0.5949028365367027,-0.5308621456950391
EGY,2011,2012,Manufacturing,0.21715543097626425,0.23120989678634654,75.70788157807642,69.95071165607993,-1.250200715614734,0.9831198853613005
EGY,2011,2012,Services,0.49045334455940076,0.4980763919227686,47.95133142120194,47.67159627348793,-0.13719703878715617,0.3634028362801478
EGY,2012,2013,Agriculture,0.27071371129088484,0.2795879989167884,24.489070376634388,23.89673053209756,-0.16035451766003023,0.21206646006054583
EGY,2012,2013,Manufacturing,0.23120989678634654,0.22274102021575923,69.95071165607993,71.5288488342067,0.3648809340693859,-0.6057689920130948
EGY,2012,2013,Services,0.4980763919227686,0.4976709808674523,47.67159627348793,48.18037628240887,0.2534113111257777,-0.019532857194186546
EGY,2013,2014,Agriculture,0.2795879989167884,0.2755275393777525,23.89673053209756,24.509555016517297,0.1713383712861266,-0.0995200564643439
EGY,2013,2014,Manufacturing,0.22274102021575923,0.22621257911452095,71.5288488342067,70.38543651734493,-0.25468482598505565,0.24434718848501674
EGY,2013,2014,Services,0.4976709808674523,0.49825988150772665,48.18037628240887,48.93125775382019,0.37369191839246674,0.02881564902065332
EGY,2014,2015,Agriculture,0.2755275393777525,0.2581510276038044,24.509555016517297,27.348994493704108,0.7823437723613341,-0.4752301248254915
EGY,2014,2015,Manufacturing,0.22621257911452095,0.23506497305798502,70.38543651734493,69.70838517275945,-0.15315753085163542,0.6170860867119964
EGY,2014,2015,Services,0.49825988150772665,0.5067839993382105,48.93125775382019,51.2884520636795,1.1744953575211872,0.43718880873392646
EGY,2015,2016,Agriculture,0.2581510276038044,0.25573646777930364,27.348994493704108,27.95048888006088,0.1552763939359207,-0.06748812752494936
EGY,2015,2016,Manufacturing,0.23506497305798502,0.23492300644481104,69.70838517275945,68.75266816242346,-0.22465559328568702,-0.009760583445693588
EGY,2015,2016,Services,0.5067839993382105,0.5093405257758853,51.2884520636795,51.84637519012097,0.2827465133412878,0.1325466288711505
EGY,2016,2017,Agriculture,0.25573646777930364,0.2504001618706175,27.95048888006088,28.776655241348823,0.21128086703385843,-0.1535610353966345
EGY,2016,2017,Manufacturing,0.23492300644481104,0.2509096167061576,68.75266816242346,64.1863556078189,-1.0727318736943898,1.0261222511983956
EGY,2016,2017,Services,0.5093405257758853,0.49869022142322494,51.84637519012097,54.06897712490582,1.1320612380538142,-0.5758510624172771
ETH,1961,1962,Agriculture,0.9545003291855481,0.9501269136978129,6.686133601502952,6.672297157833524,-0.01320689003722615,-0.02918072772884054
ETH,1961,1962,Manufacturing,0.00649329417102683,0.0066958125333292096,48.34576213583142,50.04059701278821,0.0110050614273965,0.010134139755663215
ETH,1961,1962,Services,0.03900637664342498,0.043177273768857986,20.65180813343978,19.776901248149663,-0.03412694749555208,0.08248742056587982
ETH,1962,1963,Agriculture,0.9501269136978129,0.9473627805590408,6.672297157833524,6.686325055785059,0.013328283386359743,-0.01848189266329774
ETH,1962,1963,Manufacturing,0.0066958125333292096,0.0067536316005892645,50.04059701278821,50.48296637216691,0.002962022300888727,0.0029188780281594095
ETH,1962,1963,Services,0.043177273768857986,0.045883587840370034,19.776901248149663,19.37447034996034,-0.017375869064167805,0.05243340173619061
ETH,1963,1964,Agriculture,0.9473627805590408,0.9430017065808767,6.686325055785059,6.693031948889782,0.006353860900602586,-0.02918880746732417
ETH,1963,1964,Manufacturing,0.0067536316005892645,0.007438938151366655,50.48296637216691,49.33114512750783,-0.0077789763561596365,0.03380695691323128
ETH,1963,1964,Services,0.045883587840370034,0.049559355267756705,19.37447034996034,19.246353707569913,-0.005878451214934451,0.07074512005424818
ETH,1964,1965,Agriculture,0.9430017065808767,0.9360864850453926,6.693031948889782,6.651721954292192,-0.03895539540437427,-0.04599813090637357
ETH,1964,1965,Manufacturing,0.007438938151366655,0.00786905388546553,49.33114512750783,50.12267986439835,0.005888177952386848,0.021558553244878577
ETH,1964,1965,Services,0.049559355267756705,0.05604446106914173,19.246353707569913,18.18889735684076,-0.0524068549659317,0.11795692376964477
ETH,1965,1966,Agriculture,0.9360864850453926,0.930923627955615,6.651721954292192,6.645675208117206,-0.0056602773729045415,-0.03431067136458711
ETH,1965,1966,Manufacturing,0.00786905388546553,0.008393806753716532,50.12267986439835,51.297035310650834,0.009241066287250717,0.026918266412036963
ETH,1965,1966,Services,0.05604446106914173,0.060682565290668594,18.18889735684076,18.04027061731214,-0.008329705517345203,0.08367265530764247
ETH,1966,1967,Agriculture,0.930923627955615,0.9256421277626248,6.645675208117206,6.731998423197512,0.08036032055935105,-0.03555505097132758
ETH,1966,1967,Manufacturing,0.008393806753716532,0.009297427671492792,51.297035310650834,52.02898564005338,0.006143849618324112,0.0470144797550329
ETH,1966,1967,Services,0.060682565290668594,0.06506044456588252,18.04027061731214,16.958676424203464,-0.06563391024132517,0.07424303805257929
ETH,1967,1968,Agriculture,0.9256421277626248,0.9262355406416763,6.731998423197512,6.656515978371734,-0.06986973083725811,0.003950062311178343
ETH,1967,1968,Manufacturing,0.009297427671492792,0.009052069247297095,52.02898564005338,61.61280400260208,0.08910485804252107,-0.015117220500356781
ETH,1967,1968,Services,0.06506044456588252,0.06471239011102663,16.958676424203464,21.590824474937577,0.3013696114757475,-0.007514782642513595
ETH,1968,1969,Agriculture,0.9262355406416763,0.9208873169015722,6.656515978371734,6.663247723802965,0.006235181868959003,-0.03563653966263783
ETH,1968,1969,Manufacturing,0.009052069247297095,0.009524776460454432,61.61280400260208,60.16669476498329,-0.013090280958081315,0.02844123060724336
ETH,1968,1969,Services,0.06471239011102663,0.06958790663797346,21.590824474937577,20.713907527437968,-0.056747391601565354,0.10099099848767215
ETH,1969,1970,Agriculture,0.9208873169015722,0.9156487079519919,6.663247723802965,6.685374549400003,0.020376313055605295,-0.0350220629457831
ETH,1969,1970,Manufacturing,0.009524776460454432,0.009699633078839798,60.16669476498329,56.36968899154041,-0.03616563121109835,0.009856613196495575
ETH,1969,1970,Services,0.06958790663797346,0.07465165896916826,20.713907527437968,20.46862230844644,-0.0170688849188572,0.10364803393074153
ETH,1970,1971,Agriculture,0.9156487079519919,0.9106672338369608,6.685374549400003,6.648268694552884,-0.0339759280482185,-0.033118178411687044
ETH,1970,1971,Manufacturing,0.009699633078839798,0.010117692006828017,56.36968899154041,57.358488433608116,0.009590991776618285,0.02397922818557882
ETH,1970,1971,Services,0.07465165896916826,0.07921507415621111,20.46862230844644,19.810388814581913,-0.04913822230605892,0.090403029177687
ETH,1971,1972,Agriculture,0.9106672338369608,0.9037209405955597,6.648268694552884,6.710998501169945,0.057125979471085775,-0.04661656353172942
ETH,1971,1972,Manufacturing,0.010117692006828017,0.010045103743612624,57.358488433608116,58.44946994713803,0.011038214939038714,-0.00424274550932302
ETH,1971,1972,Services,0.07921507415621111,0.08623395566082769,19.810388814581913,18.511758496231025,-0.10287109696966963,0.12993183932712468
ETH,1972,1973,Agriculture,0.9037209405955597,0.8975788030836279,6.710998501169945,6.589010554195413,-0.1102430621811449,-0.04047060889143833
ETH,1972,1973,Manufacturing,0.010045103743612624,0.009975156651935853,58.44946994713803,57.82717344538198,-0.006251032919426707,-0.004044842602392676
ETH,1972,1973,Services,0.08623395566082769,0.09244604026443623,18.511758496231025,17.498625688172574,-0.0873664496486423,0.10870294322180582
ETH,1973,1974,Agriculture,0.8975788030836279,0.8924994732519599,6.589010554195413,6.387583719075927,-0.1807964575754716,-0.0324446445365794
ETH,1973,1974,Manufacturing,0.009975156651935853,0.009431130188573708,57.82717344538198,58.65122667127748,0.008220060017840666,-0.031907819417826604
ETH,1973,1974,Services,0.09244604026443623,0.09806939655946628,17.498625688172574,17.004849541035632,-0.04564764957983986,0.09562432771262161
ETH,1974,1975,Agriculture,0.8924994732519599,0.887470151124612,6.387583719075927,6.114592864293553,-0.24364419409587093,-0.03075225719211488
ETH,1974,1975,Manufacturing,0.009431130188573708,0.008878707129634024,58.65122667127748,59.23140818375294,0.005471767377159689,-0.03272079569417386
ETH,1974,1975,Services,0.09806939655946628,0.10365114174575392,17.004849541035632,15.912938865733382,-0.10708302102373099,0.08882196991349676
ETH,1975,1976,Agriculture,0.887470151124612,0.8841676573099673,6.114592864293553,6.133844951453251,0.017085652701081342,-0.020256985012164337
ETH,1975,1976,Manufacturing,0.008878707129634024,0.008290245058451185,59.23140818375294,55.47521837763287,-0.0333501092118569,-0.03264506190582212
ETH,1975,1976,Services,0.10365114174575392,0.10754209763158164,15.912938865733382,15.119982652603163,-0.08219081684533663,0.058831185495759275
ETH,1976,1977,Agriculture,0.8841676573099673,0.879556361248205,6.133844951453251,5.976968205297351,-0.13870534513507268,-0.02756156994636585
ETH,1976,1977,Manufacturing,0.008290245058451185,0.008084752024019447,55.47521837763287,57.093415653141356,0.013415251966883394,-0.011732299228636507
ETH,1976,1977,Services,0.10754209763158164,0.11235888672777557,15.119982652603163,14.011072940605729,-0.11925447651223713,0.0674883833662875
ETH,1977,1978,Agriculture,0.879556361248205,0.8744311704782357,5.976968205297351,5.734788851340338,-0.2130103913358716,-0.029391886888612412
ETH,1977,1978,Manufacturing,0.008084752024019447,0.007468204999209562,57.093415653141356,57.5503260204983,0.0036940070172844907,-0.0354824822847771
ETH,1977,1978,Services,0.11235888672777557,0.11810062452255463,14.011072940605729,12.263661249001082,-0.1963372323237972,0.07041472729575687
ETH,1978,1979,Agriculture,0.8744311704782357,0.868633126627246,5.734788851340338,5.720583467080531,-0.012421630785395847,-0.0331681937953796
ETH,1978,1979,Manufacturing,0.007468204999209562,0.008250480042664586,57.5503260204983,56.564819287761715,-0.007359966308178021,0.04424924646635938
ETH,1978,1979,Services,0.11810062452255463,0.12311639333008936,12.263661249001082,12.573232338714897,0.03656053902932935,0.06306442657441322
ETH,1979,1980,Agriculture,0.868633126627246,0.8545281595702477,5.720583467080531,5.8355987126857665,0.0999060523998762,-0.08231092760029421
ETH,1979,1980,Manufacturing,0.008250480042664586,0.008460781864213467,56.564819287761715,58.99285165500299,0.020032432588867766,0.01240630416141002
ETH,1979,1980,Services,0.12311639333008936,0.13701105856553883,12.573232338714897,11.519585403257688,-0.12972121053679303,0.1600607828294357
ETH,1980,1981,Agriculture,0.8545281595702477,0.8508130570136078,5.8355987126857665,5.797225178185215,-0.032791265812961566,-0.02153728608089357
ETH,1980,1981,Manufacturing,0.008460781864213467,0.008368881113414202,58.99285165500299,58.92201827343223,-0.0005993057901747782,-0.00541497771793646
ETH,1980,1981,Services,0.13701105856553883,0.14081806187297802,11.519585403257688,11.224592012108447,-0.04041735679119554,0.042732058914752354
ETH,1981,1982,Agriculture,0.8508130570136078,0.845927310049318,5.797225178185215,5.522124108464476,-0.2340595821168154,-0.026979701099361743
ETH,1981,1982,Manufacturing,0.008368881113414202,0.008237823197116844,58.92201827343223,58.4613170967137,-0.0038555533767674027,-0.007661818402694399
ETH,1981,1982,Services,0.14081806187297802,0.1458348667535651,11.224592012108447,10.812751082059199,-0.05799464156949982,0.05424546240104792
ETH,1982,1983,Agriculture,0.845927310049318,0.8464871943053288,5.522124108464476,5.556158153864551,0.028790328475381752,0.003110805474254984
ETH,1982,1983,Manufacturing,0.008237823197116844,0.008264309549701665,58.4613170967137,59.812931598019965,0.011134361292420267,0.0015842263954369753
ETH,1982,1983,Services,0.1458348667535651,0.14524849614496957,10.812751082059199,11.17426995239241,0.05272205628394309,-0.006552263472595168
ETH,1983,1984,Agriculture,0.8464871943053288,0.8444938684963876,5.556158153864551,4.6810144856708,-0.7407979083034023,-0.009330786986315138
ETH,1983,1984,Manufacturing,0.008264309549701665,0.008346320319746617,59.812931598019965,61.032189329274956,0.010076323311958213,0.0050052968444231315
ETH,1983,1984,Services,0.14524849614496957,0.14715981118386565,11.17426995239241,10.564596215835028,-0.08855419337404398,0.02019227162719008
ETH,1984,1985,Agriculture,0.8444938684963876,0.849059238193113,4.6810144856708,3.856147459656349,-0.696595145794054,0.017604738758419673
ETH,1984,1985,Manufacturing,0.008346320319746617,0.008635752202175183,61.032189329274956,57.633635198859665,-0.028365421396443945,0.016681011526807198
ETH,1984,1985,Services,0.14715981118386565,0.1423050096047117,10.564596215835028,10.668570100853728,0.015300777287404844,-0.05179379097293917
ETH,1985,1986,Agriculture,0.849059238193113,0.8524998430124036,3.856147459656349,4.173242182810859,0.26923220407662435,0.014358477166245606
ETH,1985,1986,Manufacturing,0.008635752202175183,0.008955361676755702,57.633635198859665,55.50648872647204,-0.01836950983327058,0.017740399697677243
ETH,1985,1986,Services,0.1423050096047117,0.1385447953108407,10.668570100853728,11.16019694999568,0.06996096348907957,-0.04196473209378923
ETH,1986,1987,Agriculture,0.8524998430124036,0.8552982901368156,4.173242182810859,4.670859764248363,0.4242189100556844,0.013071154075792629
ETH,1986,1987,Manufacturing,0.008955361676755702,0.00930591320760053,55.50648872647204,54.03745404628526,-0.013155736876769762,0.018942912238882316
ETH,1986,1987,Services,0.1385447953108407,0.13539579665558388,11.16019694999568,11.940026140402752,0.1080412755623665,-0.03759912625985972
ETH,1987,1988,Agriculture,0.8552982901368156,0.8550750898249453,4.670859764248363,4.4437408514315395,-0.19425441778996191,-0.0009918443439102514
ETH,1987,1988,Manufacturing,0.00930591320760053,0.009546867174108487,54.03745404628526,51.16313504459039,-0.026748163160729473,0.012327960327976333
ETH,1987,1988,Services,0.13539579665558388,0.1353780430009462,11.940026140402752,12.21829296168212,0.03767615794993707,-0.00021691935350378174
ETH,1988,1989,Agriculture,0.8550750898249453,0.8592937385689717,4.4437408514315395,4.41676974175189,-0.023062324032005078,0.018632800123695607
ETH,1988,1989,Manufacturing,0.009546867174108487,0.00974833798484712,51.16313504459039,48.403878980506164,-0.026342251143165487,0.009751968741097251
ETH,1988,1989,Services,0.1353780430009462,0.13095792344618115,12.21829296168212,12.485694007225678,0.03620023024209374,-0.055188260236150886
ETH,1989,1990,Agriculture,0.8592937385689717,0.8640956181019879,4.41676974175189,4.304533174954453,-0.09644417908751556,0.02066984975200277
ETH,1989,1990,Manufacturing,0.00974833798484712,0.009680499646863511,48.403878980506164,45.10147744198295,-0.03219292635920341,-0.0030596092702693447
ETH,1989,1990,Services,0.13095792344618115,0.12622388225114864,12.485694007225678,12.525256825147045,0.00518106448066149,-0.05929508178860825
ETH,1990,1991,Agriculture,0.8640956181019879,0.8710649757801086,4.304533174954453,4.211227879548786,-0.0806246969057484,0.0293495533566492
ETH,1990,1991,Manufacturing,0.009680499646863511,0.00917823095363389,45.10147744198295,40.70390284034229,-0.042570719378238385,-0.020444296088964198
ETH,1990,1991,Services,0.12622388225114864,0.11975679326625775,12.525256825147045,12.255234059713382,-0.03408332174922811,-0.07925568919483204
ETH,1991,1992,Agriculture,0.8710649757801086,0.8617884461183787,4.211227879548786,3.9875035432544745,-0.19487843357562515,-0.03699019489525309
ETH,1991,1992,Manufacturing,0.00917823095363389,0.00816872635223341,40.70390284034229,39.17309274401872,-0.014050128610212268,-0.039545417376174626
ETH,1991,1992,Services,0.11975679326625775,0.13004282752938795,12.255234059713382,10.56650895536569,-0.2022363032049062,0.10868747315656356
ETH,1992,1993,Agriculture,0.8617884461183787,0.8485551828728933,3.9875035432544745,4.3304832709018966,0.29557596653937657,-0.05730642510401524
ETH,1992,1993,Manufacturing,0.00816872635223341,0.011564786526013178,39.17309274401872,37.138670405429544,-0.016618639368805706,0.12612515947101258
ETH,1992,1993,Services,0.13004282752938795,0.1398800306010937,10.56650895536569,11.873930175832507,0.1700207522814283,0.11680626239891903
ETH,1993,1994,Agriculture,0.8485551828728933,0.8423410551426335,4.3304832709018966,4.05865104082085,-0.23066464770716885,-0.025220975980212914
ETH,1993,1994,Manufacturing,0.011564786526013178,0.011972289193042659,37.138670405429544,36.75788127916437,-0.0044037449566837784,0.014978934655612506
ETH,1993,1994,Services,0.1398800306010937,0.14568665566432396,11.873930175832507,11.985416285758719,0.01559468046807535,0.06959481859813475
ETH,1994,1995,Agriculture,0.8423410551426335,0.8381725209505873,4.05865104082085,4.080201031009428,0.01815244147375987,-0.017008457508185013
ETH,1994,1995,Manufacturing,0.011972289193042659,0.013049614831729513,36.75788127916437,35.43360615282323,-0.01585460478370926,0.03817353237956873
ETH,1994,1995,Services,0.14568665566432396,0.1487778642176832,11.985416285758719,12.27112175257965,0.04162347396615583,0.037932596520886736
ETH,1995,1996,Agriculture,0.8381725209505873,0.824872500666689,4.080201031009428,4.160418729985803,0.06723627097588412,-0.0553336534983212
ETH,1995,1996,Manufacturing,0.013049614831729513,0.013943634846006983,35.43360615282323,34.25895831494925,-0.015328701847179342,0.03062819440186219
ETH,1995,1996,Services,0.1487778642176832,0.16118386448730396,12.27112175257965,12.001123911095965,-0.04016970219932717,0.1488859464768088
ETH,1996,1997,Agriculture,0.824872500666689,0.8259851635549795,4.160418729985803,4.199196529483157,0.03198674044173327,0.004672290138994103
ETH,1996,1997,Manufacturing,0.013943634846006983,0.01510002398976995,34.25895831494925,33.24433419060807,-0.014147548295762931,0.038443387149647214
ETH,1996,1997,Services,0.16118386448730396,0.15891481245525063,12.001123911095965,12.814093913663447,0.1310376467260802,-0.0290758458337202
ETH,1997,1998,Agriculture,0.8259851635549795,0.8289362651588126,4.199196529483157,3.6694884707515905,-0.43753099752778335,0.010829033311281907
ETH,1997,1998,Manufacturing,0.01510002398976995,0.015585779089481937,33.24433419060807,33.18454690801848,-0.0009027894013859507,0.016119562892201598
ETH,1997,1998,Services,0.15891481245525063,0.15547795575170548,12.814093913663447,13.06927764354406,0.040552474575609024,-0.044917234479707226
ETH,1998,1999,Agriculture,0.8289362651588126,0.8219847313654172,3.6694884707515905,3.71093164320318,0.03435374858835325,-0.025796666722707282
ETH,1998,1999,Manufacturing,0.015585779089481937,0.016514382643496202,33.18454690801848,32.18673794416511,-0.01555163008412354,0.02988871924707752
ETH,1998,1999,Services,0.15547795575170548,0.16150088599108664,13.06927764354406,12.992305368862297,-0.011967491917079291,0.07825174888539498
ETH,1999,2000,Agriculture,0.8219847313654172,0.8136828633519573,3.71093164320318,3.732502453982361,0.01773087710365915,-0.030986742732876705
ETH,1999,2000,Manufacturing,0.016514382643496202,0.01768912275135525,32.18673794416511,30.759000626508126,-0.023578200378186316,0.036133831713620695
ETH,1999,2000,Services,0.16150088599108664,0.16862801389668747,12.992305368862297,13.117594188299034,0.020234255343810226,0.09349077159377328
ETH,2000,2001,Agriculture,0.8136828633519573,0.8196171324114934,3.732502453982361,3.996081298806808,0.2144695891757574,0.023713821610900035
ETH,2000,2001,Manufacturing,0.01768912275135525,0.018757195417222657,30.759000626508126,30.055234361001883,-0.012449007858802796,0.03210117428722495
ETH,2000,2001,Services,0.16862801389668747,0.1616256721712841,13.117594188299034,14.171855168845921,0.1777779352783959,-0.09923617277518323
ETH,2001,2002,Agriculture,0.8196171324114934,0.8269930661029763,3.996081298806808,3.831430048981071,-0.13495098523013904,0.028260373984839566
ETH,2001,2002,Manufacturing,0.018757195417222657,0.01993987916035211,30.055234361001883,29.996392149179066,-0.0011037148659421945,0.03547624534737007
ETH,2001,2002,Services,0.1616256721712841,0.1530670547366716,14.171855168845921,15.317380771821002,0.18514634557026294,-0.13109560212630555
ETH,2002,2003,Agriculture,0.8269930661029763,0.8297949027825428,3.831430048981071,3.3535945261208644,-0.395166664143081,0.00939622415167874
ETH,2002,2003,Manufacturing,0.01993987916035211,0.020862906324777296,29.996392149179066,29.896648241489654,-0.0019888814663081866,0.027595418452159393
ETH,2002,2003,Services,0.1530670547366716,0.14934219089267997,15.317380771821002,16.25854291688789,0.14406091757503667,-0.06056085866710178
ETH,2003,2004,Agriculture,0.8297949027825428,0.829164572585033,3.3535945261208644,3.838070931046563,0.4020160513257559,-0.0024192520080231965
ETH,2003,2004,Manufacturing,0.020862906324777296,0.022855003754575037,29.896648241489654,29.864011084632995,-0.0006809059462075309,0.05949201972514863
ETH,2003,2004,Services,0.14934219089267997,0.14798042366039196,16.25854291688789,17.018226259879786,0.11345277482708489,-0.023174862872367596
ETH,2004,2005,Agriculture,0.829164572585033,0.821280351553044,3.838070931046563,4.266999385656739,0.35565227873640504,-0.03364196629987873
ETH,2004,2005,Manufacturing,0.022855003754575037,0.025438206346859532,29.864011084632995,28.563338278955044,-0.029726881857243228,0.07378488948649563
ETH,2004,2005,Services,0.14798042366039196,0.1532814421000964,17.018226259879786,17.90608076115955,0.13138508524816567,0.09492046429774352
ETH,2005,2006,Agriculture,0.821280351553044,0.8127528281336396,4.266999385656739,4.672366986703177,0.332920445895633,-0.03984371890316348
ETH,2005,2006,Manufacturing,0.025438206346859532,0.028369719398844005,28.563338278955044,27.608575253773882,-0.024287458846910238,0.08093489870313365
ETH,2005,2006,Services,0.1532814421000964,0.1588774524675164,17.90608076115955,19.21451423054881,0.2005585690800182,0.10752462083909019
ETH,2006,2007,Agriculture,0.8127528281336396,0.8023121614871608,4.672366986703177,5.003380772942706,0.2690323909174013,-0.05223863075569624
ETH,2006,2007,Manufacturing,0.028369719398844005,0.030265186624737674,27.608575253773882,27.015365429950137,-0.016829196246517335,0.05120673976801133
ETH,2006,2007,Services,0.1588774524675164,0.1674226518881015,19.21451423054881,20.295820135465316,0.17179512751121678,0.17343183046187757
ETH,2007,2008,Agriculture,0.8023121614871608,0.7903439142069694,5.003380772942706,5.241998186266708,0.19144565265245544,-0.06273753053555485
ETH,2007,2008,Manufacturing,0.030265186624737674,0.03352601005420328,27.015365429950137,26.06654610399416,-0.028716193973215457,0.08499840426114963
ETH,2007,2008,Services,0.1674226518881015,0.17613007573882725,20.295820135465316,21.44085242594295,0.19170434256927235,0.18669458979354692
ETH,2008,2009,Agriculture,0.7903439142069694,0.779848440019339,5.241998186266708,5.4382876481296885,0.15513618160636727,-0.05707740763585447
ETH,2008,2009,Manufacturing,0.03352601005420328,0.03675027246349681,26.06654610399416,25.289500448269457,-0.02605124046640135,0.08153998564516704
ETH,2008,2009,Services,0.17613007573882725,0.18340128751716417,21.44085242594295,22.462596534589984,0.1799598672417027,0.16333029649434083
ETH,2009,2010,Agriculture,0.779848440019339,0.7688333058125366,5.4382876481296885,5.714294279782681,0.2152433411295787,-0.06294371838896913
ETH,2009,2010,Manufacturing,0.03675027246349681,0.041797151011479114,25.289500448269457,24.178277535309785,-0.04083774481894855,0.12202483022011738
ETH,2009,2010,Services,0.18340128751716417,0.18936954317598428,22.462596534589984,23.51879010002895,0.19370725976885075,0.1403661521031003
ETH,2010,2011,Agriculture,0.7688333058125366,0.7595381644326162,5.714294279782681,6.085183042332633,0.2851516334000005,-0.056562636701175846
ETH,2010,2011,Manufacturing,0.041797151011479114,0.04875257296795283,24.178277535309785,23.10660884203852,-0.044792698206933636,0.1607162144795644
ETH,2010,2011,Services,0.18936954317598428,0.19170926259943089,23.51879010002895,25.342901727930137,0.3454311856776485,0.05929527941933657
ETH,2011,2012,Agriculture,0.7595381644326162,0.7449154817743314,6.085183042332633,6.304579466232113,0.16663995709169097,-0.09218986482865084
ETH,2011,2012,Manufacturing,0.04875257296795283,0.05685727602188002,23.10660884203852,23.19699403980165,0.004406510949169833,0.18800474843631118
ETH,2011,2012,Services,0.19170926259943089,0.19822724220378857,25.342901727930137,26.15729381565641,0.15612650660481467,0.1704927075956398
ETH,2012,2013,Agriculture,0.7449154817743314,0.7236051520696531,6.304579466232113,6.66887569242998,0.27136989884675494,-0.1421159397651975
ETH,2012,2013,Manufacturing,0.05685727602188002,0.06851793523420871,23.19699403980165,23.419507217843343,0.012651493182422353,0.2730868925879433
ETH,2012,2013,Services,0.19822724220378857,0.20787691269613806,26.15729381565641,26.09682303697795,-0.011986955691346952,0.2518257432039926
ETH,2013,2014,Agriculture,0.7236051520696531,0.7060917521743542,6.66887569242998,6.8840732284287816,0.15571804576142753,-0.12056352735799518
ETH,2013,2014,Manufacturing,0.06851793523420871,0.07934078714179155,23.419507217843343,23.02825868645504,-0.02680754153414303,0.24923143345301096
ETH,2013,2014,Services,0.20787691269613806,0.21456746068385432,26.09682303697795,27.322320021392674,0.2547525296385603,0.18280129323886846
ETH,2014,2015,Agriculture,0.7060917521743542,0.6889949546700024,6.8840732284287816,7.180553342843042,0.20934216347161794,-0.12276446647178374
ETH,2014,2015,Manufacturing,0.07934078714179155,0.09388784888944714,23.02825868645504,23.31314515657454,0.022603116785327535,0.33913776212474767
ETH,2014,2015,Services,0.21456746068385432,0.2171171964405506,27.322320021392674,28.429323452353426,0.23752691514956303,0.07248726254514984
ETH,2015,2016,Agriculture,0.6889949546700024,0.6803186822219807,7.180553342843042,7.285545351979315,0.07233896457555908,-0.0632113764061908
ETH,2015,2016,Manufacturing,0.09388784888944714,0.10297187056491539,23.31314515657454,25.19918968062231,0.1770766632725665,0.22890998526300887
ETH,2015,2016,Services,0.2171171964405506,0.21670944721310406,28.429323452353426,30.58076508937854,0.4671149765363618,-0.012469283339918424
ETH,2016,2017,Agriculture,0.6803186822219807,0.6707496383363769,7.285545351979315,7.621517526996861,0.22856814737118966,-0.07293063569073117
ETH,2016,2017,Manufacturing,0.10297187056491539,0.10859108040679166,25.19918968062231,27.88446715114624,0.27650804412567337,0.1566886722511967
ETH,2016,2017,Services,0.21670944721310406,0.22065928125683146,30.58076508937854,31.18313599459452,0.13053946588661156,0.12316821214163058
GHA,1960,1961,Agriculture,0.6805647784747937,0.6773905735969873,1.7540071741390628,1.789420332583045,0.02410094833152143,-0.005679986748131046
GHA,1960,1961,Manufacturing,0.13754784981389104,0.1359704228220129,6.622641297711188,6.802855176156062,0.024788031486714393,-0.01073100737670641
GHA,1960,1961,Services,0.18188737171131528,0.18663900358099975,6.089669699455611,6.026213953717836,-0.011541798812225536,0.02863435027602292
GHA,1961,1962,Agriculture,0.6773905735969873,0.6789191788049178,1.789420332583045,1.852063796741043,0.04243409211808861,0.0028310743651179344
GHA,1961,1962,Manufacturing,0.1359704228220129,0.1323750633483606,6.802855176156062,7.248565456800275,0.06060341531531165,-0.02606119848549571
GHA,1961,1962,Services,0.18663900358099975,0.18870575784672156,6.026213953717836,6.1827878093747834,0.02922278840664802,0.012778303079078136
GHA,1962,1963,Agriculture,0.6789191788049178,0.6662820572208261,1.852063796741043,1.8897545029858758,0.0255889433323193,-0.02388105741831728
GHA,1962,1963,Manufacturing,0.1323750633483606,0.13449969646524731,7.248565456800275,7.143752966926967,-0.013874559986678556,0.01517785413239072
GHA,1962,1963,Services,0.18870575784672156,0.19921824631392668,6.1827878093747834,5.86448449100206,-0.060065668918651,0.06165032557776246
GHA,1963,1964,Agriculture,0.6662820572208261,0.6823182494916916,1.8897545029858758,1.9000182617622703,0.006838558312354447,0.030469058163775424
GHA,1963,1964,Manufacturing,0.13449969646524731,0.12232683622481222,7.143752966926967,8.08736845172147,0.1269159962847679,-0.09844640587570944
GHA,1963,1964,Services,0.19921824631392668,0.19535491428349624,5.86448449100206,6.157662684462351,0.05840644555864422,-0.023789095481469645
GHA,1964,1965,Agriculture,0.6823182494916916,0.6834145285893004,1.9000182617622703,1.8873901937627702,-0.008616361251880967,0.0020691064184539245
GHA,1964,1965,Manufacturing,0.12232683622481222,0.11700949036782653,8.08736845172147,8.41218953054833,0.03973433491202009,-0.044730521148439575
GHA,1964,1965,Services,0.19535491428349624,0.19957598104287316,6.157662684462351,5.9969864232195365,-0.031388897242482686,0.025313680047486662
GHA,1965,1966,Agriculture,0.6834145285893004,0.6879935404123422,1.8873901937627702,1.8249909768020798,-0.042644531443531704,0.008356655259721268
GHA,1965,1966,Manufacturing,0.11700949036782653,0.11157230607499963,8.41218953054833,7.684844741356152,-0.08510624310507105,-0.04178391712051506
GHA,1965,1966,Services,0.19957598104287316,0.20043415351265825,5.9969864232195365,5.520465415211587,-0.0951021476607254,0.0047375114397353
GHA,1966,1967,Agriculture,0.6879935404123422,0.673373983016584,1.8249909768020798,1.6508734389991726,-0.11979174128090193,-0.02413503899458105
GHA,1966,1967,Manufacturing,0.11157230607499963,0.12605422603521416,7.684844741356152,7.0439776304407795,-0.07150302145245063,0.10201032024558497
GHA,1966,1967,Services,0.20043415351265825,0.2005717909482018,5.520465415211587,5.445407680982632,-0.015044133424758516,0.0007494919486995538
GHA,1967,1968,Agriculture,0.673373983016584,0.6726303753344599,1.6508734389991726,1.733102008762368,0.055370579539199986,-0.0012887479676204313
GHA,1967,1968,Manufacturing,0.12605422603521416,0.1266979076988682,7.0439776304407795,6.729316566413596,-0.0396643568893636,0.004331537682723899
GHA,1967,1968,Services,0.2005717909482018,0.20067171696667183,5.445407680982632,5.436413952771905,-0.0018038881745269862,0.000543239201055421
GHA,1968,1969,Agriculture,0.6726303753344599,0.6527723317566473,1.733102008762368,1.8274799757702074,0.06348148737178622,-0.036290176996424735
GHA,1968,1969,Manufacturing,0.1266979076988682,0.13399879539305187,6.729316566413596,6.52696338945708,-0.025637724136609367,0.04765262669047447
GHA,1968,1969,Services,0.20067171696667183,0.21322887285030093,5.436413952771905,5.023888678448847,-0.08278215509055536,0.06308575327728157
GHA,1969,1970,Agriculture,0.6527723317566473,0.6444034326219658,1.8274799757702074,1.9388429818939106,0.07269468917879952,-0.016225981353455304
GHA,1969,1970,Manufacturing,0.13399879539305187,0.1372423422176597,6.52696338945708,6.899491621350104,0.04991833432356869,0.022378824139838528
GHA,1969,1970,Services,0.21322887285030093,0.2183542251603746,5.023888678448847,4.942387818326359,-0.01737833654024816,0.025331478821938924
GHA,1970,1971,Agriculture,0.6444034326219658,0.6355623488109436,1.9388429818939106,1.9555190478676732,0.010746114156122975,-0.017288907796248257
GHA,1970,1971,Manufacturing,0.1372423422176597,0.1362131908202426,6.899491621350104,6.9487696143249424,0.006763027175652199,-0.007151335958912033
GHA,1970,1971,Services,0.2183542251603746,0.22822446036881375,4.942387818326359,4.790348149518259,-0.03319850407623261,0.04728186296605649
GHA,1971,1972,Agriculture,0.6355623488109436,0.6473727796082359,1.9555190478676732,1.9518318947991773,-0.002343415664638716,0.02305197552147353
GHA,1971,1972,Manufacturing,0.1362131908202426,0.12704074734689827,6.9487696143249424,6.347056916238305,-0.08196120656343817,-0.05821802078629509
GHA,1971,1972,Services,0.22822446036881375,0.22558647304486582,4.790348149518259,4.711162639425416,-0.01807207030996843,-0.01242798732386133
GHA,1972,1973,Agriculture,0.6473727796082359,0.6213627970897773,1.9518318947991773,1.8828011830021991,-0.044688603774344804,-0.04897162585562047
GHA,1972,1973,Manufacturing,0.12704074734689827,0.14956208174423402,6.347056916238305,5.6772057230415855,-0.08509839619492278,0.12785824853108785
GHA,1972,1973,Services,0.22558647304486582,0.22907512116598866,4.711162639425416,4.521658717772735,-0.04274952131379879,0.015774476190116585
GHA,1973,1974,Agriculture,0.6213627970897773,0.6138612744996366,1.8828011830021991,1.9644670649858973,0.050744140856194345,-0.0147364940655791
GHA,1973,1974,Manufacturing,0.14956208174423402,0.14803267945371004,5.6772057230415855,5.658958309061715,-0.0027291212212782715,-0.00865482379985869
GHA,1973,1974,Services,0.22907512116598866,0.2381060460466534,4.521658717772735,4.431666367374123,-0.020615008571574146,0.04002204605992406
GHA,1974,1975,Agriculture,0.6138612744996366,0.612536492129876,1.9644670649858973,1.5082265312730727,-0.2800683955033489,-0.001998071918235637
GHA,1974,1975,Manufacturing,0.14803267945371004,0.1581080114179806,5.658958309061715,4.775408263783153,-0.13079428063403234,0.04811382352253611
GHA,1974,1975,Services,0.2381060460466534,0.22935549645214345,4.431666367374123,4.302631102393505,-0.030724076745117127,-0.03765038684837533
GHA,1975,1976,Agriculture,0.612536492129876,0.6256530835276018,1.5082265312730727,1.4301248161878701,-0.047840150587617015,0.01875836286168402
GHA,1975,1976,Manufacturing,0.1581080114179806,0.16067235129324506,4.775408263783153,4.52575700667827,-0.039471863808852085,0.01160557915798266
GHA,1975,1976,Services,0.22935549645214345,0.21367456517915304,4.302631102393505,4.2747715979210135,-0.00638973047919903,-0.06703239963473084
GHA,1976,1977,Agriculture,0.6256530835276018,0.6066298601622403,1.4301248161878701,1.3154284379394139,-0.0717601427205948,-0.025023688996070107
GHA,1976,1977,Manufacturing,0.16067235129324506,0.167086532636645,4.52575700667827,4.312479335048892,-0.034267824979040726,0.02766102449466838
GHA,1976,1977,Services,0.21367456517915304,0.2262836072011146,4.2747715979210135,4.301518877302394,0.005715213291541814,0.05423803228216679
GHA,1977,1978,Agriculture,0.6066298601622403,0.606297873785187,1.3154284379394139,1.4971625799948935,0.11024535718182034,-0.000497037580792335
GHA,1977,1978,Manufacturing,0.167086532636645,0.16411615805848304,4.312479335048892,3.805230732362094,-0.08475441020772032,-0.011302960631448982
GHA,1977,1978,Services,0.2262836072011146,0.22958596815633006,4.301518877302394,4.320383642656513,0.0042687871533327515,0.01426746625306044
GHA,1978,1979,Agriculture,0.606297873785187,0.6322798731835182,1.4971625799948935,1.4979884900022549,0.0005007474814010759,0.0389207360459457
GHA,1978,1979,Manufacturing,0.16411615805848304,0.14839644598928511,3.805230732362094,3.625393743206386,-0.029514155737039856,-0.05699014578067606
GHA,1978,1979,Services,0.22958596815633006,0.21932368082719678,4.320383642656513,4.292751162222861,-0.00634402977292096,-0.044053445859201845
GHA,1979,1980,Agriculture,0.6322798731835182,0.6366247021975733,1.4979884900022549,1.475724526238857,-0.014077056184883667,0.00641177073835528
GHA,1979,1980,Manufacturing,0.14839644598928511,0.15312728091954628,3.625393743206386,3.430485610253711,-0.028923674224584032,0.016229061152746537
GHA,1979,1980,Services,0.21932368082719678,0.21024801688288047,4.292751162222861,4.23113687829432,-0.013513471542739549,-0.0384003764098028
GHA,1980,1981,Agriculture,0.6366247021975733,0.6537642345688933,1.475724526238857,1.3645820520536522,-0.07075604452965743,0.023388298254495905
GHA,1980,1981,Manufacturing,0.15312728091954628,0.13021376113100575,3.430485610253711,3.276324310508166,-0.023606300653058455,-0.07507212192250527
GHA,1980,1981,Services,0.21024801688288047,0.216022004300101,4.23113687829432,4.203090624714215,-0.005896669196211495,0.024268592380537395
GHA,1981,1982,Agriculture,0.6537642345688933,0.6851093808581007,1.3645820520536522,1.2179407091485945,-0.09586886530047967,0.03817652969984366
GHA,1981,1982,Manufacturing,0.13021376113100575,0.11119204133973348,3.276324310508166,3.1764231542698713,-0.013008505295124598,-0.06042103117903068
GHA,1981,1982,Services,0.216022004300101,0.2036985778021659,4.203090624714215,4.258517150793493,0.011973349255037381,-0.052479523097999525
GHA,1982,1983,Agriculture,0.6851093808581007,0.6979754055286701,1.2179407091485945,1.0681366867783997,-0.10263214101609726,0.01374267296363116
GHA,1982,1983,Manufacturing,0.11119204133973348,0.1013881988588986,3.1764231542698713,2.9147729325038307,-0.029093422275160017,-0.02857597469766871
GHA,1982,1983,Services,0.2036985778021659,0.20063639561243132,4.258517150793493,4.277787155513847,0.003925272555777225,-0.013099363639089878
GHA,1983,1984,Agriculture,0.6979754055286701,0.6809708335272417,1.0681366867783997,1.108763031149543,0.02835618918759624,-0.018854040795704352
GHA,1983,1984,Manufacturing,0.1013881988588986,0.11251044451641465,2.9147729325038307,2.6343683579193833,-0.028429714768912824,0.029300092029166534
GHA,1983,1984,Services,0.20063639561243132,0.20651872195634366,4.277787155513847,4.116358870358596,-0.032388389283445375,0.024213766224107595
GHA,1984,1985,Agriculture,0.6809708335272417,0.658230361178051,1.108763031149543,1.1025104114818924,-0.004257851626808903,-0.025071607526998885
GHA,1984,1985,Manufacturing,0.11251044451641465,0.12727450439503962,2.6343683579193833,2.53185202500929,-0.011534158185907348,0.03738041490105505
GHA,1984,1985,Services,0.20651872195634366,0.21449513442690935,4.116358870358596,4.105140004746991,-0.002316905787908641,0.032744289927281976
GHA,1985,1986,Agriculture,0.658230361178051,0.6479527192704128,1.1025104114818924,1.1271863154640367,0.01624242919056172,-0.011584817313529528
GHA,1985,1986,Manufacturing,0.12727450439503962,0.13203294442757696,2.53185202500929,2.49414330465259,-0.004799358694770124,0.011868231347743851
GHA,1985,1986,Services,0.21449513442690935,0.22001433630201034,4.105140004746991,4.175679509014554,0.01513038045027846,0.02304641817597392
GHA,1986,1987,Agriculture,0.6479527192704128,0.6311622854404781,1.1271863154640367,1.117812965672365,-0.006073487486186437,-0.018768564634364816
GHA,1986,1987,Manufacturing,0.13203294442757696,0.1366596117245964,2.49414330465259,2.5975440321513075,0.013652302507609187,0.012017972026122462
GHA,1986,1987,Services,0.22001433630201034,0.23217810283492546,4.175679509014554,4.18194345523662,0.0013781579706794698,0.05086818384335063
GHA,1987,1988,Agriculture,0.6311622854404781,0.6206599406737674,1.117812965672365,1.1494183303384329,0.019948114194815146,-0.012071587586391246
GHA,1987,1988,Manufacturing,0.1366596117245964,0.1417005238873956,2.5975440321513075,2.6973165210983097,0.013634869600293906,0.013596935658123692
GHA,1987,1988,Services,0.23217810283492546,0.23763953543883712,4.18194345523662,4.317937038629862,0.03157473218996599,0.02358212212441088
GHA,1988,1989,Agriculture,0.6206599406737674,0.6122509158881674,1.1494183303384329,1.196033021540204,0.02893187147581723,-0.010057471322527654
GHA,1988,1989,Manufacturing,0.1417005238873956,0.14497531613093845,2.6973165210983097,2.7538331193478505,0.008008431580293397,0.009018231339251755
GHA,1988,1989,Services,0.23763953543883712,0.24277376798089406,4.317937038629862,4.423242101775822,0.02502464628536334,0.022709953540333776
GHA,1989,1990,Agriculture,0.6122509158881674,0.6114089697030669,1.196033021540204,1.1708661908016906,-0.015408415169657273,-0.0009858063226086057
GHA,1989,1990,Manufacturing,0.14497531613093845,0.14068340374760852,2.7538331193478505,2.909313316548669,0.02254079074128933,-0.012486517850281908
GHA,1989,1990,Services,0.24277376798089406,0.24790762654932452,4.423242101775822,4.621272484354464,0.04807658215331509,0.023724959340855088
GHA,1990,1991,Agriculture,0.6114089697030669,0.6298882424303546,1.1708661908016906,1.3606785249083864,0.11605296363310914,0.025144349555945553
GHA,1990,1991,Manufacturing,0.14068340374760852,0.13405284021379157,2.909313316548669,2.99658693632589,0.012277949887634027,-0.019869060065914674
GHA,1990,1991,Services,0.24790762654932452,0.23605891735585385,4.621272484354464,4.758515407513356,0.03402356734101226,-0.056382265256275335
GHA,1991,1992,Agriculture,0.6298882424303546,0.6287758532853721,1.3606785249083864,1.3840061911587893,0.01469382269446821,-0.0015395534636335594
GHA,1991,1992,Manufacturing,0.13405284021379157,0.1350797472220171,2.99658693632589,3.1476096813078205,0.020245027901710934,0.003232302440893512
GHA,1991,1992,Services,0.23605891735585385,0.23614439949261085,4.758515407513356,4.928357690638933,0.04009278547586996,0.00042128654609857277
GHA,1992,1993,Agriculture,0.6287758532853721,0.6309315875619207,1.3840061911587893,1.439294770733302,0.034764123798900363,0.0031027370713269118
GHA,1992,1993,Manufacturing,0.1350797472220171,0.1345372911615053,3.1476096813078205,3.161856231857444,0.0019244204470288513,-0.0017151680754380317
GHA,1992,1993,Services,0.23614439949261085,0.2345311212765739,4.928357690638933,5.074754982453309,0.03457090056285046,-0.008186991664916817
GHA,1993,1994,Agriculture,0.6309315875619207,0.6327150861221696,1.439294770733302,1.4420470034650203,0.0017364705667629902,0.0025718887544911805
GHA,1993,1994,Manufacturing,0.1345372911615053,0.13183146833848694,3.161856231857444,3.272704125615217,0.01491317535712909,-0.00885535751607604
GHA,1993,1994,Services,0.2345311212765739,0.23545344553934344,5.074754982453309,5.238831014701894,0.038480935817871896,0.004831900953409076
GHA,1994,1995,Agriculture,0.6327150861221696,0.6335164801612331,1.4420470034650203,1.4721881697401304,0.019070770615578922,0.0011798028236094417
GHA,1994,1995,Manufacturing,0.13183146833848694,0.12976529499426234,3.272704125615217,3.3881549677066896,0.015220054033833625,-0.007000515480377715
GHA,1994,1995,Services,0.23545344553934344,0.2367182248445045,5.238831014701894,5.372973675022229,0.03158435156623666,0.006795625911343264
GHA,1995,1996,Agriculture,0.6335164801612331,0.6323141935804529,1.4721881697401304,1.52555314766782,0.03380759298063172,-0.001834152077707928
GHA,1995,1996,Manufacturing,0.12976529499426234,0.12933738438151415,3.3881549677066896,3.4891790432323706,0.013109418962112639,-0.0014930567423777038
GHA,1995,1996,Services,0.2367182248445045,0.2383484220380329,5.372973675022229,5.490418188022993,0.027801256635268074,0.008950464321412298
GHA,1996,1997,Agriculture,0.6323141935804529,0.6254213540166754,1.52555314766782,1.5677190365947817,0.026662090053454816,-0.01080603580032767
GHA,1996,1997,Manufacturing,0.12933738438151415,0.13159559984592173,3.4891790432323706,3.5464671212795413,0.007409490170865104,0.008008686897286479
GHA,1996,1997,Services,0.2383484220380329,0.24298304613740296,5.490418188022993,5.617577763791735,0.030308284231505295,0.02603536128415461
GHA,1997,1998,Agriculture,0.6254213540166754,0.6233898547965621,1.5677190365947817,1.623751595012106,0.03504395855438139,-0.0032986500989249244
GHA,1997,1998,Manufacturing,0.13159559984592173,0.1318267595148765,3.5464671212795413,3.637931839463176,0.012036354454113574,0.0008409431196902934
GHA,1997,1998,Services,0.24298304613740296,0.24478338568856137,5.617577763791735,5.77781739297012,0.03893551320969202,0.010402033171935074
GHA,1998,1999,Agriculture,0.6233898547965621,0.6209058706088234,1.623751595012106,1.6617737399111583,0.023702619387674064,-0.004127819693538641
GHA,1998,1999,Manufacturing,0.1318267595148765,0.13268635177161903,3.637931839463176,3.7157464081790588,0.010258042436862524,0.00319402684048961
GHA,1998,1999,Services,0.24478338568856137,0.2464077776195575,5.77781739297012,5.9325512403307314,0.03787627503754749,0.009636788365014406
GHA,1999,2000,Agriculture,0.6209058706088234,0.616911241093199,1.6617737399111583,1.6964830036964762,0.021551185648814124,-0.006776821079321182
GHA,1999,2000,Manufacturing,0.13268635177161903,0.13409709999667277,3.7157464081790588,3.7943856491810526,0.010434353994643679,0.005352922819751564
GHA,1999,2000,Services,0.2464077776195575,0.2489916589101283,5.9325512403307314,6.14481288115585,0.0523029191895981,0.01587746703767705
GHA,2000,2001,Agriculture,0.616911241093199,0.6082653089701525,1.6964830036964762,1.7553362240096755,0.036307213185747235,-0.015176517845912276
GHA,2000,2001,Manufacturing,0.13409709999667277,0.1337898405033369,3.7943856491810526,3.85416042689507,0.008015624344395508,-0.0011842273800029641
GHA,2000,2001,Services,0.2489916589101283,0.25794485052651045,6.14481288115585,6.117653658635851,-0.006762419869963652,0.054772525448428026
GHA,2001,2002,Agriculture,0.6082653089701525,0.5985309065781379,1.7553362240096755,1.823023335615085,0.04117172185396155,-0.01774604271890995
GHA,2001,2002,Manufacturing,0.1337898405033369,0.13511297175736786,3.85416042689507,3.917927311280216,0.008531361291283377,0.005183932076576372
GHA,2001,2002,Services,0.25794485052651045,0.26635612166449424,6.117653658635851,6.090176758229492,-0.007087524968250165,0.0512261279917154
GHA,2002,2003,Agriculture,0.5985309065781379,0.5890553797678305,1.823023335615085,1.9245312525510196,0.060755625548523345,-0.018235947480821645
GHA,2002,2003,Manufacturing,0.13511297175736786,0.13660794276969176,3.917927311280216,3.9900943001483564,0.00975069632875534,0.005965075315160625
GHA,2002,2003,Services,0.26635612166449424,0.27433667746247775,6.090176758229492,6.075273161609841,-0.003969664194462282,0.04848405645421905
GHA,2003,2004,Agriculture,0.5890553797678305,0.5785611412874154,1.9245312525510196,2.0492092910675255,0.07344226932704855,-0.021504890996744942
GHA,2003,2004,Manufacturing,0.13660794276969176,0.1379012390013364,3.9900943001483564,4.060296076755196,0.009590120281037841,0.0052511656154290405
GHA,2003,2004,Services,0.27433667746247775,0.2835376197112482,6.075273161609841,6.034762619783633,-0.011113527446806685,0.055525502349667806
GHA,2004,2005,Agriculture,0.5785611412874154,0.5629285475295025,2.0492092910675255,2.1231921746073423,0.04280362153653038,-0.033191000735616316
GHA,2004,2005,Manufacturing,0.1379012390013364,0.13917767474640347,4.060296076755196,4.1631824242243205,0.014188154792314268,0.0053140348595148434
GHA,2004,2005,Services,0.2835376197112482,0.297893777724094,6.034762619783633,5.977971805240237,-0.016102332377097364,0.08582070783236583
GHA,2005,2006,Agriculture,0.5629285475295025,0.5492912138125602,2.1231921746073423,2.209105558426381,0.048363096366595984,-0.03012630971621276
GHA,2005,2006,Manufacturing,0.13917767474640347,0.14023470413536887,4.1631824242243205,4.285621148578656,0.017040736954552247,0.0045300275040193036
GHA,2005,2006,Services,0.297893777724094,0.31047408205207105,5.977971805240237,5.9870701981733,0.0027103546420482786,0.07531916512598213
GHA,2006,2007,Agriculture,0.5492912138125602,0.5371742371546886,2.209105558426381,2.1660292651348976,-0.023661429428624658,-0.02624572604590631
GHA,2006,2007,Manufacturing,0.14023470413536887,0.13889998282305754,4.285621148578656,4.5867449235022,0.04222800348452867,-0.006122026203534172
GHA,2006,2007,Services,0.31047408205207105,0.32392578002225386,5.9870701981733,6.047518177084874,0.018767530764473867,0.08134938798733624
GHA,2007,2008,Agriculture,0.5371742371546886,0.5252865560124375,2.1660292651348976,2.3257900057141887,0.08581935394794882,-0.02764824999176473
GHA,2007,2008,Manufacturing,0.13889998282305754,0.1389801579577651,4.5867449235022,5.284903642368389,0.0969742340582814,0.00042371786144339345
GHA,2007,2008,Services,0.32392578002225386,0.3357332860297976,6.047518177084874,6.203539639442031,0.05053937389425479,0.07324833156074732
GHA,2008,2009,Agriculture,0.5252865560124375,0.5136596994454221,2.3257900057141887,2.504887706821686,0.09407761460450224,-0.029123970083695723
GHA,2008,2009,Manufacturing,0.1389801579577651,0.13710516034116904,5.284903642368389,5.511659654982674,0.03151458645100639,-0.010334348716581227
GHA,2008,2009,Services,0.3357332860297976,0.3492351402134089,6.203539639442031,6.225808445266042,0.007476379355254568,0.08405995780307804
GHA,2009,2010,Agriculture,0.5136596994454221,0.49867799862688394,2.504887706821686,2.6585528038638278,0.07893156756191808,-0.03982964271777365
GHA,2009,2010,Manufacturing,0.13710516034116904,0.13486604467420177,5.511659654982674,5.83293718375455,0.04404880709628253,-0.013060621032580775
GHA,2009,2010,Services,0.3492351402134089,0.36645595669891434,6.225808445266042,6.394492155884823,0.05891027932966818,0.11011837593449658
GHA,2010,2011,Agriculture,0.49867799862688394,0.48441540963490115,2.6585528038638278,2.719505231148012,0.03039563444952774,-0.03878718537341126
GHA,2010,2011,Manufacturing,0.13486604467420177,0.1352713325538113,5.83293718375455,8.145343276322118,0.311865063385114,0.003301208905152319
GHA,2010,2011,Services,0.36645595669891434,0.3803132578112876,6.394492155884823,6.554877738085425,0.05877425196603404,0.09083291457144192
GHA,2011,2012,Agriculture,0.48441540963490115,0.468471849809377,2.719505231148012,2.820894659521806,0.04911460147833986,-0.04497510276558748
GHA,2011,2012,Manufacturing,0.1352713325538113,0.13721194805753031,8.145343276322118,8.80441296140788,0.08915323454737192,0.0170859802940528
GHA,2011,2012,Services,0.3803132578112876,0.3943162021330927,6.554877738085425,6.9323081188959055,0.1435417777229887,0.0970727246104968
GHA,2012,2013,Agriculture,0.468471849809377,0.4537945370188853,2.820894659521806,3.0297004406723564,0.09781963054649027,-0.044467861029238796
GHA,2012,2013,Manufacturing,0.13721194805753031,0.13680563131454623,8.80441296140788,9.28961849683794,0.06657599672465557,-0.0037745275311998647
GHA,2012,2013,Services,0.3943162021330927,0.40939983166656846,6.9323081188959055,7.80598865783216,0.34450639199093736,0.1177426410572539
GHA,2013,2014,Agriculture,0.4537945370188853,0.40440237172135535,3.0297004406723564,3.3668018510792734,0.15297477846402013,-0.16629363355253723
GHA,2013,2014,Manufacturing,0.13680563131454623,0.15770862202084238,9.28961849683794,7.968502901942375,-0.18073605299918016,0.1665655421023953
GHA,2013,2014,Services,0.40939983166656846,0.4378890062578023,7.80598865783216,7.602808703425754,-0.08318183913200364,0.2165977445356485
GHA,2014,2015,Agriculture,0.40440237172135535,0.3517760827650416,3.3668018510792734,3.8963739275769735,0.21416020373307296,-0.205051700194513
GHA,2014,2015,Manufacturing,0.15770862202084238,0.18224359217486846,7.968502901942375,6.9418714034566165,-0.1619086389493815,0.17031860769689527
GHA,2014,2015,Services,0.4378890062578023,0.46598032506008996,7.602808703425754,7.3493004671948405,-0.11100846964132274,0.2064515423977719
GHA,2015,2016,Agriculture,0.3517760827650416,0.3469965341692214,3.8963739275769735,3.9598266402392834,0.022321146701163128,-0.01892618385804706
GHA,2015,2016,Manufacturing,0.18224359217486846,0.18126392569964897,6.9418714034566165,7.1901185685826015,0.045241455119787236,-0.007043918114493542
GHA,2015,2016,Services,0.46598032506008996,0.4717395401311296,7.3493004671948405,7.225489028081995,-0.0576936946439613,0.04161314530616152
GHA,2016,2017,Agriculture,0.3469965341692214,0.3426895008118155,3.9598266402392834,4.141877227651165,0.06317092287539365,-0.01783920338177343
GHA,2016,2017,Manufacturing,0.18126392569964897,0.18132335674159153,7.1901185685826015,7.928022543574763,0.13375537129645487,0.00047117064030874676
GHA,2016,2017,Services,0.4717395401311296,0.475987142446593,7.225489028081995,7.18011211070552,-0.021406086135746728,0.030498260826719525
KEN,1969,1970,Agriculture,0.8694710187096236,0.8735112438724127,69.87832381769485,70.28130588978593,0.35038123274274435,0.2839523005295926
KEN,1969,1970,Manufacturing,0.014240164382760752,0.01516679089503818,1827.8168822035193,1809.2706325926085,-0.2641016431430819,1.676518136045266
KEN,1969,1970,Services,0.11628881690761562,0.11132196523254904,610.8425797892542,669.5821417807508,6.8307541696626926,-3.325715182498391
KEN,1970,1971,Agriculture,0.8735112438724127,0.8677107468353279,70.28130588978593,69.56021026113416,-0.6298851395345645,-0.40348379351870794
KEN,1970,1971,Manufacturing,0.01516679089503818,0.016676747932000035,1809.2706325926085,1737.0211844513617,-1.0957922722401956,2.6228273608141492
KEN,1970,1971,Services,0.11132196523254904,0.11561250523267202,669.5821417807508,674.583960322271,0.5568122697786255,2.894329465204077
KEN,1971,1972,Agriculture,0.8677107468353279,0.8711891087369139,69.56021026113416,72.69582924698298,2.720810292001915,0.25286240285690786
KEN,1971,1972,Manufacturing,0.016676747932000035,0.015613719901603245,1737.0211844513617,1978.8708033548785,4.03326513190422,-2.1035951325000495
KEN,1971,1972,Services,0.11561250523267202,0.11319717136148294,674.583960322271,704.8144599408598,3.4950237953403933,-1.702362237999001
KEN,1972,1973,Agriculture,0.8711891087369139,0.8718416992999947,72.69582924698298,71.38984392476075,-1.1377601888902735,0.04658833844510699
KEN,1972,1973,Manufacturing,0.015613719901603245,0.016158245321193084,1978.8708033548785,2021.1243464674262,0.6597349870096373,1.1005535828034148
KEN,1972,1973,Services,0.11319717136148294,0.1120000553788122,704.8144599408598,717.8263973735055,1.4729145113080908,-0.8593214530787776
KEN,1973,1974,Agriculture,0.8718416992999947,0.8594066630786912,71.38984392476075,69.9455979204904,-1.2591538905702933,-0.8697760436620279
KEN,1973,1974,Manufacturing,0.016158245321193084,0.016376317973827173,2021.1243464674262,1930.3665144459007,-1.4664873146234418,0.42096014636123774
KEN,1973,1974,Services,0.1120000553788122,0.12421701894748158,717.8263973735055,648.3850066244686,-7.777439609473875,7.921296004402583
KEN,1974,1975,Agriculture,0.8594066630786912,0.861878563463105,69.9455979204904,68.19217757590772,-1.5069011273120891,0.16856426996390078
KEN,1974,1975,Manufacturing,0.016376317973827173,0.01476074609775677,1930.3665144459007,2137.9471919646758,3.3994071802699377,-3.454007355861822
KEN,1974,1975,Services,0.12421701894748158,0.12336069043913826,648.3850066244686,646.927811195378,-0.18100847222552752,-0.5539827275667439
KEN,1975,1976,Agriculture,0.861878563463105,0.8589335312244512,68.19217757590772,66.646258522295,-1.3323944931579748,-0.19627537993381655
KEN,1975,1976,Manufacturing,0.01476074609775677,0.015596299987721194,2137.9471919646758,2238.250401632228,1.4805502106928037,1.8701788297982433
KEN,1975,1976,Services,0.12336069043913826,0.12547016878782766,646.927811195378,653.7713334683871,0.8442216326340182,1.3791164729453569
KEN,1976,1977,Agriculture,0.8589335312244512,0.85856440592509,66.646258522295,66.44133480142261,-0.17601585520057283,-0.024525177598531022
KEN,1976,1977,Manufacturing,0.015596299987721194,0.015389003773614912,2238.250401632228,2430.067637447887,2.9916391525964747,-0.5037438212651446
KEN,1976,1977,Services,0.12547016878782766,0.12604659030129503,653.7713334683871,637.0334245193296,-2.100108260993528,0.3671997706907357
KEN,1977,1978,Agriculture,0.85856440592509,0.8606309361967245,66.44133480142261,66.81494322086832,0.3207668906900111,0.13807510276346494
KEN,1977,1978,Manufacturing,0.015389003773614912,0.015685823743428362,2430.067637447887,2561.6819799454697,2.0254136133571436,0.7603583679590739
KEN,1977,1978,Services,0.12604659030129503,0.12368324005984717,637.0334245193296,676.028223843749,4.9151614943262985,-1.5976914660466932
KEN,1978,1979,Agriculture,0.8606309361967245,0.856174777695785,66.81494322086832,62.75652636693679,-3.4927990964756543,-0.2796530284594592
KEN,1978,1979,Manufacturing,0.015685823743428362,0.01598149865669914,2561.6819799454697,2091.4980895139706,-7.375221632307928,0.6184035162230405
KEN,1978,1979,Services,0.12368324005984717,0.12784372364751584,676.028223843749,682.0572373066033,0.7456879194502617,2.8376879416647585
KEN,1979,1980,Agriculture,0.856174777695785,0.8479923144542036,62.75652636693679,60.66946179011733,-1.7868920500951468,-0.49642564098415864
KEN,1979,1980,Manufacturing,0.01598149865669914,0.016283476665369414,2091.4980895139706,2079.422229078137,-0.19299034733375808,0.6279397839217186
KEN,1979,1980,Services,0.12784372364751584,0.13572420888042697,682.0572373066033,647.2217991412997,-4.453492129945196,5.100421830551184
KEN,1980,1981,Agriculture,0.8479923144542036,0.847507913999096,60.66946179011733,62.816732400810324,1.8208689749210416,-0.030428453763329224
KEN,1980,1981,Manufacturing,0.016283476665369414,0.016480106836631824,2079.422229078137,2052.3812548879973,-0.4403210722339993,0.40356007764438734
KEN,1980,1981,Services,0.13572420888042697,0.1360119791642722,647.2217991412997,665.7564182135826,2.515596510485671,0.19158491344111672
KEN,1981,1982,Agriculture,0.847507913999096,0.8442367630946894,62.816732400810324,64.03863461253145,1.0355717945666563,-0.20948003752974287
KEN,1981,1982,Manufacturing,0.016480106836631824,0.016906137810328983,2052.3812548879973,1991.2136324133355,-1.0080489533251886,0.8483186826561091
KEN,1981,1982,Services,0.1360119791642722,0.13885709909498153,665.7564182135826,660.3980448365448,-0.7288029681120514,1.8789116395659224
KEN,1982,1983,Agriculture,0.8442367630946894,0.8370774999144759,64.03863461253145,65.02237636767119,0.8305109550802562,-0.46551230501905516
KEN,1982,1983,Manufacturing,0.016906137810328983,0.0172902767175899,1991.2136324133355,1958.8405341799094,-0.5473040600816205,0.7524668622982639
KEN,1982,1983,Services,0.13885709909498153,0.14563222336793422,660.3980448365448,634.1735311044104,-3.641459902020702,4.296604483849603
KEN,1983,1984,Agriculture,0.8370774999144759,0.8339392734222294,65.02237636767119,61.30810231468735,-3.1091352382689137,-0.19239871087331006
KEN,1983,1984,Manufacturing,0.0172902767175899,0.016379281751308906,1958.8405341799094,2058.4039058095877,1.721478246413379,-1.8751955967656728
KEN,1983,1984,Services,0.14563222336793422,0.14968144482646167,634.1735311044104,616.7612822690057,-2.5357845117356987,2.4974030189525687
KEN,1984,1985,Agriculture,0.8339392734222294,0.8273296770852454,61.30810231468735,61.96847281225,0.5507088929268689,-0.40958659090833965
KEN,1984,1985,Manufacturing,0.016379281751308906,0.01708354366996873,2058.4039058095877,2003.136243890369,-0.9052446063109683,1.4107325744592625
KEN,1984,1985,Services,0.14968144482646167,0.155586779244786,616.7612822690057,597.1369303579161,-2.9374013478348346,3.5262932672951415
KEN,1985,1986,Agriculture,0.8273296770852454,0.8223606485092703,61.96847281225,63.425252615114246,1.205237163887985,-0.31516189268294487
KEN,1985,1986,Manufacturing,0.01708354366996873,0.018603255195881043,2003.136243890369,1877.0924071817155,-2.1532753887426903,2.852638966396543
KEN,1985,1986,Services,0.155586779244786,0.15903609629484863,597.1369303579161,598.9451676949615,0.28133782338106206,2.0659517789828503
KEN,1986,1987,Agriculture,0.8223606485092703,0.817523489201774,63.425252615114246,64.58111611275515,0.9505366555081706,-0.31238914689331193
KEN,1986,1987,Manufacturing,0.018603255195881043,0.01939909211171752,1877.0924071817155,1843.1081241835461,-0.632218289263987,1.4668134851033883
KEN,1986,1987,Services,0.15903609629484863,0.16307741868650846,598.9451676949615,597.2990313271522,-0.2617951019053685,2.4138779498191463
KEN,1987,1988,Agriculture,0.817523489201774,0.8142534257224445,64.58111611275515,66.12903106094765,1.2654568294339152,-0.21624612939584806
KEN,1987,1988,Manufacturing,0.01939909211171752,0.020868413555336588,1843.1081241835461,1760.7204570245742,-1.5982459440864205,2.587064323724972
KEN,1987,1988,Services,0.16307741868650846,0.16487816072221892,597.2990313271522,606.0831114868423,1.432485117977638,1.0913993359885439
KEN,1988,1989,Agriculture,0.8142534257224445,0.8045751039948592,66.12903106094765,67.30099470016367,0.9542754080537847,-0.6513606792946982
KEN,1988,1989,Manufacturing,0.020868413555336588,0.022098353438838095,1760.7204570245742,1699.5035792832123,-1.27749912127322,2.090287234313989
KEN,1988,1989,Services,0.16487816072221892,0.1733265425663026,606.0831114868423,588.6515092005993,-2.874090523396971,4.973152722822794
KEN,1989,1990,Agriculture,0.8045751039948592,0.7983510822211832,67.30099470016367,68.21262049547232,0.7334714190648547,-0.4245568352033162
KEN,1989,1990,Manufacturing,0.022098353438838095,0.02335155404716267,1699.5035792832123,1634.025479477181,-1.4469581920171934,2.0477617248986575
KEN,1989,1990,Services,0.1733265425663026,0.17829736373165406,588.6515092005993,582.3355860392757,-1.094717124666663,2.8946860564213828
KEN,1990,1991,Agriculture,0.7983510822211832,0.792176249789454,68.21262049547232,66.15223239201791,-1.644913072188483,-0.40847895000552087
KEN,1990,1991,Manufacturing,0.02335155404716267,0.024505795747294987,1634.025479477181,1548.9320130446972,-1.9870646804585694,1.7878419201260836
KEN,1990,1991,Services,0.17829736373165406,0.18331795446325108,582.3355860392757,566.7077513969734,-2.7864017175567026,2.8452076841878355
KEN,1991,1992,Agriculture,0.792176249789454,0.7846267250099502,66.15223239201791,62.537113716948895,-2.8638111545599902,-0.4721254896447507
KEN,1991,1992,Manufacturing,0.024505795747294987,0.026129670875855358,1548.9320130446972,1404.9345804748075,-3.5287716706926,2.281438322487439
KEN,1991,1992,Services,0.18331795446325108,0.18924360411419444,566.7077513969734,545.6044327528697,-3.868617206223289,3.233060716495192
KEN,1992,1993,Agriculture,0.7846267250099502,0.7752763805241721,62.537113716948895,59.22175182857315,-2.601321540699067,-0.5537437806484178
KEN,1992,1993,Manufacturing,0.026129670875855358,0.02812544887659856,1404.9345804748075,1267.273456449832,-3.5970398631729115,2.5291964853083715
KEN,1992,1993,Services,0.18924360411419444,0.19659817059922932,545.6044327528697,524.3556622362265,-4.021193915564986,3.856408579720821
KEN,1993,1994,Agriculture,0.7752763805241721,0.7597255126597987,59.22175182857315,59.85611047336857,0.4918032740912118,-0.9308144648466932
KEN,1993,1994,Manufacturing,0.02812544887659856,0.030588389731332894,1267.273456449832,1140.0391985808635,-3.578520615045634,2.807849118183399
KEN,1993,1994,Services,0.19659817059922932,0.20968609760886847,524.3556622362265,488.30589986206564,-7.087317333296959,6.390911975770879
KEN,1994,1995,Agriculture,0.7597255126597987,0.7399030718141665,59.85611047336857,61.596013182113445,1.3218484773793753,-1.2209833276292268
KEN,1994,1995,Manufacturing,0.030588389731332894,0.03418201681137017,1140.0391985808635,1011.0637708366997,-3.9451506496038466,3.633386146523365
KEN,1994,1995,Services,0.20968609760886847,0.22591491137446335,488.30589986206564,449.84404865451546,-8.064915486524143,7.300435289175331
KEN,1995,1996,Agriculture,0.7399030718141665,0.7232769352718629,61.596013182113445,63.29963267419221,1.2605132953915683,-1.0524283359187823
KEN,1995,1996,Manufacturing,0.03418201681137017,0.03682528401728144,1011.0637708366997,933.0906541386662,-2.665278385807111,2.466407926227033
KEN,1995,1996,Services,0.22591491137446335,0.2398977807108557,449.84404865451546,426.57098854442864,-5.2577313121828215,5.964686395512471
KEN,1996,1997,Agriculture,0.7232769352718629,0.7099018479209628,63.29963267419221,60.3989695151882,-2.0979827599004217,-0.8078414931699941
KEN,1996,1997,Manufacturing,0.03682528401728144,0.03947183509403585,933.0906541386662,844.9646641628416,-3.2452646101638383,2.2362421417595986
KEN,1996,1997,Services,0.2398977807108557,0.25062631698500126,426.57098854442864,406.310578812528,-4.860427330975593,4.359117783359281
KEN,1997,1998,Agriculture,0.7099018479209628,0.6981850663740787,60.3989695151882,64.37349505372259,2.821523024414626,-0.7542501789538884
KEN,1997,1998,Manufacturing,0.03947183509403585,0.04317077527011099,844.9646641628416,754.6404829230402,-3.5652611869012483,2.7913700007767774
KEN,1997,1998,Services,0.25062631698500126,0.2586441583558103,406.310578812528,394.4466257467871,-2.9734188617495496,3.162610474488612
KEN,1998,1999,Agriculture,0.6981850663740787,0.6863814908057481,64.37349505372259,67.91042888157145,2.4694343793573776,-0.8015858791813744
KEN,1998,1999,Manufacturing,0.04317077527011099,0.04644177541052336,754.6404829230402,679.8482934641182,-3.228836803090683,2.2237838633802425
KEN,1998,1999,Services,0.2586441583558103,0.2671767337837286,394.4466257467871,374.99343579735006,-5.031453941807852,3.1996597759151273
KEN,1999,2000,Agriculture,0.6863814908057481,0.6824390786338641,67.91042888157145,65.57172560229598,-1.6052426433813847,-0.25851076914592663
KEN,1999,2000,Manufacturing,0.04644177541052336,0.047209933662744674,679.8482934641182,647.4275109973288,-1.5056786979560686,0.49732678528770186
KEN,1999,2000,Services,0.2671767337837286,0.27035098770339117,374.99343579735006,363.01836490680716,-3.1994603273638567,1.152312467714935
KEN,2000,2001,Agriculture,0.6824390786338641,0.6774945419112363,65.57172560229598,70.92599186922261,3.653960537961788,-0.3506961713861752
KEN,2000,2001,Manufacturing,0.047209933662744674,0.04840141349976469,647.4275109973288,633.4451149249302,-0.6601079910241603,0.7547370822918824
KEN,2000,2001,Services,0.27035098770339117,0.274104044588999,363.01836490680716,354.08976920803235,-2.413854665968021,1.3289190464494973
KEN,2001,2002,Agriculture,0.6774945419112363,0.6723241474849562,70.92599186922261,67.59758366620501,-2.2549783907970116,-0.3495061698177484
KEN,2001,2002,Manufacturing,0.04840141349976469,0.04995898059725597,633.4451149249302,599.7871659184946,-1.6290923074144843,0.9342087551321873
KEN,2001,2002,Services,0.274104044588999,0.2777168719177879,354.08976920803235,350.51834482267634,-0.9789418689698623,1.2663622554172058
KEN,2002,2003,Agriculture,0.6723241474849562,0.6680008373013112,67.59758366620501,68.32581996065498,0.48961084583368025,-0.2953937132417916
KEN,2002,2003,Manufacturing,0.04995898059725597,0.05145472351999996,599.7871659184946,598.1091946611424,-0.08382973348881022,0.8946175949425134
KEN,2002,2003,Services,0.2777168719177879,0.2805444391786889,350.51834482267634,350.5737938549895,0.015399131804880003,0.9912709820342239
KEN,2003,2004,Agriculture,0.6680008373013112,0.6575164718160735,68.32581996065498,68.59038753267296,0.17673135963078626,-0.7191266916666332
KEN,2003,2004,Manufacturing,0.05145472351999996,0.05366714807866376,598.1091946611424,580.4295118346126,-0.9097031917603801,1.284156506556138
KEN,2003,2004,Services,0.2805444391786889,0.2888163801052625,350.5737938549895,344.459521008382,-1.7153252467369842,2.849348809377184
KEN,2004,2005,Agriculture,0.6575164718160735,0.6534572306196131,68.59038753267296,72.28863966810427,2.4316616959750506,-0.2934370241768499
KEN,2004,2005,Manufacturing,0.05366714807866376,0.056165452636652395,580.4295118346126,571.4772567150892,-0.48044200113744034,1.4277242352381483
KEN,2004,2005,Services,0.2888163801052625,0.2903773167437344,344.459521008382,348.990511344577,1.308624227191759,0.5447520756367932
KEN,2005,2006,Agriculture,0.6534572306196131,0.6504167843609864,72.28863966810427,66.85385867420241,-3.551396937299214,-0.20326556448074096
KEN,2005,2006,Manufacturing,0.056165452636652395,0.05657522277288125,571.4772567150892,588.3103639088234,0.9454390848173729,0.2410720179637678
KEN,2005,2006,Services,0.2903773167437344,0.2930079928661323,348.990511344577,355.2200467103029,1.8089157640596834,0.9344688950778689
KEN,2006,2007,Agriculture,0.6504167843609864,0.6430793881633181,66.85385867420241,74.52969851636533,4.9924950674095445,-0.5468539265073412
KEN,2006,2007,Manufacturing,0.05657522277288125,0.0573872045067604,588.3103639088234,615.6300521303685,1.5456174472195745,0.4998803571569271
KEN,2006,2007,Services,0.2930079928661323,0.29953340732992145,355.2200467103029,355.5956300742543,0.11004892762531589,2.3204088677467465
KEN,2007,2008,Agriculture,0.6430793881633181,0.6362764545518155,74.52969851636533,73.43090393942713,-0.706612144254592,-0.4995455645325502
KEN,2007,2008,Manufacturing,0.0573872045067604,0.05810202528435999,615.6300521303685,569.43133968125,-2.6512149592665804,0.40704135302052563
KEN,2007,2008,Services,0.29953340732992145,0.3056215201638246,355.5956300742543,359.46149533087254,1.1579557925932213,2.1884421430179013
KEN,2008,2009,Agriculture,0.6362764545518155,0.6255604007298747,73.43090393942713,73.94328138694884,0.3260137057014255,-0.7923801831134527
KEN,2008,2009,Manufacturing,0.05810202528435999,0.05960780947267804,569.43133968125,617.5625664680313,2.796521755732827,0.9299159478846774
KEN,2008,2009,Services,0.3056215201638246,0.31483178979744725,359.46149533087254,359.5841865744863,0.03749708438402691,3.3118673143378916
KEN,2009,2010,Agriculture,0.6255604007298747,0.618291094877178,73.94328138694884,92.28894554546376,11.476321022656295,-0.6708765719928462
KEN,2009,2010,Manufacturing,0.05960780947267804,0.061778303782837406,617.5625664680313,616.6781244823042,-0.05271964937485847,1.33849636038859
KEN,2009,2010,Services,0.31483178979744725,0.3199306013399846,359.5841865744863,359.70773953539464,0.03889839981754717,1.8340819742830814
KEN,2010,2011,Agriculture,0.618291094877178,0.6095456740070776,92.28894554546376,93.89703435246038,0.9942669891376748,-0.821169083866545
KEN,2010,2011,Manufacturing,0.061778303782837406,0.063167197251304,616.6781244823042,632.082971238836,0.9516853026530797,0.8778959102825773
KEN,2010,2011,Services,0.3199306013399846,0.3272871287416184,359.70773953539464,366.33960265077525,2.1217359545081824,2.694987325204081
KEN,2011,2012,Agriculture,0.6095456740070776,0.6013895631276255,93.89703435246038,95.16689364687663,0.7740372395091051,-0.776191736636953
KEN,2011,2012,Manufacturing,0.063167197251304,0.06452051513033442,632.082971238836,622.3921451781645,-0.6121423213025138,0.8422944178377096
KEN,2011,2012,Services,0.3272871287416184,0.3340899217420401,366.33960265077525,366.18337909744446,-0.05112995821144731,2.491069728194858
KEN,2012,2013,Agriculture,0.6013895631276255,0.6018852717072105,95.16689364687663,95.04831059022477,-0.07131461263419907,0.04711626303463711
KEN,2012,2013,Manufacturing,0.06452051513033442,0.0652084272531742,622.3921451781645,613.6199032089828,-0.5659895706995401,0.422116570233231
KEN,2012,2013,Services,0.3340899217420401,0.3329063010396152,366.18337909744446,367.4000054889729,0.4064626159350406,-0.43486225256776745
KEN,2013,2014,Agriculture,0.6018852717072105,0.5837441278534975,95.04831059022477,97.38226616466028,1.4047734850716735,-1.7666256992936717
KEN,2013,2014,Manufacturing,0.0652084272531742,0.06974090418607895,613.6199032089828,580.5605250126034,-2.1557500581537785,2.6313771877746945
KEN,2013,2014,Services,0.3329063010396152,0.3465149679604235,367.4000054889729,357.0061423455644,-3.4601825325841147,4.858377679863465
KEN,2014,2015,Agriculture,0.5837441278534975,0.5831117157819289,97.38226616466028,99.43797869277877,1.200010116844037,-0.06288577809769562
KEN,2014,2015,Manufacturing,0.06974090418607895,0.07073784308127846,580.5605250126034,594.3797880930763,0.9637679024174763,0.592560329270433
KEN,2014,2015,Services,0.3465149679604235,0.3461504411367927,357.0061423455644,368.3452751838097,3.929179252143553,-0.13427173316216942
KEN,2015,2016,Agriculture,0.5831117157819289,0.5817010936434512,99.43797869277877,100.8814799949248,0.8417225210278213,-0.14230564904323073
KEN,2015,2016,Manufacturing,0.07073784308127846,0.07173743250818271,594.3797880930763,598.9472144560664,0.32308988935048744,0.5987013028440322
KEN,2015,2016,Services,0.3461504411367927,0.3465614738483661,368.3452751838097,378.79583207456295,3.6174648778593905,0.15569747799030578
KEN,2016,2017,Agriculture,0.5817010936434512,0.5783432454300461,100.8814799949248,99.70658679580467,-0.6834366588424354,-0.33479958433701557
KEN,2016,2017,Manufacturing,0.07173743250818271,0.07220282808468162,598.9472144560664,593.7682635476126,-0.37152464125839396,0.2763371233204988
KEN,2016,2017,Services,0.3465614738483661,0.34945392648527235,378.79583207456295,384.3068117029875,1.9098932223751284,1.1115892508913359
LSO,1970,1971,Agriculture,0.7203628195969979,0.7251186823658865,2.8682143097214836,2.8468320075786147,-0.015403015461112012,0.013539142354123576
LSO,1970,1971,Manufacturing,0.06047314786332668,0.059691569629408414,18.3510836531371,18.36944903891727,0.0011106126898513514,-0.014357161537888526
LSO,1970,1971,Services,0.21916403253967545,0.21518974800470517,46.235072388512634,48.755063911700546,0.5522915041876618,-0.19376649650575933
LSO,1971,1972,Agriculture,0.7251186823658865,0.729808455844434,2.8468320075786147,2.8256086982978106,-0.015389418061140338,0.013251464734030162
LSO,1971,1972,Manufacturing,0.059691569629408414,0.05891652647219828,18.36944903891727,18.9474814891495,0.034503664251094635,-0.014685115874531054
LSO,1971,1972,Services,0.21518974800470517,0.21127501768336784,48.755063911700546,48.94856468947802,0.04163938360864884,-0.19162043037584103
LSO,1972,1973,Agriculture,0.729808455844434,0.7344320106601573,2.8256086982978106,2.804543564426595,-0.01537351282270811,0.012966960903210362
LSO,1972,1973,Manufacturing,0.05891652647219828,0.058148177702801715,18.9474814891495,19.63644339094582,0.040591242125519074,-0.015087637114758483
LSO,1972,1973,Services,0.21127501768336784,0.20741981163704107,48.94856468947802,42.405226585520815,-1.382443873621813,-0.16348088592835677
LSO,1973,1974,Agriculture,0.7344320106601573,0.7389891655178413,2.804543564426595,2.7836357355312025,-0.01535537881418169,0.012685459114198912
LSO,1973,1974,Manufacturing,0.058148177702801715,0.0573866763480773,19.63644339094582,20.905131019308016,0.07377187366335093,-0.015919285591894428
LSO,1973,1974,Services,0.20741981163704107,0.20362415813408147,42.405226585520815,45.48980572499226,0.6398028240887131,-0.17266354044901855
LSO,1974,1975,Agriculture,0.7389891655178413,0.7434798880340051,2.7836357355312025,2.7628835364988906,-0.015335650245548286,0.012407343306893784
LSO,1974,1975,Manufacturing,0.0573866763480773,0.05663215432007434,20.905131019308016,21.162844517323947,0.014789321101171121,-0.01596783236352262
LSO,1974,1975,Services,0.20362415813408147,0.1998879576459205,45.48980572499226,41.754519488279534,-0.7605945153404499,-0.1560032560950371
LSO,1975,1976,Agriculture,0.7434798880340051,0.7479041734953799,2.7628835364988906,2.7422861206222993,-0.015313764449717986,0.012132656614398987
LSO,1975,1976,Manufacturing,0.05663215432007434,0.05588473527937323,21.162844517323947,21.87283836045192,0.04020848089032595,-0.016348175864779376
LSO,1975,1976,Services,0.1998879576459205,0.19621109122524705,41.754519488279534,42.55945894167867,0.1608977033685769,-0.15648544546468834
LSO,1976,1977,Agriculture,0.7479041734953799,0.742008087991177,2.7422861206222993,2.7507670913538234,0.006342953405399036,-0.01621875797276949
LSO,1976,1977,Manufacturing,0.05588473527937323,0.056116741814114204,21.87283836045192,22.494286775649222,0.034729480173087315,0.0052188215262880845
LSO,1976,1977,Services,0.19621109122524705,0.20187517019470874,42.55945894167867,42.00355640203855,-0.10907424391767459,0.23791146045938466
LSO,1977,1978,Agriculture,0.742008087991177,0.7359355699019289,2.7507670913538234,2.759274413731307,0.00631250201124119,-0.016755743790582905
LSO,1977,1978,Manufacturing,0.056116741814114204,0.05639110542671844,22.494286775649222,22.47820418137168,-0.0009025027907739623,0.006167201304056819
LSO,1977,1978,Services,0.20187517019470874,0.20767332467135277,42.00355640203855,39.95610756268154,-0.41332908291015524,0.23167168393383233
LSO,1978,1979,Agriculture,0.7359355699019289,0.7296868761443973,2.759274413731307,2.7678079074782,0.006280101583874284,-0.01729518399350553
LSO,1978,1979,Manufacturing,0.05639110542671844,0.05670677819131503,22.47820418137168,22.74198642446834,0.014874972280160033,0.0071790257270300485
LSO,1978,1979,Services,0.20767332467135277,0.21360634566428757,39.95610756268154,40.056180564634914,0.020782493025500417,0.2376541601867659
LSO,1979,1980,Agriculture,0.7296868761443973,0.723262424636851,2.7678079074782,2.7763678189299945,0.006246055047332557,-0.017836640419827937
LSO,1979,1980,Manufacturing,0.05670677819131503,0.05706268343929884,22.74198642446834,22.99468627750006,0.014329794514847536,0.008183929521903588
LSO,1979,1980,Services,0.21360634566428757,0.2196748919238502,40.056180564634914,39.99316297073583,-0.013460957945339249,0.24270035955413757
LSO,1980,1981,Agriculture,0.723262424636851,0.7146569463829134,2.7763678189299945,2.812543365777223,0.026164413725290443,-0.024203280772452183
LSO,1980,1981,Manufacturing,0.05706268343929884,0.057864480284229684,22.99468627750006,23.236168079778498,0.013779599639765949,0.018630686254649118
LSO,1980,1981,Services,0.2196748919238502,0.22747857333285684,39.99316297073583,37.56099013490537,-0.5342873048511815,0.29311400041964286
LSO,1981,1982,Agriculture,0.7146569463829134,0.7040534779234816,2.812543365777223,2.8733820458078787,0.04347878529267556,-0.03046781589462155
LSO,1981,1982,Manufacturing,0.057864480284229684,0.05905514643151559,23.236168079778498,21.307289714733294,-0.11161354412483539,0.025369868553746094
LSO,1981,1982,Services,0.22747857333285684,0.23689137564500273,37.56099013490537,35.405442375501835,-0.4903409290599517,0.33326442985467175
LSO,1982,1983,Agriculture,0.7040534779234816,0.6939177385215531,2.8733820458078787,2.8974553715009512,0.01694890867939242,-0.029367852574251476
LSO,1982,1983,Manufacturing,0.05905514643151559,0.06013334792137013,21.307289714733294,16.216101646237878,-0.30066085689538186,0.017484224954606335
LSO,1982,1983,Services,0.23689137564500273,0.24594891355707674,35.405442375501835,34.58604640958259,-0.19410783756457492,0.3132644265835453
LSO,1983,1984,Agriculture,0.6939177385215531,0.6842518403680924,2.8974553715009512,2.791403785641076,-0.0735910766265089,-0.026981424697191426
LSO,1983,1984,Manufacturing,0.06013334792137013,0.06110502011979759,16.216101646237878,17.770146398693424,0.09344991378478887,0.017266757217596282
LSO,1983,1984,Services,0.24594891355707674,0.25464313951211,34.58604640958259,34.244304373588484,-0.08405108246953452,0.29772771989691155
LSO,1984,1985,Agriculture,0.6842518403680924,0.6742336683341164,2.791403785641076,2.9580510921198844,0.11402872615051012,-0.029634264726147698
LSO,1984,1985,Manufacturing,0.06110502011979759,0.06213267086387018,17.770146398693424,17.58307420366794,-0.01143105024088681,0.018069259288482856
LSO,1984,1985,Services,0.25464313951211,0.2636336608020135,34.244304373588484,32.44738583011144,-0.4575729793585216,0.2917189131073307
LSO,1985,1986,Agriculture,0.6742336683341164,0.6622431906111925,2.9580510921198844,3.41578301975892,0.30861827668571334,-0.040956870204760826
LSO,1985,1986,Manufacturing,0.06213267086387018,0.06351945260251636,17.58307420366794,17.068692578450353,-0.03195990421806703,0.023670551170360574
LSO,1985,1986,Services,0.2636336608020135,0.2742373567862912,32.44738583011144,31.346420544213377,-0.2902515087372427,0.3323879136461549
LSO,1986,1987,Agriculture,0.6622431906111925,0.6633794790035784,3.41578301975892,2.977121318291205,-0.29050072477891414,0.0033828683966988654
LSO,1986,1987,Manufacturing,0.06351945260251636,0.06355485690050139,17.068692578450353,18.789438630935113,0.10930084732177282,0.0006652268842610291
LSO,1986,1987,Services,0.2742373567862912,0.2730656640959201,31.346420544213377,33.36239872378403,0.5528565273042957,-0.03909047871790372
LSO,1987,1988,Agriculture,0.6633794790035784,0.6642976675285868,2.977121318291205,3.0715871472116447,0.06266669237288257,0.002820296072132886
LSO,1987,1988,Manufacturing,0.06355485690050139,0.06366062590484801,18.789438630935113,26.075723555671498,0.4630787957279015,0.0027580033181012326
LSO,1987,1988,Services,0.2730656640959201,0.2720417065665653,33.36239872378403,36.23407805302038,0.7841570231084504,-0.03710215704161981
LSO,1988,1989,Agriculture,0.6642976675285868,0.6649885231862201,3.0715871472116447,3.1267235308155463,0.03662697102403325,0.002160114641119346
LSO,1988,1989,Manufacturing,0.06366062590484801,0.06383986162198521,26.075723555671498,33.37068527447645,0.46440182897102916,0.005981218706530475
LSO,1988,1989,Services,0.2720417065665653,0.2711716151917946,36.23407805302038,39.010394322190585,0.7552738158335814,-0.033942607626140986
LSO,1989,1990,Agriculture,0.6649885231862201,0.6662079390278197,3.1267235308155463,3.2335527157204047,0.07104018190306942,0.00394304540619677
LSO,1989,1990,Manufacturing,0.06383986162198521,0.06394914238378015,33.37068527447645,40.0905881311676,0.4289976684843461,0.004381130011781013
LSO,1989,1990,Services,0.2711716151917946,0.2698429185884003,39.010394322190585,42.599727067505235,0.973325158007772,-0.0566021126601183
LSO,1990,1991,Agriculture,0.6662079390278197,0.6664025871885731,3.2335527157204047,2.51294166408531,-0.48007680355048626,0.0004891394729948695
LSO,1990,1991,Manufacturing,0.06394914238378015,0.06428662810702788,40.0905881311676,52.196311778508004,0.7741506451824659,0.017615510031434196
LSO,1990,1991,Services,0.2698429185884003,0.269310784704399,42.599727067505235,47.826880553188204,1.4105103524862224,-0.025450303708434607
LSO,1991,1992,Agriculture,0.6664025871885731,0.6663379380139949,2.51294166408531,3.1785679840558805,0.44357510172919723,-0.00020549179651012348
LSO,1991,1992,Manufacturing,0.06428662810702788,0.06470790721469234,52.196311778508004,60.55804496913436,0.5375476319559881,0.025511839146501
LSO,1991,1992,Services,0.269310784704399,0.2689541547713128,47.826880553188204,50.43745208902291,0.7030550688426134,-0.017987505163547496
LSO,1992,1993,Agriculture,0.6663379380139949,0.6660014540878723,3.1785679840558805,3.2622337212841535,0.05574965482710814,-0.001097689210467302
LSO,1992,1993,Manufacturing,0.06470790721469234,0.06521684615953034,60.55804496913436,64.43266197941183,0.2507183579935035,0.032792291000905374
LSO,1992,1993,Services,0.2689541547713128,0.26878169975259736,50.43745208902291,53.697322183487955,0.8767556059211252,-0.0092603727021221
LSO,1993,1994,Agriculture,0.6660014540878723,0.6661034570601335,3.2622337212841535,3.2886804330641892,0.017613548501346683,0.0003354551789899997
LSO,1993,1994,Manufacturing,0.06521684615953034,0.06567512746719788,64.43266197941183,72.23576648289261,0.5088938659702446,0.033104301524146736
LSO,1993,1994,Services,0.26878169975259736,0.2682214154726685,53.697322183487955,58.17604127129395,1.2037977291348967,-0.03259512139279973
LSO,1994,1995,Agriculture,0.6661034570601335,0.6651740481413725,3.2886804330641892,3.4292523144927367,0.09363541618500267,-0.0031871776857714616
LSO,1994,1995,Manufacturing,0.06567512746719788,0.06637216762198728,72.23576648289261,74.19085848987379,0.12840091676858842,0.05171400748574006
LSO,1994,1995,Services,0.2682214154726685,0.26845378423664035,58.17604127129395,62.121818296027804,1.0583418987136497,0.014435170133132991
LSO,1995,1996,Agriculture,0.6651740481413725,0.6639307576601386,3.4292523144927367,3.328143858187628,-0.06725472118179429,-0.00413784957906154
LSO,1995,1996,Manufacturing,0.06637216762198728,0.06716924719677186,74.19085848987379,80.6602432191285,0.42938708766121864,0.06429263236712432
LSO,1995,1996,Services,0.26845378423664035,0.2688999951430895,62.121818296027804,67.40490921481313,1.41826574961415,0.030076805639863785
LSO,1996,1997,Agriculture,0.6639307576601386,0.6731593842653122,3.328143858187628,3.0905045986110973,-0.15777601366044036,0.028521112962153546
LSO,1996,1997,Manufacturing,0.06716924719677186,0.06786573138698326,80.6602432191285,72.24305441720644,-0.5653762353382032,0.050316145254166084
LSO,1996,1997,Services,0.2688999951430895,0.25897488434770444,67.40490921481313,71.14947132289824,1.0069127326770817,-0.7061663859128363
LSO,1997,1998,Agriculture,0.6731593842653122,0.6812487939486785,3.0905045986110973,3.4618431792979614,0.2499700503291244,0.0280042677369087
LSO,1997,1998,Manufacturing,0.06786573138698326,0.06872461597838576,72.24305441720644,66.56512205000486,-0.38533703286596027,0.05717175765357601
LSO,1997,1998,Services,0.25897488434770444,0.2500265900729357,71.14947132289824,71.06522341123443,-0.021818093179670518,-0.6359125317859098
LSO,1998,1999,Agriculture,0.6812487939486785,0.6889026282758381,3.4618431792979614,3.524357777702051,0.042587994766972004,0.02697485054016789
LSO,1998,1999,Manufacturing,0.06872461597838576,0.06960865925006296,66.56512205000486,64.2614362757777,-0.158319920168632,0.05680989036791414
LSO,1998,1999,Services,0.2500265900729357,0.24148871247409884,71.06522341123443,68.82066834465373,-0.561198449528104,-0.5875824425968006
LSO,1999,2000,Agriculture,0.6889026282758381,0.6954768563577195,3.524357777702051,3.142574618312841,-0.26301142193467986,0.020660002305119846
LSO,1999,2000,Manufacturing,0.06960865925006296,0.07067105844623316,64.2614362757777,73.9878096119617,0.6770398072973299,0.07860458945814167
LSO,1999,2000,Services,0.24148871247409884,0.2338520851960474,68.82066834465373,70.20209188416281,0.3335981919374616,-0.5361072098588721
LSO,2000,2001,Agriculture,0.6954768563577195,0.7016426694597294,3.142574618312841,3.354722838295327,0.1475441771153053,0.020684594029973236
LSO,2000,2001,Manufacturing,0.07067105844623316,0.07177084496849657,73.9878096119617,75.39524825902367,0.09946517888600451,0.0829186778779787
LSO,2000,2001,Services,0.2338520851960474,0.22658648557177394,70.20209188416281,70.23558336551005,0.007832052749356808,-0.5103036281110764
LSO,2001,2002,Agriculture,0.7016426694597294,0.706776471311732,3.354722838295327,2.2738191160807735,-0.7584081730835772,0.011673336789254455
LSO,2001,2002,Manufacturing,0.07177084496849657,0.0730674641528594,75.39524825902367,78.14411890562478,0.19728876901565887,0.10132316371816316
LSO,2001,2002,Services,0.22658648557177394,0.22015606453540856,70.23558336551005,71.77236963617403,0.34821500014470447,-0.46152655553824495
LSO,2002,2003,Agriculture,0.706776471311732,0.7109038200519224,2.2738191160807735,2.247005614178944,-0.01895115225768556,0.009274175790882183
LSO,2002,2003,Manufacturing,0.0730674641528594,0.07457512191073487,78.14411890562478,82.04122213092887,0.2847514502148996,0.12369008501127932
LSO,2002,2003,Services,0.22015606453540856,0.21452105803734267,71.77236963617403,72.47150030753738,0.15391785720335302,-0.40837737515755745
LSO,2003,2004,Agriculture,0.7109038200519224,0.715272739437392,2.247005614178944,2.106955890833182,-0.09956188332371699,0.0092051204357904
LSO,2003,2004,Manufacturing,0.07457512191073487,0.07598167809660838,82.04122213092887,77.08642772282693,-0.3695043970268301,0.10842639176043377
LSO,2003,2004,Services,0.21452105803734267,0.20874558246599964,72.47150030753738,72.2467103583667,-0.04822217773225575,-0.41725911078464234
LSO,2004,2005,Agriculture,0.715272739437392,0.718650029569654,2.106955890833182,2.025399484502324,-0.05833507417494173,0.006840361692898153
LSO,2004,2005,Manufacturing,0.07598167809660838,0.07761522598333999,77.08642772282693,72.04694451394629,-0.38290839095043183,0.11769213395622607
LSO,2004,2005,Services,0.20874558246599964,0.20373474444700612,72.2467103583667,73.23234843840652,0.2057475951185818,-0.366955435775348
LSO,2005,2006,Agriculture,0.718650029569654,0.7222601065144056,2.025399484502324,1.7243124761867787,-0.21637618742900538,0.006224900715829576
LSO,2005,2006,Manufacturing,0.07761522598333999,0.07914828823367095,72.04694451394629,73.09520212431013,0.08136075131714601,0.1120594950570917
LSO,2005,2006,Services,0.20373474444700612,0.1985916052519233,73.23234843840652,74.61717798417648,0.2821378936101065,-0.38376653271688965
LSO,2006,2007,Agriculture,0.7222601065144056,0.7131779726524848,1.7243124761867787,1.746271161160923,0.01585988214834168,-0.015859868444875382
LSO,2006,2007,Manufacturing,0.07914828823367095,0.08135592092017785,73.09520212431013,77.96899664090232,0.3857524931909232,0.17212690551860219
LSO,2006,2007,Services,0.1985916052519233,0.20546610642733748,74.61717798417648,74.71529035236621,0.019484292693866527,0.5136303513487539
LSO,2007,2008,Agriculture,0.7131779726524848,0.7099749678383453,1.746271161160923,2.0427407863286504,0.21143560623016197,-0.006542908572649749
LSO,2007,2008,Manufacturing,0.08135592092017785,0.08375719921788574,77.96899664090232,83.27393753080365,0.4315883515250306,0.1999638989574016
LSO,2007,2008,Services,0.20546610642733748,0.2062678329437689,74.71529035236621,75.58909420468733,0.1795370753176282,0.06060178117693101
LSO,2008,2009,Agriculture,0.7099749678383453,0.7002519105647633,2.0427407863286504,2.1710343351830135,0.0910852082217436,-0.021109091183897515
LSO,2008,2009,Manufacturing,0.08375719921788574,0.0847531875846114,83.27393753080365,74.9306682940605,-0.6988088635903539,0.074630073931863
LSO,2008,2009,Services,0.2062678329437689,0.21499490185062523,75.58909420468733,76.54302181709429,0.19676458139640662,0.6679962257367882
LSO,2009,2010,Agriculture,0.7002519105647633,0.6922147272044051,2.1710343351830135,2.046142460091057,-0.08745577414715834,-0.016445222133166217
LSO,2009,2010,Manufacturing,0.0847531875846114,0.08841923327505144,74.9306682940605,77.00862826699195,0.1761137313791734,0.2823171497849053
LSO,2009,2010,Services,0.21499490185062523,0.2193660395205433,76.54302181709429,78.81018502136817,0.48742853058221286,0.34449016852011466
LSO,2010,2011,Agriculture,0.6922147272044051,0.6903713897525529,2.046142460091057,2.1154978338276917,0.048008811111264225,-0.0038995763864069517
LSO,2010,2011,Manufacturing,0.08841923327505144,0.08842511457397555,77.00862826699195,80.03134279172454,0.2672661006862173,0.000470688250255803
LSO,2010,2011,Services,0.2193660395205433,0.22120349567347167,78.81018502136817,82.08614776147137,0.718634971913305,0.15082969727450368
LSO,2011,2012,Agriculture,0.6903713897525529,0.6808844643772476,2.1154978338276917,2.020117028226365,-0.06584817931870589,-0.01916469949616697
LSO,2011,2012,Manufacturing,0.08842511457397555,0.09332262814327116,80.03134279172454,79.08379067639085,-0.08378740436319468,0.38731393794895835
LSO,2011,2012,Services,0.22120349567347167,0.22579290747948122,82.08614776147137,83.3154659132588,0.2719294724702329,0.38236898288549637
LSO,2012,2013,Agriculture,0.6808844643772476,0.6807155228134921,2.020117028226365,2.4080585483211627,0.26414335411944145,-0.0004068211767680916
LSO,2012,2013,Manufacturing,0.09332262814327116,0.09072161645370586,79.08379067639085,70.80611530084302,-0.7724944209629626,-0.1841675335902017
LSO,2012,2013,Services,0.22579290747948122,0.22856286073280205,83.3154659132588,84.65589815242113,0.3026600925596928,0.2344928805000956
LSO,2013,2014,Agriculture,0.6807155228134921,0.6809953833463038,2.4080585483211627,2.496586127410435,0.06026209728316664,0.0006986959238273938
LSO,2013,2014,Manufacturing,0.09072161645370586,0.09048427733878087,70.80611530084302,67.88135415998815,-0.26533905843933864,-0.016110900516241325
LSO,2013,2014,Services,0.22856286073280205,0.22852033931491536,84.65589815242113,90.98170237255442,1.4458439089892972,-0.0038686709866255944
LSO,2014,2015,Agriculture,0.6809953833463038,0.6780793430163506,2.496586127410435,2.2882742663640245,-0.14185941566888216,-0.0066727000467115315
LSO,2014,2015,Manufacturing,0.09048427733878087,0.09081526393259784,67.88135415998815,71.34839124773019,0.3137123453910901,0.023615360993406956
LSO,2014,2015,Services,0.22852033931491536,0.23110539305105146,90.98170237255442,91.07967508847722,0.022388758286280567,0.23544585437353013
LSO,2015,2016,Agriculture,0.6780793430163506,0.6755942057937602,2.2882742663640245,2.7547236441688616,0.3162896876522895,-0.006845866266074109
LSO,2015,2016,Manufacturing,0.09081526393259784,0.09160025476738627,71.34839124773019,71.64695219204,0.02711389095746129,0.05624220081127637
LSO,2015,2016,Services,0.23110539305105146,0.23280553943885357,91.07967508847722,89.652498970451,-0.32982809770952115,0.1524223722820446
LSO,2016,2017,Agriculture,0.6755942057937602,0.6714688209900556,2.7547236441688616,2.784608384787223,0.020189957603414348,-0.011487581114869656
LSO,2016,2017,Manufacturing,0.09160025476738627,0.09314298567272335,71.64695219204,65.75623323712904,-0.5395913570329159,0.10144417323347196
LSO,2016,2017,Services,0.23280553943885357,0.23538819333722102,89.652498970451,84.29687316548991,-1.2468193545566117,0.21770964810103935
MAR,1970,1971,Agriculture,0.6359282916163791,0.5850653150668443,22.105435628950588,29.423480369825175,4.653751690036604,-1.496565792056114
MAR,1970,1971,Manufacturing,0.1306022308660689,0.15503943770847126,134.02893611706855,132.7647142852056,-0.16511019155089013,3.2443987843600204
MAR,1970,1971,Services,0.233469477517552,0.2598952472246844,97.3534853960104,102.02125839920463,1.0897825242262908,2.695990279689225
MAR,1971,1972,Agriculture,0.5850653150668443,0.6230155430480361,29.423480369825175,23.216773446603682,-3.631328941562147,0.8810818452862885
MAR,1971,1972,Manufacturing,0.15503943770847126,0.14058378377114344,132.7647142852056,136.65299523797657,0.60283689257017,-1.9754084086594947
MAR,1971,1972,Services,0.2598952472246844,0.23640067318082053,102.02125839920463,101.16065865916288,-0.22366578219964955,-2.3767265851937385
MAR,1972,1973,Agriculture,0.6230155430480361,0.613082647840853,23.216773446603682,20.985846916456175,-1.3899019036801197,-0.2084502182551458
MAR,1972,1973,Manufacturing,0.14058378377114344,0.1463549520051486,136.65299523797657,135.54263490994944,-0.15609865626342156,0.7822393489456566
MAR,1972,1973,Services,0.23640067318082053,0.24056240015399838,101.16065865916288,104.73204016411373,0.8442769919559128,0.4358661565069379
MAR,1973,1974,Agriculture,0.613082647840853,0.6199840370781792,20.985846916456175,21.36417404701949,0.23194579895578837,0.1474424808324639
MAR,1973,1974,Manufacturing,0.1463549520051486,0.14332431404526264,135.54263490994944,150.7026940178499,2.218749723131986,-0.45672530514757337
MAR,1973,1974,Services,0.24056240015399838,0.23669164887655816,104.73204016411373,119.43230857960468,3.536331852938518,-0.4622927610021388
MAR,1974,1975,Agriculture,0.6199840370781792,0.6115480587501972,21.36417404701949,19.89808944293097,-0.9089490515409635,-0.1678598513088117
MAR,1974,1975,Manufacturing,0.14332431404526264,0.14736775894419643,150.7026940178499,158.49483312715975,1.116802992787099,0.6408651245153772
MAR,1974,1975,Services,0.23669164887655816,0.24108418230560635,119.43230857960468,121.92557126133741,0.5901344552217092,0.5355621476212219
MAR,1975,1976,Agriculture,0.6115480587501972,0.6092122233448024,19.89808944293097,22.827359110291496,1.7913891786301654,-0.05332095362148127
MAR,1975,1976,Manufacturing,0.14736775894419643,0.15321494866335092,158.49483312715975,166.48708609460897,1.1778004087280949,0.9734815781843857
MAR,1975,1976,Services,0.24108418230560635,0.2375728279918467,121.92557126133741,138.76083248782967,4.058715186690167,-0.48723844773702113
MAR,1976,1977,Agriculture,0.6092122233448024,0.5977099684519588,22.827359110291496,19.929682890183607,-1.7652997725852906,-0.2292362925364362
MAR,1976,1977,Manufacturing,0.15321494866335092,0.15607220541777556,166.48708609460897,174.332606966919,1.2020510776882298,0.4981130187726847
MAR,1976,1977,Services,0.2375728279918467,0.24621782613026563,138.76083248782967,139.33125377648537,0.13551659869268684,1.2045184295212916
MAR,1977,1978,Agriculture,0.5977099684519588,0.588836439324374,19.929682890183607,23.374580484811684,2.059049632605377,-0.20741502077705096
MAR,1977,1978,Manufacturing,0.15607220541777556,0.15962835661889208,174.332606966919,161.85850314004304,-1.9468608948708452,0.575593310352386
MAR,1977,1978,Services,0.24621782613026563,0.25153520405673385,139.33125377648537,137.68859241026888,-0.40445251065799553,0.7321422820088433
MAR,1978,1979,Agriculture,0.588836439324374,0.5802993821902025,23.374580484811684,22.858339853710557,-0.30398129505215515,-0.19514295332343692
MAR,1978,1979,Manufacturing,0.15962835661889208,0.16301216753648531,161.85850314004304,157.51549896679552,-0.6932666189644919,0.5330026650939892
MAR,1978,1979,Services,0.25153520405673385,0.25668845027331216,137.68859241026888,138.87067100064522,0.2973343794414078,0.7156347599277664
MAR,1979,1980,Agriculture,0.5802993821902025,0.566390387425677,22.858339853710557,24.15784738382784,0.7541034168785746,-0.3360113727838663
MAR,1979,1980,Manufacturing,0.16301216753648531,0.17108286080331564,157.51549896679552,144.15925399737543,-2.1772304426134466,1.1634651205879005
MAR,1979,1980,Services,0.25668845027331216,0.2625267517710073,138.87067100064522,140.89147644210428,0.5187174170720027,0.8225669179244188
MAR,1980,1981,Agriculture,0.566390387425677,0.5570754531086166,24.15784738382784,17.197464935731887,-3.942293711407949,-0.1601932562962924
MAR,1980,1981,Manufacturing,0.17108286080331564,0.17790766510471773,144.15925399737543,140.14546998692515,-0.6866896511544393,0.956465406388784
MAR,1980,1981,Services,0.2625267517710073,0.26501688178666566,140.89147644210428,137.45077134937165,-0.9032771317970594,0.3422702914124621
MAR,1981,1982,Agriculture,0.5570754531086166,0.5467275968736237,17.197464935731887,22.94243389323961,3.2003811850985517,-0.23740500760807198
MAR,1981,1982,Manufacturing,0.17790766510471773,0.18679858885648823,140.14546998692515,132.36426268818735,-1.3843364222142294,1.176840567019995
MAR,1981,1982,Services,0.26501688178666566,0.2664738142698881,137.45077134937165,138.4096511778735,0.25411934215769677,0.20165351679252938
MAR,1982,1983,Agriculture,0.5467275968736237,0.5376449677680258,22.94243389323961,20.358786335253708,-1.4125514205460385,-0.18491130532322358
MAR,1982,1983,Manufacturing,0.18679858885648823,0.19020322262948483,132.36426268818735,127.45877619054004,-0.9163379554150756,0.4339504540831277
MAR,1982,1983,Services,0.2664738142698881,0.27215180960248936,138.4096511778735,137.97375623244244,-0.1161545887299828,0.7834143439092737
MAR,1983,1984,Agriculture,0.5376449677680258,0.5248300762827051,20.358786335253708,20.914503901446118,0.298778752963644,-0.26801709796635004
MAR,1983,1984,Manufacturing,0.19020322262948483,0.19888875810348317,127.45877619054004,119.18816148278619,-1.5730975705415973,1.0352130046393815
MAR,1983,1984,Services,0.27215180960248936,0.2762811656138117,137.97375623244244,141.62348924846276,0.9932814448758815,0.5848138066725874
MAR,1984,1985,Agriculture,0.5248300762827051,0.49370237385873794,20.914503901446118,24.523385009098416,1.8940493470243687,-0.7633566309915917
MAR,1984,1985,Manufacturing,0.19888875810348317,0.22696516956478274,119.18816148278619,102.60609272665299,-3.297987061693901,2.880810877829767
MAR,1984,1985,Services,0.2762811656138117,0.2793324565764793,141.62348924846276,138.41846055135832,-0.8854890642617306,0.42235499774672086
MAR,1985,1986,Agriculture,0.49370237385873794,0.46851611662225834,24.523385009098416,33.210643163492485,4.2889199731480305,-0.8364518017046545
MAR,1985,1986,Manufacturing,0.22696516956478274,0.24083728699633164,102.60609272665299,91.02854806441917,-2.6276993874077443,1.2627587083730158
MAR,1985,1986,Services,0.2793324565764793,0.29064659638141,138.41846055135832,132.4339693823499,-1.671662619599373,1.4983764445138157
MAR,1986,1987,Agriculture,0.46851611662225834,0.44938396369284184,33.210643163492485,25.147479204808565,-3.7777222656111453,-0.4811254179357187
MAR,1986,1987,Manufacturing,0.24083728699633164,0.2512138650485963,91.02854806441917,83.44970206119342,-1.8252687099798808,0.8659223468762025
MAR,1986,1987,Services,0.29064659638141,0.2994021712585619,132.4339693823499,128.29897525085138,-1.201821970377144,1.123331284470687
MAR,1987,1988,Agriculture,0.44938396369284184,0.4509638388594699,25.147479204808565,32.73454373290621,3.4095051304298805,0.05171649273451849
MAR,1987,1988,Manufacturing,0.2512138650485963,0.24014499314993595,83.44970206119342,94.83625803170682,2.860460734944841,-1.0497303915012588
MAR,1987,1988,Services,0.2994021712585619,0.3088911679905942,128.29897525085138,131.87714966826277,1.0713131897148098,1.2513818422318794
MAR,1988,1989,Agriculture,0.4509638388594699,0.44439947301946675,32.73454373290621,33.92235524628643,0.5356600399154198,-0.2226787499911739
MAR,1988,1989,Manufacturing,0.24014499314993595,0.238103015204507,94.83625803170682,90.88455817506825,-0.9489809350030721,-0.18558426337354444
MAR,1988,1989,Services,0.3088911679905942,0.31749751177602625,131.87714966826277,129.9827623688929,-0.5851595055289058,1.1186763391268149
MAR,1989,1990,Agriculture,0.44439947301946675,0.43566723872903257,33.92235524628643,31.89538302419803,-0.9007853873211824,-0.27851795735043433
MAR,1989,1990,Manufacturing,0.238103015204507,0.23244299656814432,90.88455817506825,97.9636477997751,1.6855525845456436,-0.5544760722327963
MAR,1989,1990,Services,0.31749751177602625,0.3318897647028231,129.9827623688929,129.4055598931513,-0.18326034983892484,1.8624375481159925
MAR,1990,1991,Agriculture,0.43566723872903257,0.4278805671792995,31.89538302419803,38.820440549381736,3.0170206900364938,-0.3022820199739744
MAR,1990,1991,Manufacturing,0.23244299656814432,0.23954761930965432,97.9636477997751,92.69508080698422,-1.224641499424329,0.6585635791274069
MAR,1990,1991,Services,0.3318897647028231,0.33257181351104614,129.4055598931513,135.58546205502853,2.0510462743919042,0.0924759028070017
MAR,1991,1992,Agriculture,0.4278805671792995,0.4123170627702817,38.820440549381736,24.466135462877197,-6.141928201878266,-0.3807788071481166
MAR,1991,1992,Manufacturing,0.23954761930965432,0.242125304967118,92.69508080698422,89.88738617026655,-0.6725765659742027,0.2317014261179962
MAR,1991,1992,Services,0.33257181351104614,0.34555763226260033,135.58546205502853,131.5167915075659,-1.3531251425486281,1.7078532173031922
MAR,1992,1993,Agriculture,0.4123170627702817,0.41488324065654764,24.466135462877197,22.76284657473024,-0.7022950714100124,0.05841351350853742
MAR,1992,1993,Manufacturing,0.242125304967118,0.23700776410273514,89.88738617026655,89.24120247132612,-0.15645742517073277,-0.4566955004336774
MAR,1992,1993,Services,0.34555763226260033,0.3481089952407172,131.5167915075659,129.04907456637653,-0.8527384232917038,0.32925103120889604
MAR,1993,1994,Agriculture,0.41488324065654764,0.41491694631806114,22.76284657473024,35.87397426114023,5.439587143199562,0.0012091560335902058
MAR,1993,1994,Manufacturing,0.23700776410273514,0.2301428618508892,89.24120247132612,92.91498410474563,0.8707147707384519,-0.6378522836108979
MAR,1993,1994,Services,0.3481089952407172,0.3549401918310497,129.04907456637653,126.96031582919252,-0.7271157053013945,0.8672908765999159
MAR,1994,1995,Agriculture,0.41491694631806114,0.4078134292303521,35.87397426114023,19.667792325559013,-6.724219520186286,-0.13971049886212167
MAR,1994,1995,Manufacturing,0.2301428618508892,0.23589994284941815,92.91498410474563,89.35154145653544,-0.8201008891006032,0.5144040615086921
MAR,1994,1995,Services,0.3549401918310497,0.35628662792022975,126.96031582919252,126.3609486281894,-0.21273950930128638,0.17013694149602163
MAR,1995,1996,Agriculture,0.4078134292303521,0.4055690293607448,19.667792325559013,34.304780006444666,5.969160139744396,-0.07699364377337094
MAR,1995,1996,Manufacturing,0.23589994284941815,0.2312956378897523,89.35154145653544,91.76544335259359,0.5694393193242195,-0.4225160859542823
MAR,1995,1996,Services,0.35628662792022975,0.36313533274950294,126.3609486281894,120.86673712678507,-1.9575140889158937,0.827780606258706
MAR,1996,1997,Agriculture,0.4055690293607448,0.40582712903965207,34.304780006444666,24.75551739901214,-3.8728851668072637,0.006389391091868503
MAR,1996,1997,Manufacturing,0.2312956378897523,0.22795243074347993,91.76544335259359,96.8445238339994,1.174769159840147,-0.32377130415917166
MAR,1996,1997,Services,0.36313533274950294,0.366220440216868,120.86673712678507,119.40167659149816,-0.5320152449795766,0.36836700406833967
MAR,1997,1998,Agriculture,0.40582712903965207,0.39503099023732424,24.75551739901214,31.121843573105156,2.5836278737621603,-0.33599574299957746
MAR,1997,1998,Manufacturing,0.22795243074347993,0.23836413092856532,96.8445238339994,89.93298208380683,-1.5755027421414416,0.9363552462072524
MAR,1997,1998,Services,0.366220440216868,0.3666048788341104,119.40167659149816,119.96588036191382,0.20662295317363946,0.04611951716260263
MAR,1998,1999,Agriculture,0.39503099023732424,0.39324880997971035,31.121843573105156,26.126409542959586,-1.9733512515936322,-0.04656197128979789
MAR,1998,1999,Manufacturing,0.23836413092856532,0.2348667538949839,89.93298208380683,91.53465372075371,0.3817810677737745,-0.3201311956997913
MAR,1998,1999,Services,0.3666048788341104,0.37188443612530575,119.96588036191382,120.41124190505711,0.1632717145614191,0.6357180501417297
MAR,1999,2000,Agriculture,0.39324880997971035,0.38482875271867834,26.126409542959586,22.689611580247885,-1.3515167089770692,-0.1910478287362622
MAR,1999,2000,Manufacturing,0.2348667538949839,0.24433865988661704,91.53465372075371,88.04208155638732,-0.820289086988713,0.8339263198097986
MAR,1999,2000,Services,0.37188443612530575,0.3708325873947046,120.41124190505711,121.52319060134066,0.41351641391767613,-0.12782401377262262
MAR,2000,2001,Agriculture,0.38482875271867834,0.38321870622693655,22.689611580247885,26.388792067507186,1.4235510129932698,-0.042487182089593525
MAR,2000,2001,Manufacturing,0.24433865988661704,0.23859630197140888,88.04208155638732,91.33869426318594,0.8054899309443696,-0.5244994739669842
MAR,2000,2001,Services,0.3708325873947046,0.37818499180165455,121.52319060134066,122.79549360601429,0.4718114151731796,0.9028421283424543
MAR,2001,2002,Agriculture,0.38321870622693655,0.38447343647484183,26.388792067507186,27.07323003963407,0.26228943417105216,0.03396960063922697
MAR,2001,2002,Manufacturing,0.23859630197140888,0.23575725112555132,91.33869426318594,92.99084392945066,0.39419680067405943,-0.2640057341149153
MAR,2001,2002,Services,0.37818499180165455,0.3797693123996069,122.79549360601429,122.95439711321642,0.06009492156849021,0.19479918395527887
MAR,2002,2003,Agriculture,0.38447343647484183,0.389587837738947,27.07323003963407,32.22806432471606,1.981896852043807,0.16482725292199063
MAR,2002,2003,Manufacturing,0.23575725112555132,0.2328070100923776,92.99084392945066,96.63597343028238,0.8593657111127381,-0.2850994140947058
MAR,2002,2003,Services,0.3797693123996069,0.3776051521686754,122.95439711321642,128.51425418566868,2.111463097445286,-0.2781254380164419
MAR,2003,2004,Agriculture,0.389587837738947,0.38606650605095594,32.22806432471606,33.04217822568455,0.3171688743515346,-0.11635246922635155
MAR,2003,2004,Manufacturing,0.2328070100923776,0.23096503005271127,96.63597343028238,98.81590518036877,0.507503392943058,-0.18201692494379887
MAR,2003,2004,Services,0.3776051521686754,0.3829684638963328,128.51425418566868,129.52912002557426,0.3832185699083378,0.6947050485063074
MAR,2004,2005,Agriculture,0.38606650605095594,0.3902625730342278,33.04217822568455,28.470057256334933,-1.7651427678791174,0.11946226726516619
MAR,2004,2005,Manufacturing,0.23096503005271127,0.23205402651403204,98.81590518036877,102.23144289010946,0.7888697697764271,0.1113296795430454
MAR,2004,2005,Services,0.3829684638963328,0.37768340045174015,129.52912002557426,138.73687763925633,3.526280789241588,-0.7332332004281605
MAR,2005,2006,Agriculture,0.3902625730342278,0.38571517062813343,28.470057256334933,34.347812388755436,2.293867841643564,-0.15619332470070407
MAR,2005,2006,Manufacturing,0.23205402651403204,0.2318741243313558,102.23144289010946,103.2639424012433,0.23959566893237613,-0.018577408629737693
MAR,2005,2006,Services,0.37768340045174015,0.38241070504051083,138.73687763925633,140.35661768477044,0.6117489282376241,0.6635084828455482
MAR,2006,2007,Agriculture,0.38571517062813343,0.38549635435897134,34.347812388755436,26.828065195017118,-2.900480571913203,-0.005870417134811019
MAR,2006,2007,Manufacturing,0.2318741243313558,0.23680635901858957,103.2639424012433,105.92018728397537,0.6159144561931431,0.5224232218003214
MAR,2006,2007,Services,0.38241070504051083,0.3776972866224391,140.35661768477044,149.2376452879526,3.3962000272171284,-0.703419465969889
MAR,2007,2008,Agriculture,0.38549635435897134,0.381183380792603,26.828065195017118,30.68103939180436,1.4853075063006684,-0.13232651188555794
MAR,2007,2008,Manufacturing,0.23680635901858957,0.23410195134700656,105.92018728397537,106.54871770851709,0.1488400013681336,-0.28815116956824544
MAR,2007,2008,Services,0.3776972866224391,0.38471466786039044,149.2376452879526,148.2309291458849,-0.38023395525798653,1.0401929410724233
MAR,2008,2009,Agriculture,0.381183380792603,0.3779403444959308,30.68103939180436,39.10132279000669,3.209672092958592,-0.12680700905588835
MAR,2008,2009,Manufacturing,0.23410195134700656,0.23094176964224006,106.54871770851709,102.23868031392954,-1.0089881644515144,-0.3230928070475518
MAR,2008,2009,Services,0.38471466786039044,0.39111788586182916,148.2309291458849,146.94952238886606,-0.49297597492055867,0.9409498270632103
MAR,2009,2010,Agriculture,0.3779403444959308,0.37300374180563883,39.10132279000669,37.608000818512295,-0.5643866203499345,-0.18565575801716955
MAR,2009,2010,Manufacturing,0.23094176964224006,0.23302267239966984,102.23868031392954,105.36595799032281,0.7222190407489358,0.2192563125212932
MAR,2009,2010,Services,0.39111788586182916,0.39397358579469133,146.94952238886606,145.536116393258,-0.5528083648666579,0.4156074778132472
MAR,2010,2011,Agriculture,0.37300374180563883,0.364970893077389,37.608000818512295,38.91320571554068,0.48684631041463006,-0.312583895044205
MAR,2010,2011,Manufacturing,0.23302267239966984,0.23341143086393584,105.36595799032281,104.88484318593312,-0.11211065744993012,0.04077487056174397
MAR,2010,2011,Services,0.39397358579469133,0.40161767605867515,145.536116393258,146.00694969294733,0.1854958833901526,1.1160903026218352
MAR,2011,2012,Agriculture,0.364970893077389,0.36481693280908595,38.91320571554068,35.10402971869896,-1.3902383654562749,-0.0054046258340093075
MAR,2011,2012,Manufacturing,0.23341143086393584,0.23363167374331414,104.88484318593312,103.93805724017439,-0.2209906623214108,0.022891617003562754
MAR,2011,2012,Services,0.40161767605867515,0.40155139344759994,146.00694969294733,152.2133338274657,2.492593572832701,-0.010089097206548391
MAR,2012,2013,Agriculture,0.36481693280908595,0.3638964492702443,35.10402971869896,41.253190620727345,2.2433180196275475,-0.037972882891076906
MAR,2012,2013,Manufacturing,0.23363167374331414,0.23428087470294254,103.93805724017439,102.88473023523102,-0.24609055116395157,0.06679286559982034
MAR,2012,2013,Services,0.40155139344759994,0.4018226760268132,152.2133338274657,155.0196330017326,1.1268733438577159,0.042054125869404914
MAR,2013,2014,Agriculture,0.3638964492702443,0.3614650234335648,41.253190620727345,40.83857296214261,-0.15087789376372876,-0.099295961433274
MAR,2013,2014,Manufacturing,0.23428087470294254,0.2344284617065114,102.88473023523102,107.19307145384643,1.0093619492159598,0.015820304219217183
MAR,2013,2014,Services,0.4018226760268132,0.4041065148599238,155.0196330017326,158.8935620738981,1.5566325465156146,0.3628872873956411
MAR,2014,2015,Agriculture,0.3614650234335648,0.3606145562304179,40.83857296214261,45.62837731702325,1.7313467433791228,-0.03880543844094066
MAR,2014,2015,Manufacturing,0.2344284617065114,0.2346442720700485,107.19307145384643,108.31550670896708,0.2631307702230895,0.023375608879567383
MAR,2014,2015,Services,0.4041065148599238,0.4047411716995336,158.8935620738981,161.7066652464166,1.1367933189878499,0.1026282411091277
MAR,2015,2016,Agriculture,0.3606145562304179,0.359092766300188,45.62837731702325,40.11683434305137,-1.9875426237037463,-0.061049394535956154
MAR,2015,2016,Manufacturing,0.2346442720700485,0.23459411319347448,108.31550670896708,109.09264713303666,0.18235154910201679,-0.005471964622680213
MAR,2015,2016,Services,0.4047411716995336,0.40631312050633756,161.7066652464166,166.38574636684498,1.8938167751593484,0.2615498754705461
MAR,2016,2017,Agriculture,0.359092766300188,0.35721744291167457,40.11683434305137,45.736241763235626,2.017888555481766,-0.08577024388130039
MAR,2016,2017,Manufacturing,0.23459411319347448,0.23465866972028404,109.09264713303666,114.11174611349115,1.1774510743499922,0.007366657997261477
MAR,2016,2017,Services,0.40631312050633756,0.4081238873680414,166.38574636684498,170.3297541221272,1.602502098349918,0.30842747432651074
MOZ,1970,1971,Agriculture,0.8347008825727366,0.8406009515556668,14.183726305681535,12.479217534702265,-1.4227549754893674,0.07362824430773643
MOZ,1970,1971,Manufacturing,0.036710134484833845,0.03380557190361004,42.73556847257309,42.0963645477143,-0.02346526204479983,-0.12227152527084731
MOZ,1970,1971,Services,0.12858898294242965,0.125593476540723,100.17620592814048,93.16974411048179,-0.9009537991576978,-0.2790905649283186
MOZ,1971,1972,Agriculture,0.8406009515556668,0.8461928101177859,12.479217534702265,12.742942602143728,0.22168754264037627,0.07125673269638938
MOZ,1971,1972,Manufacturing,0.03380557190361004,0.031163002732425508,42.0963645477143,41.877425133056576,-0.007401372124746041,-0.11066399262520364
MOZ,1971,1972,Services,0.125593476540723,0.1226441871497885,93.16974411048179,89.05442585379319,-0.5168571269290283,-0.2626472733863554
MOZ,1972,1973,Agriculture,0.8461928101177859,0.8514946436722935,12.742942602143728,11.707328089882113,-0.8763295543294164,0.06207030490056682
MOZ,1972,1973,Manufacturing,0.031163002732425508,0.02875964759534392,41.877425133056576,42.07958199073009,0.0062998147080582986,-0.10113217954366706
MOZ,1972,1973,Services,0.1226441871497885,0.11974570873236244,89.05442585379319,84.02866867799874,-0.6163799036375275,-0.24355528260822468
MOZ,1973,1974,Agriculture,0.8514946436722935,0.8565234860919877,11.707328089882113,12.333820720355403,0.5334551191481722,0.062024840835425865
MOZ,1973,1974,Manufacturing,0.02875964759534392,0.026574558581193626,42.07958199073009,42.705055226622925,0.017988389844597313,-0.09331434702437531
MOZ,1973,1974,Services,0.11974570873236244,0.11690195532681856,84.02866867799874,78.50178376899015,-0.6618207505114317,-0.2232397149343351
MOZ,1974,1975,Agriculture,0.8565234860919877,0.8612952676389158,12.333820720355403,10.430849344881404,-1.6299396764542549,0.0497737344226926
MOZ,1974,1975,Manufacturing,0.026574558581193626,0.024588498021888387,42.705055226622925,43.75717449263224,0.027959605068966942,-0.08690439844645412
MOZ,1974,1975,Services,0.11690195532681856,0.11411623433919572,78.50178376899015,73.42045418627623,-0.5940173638792643,-0.20452890014751063
MOZ,1975,1976,Agriculture,0.8612952676389158,0.8658247980914662,10.430849344881404,9.741770213289074,-0.5935005950692072,0.04412564484284063
MOZ,1975,1976,Manufacturing,0.024588498021888387,0.022783846431183252,43.75717449263224,45.43692209261423,0.041302470539429016,-0.08199781373118156
MOZ,1975,1976,Services,0.11411623433919572,0.11139135547735052,73.42045418627623,69.1080990046581,-0.4921097344593795,-0.18831119816009861
MOZ,1976,1977,Agriculture,0.8658247980914662,0.8701258611743901,9.741770213289074,9.09821347009493,-0.5572073872364719,0.039131990076786104
MOZ,1976,1977,Manufacturing,0.022783846431183252,0.021144485412702373,45.43692209261423,47.41922763666176,0.04516454509526203,-0.07773723331401446
MOZ,1976,1977,Services,0.11139135547735052,0.10872965341290763,69.1080990046581,65.12563065455558,-0.4436125476635676,-0.17334502556137532
MOZ,1977,1978,Agriculture,0.8701258611743901,0.8742112778639091,9.09821347009493,8.17102055611893,-0.806774532748158,0.03338202375037115
MOZ,1977,1978,Manufacturing,0.021144485412702373,0.019655685940123128,47.41922763666176,49.852052161517214,0.05144082267747076,-0.07421970896505986
MOZ,1977,1978,Services,0.10872965341290763,0.10613303619596776,65.12563065455558,61.53406528067056,-0.39050965831231804,-0.15978041333609158
MOZ,1978,1979,Agriculture,0.8742112778639091,0.8780929065502528,8.17102055611893,7.671682187362499,-0.4365272334370398,0.029778621650978918
MOZ,1978,1979,Manufacturing,0.019655685940123128,0.018304010915158653,49.852052161517214,52.74062898744961,0.0567769589044449,-0.07128819100325307
MOZ,1978,1979,Services,0.10613303619596776,0.10360308253458862,61.53406528067056,56.84141214452656,-0.49804552515349304,-0.1438061387730053
MOZ,1979,1980,Agriculture,0.8780929065502528,0.8817817429270007,7.671682187362499,4.276958215496727,-2.980883039391435,0.01577699904715504
MOZ,1979,1980,Manufacturing,0.018304010915158653,0.01707721404062669,52.74062898744961,56.08934174016645,0.061294874777459936,-0.06881022914139137
MOZ,1979,1980,Services,0.10360308253458862,0.10114104303237262,56.84141214452656,57.30040648625099,0.04755322866858573,-0.14107586426218408
MOZ,1980,1981,Agriculture,0.8817817429270007,0.8801583305814553,4.276958215496727,4.137395424531587,-0.12306392106499725,-0.006716698810587698
MOZ,1980,1981,Manufacturing,0.01707721404062669,0.017002138425182202,56.08934174016645,57.62566830079575,0.026236177512166486,-0.004326282513082157
MOZ,1980,1981,Services,0.10114104303237262,0.10283953099336256,57.30040648625099,53.76841780965817,-0.35722901872912766,0.09132501033118141
MOZ,1981,1982,Agriculture,0.8801583305814553,0.878370823492764,4.137395424531587,3.97753800074441,-0.14069984325157436,-0.007109877371869867
MOZ,1981,1982,Manufacturing,0.017002138425182202,0.016949326660640612,57.62566830079575,59.44161386580085,0.03087495786881244,-0.0031392165154527614
MOZ,1981,1982,Services,0.10283953099336256,0.10467984984659555,53.76841780965817,49.89161486920498,-0.3986885961498948,0.09181647946203739
MOZ,1982,1983,Agriculture,0.878370823492764,0.876415074772128,3.97753800074441,3.0671942989267635,-0.7996193470270172,-0.005998661326067974
MOZ,1982,1983,Manufacturing,0.016949326660640612,0.016918404754436817,59.44161386580085,61.51028555129834,0.03506259215111487,-0.0019020152803859405
MOZ,1982,1983,Services,0.10467984984659555,0.10666652047343524,49.89161486920498,45.03711282764281,-0.5081685447907196,0.08947390917234285
MOZ,1983,1984,Agriculture,0.876415074772128,0.8742868294557578,3.0671942989267635,3.1028291421120167,0.031230913754696665,-0.006603581589196978
MOZ,1983,1984,Manufacturing,0.016918404754436817,0.016909011993556034,61.51028555129834,63.80732176490037,0.0388621883973182,-0.0005993269157808528
MOZ,1983,1984,Services,0.10666652047343524,0.10880415855068634,45.03711282764281,40.59908553599579,-0.47338892896613094,0.08678615114331921
MOZ,1984,1985,Agriculture,0.8742868294557578,0.8719817409632092,3.1028291421120167,3.2711336971445943,0.14714645580239444,-0.007540252642875676
MOZ,1984,1985,Manufacturing,0.016909011993556034,0.016920796597074156,63.80732176490037,66.31062677926086,0.04232841451135041,0.0007814444456317318
MOZ,1984,1985,Services,0.10880415855068634,0.11109746243971663,40.59908553599579,38.733930266899584,-0.20293664962039168,0.08882867291850889
MOZ,1985,1986,Agriculture,0.8719817409632092,0.8694953605372547,3.2711336971445943,3.216350066440671,-0.04777032567749259,-0.007997069848215554
MOZ,1985,1986,Manufacturing,0.016920796597074156,0.01695341728199279,66.31062677926086,69.00013989506832,0.04550870437774114,0.0022508318228586077
MOZ,1985,1986,Services,0.11109746243971663,0.11355122218075249,38.733930266899584,40.58016531370766,0.20511202876764867,0.0995739759313556
MOZ,1986,1987,Agriculture,0.8694953605372547,0.8668231535972734,3.216350066440671,3.471171347277034,0.2215659214533783,-0.009275688164058209
MOZ,1986,1987,Manufacturing,0.01695341728199279,0.017006540244972,69.00013989506832,71.85765824628552,0.04844470099913737,0.0038172917187903606
MOZ,1986,1987,Services,0.11355122218075249,0.11617030615775466,40.58016531370766,45.02364909832799,0.5045630144839937,0.11792071793959893
MOZ,1987,1988,Agriculture,0.8668231535972734,0.8639605207393483,3.471171347277034,3.630913842468427,0.1384684934453008,-0.010393973269745185
MOZ,1987,1988,Manufacturing,0.017006540244972,0.01707983827782947,71.85765824628552,74.86663564460576,0.05117229522074432,0.005487577119406521
MOZ,1987,1988,Services,0.11617030615775466,0.11895964098282227,45.02364909832799,43.642107776579586,-0.16049407831710075,0.12173245106056765
MOZ,1988,1989,Agriculture,0.8639605207393483,0.8609027976351362,3.630913842468427,3.8278113706388845,0.17011169097043893,-0.011704387266568073
MOZ,1988,1989,Manufacturing,0.01707983827782947,0.0171729902471666,74.86663564460576,78.01204445554002,0.053723073808416996,0.007266975573049097
MOZ,1988,1989,Services,0.11895964098282227,0.12192421211769723,43.642107776579586,45.88489946153519,0.26680169364157785,0.13602904847030672
MOZ,1989,1990,Agriculture,0.8609027976351362,0.8576453261440602,3.8278113706388845,4.60883388806307,0.6723844702665182,-0.015013144997470522
MOZ,1989,1990,Manufacturing,0.0171729902471666,0.017285670902794297,78.01204445554002,81.28026620427651,0.05612514021662957,0.009158713685491733
MOZ,1989,1990,Services,0.12192421211769723,0.1250690029531454,45.88489946153519,43.489965405973976,-0.2920004477981425,0.13676684464266523
MOZ,1990,1991,Agriculture,0.8576453261440602,0.8541833691838542,4.60883388806307,7.258758817043844,2.272695729972992,-0.02512951060912171
MOZ,1990,1991,Manufacturing,0.017285670902794297,0.01741756295691711,81.28026620427651,88.68926073981525,0.12806944126192393,0.01169740877760789
MOZ,1990,1991,Services,0.1250690029531454,0.1283990678592288,43.489965405973976,66.40443880395513,2.865890341081877,0.2211310912692135
MOZ,1991,1992,Agriculture,0.8541833691838542,0.8565119842052584,7.258758817043844,5.547703776388906,-1.4615547594856515,0.012918466348000267
MOZ,1991,1992,Manufacturing,0.01741756295691711,0.016144530017169863,88.68926073981525,84.19610856244488,-0.07825976092435773,-0.10718441959852744
MOZ,1991,1992,Services,0.1283990678592288,0.1273434857775717,66.40443880395513,67.71181709134812,0.16786615344065522,-0.07147538083806985
MOZ,1992,1993,Agriculture,0.8565119842052584,0.8533483152852073,5.547703776388906,6.615347757810774,0.914449864952446,-0.02092877009671604
MOZ,1992,1993,Manufacturing,0.016144530017169863,0.016520767200853177,84.19610856244488,75.76508178264183,-0.1361149649220933,0.028505640991437053
MOZ,1992,1993,Services,0.1273434857775717,0.13013091751393954,67.71181709134812,66.8538903173616,-0.1092513859413504,0.18635065557026803
MOZ,1993,1994,Agriculture,0.8533483152852073,0.849953842798581,6.615347757810774,6.304437574980468,-0.2653146807232576,-0.02140023989192408
MOZ,1993,1994,Manufacturing,0.016520767200853177,0.017532707881765773,75.76508178264183,67.23422378442781,-0.14093631901203013,0.06803704619704377
MOZ,1993,1994,Services,0.13013091751393954,0.13251344931965323,66.8538903173616,70.23877965007898,0.440478754549659,0.1673461265108282
MOZ,1994,1995,Agriculture,0.849953842798581,0.8501025177728304,6.304437574980468,7.017779682864053,0.6063078658256935,0.0010433682136379067
MOZ,1994,1995,Manufacturing,0.017532707881765773,0.017279302271882707,67.23422378442781,71.92731763404286,0.08228264352701231,-0.01822678579230763
MOZ,1994,1995,Services,0.13251344931965323,0.13261817995528688,70.23877965007898,62.844310612415946,-0.9798665980681057,0.006581724596397119
MOZ,1995,1996,Agriculture,0.8501025177728304,0.8386189996652482,7.017779682864053,7.278721509357912,0.2218273036946706,-0.08358533025275956
MOZ,1995,1996,Manufacturing,0.017279302271882707,0.022218974830211725,71.92731763404286,64.08009534110522,-0.13559452599432606,0.3165346884915646
MOZ,1995,1996,Services,0.13261817995528688,0.13916202550454007,62.844310612415946,61.178931785452455,-0.22085950896796872,0.4003454804722976
MOZ,1996,1997,Agriculture,0.8386189996652482,0.8327633309598871,7.278721509357912,7.789260847480758,0.4281479890263389,-0.04561133098248786
MOZ,1996,1997,Manufacturing,0.022218974830211725,0.02421748405944203,64.08009534110522,74.01508588340761,0.22074530479780827,0.14791983224026367
MOZ,1996,1997,Services,0.13916202550454007,0.1430191849806709,61.178931785452455,63.95521840652224,0.386353669569227,0.24668547672473404
MOZ,1997,1998,Agriculture,0.8327633309598871,0.8252526849354905,7.789260847480758,8.24378962481061,0.37851489862633225,-0.06191618577154533
MOZ,1997,1998,Manufacturing,0.02421748405944203,0.027547486666873823,74.01508588340761,73.19957733940346,-0.019749565164759186,0.24375478340311882
MOZ,1997,1998,Services,0.1430191849806709,0.1471998283976356,63.95521840652224,64.90981219575536,0.13652522572373152,0.2713647790525994
MOZ,1998,1999,Agriculture,0.8252526849354905,0.8200354980657159,8.24378962481061,8.52477487274609,0.23188383028601897,-0.04447534353387603
MOZ,1998,1999,Manufacturing,0.027547486666873823,0.02899671271926745,73.19957733940346,75.50963134413372,0.06363618189506536,0.10943052495055688
MOZ,1998,1999,Services,0.1471998283976356,0.15096778921501672,64.90981219575536,65.78330885534666,0.12857855839774676,0.2478689302046268
MOZ,1999,2000,Agriculture,0.8200354980657159,0.8163741535482335,8.52477487274609,7.2763187353829295,-1.0237783504157987,-0.026641109709248365
MOZ,1999,2000,Manufacturing,0.02899671271926745,0.029022408534621017,75.50963134413372,85.04843138170638,0.27659384437603185,0.002185388788894974
MOZ,1999,2000,Services,0.15096778921501672,0.1546034379171456,65.78330885534666,66.50285577324193,0.10862840743112837,0.24178102127985074
MOZ,2000,2001,Agriculture,0.8163741535482335,0.808404198636042,7.2763187353829295,7.891551234401388,0.5022599106215583,-0.0628953075254286
MOZ,2000,2001,Manufacturing,0.029022408534621017,0.0319411774823526,85.04843138170638,97.84956956690175,0.3715198621188771,0.28560028520077446
MOZ,2000,2001,Services,0.1546034379171456,0.15965462388160534,66.50285577324193,70.19344698290047,0.5705780889600066,0.35456015419707626
MOZ,2001,2002,Agriculture,0.808404198636042,0.8054731086540381,7.891551234401388,8.599391728715576,0.5722212275682008,-0.02520559094736512
MOZ,2001,2002,Manufacturing,0.0319411774823526,0.03121497689156826,97.84956956690175,106.85574368204296,0.28766780584869517,-0.07759870419060011
MOZ,2001,2002,Services,0.15965462388160534,0.16331191445439353,70.19344698290047,70.64481391019281,0.07206281700945458,0.25836861193012384
MOZ,2002,2003,Agriculture,0.8054731086540381,0.8047194028191074,8.599391728715576,8.844035926767964,0.19705432271943105,-0.0066658014823420125
MOZ,2002,2003,Manufacturing,0.03121497689156826,0.0327519443834221,106.85574368204296,115.2391690753668,0.2616884299247904,0.17711885665708701
MOZ,2002,2003,Services,0.16331191445439353,0.16252865279747059,70.64481391019281,72.46896248013205,0.29790519520602143,-0.0567621596276746
MOZ,2003,2004,Agriculture,0.8047194028191074,0.8004224883040912,8.844035926767964,9.140987108302582,0.23896237747096646,-0.03927804018724065
MOZ,2003,2004,Manufacturing,0.0327519443834221,0.034876134502673246,115.2391690753668,120.71761505229185,0.1794297579438316,0.25642716511364205
MOZ,2003,2004,Services,0.16252865279747059,0.16470137719323547,72.46896248013205,74.82127306170479,0.3823178697842516,0.16256600530335164
MOZ,2004,2005,Agriculture,0.8004224883040912,0.7934344393324931,9.140987108302582,9.614365201092614,0.37890247093964236,-0.06718565485606384
MOZ,2004,2005,Manufacturing,0.034876134502673246,0.037271068075258186,120.71761505229185,113.51920503308027,-0.25105271603541374,0.2718709552668772
MOZ,2004,2005,Services,0.16470137719323547,0.1692944925922486,74.82127306170479,76.7308210601869,0.31450518516659,0.35243351579046595
MOZ,2005,2006,Agriculture,0.7934344393324931,0.789062230936177,9.614365201092614,10.45035137213286,0.6633002189090347,-0.04569111401369313
MOZ,2005,2006,Manufacturing,0.037271068075258186,0.040592442065366725,113.51920503308027,106.9337131965742,-0.24544831454747462,0.3551668536768278
MOZ,2005,2006,Services,0.1692944925922486,0.1703453269984563,76.7308210601869,82.53161861648438,0.9820430789237379,0.08672706444221429
MOZ,2006,2007,Agriculture,0.789062230936177,0.7831582807407789,10.45035137213286,11.170663421754453,0.568371032844625,-0.06595104049159398
MOZ,2006,2007,Manufacturing,0.040592442065366725,0.043250801349668425,106.9337131965742,103.50637114936532,-0.1391241834895219,0.2751571227292928
MOZ,2006,2007,Services,0.1703453269984563,0.1735909179095527,82.53161861648438,85.46305384991702,0.4993562934138787,0.2773781108098316
MOZ,2007,2008,Agriculture,0.7831582807407789,0.7777486665166035,11.170663421754453,11.754159599390045,0.45696986329590616,-0.06358546896208829
MOZ,2007,2008,Manufacturing,0.043250801349668425,0.04578763427408574,103.50637114936532,98.40673410415654,-0.22056338879773502,0.24964144305980468
MOZ,2007,2008,Services,0.1735909179095527,0.1764636992093107,85.46305384991702,91.37336806273873,1.0259768693375972,0.2624957030665421
MOZ,2008,2009,Agriculture,0.7777486665166035,0.7728771236744463,11.754159599390045,12.231246851389386,0.37105397405455853,-0.059585043049543554
MOZ,2008,2009,Manufacturing,0.04578763427408574,0.04860367966363479,98.40673410415654,96.26222031282789,-0.0981922131730892,0.2710787816996938
MOZ,2008,2009,Services,0.1764636992093107,0.17851919666191887,91.37336806273873,94.64800453160824,0.5778544648624272,0.19454873220916657
MOZ,2009,2010,Agriculture,0.7728771236744463,0.7656607762723111,12.231246851389386,12.683505498891064,0.34954036263799193,-0.09152858195688968
MOZ,2009,2010,Manufacturing,0.04860367966363479,0.05187143885286084,96.26222031282789,91.52092720251424,-0.23044429152508322,0.2990683508725046
MOZ,2009,2010,Services,0.17851919666191887,0.18246778487482807,94.64800453160824,99.64526018435504,0.892106064642592,0.39345809983621405
MOZ,2010,2011,Agriculture,0.7656607762723111,0.7573536622692137,12.683505498891064,13.041955557360241,0.2744511500223657,-0.10834101163832069
MOZ,2010,2011,Manufacturing,0.05187143885286084,0.055789091496576744,91.52092720251424,87.31505196359187,-0.21816480027852342,0.34207004416135695
MOZ,2010,2011,Services,0.18246778487482807,0.18685724623420955,99.64526018435504,104.21429287526715,0.8337012741314076,0.45744461167124983
MOZ,2011,2012,Agriculture,0.7573536622692137,0.7487234771106804,13.041955557360241,13.02280354274103,-0.014504848411692813,-0.11238920585705865
MOZ,2011,2012,Manufacturing,0.055789091496576744,0.05965379705028958,87.31505196359187,82.27059454463944,-0.28142569649652266,0.31795162364392493
MOZ,2011,2012,Services,0.18685724623420955,0.19162272583902998,104.21429287526715,109.17232836129538,0.926444857650727,0.5202585042165124
MOZ,2012,2013,Agriculture,0.7487234771106804,0.7392100388036321,13.02280354274103,13.225361569424926,0.15165995005544444,-0.12581866137913172
MOZ,2012,2013,Manufacturing,0.05965379705028958,0.06367719540455319,82.27059454463944,78.47911941790223,-0.22617588773160255,0.31575275991004503
MOZ,2012,2013,Services,0.19162272583902998,0.1971127657918148,109.17232836129538,110.09707647446525,0.1772027541601101,0.6044373485296205
MOZ,2013,2014,Agriculture,0.7392100388036321,0.7298280548048566,13.225361569424926,13.574413132228853,0.2580224192847595,-0.12735492679933974
MOZ,2013,2014,Manufacturing,0.06367719540455319,0.069772954597564,78.47911941790223,75.82248036833283,-0.16916732387879665,0.46219558174214637
MOZ,2013,2014,Services,0.1971127657918148,0.20039899059757954,110.09707647446525,116.0286037216132,1.16917974105484,0.38129607572821195
MOZ,2014,2015,Agriculture,0.7298280548048566,0.7211621092959196,13.574413132228853,13.877091763380616,0.22090335660448726,-0.12025812104397428
MOZ,2014,2015,Manufacturing,0.069772954597564,0.07592097785978988,75.82248036833283,75.02571576122033,-0.0555926207570069,0.4612598457651296
MOZ,2014,2015,Services,0.20039899059757954,0.2029169128442905,116.0286037216132,120.49588244707809,0.8952381473012063,0.30339926305056697
MOZ,2015,2016,Agriculture,0.7211621092959196,0.7202735897345509,13.877091763380616,14.03310891008463,0.11251365460339807,-0.012468691773427673
MOZ,2015,2016,Manufacturing,0.07592097785978988,0.07572321417545703,75.02571576122033,76.78545951782732,0.13360146678426307,-0.015185375377435972
MOZ,2015,2016,Services,0.2029169128442905,0.204003196089992,120.49588244707809,118.94510737139773,-0.31467849087293026,0.1292080772957163
MOZ,2016,2017,Agriculture,0.7202735897345509,0.7192139246132998,14.03310891008463,14.12602188515619,0.06692276208770907,-0.014968852693729835
MOZ,2016,2017,Manufacturing,0.07572321417545703,0.07617896327720478,76.78545951782732,79.50521197594966,0.20594839789062394,0.03623442894230276
MOZ,2016,2017,Services,0.204003196089992,0.20460711210949536,118.94510737139773,116.21431524710933,-0.5570903212122121,0.07018368667334213
MUS,1970,1971,Agriculture,0.36289344312822586,0.3274028537690421,33.56480937325215,37.22234314225384,1.3272950227907796,-1.3210428954483606
MUS,1970,1971,Manufacturing,0.17018704813179872,0.18439039933180634,186.969510879528,172.8327658135868,-2.4058909129643027,2.454804471719045
MUS,1970,1971,Services,0.4669195087399754,0.4882067468991515,209.16367835534066,186.35471004036233,-10.649952280495347,3.9669770947133993
MUS,1971,1972,Agriculture,0.3274028537690421,0.3228006577357828,37.22234314225384,43.06627136299886,1.9133187766933604,-0.1981994232340614
MUS,1971,1972,Manufacturing,0.18439039933180634,0.2155068347456914,172.8327658135868,166.21171066471865,-1.220859002897711,5.171915959930069
MUS,1971,1972,Services,0.4882067468991515,0.4616925075185259,186.35471004036233,201.61285984002447,7.449131677392991,-5.345611628010922
MUS,1972,1973,Agriculture,0.3228006577357828,0.2922770264703607,43.06627136299886,62.97677773155695,6.427124551623043,-1.9222799417624916
MUS,1972,1973,Manufacturing,0.2155068347456914,0.2595861829499326,166.21171066471865,145.3738232741388,-4.490707154331019,6.4079833758825835
MUS,1972,1973,Services,0.4616925075185259,0.44813679057970673,201.61285984002447,222.61540863010805,9.69671941517387,-3.01771146560931
MUS,1973,1974,Agriculture,0.2922770264703607,0.28054239475430376,62.97677773155695,83.1562773663422,5.898004148914761,-0.9758082897723063
MUS,1973,1974,Manufacturing,0.2595861829499326,0.2906794901918512,145.3738232741388,166.63054377280494,5.517950936282331,5.181094693415792
MUS,1973,1974,Services,0.44813679057970673,0.42877811505384505,222.61540863010805,260.17401105757904,16.83139155050603,-5.036624260325621
MUS,1974,1975,Agriculture,0.28054239475430376,0.2798441447574373,83.1562773663422,133.4577839173585,14.111705107571415,-0.09318689720210059
MUS,1974,1975,Manufacturing,0.2906794901918512,0.2953033802893365,166.63054377280494,190.94495596906677,7.067700941523917,0.8829084910701377
MUS,1974,1975,Services,0.42877811505384505,0.42485247495322614,260.17401105757904,311.5014886069804,22.008099074100862,-1.2228427350780469
MUS,1975,1976,Agriculture,0.2798441447574373,0.25656023387013194,133.4577839173585,153.1859959277902,5.520824617652659,-3.566769078365789
MUS,1975,1976,Manufacturing,0.2953033802893365,0.3282457070376043,190.94495596906677,170.58514444888056,-6.012321163964764,5.619471566835485
MUS,1975,1976,Services,0.42485247495322614,0.4151940590922638,311.5014886069804,329.0786724067116,7.4677100400235465,-3.1783786690774107
MUS,1976,1977,Agriculture,0.25656023387013194,0.2501185246239081,153.1859959277902,151.9537134777967,-0.31615467356439286,-0.9788416411079707
MUS,1976,1977,Manufacturing,0.3282457070376043,0.3327488037581188,170.58514444888056,174.31576379279474,1.2245597842312752,0.784960744269318
MUS,1976,1977,Services,0.4151940590922638,0.4171326716179731,329.0786724067116,343.79526257657676,6.110240808623634,0.6664858023104748
MUS,1977,1978,Agriculture,0.2501185246239081,0.2291270203543927,151.9537134777967,161.08351187790825,2.2835317059496183,-3.3813852273336464
MUS,1977,1978,Manufacturing,0.3327488037581188,0.3390026476011414,174.31576379279474,175.84431198532795,0.5086225825520596,1.0997028678399845
MUS,1977,1978,Services,0.4171326716179731,0.4318703320444658,343.79526257657676,334.8243220283551,-3.7420723978057127,4.934527160584524
MUS,1978,1979,Agriculture,0.2291270203543927,0.2278274989169796,161.08351187790825,162.38808946075517,0.2989139743788501,-0.21102680343480823
MUS,1978,1979,Manufacturing,0.3390026476011414,0.33647574483148934,175.84431198532795,172.44588931830185,-1.152074281789579,-0.4357539953335299
MUS,1978,1979,Services,0.4318703320444658,0.4356967562515312,334.8243220283551,334.8866800849849,0.026930594622367424,1.2814184993009579
MUS,1979,1980,Agriculture,0.2278274989169796,0.2335695084401408,162.38808946075517,100.0779055784948,-14.195973350952471,0.5746482868897447
MUS,1979,1980,Manufacturing,0.33647574483148934,0.3165430584268807,172.44588931830185,160.6005913942517,-3.985655441745671,-3.2012012246563106
MUS,1979,1980,Services,0.4356967562515312,0.4498874331329786,334.8866800849849,307.7190577173492,-11.836844940645426,4.366741718330357
MUS,1980,1981,Agriculture,0.2335695084401408,0.2243900185919862,100.0779055784948,124.11354557030324,5.6139926179308866,-1.1392990315810705
MUS,1980,1981,Manufacturing,0.3165430584268807,0.31594104025608793,160.6005913942517,164.21241573413351,1.143297923046841,-0.09885885814172178
MUS,1980,1981,Services,0.4498874331329786,0.45966894115192586,307.7190577173492,304.03459954369,-1.6575914302333639,2.973916873474029
MUS,1981,1982,Agriculture,0.2243900185919862,0.22720854668724674,124.11354557030324,142.4404251664766,4.112368853318428,0.4014723402325702
MUS,1981,1982,Manufacturing,0.31594104025608793,0.29733830751122575,164.21241573413351,174.3092461185756,3.1900030949499087,-3.2426283205022677
MUS,1981,1982,Services,0.45966894115192586,0.4754531458015276,304.03459954369,292.0443664737524,-5.51153773942301,4.609688047184994
MUS,1982,1983,Agriculture,0.22720854668724674,0.23767403886957522,142.4404251664766,115.87452417231252,-6.035999756321301,1.212683926856369
MUS,1982,1983,Manufacturing,0.29733830751122575,0.2744016841209097,174.3092461185756,186.51927822662338,3.630510281664652,-4.278122439717636
MUS,1982,1983,Services,0.4754531458015276,0.4879242770095151,292.0443664737524,288.00076145817917,-1.9225447250331293,3.5916952841452576
MUS,1983,1984,Agriculture,0.23767403886957522,0.23028525589276502,115.87452417231252,123.61778276102663,1.8403715427912102,-0.9133849688956949
MUS,1983,1984,Manufacturing,0.2744016841209097,0.31303350799788104,186.51927822662338,182.38918029491654,-1.1333058280446435,7.046026690218387
MUS,1983,1984,Services,0.4879242770095151,0.45668123610935396,288.00076145817917,327.5081682932411,19.276622916518374,-10.232351097122582
MUS,1984,1985,Agriculture,0.23028525589276502,0.2243316463118513,123.61778276102663,137.6191834446645,3.2243161392886783,-0.819330889073679
MUS,1984,1985,Manufacturing,0.31303350799788104,0.33235982734575115,182.38918029491654,187.96494958590188,1.7454026209439972,3.632670641903444
MUS,1984,1985,Services,0.45668123610935396,0.44330852634239754,327.5081682932411,339.8868807925211,5.653125725613487,-4.545208610434501
MUS,1985,1986,Agriculture,0.2243316463118513,0.2130022196971209,137.6191834446645,148.4269109174985,2.424515296870679,-1.681591794890923
MUS,1985,1986,Manufacturing,0.33235982734575115,0.38704472758762437,187.96494958590188,174.65943889300564,-4.422217236638038,9.551233992165566
MUS,1985,1986,Services,0.44330852634239754,0.39995305271525483,339.8868807925211,364.82034868230227,11.053218906824386,-15.816959005940562
MUS,1986,1987,Agriculture,0.2130022196971209,0.21269386922743136,148.4269109174985,139.90406115552602,-1.815385917445217,-0.043139482968781985
MUS,1986,1987,Manufacturing,0.38704472758762437,0.36812659466780856,174.65943889300564,201.28635975386794,10.305809331089682,-3.8079621087695377
MUS,1986,1987,Services,0.39995305271525483,0.41917953610476005,364.82034868230227,367.6882102729559,1.147009997946758,7.069351267329891
MUS,1987,1988,Agriculture,0.21269386922743136,0.19595653130090684,139.90406115552602,131.91649683444672,-1.6989059611533381,-2.207930985601436
MUS,1987,1988,Manufacturing,0.36812659466780856,0.3648751018368274,201.28635975386794,203.11440008764745,0.6729502629896559,-0.6604250157540207
MUS,1987,1988,Services,0.41917953610476005,0.43916836686226574,367.6882102729559,343.2619002617587,-10.239009299244717,6.86140402983209
MUS,1988,1989,Agriculture,0.19595653130090684,0.1793286359648283,131.91649683444672,128.29689016293463,-0.7092855680231297,-2.133307261573644
MUS,1988,1989,Manufacturing,0.3648751018368274,0.3927073055680656,203.11440008764745,192.47519711418053,-3.88198026840642,5.3570088992921
MUS,1988,1989,Services,0.43916836686226574,0.4279640584671062,343.2619002617587,358.9898089663325,6.907199979946486,-4.022232530378188
MUS,1989,1990,Agriculture,0.1793286359648283,0.1640555081906023,128.29689016293463,142.18537418526947,2.490602895344618,-2.1716153875577535
MUS,1989,1990,Manufacturing,0.3927073055680656,0.4078842537789122,192.47519711418053,186.87322608623916,-2.1999349482532238,2.836165274304677
MUS,1989,1990,Services,0.4279640584671062,0.4280602380304855,358.9898089663325,352.40894097885774,-2.8163749721559443,0.033894538074294545
MUS,1990,1991,Agriculture,0.1640555081906023,0.15825910782567665,142.18537418526947,141.01139219133498,-0.1925982126215393,-0.8173584851565283
MUS,1990,1991,Manufacturing,0.4078842537789122,0.4071413208328692,186.87322608623916,193.48427581963304,2.6965430872006406,-0.14374584304767551
MUS,1990,1991,Services,0.4280602380304855,0.4345995713414542,352.40894097885774,368.54854952760473,6.9087246770954955,2.410061806635075
MUS,1991,1992,Agriculture,0.15825910782567665,0.1533485974967189,141.01139219133498,158.26526313917682,2.7305822227448124,-0.7771632093601452
MUS,1991,1992,Manufacturing,0.4071413208328692,0.4069081730215083,193.48427581963304,203.450743542425,4.057760832695672,-0.047434095576666585
MUS,1991,1992,Services,0.4345995713414542,0.4397432294817728,368.54854952760473,386.9456966759658,7.995392264583372,1.9903163825685777
MUS,1992,1993,Agriculture,0.1533485974967189,0.14858920646144858,158.26526313917682,152.02368950814832,-0.9571365624907239,-0.7235401849937991
MUS,1992,1993,Manufacturing,0.4069081730215083,0.40262754160046477,203.450743542425,212.6531098748858,3.7445180718162727,-0.9102895839130547
MUS,1992,1993,Services,0.4397432294817728,0.44878325193808666,386.9456966759658,401.2405825082801,6.286079260975139,3.627223876259305
MUS,1993,1994,Agriculture,0.14858920646144858,0.14456575762235294,152.02368950814832,145.94695747210062,-0.9029367911151907,-0.5872101166106638
MUS,1993,1994,Manufacturing,0.40262754160046477,0.4000078796587264,212.6531098748858,221.92798340777756,3.7343195292034213,-0.5813762919400948
MUS,1993,1994,Services,0.44878325193808666,0.4554263627189205,401.2405825082801,414.53908613749263,5.968145704628442,2.753829072196989
MUS,1994,1995,Agriculture,0.14456575762235294,0.1442255969260393,145.94695747210062,147.25258052575848,0.18874838592125762,-0.05008954032561998
MUS,1994,1995,Manufacturing,0.4000078796587264,0.38542052584957437,221.92798340777756,224.98161319386352,1.2214759759949765,-3.281886392212678
MUS,1994,1995,Services,0.4554263627189205,0.4703538772243864,414.53908613749263,393.4470247144335,-9.60588081614788,5.873186168557093
MUS,1995,1996,Agriculture,0.1442255969260393,0.13662782417474417,147.25258052575848,164.40802853194427,2.474254729225777,-1.2491348392741601
MUS,1995,1996,Manufacturing,0.38542052584957437,0.37834300071916865,224.98161319386352,243.0784312432511,6.974885128799024,-1.7203937057837073
MUS,1995,1996,Services,0.4703538772243864,0.4850291751060871,393.4470247144335,407.9810491619447,6.836134750560927,5.987243426540335
MUS,1996,1997,Agriculture,0.13662782417474417,0.13010189632891128,164.40802853194427,177.97874524884315,1.8541374975217224,-1.1614764495858239
MUS,1996,1997,Manufacturing,0.37834300071916865,0.37248834929875346,243.0784312432511,256.60955998842746,5.119407852567429,-1.502359524878364
MUS,1996,1997,Services,0.4850291751060871,0.4974097543723353,407.9810491619447,420.60462927836943,6.122804650755078,5.207328952531788
MUS,1997,1998,Agriculture,0.13010189632891128,0.12196314221074468,177.97874524884315,186.13328369988562,1.0609209161676483,-1.5148930292403162
MUS,1997,1998,Manufacturing,0.37248834929875346,0.3778934505124454,256.60955998842746,265.2718293002845,3.2265943971548694,1.4338210865092438
MUS,1997,1998,Services,0.4974097543723353,0.50014340727681,420.60462927836943,443.3014663578265,11.289628156721646,1.211832341066938
MUS,1998,1999,Agriculture,0.12196314221074468,0.11198196047997434,186.13328369988562,149.90678751820167,-4.418297305603719,-1.4962468888951455
MUS,1998,1999,Manufacturing,0.3778934505124454,0.37806704420394993,265.2718293002845,271.5471437651452,2.3714002361768856,0.047138871103707694
MUS,1998,1999,Services,0.50014340727681,0.5099509953160757,443.3014663578265,458.92659102619723,7.8148030907638795,4.50096294504953
MUS,1999,2000,Agriculture,0.11198196047997434,0.11427054326015075,149.90678751820167,193.7363721957362,4.908122819213362,0.4433817253010091
MUS,1999,2000,Manufacturing,0.37806704420394993,0.38427670200951297,271.5471437651452,283.04986866395103,4.348801202782691,1.7576428263126969
MUS,1999,2000,Services,0.5099509953160757,0.5014527547303362,458.92659102619723,505.0525658036041,23.521986747662847,-4.292058212644031
MUS,2000,2001,Agriculture,0.11427054326015075,0.11739561776212491,193.7363721957362,202.01824545085043,0.9463741560736151,0.6313220677920105
MUS,2000,2001,Manufacturing,0.38427670200951297,0.35631243715220223,283.04986866395103,312.76288773008486,11.418020973479685,-8.746184230021436
MUS,2000,2001,Services,0.5014527547303362,0.5262919450856729,505.0525658036041,491.5866635383273,-6.752513785852545,12.210614711773347
MUS,2001,2002,Agriculture,0.11739561776212491,0.10799106696114992,202.01824545085043,178.06476298144858,-2.812033872049659,-1.6746191093226044
MUS,2001,2002,Manufacturing,0.35631243715220223,0.356384131211673,312.76288773008486,298.42499157365137,-5.1087707231340085,0.021395299093446195
MUS,2001,2002,Services,0.5262919450856729,0.5356248018271772,491.5866635383273,496.6033059798139,2.6402185083293346,4.63472751206703
MUS,2002,2003,Agriculture,0.10799106696114992,0.12770164461908212,178.06476298144858,154.86217130174177,-2.5056726317554383,3.052422853718981
MUS,2002,2003,Manufacturing,0.356384131211673,0.333442382989158,298.42499157365137,328.1226136279489,10.583761234873448,-7.52770638796597
MUS,2002,2003,Services,0.5356248018271772,0.5388559723917599,496.6033059798139,532.235336616575,19.08539934851504,1.7197431531062226
MUS,2003,2004,Agriculture,0.12770164461908212,0.10065387621903643,154.86217130174177,214.29168045514714,7.589246057794662,-5.796111743007418
MUS,2003,2004,Manufacturing,0.333442382989158,0.3284917807781354,328.1226136279489,333.5604248305857,1.813196725652352,-1.6513249766759401
MUS,2003,2004,Services,0.5388559723917599,0.5708543430028281,532.235336616575,525.740011194926,-3.5000448960835895,16.82282372328241
MUS,2004,2005,Agriculture,0.10065387621903643,0.10021508081659228,214.29168045514714,205.28600495062105,-0.906456147501378,-0.09007855515846018
MUS,2004,2005,Manufacturing,0.3284917807781354,0.3166253747624369,333.5604248305857,330.98729907966566,-0.8452506600858014,-3.927629676918741
MUS,2004,2005,Services,0.5708543430028281,0.5831595444209708,525.740011194926,541.3112274202484,8.888896408061438,6.660943683308223
MUS,2005,2006,Agriculture,0.10021508081659228,0.09723279620016655,205.28600495062105,211.3108796152089,0.6037833014215113,-0.6301891855598273
MUS,2005,2006,Manufacturing,0.3166253747624369,0.3142216845888055,330.98729907966566,345.458204683755,4.58185591004664,-0.8303744919986872
MUS,2005,2006,Services,0.5831595444209708,0.5885455192110279,541.3112274202484,563.1207577431757,12.718435767153593,3.0329542049625906
MUS,2006,2007,Agriculture,0.09723279620016655,0.09426306247938558,211.3108796152089,212.41993242612048,0.10783630593858731,-0.6308306362918639
MUS,2006,2007,Manufacturing,0.3142216845888055,0.31194184041685596,345.458204683755,366.3280811443836,6.557767738618969,-0.8351709408184815
MUS,2006,2007,Services,0.5885455192110279,0.5937950971037586,563.1207577431757,590.0798221164472,15.866636539010619,3.0976699891289163
MUS,2007,2008,Agriculture,0.09426306247938558,0.09144130581481758,212.41993242612048,218.95165476637015,0.6157001510569534,-0.6178282910551983
MUS,2007,2008,Manufacturing,0.31194184041685596,0.3102987361826582,366.3280811443836,377.45630882074283,3.4713598219412956,-0.6202000592480269
MUS,2007,2008,Services,0.5937950971037586,0.5982599580025242,590.0798221164472,601.4943458809053,6.777888247109538,2.685588585752265
MUS,2008,2009,Agriculture,0.09144130581481758,0.09038781697252475,218.95165476637015,241.66996233711168,2.077391710171262,-0.25459660883947416
MUS,2008,2009,Manufacturing,0.3102987361826582,0.28953557369501276,377.45630882074283,413.5592277881658,11.202690128096265,-8.586797444830854
MUS,2008,2009,Services,0.5982599580025242,0.6200766093324626,601.4943458809053,591.8536053760167,-5.767669009567844,12.912263746855498
MUS,2009,2010,Agriculture,0.09038781697252475,0.08630002774733506,241.66996233711168,247.69203586730865,0.544322080042529,-1.0125128353836836
MUS,2009,2010,Manufacturing,0.28953557369501276,0.28025685277486634,413.5592277881658,430.7972714721945,4.99102686743494,-3.9972476551510483
MUS,2009,2010,Services,0.6200766093324626,0.6334431194777985,591.8536053760167,600.112534135049,5.121168541619112,8.021410275859408
MUS,2010,2011,Agriculture,0.08630002774733506,0.07725987450726221,247.69203586730865,286.8429695609461,3.3787266640949847,-2.593104400668503
MUS,2010,2011,Manufacturing,0.28025685277486634,0.26851348407664577,430.7972714721945,448.5492174611019,4.975104513480595,-5.267478839944035
MUS,2010,2011,Services,0.6334431194777985,0.654226641416092,600.112534135049,612.904363472568,8.102896279385623,12.738311284307912
MUS,2011,2012,Agriculture,0.07725987450726221,0.07664348054439929,286.8429695609461,288.9457799572786,0.16246286733321752,-0.17810443436038456
MUS,2011,2012,Manufacturing,0.26851348407664577,0.2637021121823465,448.5492174611019,453.4407294193844,1.31343691832102,-2.181671981258979
MUS,2011,2012,Services,0.654226641416092,0.6596544072732542,612.904363472568,629.6524850612146,10.957067336968644,3.417606260292595
MUS,2012,2013,Agriculture,0.07664348054439929,0.07560213839968509,288.9457799572786,286.73493383622264,-0.1694469416658135,-0.2985891709654962
MUS,2012,2013,Manufacturing,0.2637021121823465,0.2624706105169743,453.4407294193844,448.0980787210499,-1.4088682738033025,-0.5518335301950675
MUS,2012,2013,Services,0.6596544072732542,0.6619272510833407,629.6524850612146,638.0579621322292,5.544709995129075,1.450206089708658
MUS,2013,2014,Agriculture,0.07560213839968509,0.0745798467038495,286.73493383622264,298.15557723789146,0.863425063066417,-0.3048019706773639
MUS,2013,2014,Manufacturing,0.2624706105169743,0.2604074190879802,448.0980787210499,442.9847436562317,-1.3421001762406894,-0.9139623262866778
MUS,2013,2014,Services,0.6619272510833407,0.6650127342081703,638.0579621322292,659.650728969551,14.292840795911896,2.035341192517088
MUS,2014,2015,Agriculture,0.0745798467038495,0.07361227182901804,298.15557723789146,298.5878205391727,0.03223663914832016,-0.2889060730843873
MUS,2014,2015,Manufacturing,0.2604074190879802,0.2586122182027905,442.9847436562317,434.72194473240785,-2.151694142195902,-0.7804132199950047
MUS,2014,2015,Services,0.6650127342081703,0.6677755099681913,659.650728969551,677.3353610088722,11.760505505934384,1.8713257168004132
MUS,2015,2016,Agriculture,0.07361227182901804,0.07265375105690464,298.5878205391727,312.60707057969586,1.0319888448219632,-0.29964037066015986
MUS,2015,2016,Manufacturing,0.2586122182027905,0.256685369980779,434.72194473240785,437.7734331472686,0.7891521877872499,-0.8435229613036853
MUS,2015,2016,Services,0.6677755099681913,0.6706608789623163,677.3353610088722,703.1974207884373,17.270050158126956,2.0289840346915913
MUS,2016,2017,Agriculture,0.07265375105690464,0.07170546232738499,312.60707057969586,314.45186570055796,0.13403128546210746,-0.29819116022026404
MUS,2016,2017,Manufacturing,0.256685369980779,0.25605918351254653,437.7734331472686,448.9765625,2.8756794028483905,-0.28114304799103496
MUS,2016,2017,Services,0.6706608789623163,0.6722353541600685,703.1974207884373,725.8461521634034,15.189618091316177,1.1428267639651648
MWI,1966,1967,Agriculture,0.8439415983012524,0.8569160446699416,62.82218275621907,52.64723193285718,-8.587064260504677,0.6830686871728009
MWI,1966,1967,Manufacturing,0.05700908698044814,0.050558111821073996,291.89946756395153,315.14699212371613,1.3253201497077245,-2.0330054177415717
MWI,1966,1967,Services,0.09904931471829954,0.09252584350898432,606.8742297506165,608.5853973726518,0.16948998033073914,-3.9700893181701566
MWI,1967,1968,Agriculture,0.8569160446699416,0.8620912632213569,52.64723193285718,42.51953797345132,-8.67858344932173,0.22004790171780952
MWI,1967,1968,Manufacturing,0.050558111821073996,0.05138293282591321,315.14699212371613,316.8741511368223,0.08732189851739848,0.2613644557482473
MWI,1967,1968,Services,0.09252584350898432,0.08652580395272993,608.5853973726518,662.9711251536397,5.032085337785913,-3.977852975576317
MWI,1968,1969,Agriculture,0.8620912632213569,0.8612486892711053,42.51953797345132,44.92254712780169,2.0716131974063963,-0.03785056798883362
MWI,1968,1969,Manufacturing,0.05138293282591321,0.05229806071863641,316.8741511368223,318.8894538340179,0.10355216311388218,0.2918246338987756
MWI,1968,1969,Services,0.08652580395272993,0.08645325001025829,662.9711251536397,687.7117244542624,2.1407002447587224,-0.04989619689313059
MWI,1969,1970,Agriculture,0.8612486892711053,0.8670762220513478,44.92254712780169,46.53042940430629,1.3847865031418252,0.27115760263235467
MWI,1969,1970,Manufacturing,0.05229806071863641,0.053069658214500624,318.8894538340179,327.6550823150356,0.4584253705372723,0.2528178410214652
MWI,1969,1970,Services,0.08645325001025829,0.0798541197341516,687.7117244542624,719.285478119536,2.7296536193862138,-4.746658575822504
MWI,1970,1971,Agriculture,0.8670762220513478,0.8595551366180795,46.53042940430629,52.249705308031984,4.959048143471784,-0.3929744974848033
MWI,1970,1971,Manufacturing,0.053069658214500624,0.052448321077520246,327.6550823150356,328.39673591409246,0.03935930301550187,-0.2040450876865635
MWI,1970,1971,Services,0.0798541197341516,0.08799654230440028,719.285478119536,755.5108222957299,2.8927429712566357,6.151688371527889
MWI,1971,1972,Agriculture,0.8595551366180795,0.8627928657501002,52.249705308031984,53.589114967500855,1.1512964528323402,0.17350703868948375
MWI,1971,1972,Manufacturing,0.052448321077520246,0.05969239139841523,328.39673591409246,332.8170758246459,0.23183940690048307,2.410950301268372
MWI,1971,1972,Services,0.08799654230440028,0.07751474285148463,755.5108222957299,824.9004988304877,6.106051606679463,-8.646441597351252
MWI,1972,1973,Agriculture,0.8627928657501002,0.8601475485737463,53.589114967500855,49.895286534184876,-3.187008819569896,-0.13198885848797653
MWI,1972,1973,Manufacturing,0.05969239139841523,0.0551212537851927,332.8170758246459,343.5023801473786,0.637831367843738,-1.5701966501231466
MWI,1972,1973,Services,0.07751474285148463,0.08473119764106098,824.9004988304877,875.5765043795657,3.9281375388771904,6.318558258670431
MWI,1973,1974,Agriculture,0.8601475485737463,0.8546142033627194,49.895286534184876,49.42900378084882,-0.4010719672242287,-0.2735077413565896
MWI,1973,1974,Manufacturing,0.0551212537851927,0.05651236057497113,343.5023801473786,353.21403620899196,0.5353186584466962,0.4913584440153741
MWI,1973,1974,Services,0.08473119764106098,0.08887343606230949,875.5765043795657,933.3714486307059,4.8970348439974645,3.8662470758144942
MWI,1974,1975,Agriculture,0.8546142033627194,0.8504794186705439,49.42900378084882,48.42154827568963,-0.8609857839650037,-0.20021267658176048
MWI,1974,1975,Manufacturing,0.05651236057497113,0.062496413674332105,353.21403620899196,360.0409274957676,0.3858037420043949,2.154504028077848
MWI,1974,1975,Services,0.08887343606230949,0.08702416765512404,933.3714486307059,976.0230055090848,3.790590413188561,-1.804928508774144
MWI,1975,1976,Agriculture,0.8504794186705439,0.8562852532051196,48.42154827568963,52.59712841394438,3.5512449685951704,0.3053702245651925
MWI,1975,1976,Manufacturing,0.062496413674332105,0.0580031541912505,360.0409274957676,365.7673282939495,0.35787951314820066,-1.6434875164582101
MWI,1975,1976,Services,0.08702416765512404,0.0857115926036299,976.0230055090848,1013.9700689577841,3.3023116115792357,-1.3309118154757789
MWI,1976,1977,Agriculture,0.8562852532051196,0.8611416535546021,52.59712841394438,56.80835675441721,3.6060127258263517,0.2758841235956804
MWI,1976,1977,Manufacturing,0.0580031541912505,0.058839628237138314,365.7673282939495,368.5866603698659,0.1635301531157177,0.3083131750598583
MWI,1976,1977,Services,0.0857115926036299,0.08001871820825951,1013.9700689577841,1069.6118165060634,4.769142797612141,-6.08916572317298
MWI,1977,1978,Agriculture,0.8611416535546021,0.853486487369727,56.80835675441721,56.4458112302422,-0.3122030521768896,-0.4321020654075967
MWI,1977,1978,Manufacturing,0.058839628237138314,0.06466533570466332,368.5866603698659,355.77982533130813,-0.7535494125630966,2.0726691852273436
MWI,1977,1978,Services,0.08001871820825951,0.08184817692560972,1069.6118165060634,1128.9149099998922,4.7453575271607535,2.065303223245934
MWI,1978,1979,Agriculture,0.853486487369727,0.8565657235759843,56.4458112302422,56.145782768993385,-0.2560702375021949,0.17288612713094023
MWI,1978,1979,Manufacturing,0.06466533570466332,0.06395233779721889,355.77982533130813,351.7148088664901,-0.2628656543424416,-0.2507719227390258
MWI,1978,1979,Services,0.08184817692560972,0.07948193862679687,1128.9149099998922,1212.4618727354846,6.838166587580088,-2.868973719117063
MWI,1979,1980,Agriculture,0.8565657235759843,0.8702446998999099,56.145782768993385,46.10017597925761,-8.604722448609847,0.6306032157490719
MWI,1979,1980,Manufacturing,0.06395233779721889,0.057904448686262676,351.7148088664901,349.28214952769554,-0.15557425178014916,-2.1124197087799286
MWI,1979,1980,Services,0.07948193862679687,0.07185085141382738,1212.4618727354846,1233.5617348087587,1.677057942341855,-9.413417180907572
MWI,1980,1981,Agriculture,0.8702446998999099,0.8842174709300242,46.10017597925761,40.592598632186125,-4.792939995577764,0.5671910862048675
MWI,1980,1981,Manufacturing,0.057904448686262676,0.046442949088245124,349.28214952769554,429.0838863190313,4.620875573108543,-4.9179447905613864
MWI,1980,1981,Services,0.07185085141382738,0.06933957998173065,1233.5617348087587,1257.5169332264481,1.7212014020981552,-3.157966349789469
MWI,1981,1982,Agriculture,0.8842174709300242,0.888802423303386,40.592598632186125,41.54830124535279,0.8450489475754435,0.1904969824040297
MWI,1981,1982,Manufacturing,0.046442949088245124,0.04426743018744216,429.0838863190313,409.91565666527316,-0.89022911392128,-0.8917792588103591
MWI,1981,1982,Services,0.06933957998173065,0.06693014650917188,1257.5169332264481,1216.801739466208,-2.82317443420984,-2.9318028405376197
MWI,1982,1983,Agriculture,0.888802423303386,0.8800271345937517,41.54830124535279,41.69883857160642,0.13379794037184214,-0.3659193473222806
MWI,1982,1983,Manufacturing,0.04426743018744216,0.04928873136364854,409.91565666527316,371.28466555620884,-1.710094701992204,1.864332127864782
MWI,1982,1983,Services,0.06693014650917188,0.07068413404259977,1216.801739466208,1173.5553224407522,-2.8944890275104944,4.405512050230526
MWI,1983,1984,Agriculture,0.8800271345937517,0.8745702318426474,41.69883857160642,43.16955938903035,1.2942742267449563,-0.23557208739396152
MWI,1983,1984,Manufacturing,0.04928873136364854,0.04901690685736769,371.28466555620884,352.2460743619715,-0.9383880069150875,-0.0957491152528096
MWI,1983,1984,Services,0.07068413404259977,0.07641286129998488,1173.5553224407522,1090.403773414471,-5.877495237223463,6.2466258183150645
MWI,1984,1985,Agriculture,0.8745702318426474,0.8670557367632595,43.16955938903035,42.23159100001304,-0.8203192314439406,-0.3173490827643178
MWI,1984,1985,Manufacturing,0.04901690685736769,0.051847212230932915,352.2460743619715,338.0162385588909,-0.6975025361552386,0.9566891763455342
MWI,1984,1985,Services,0.07641286129998488,0.08109705100580757,1090.403773414471,1077.1973176348179,-1.0091430737550235,5.045796586404821
MWI,1985,1986,Agriculture,0.8670557367632595,0.8592310985886459,42.23159100001304,41.04779182022041,-1.0264198700148406,-0.32118411886009063
MWI,1985,1986,Manufacturing,0.051847212230932915,0.056635387333441624,338.0162385588909,304.0261623948349,-1.762290692623386,1.4557305012902177
MWI,1985,1986,Services,0.08109705100580757,0.08413351407791247,1077.1973176348179,1008.7963812637978,-5.547114225725612,3.063172958980586
MWI,1986,1987,Agriculture,0.8592310985886459,0.8709188663272914,41.04779182022041,39.753801557737894,-1.111836674795863,0.46463319933504615
MWI,1986,1987,Manufacturing,0.056635387333441624,0.044549034899310246,304.0261623948349,387.9890112247389,4.7552684651008175,-4.689371930232349
MWI,1986,1987,Services,0.08413351407791247,0.08453209877339836,1008.7963812637978,955.3020556553328,-4.5006655966682265,0.3807687789504204
MWI,1987,1988,Agriculture,0.8709188663272914,0.8696249637606466,39.753801557737894,38.23768320469477,-1.3204160772503195,-0.049475836441107444
MWI,1987,1988,Manufacturing,0.044549034899310246,0.04464451664585086,387.9890112247389,384.6995780613346,-0.1465410727954459,0.03673178760673407
MWI,1987,1988,Services,0.08453209877339836,0.08573051959350254,955.3020556553328,913.9440516955209,-3.4960788758014174,1.0952895799622875
MWI,1988,1989,Agriculture,0.8696249637606466,0.8665765412442664,38.23768320469477,37.269845636989785,-0.8416557097416381,-0.11361423662181237
MWI,1988,1989,Manufacturing,0.04464451664585086,0.04532387873928741,384.6995780613346,388.09472302745974,0.15157460595525077,0.26365684348761154
MWI,1988,1989,Services,0.08573051959350254,0.08809958001644616,913.9440516955209,881.3684694228001,-2.792721594301244,2.088015158939947
MWI,1989,1990,Agriculture,0.8665765412442664,0.8609538471598062,37.269845636989785,36.72950227293758,-0.46824888350465155,-0.20651875515521564
MWI,1989,1990,Manufacturing,0.04532387873928741,0.04676452749495415,388.09472302745974,394.930285524767,0.30981420574277446,0.5689558244163659
MWI,1989,1990,Services,0.08809958001644616,0.09228162534523973,881.3684694228001,850.8967381052875,-2.684546731446854,3.558488728878904
MWI,1990,1991,Agriculture,0.8609538471598062,0.8533893244316056,36.72950227293758,40.61677598238689,3.3467632551135544,-0.30724652506499456
MWI,1990,1991,Manufacturing,0.04676452749495415,0.047031254494146975,394.930285524767,395.35151132001414,0.019698425283419422,0.10545092224073656
MWI,1990,1991,Services,0.09228162534523973,0.09957942107424742,850.8967381052875,809.6125734022509,-3.8097698198167933,5.908387180325866
MWI,1991,1992,Agriculture,0.8533893244316056,0.8491791004032041,40.61677598238689,30.2386378894297,-8.856592256006648,-0.12731143982821025
MWI,1991,1992,Manufacturing,0.047031254494146975,0.046798582745003064,395.35151132001414,400.312176722989,0.23330631702762186,-0.09314133436174402
MWI,1991,1992,Services,0.09957942107424742,0.10402231685179288,809.6125734022509,767.6645309379545,-4.177161783792577,3.410653503075655
MWI,1992,1993,Agriculture,0.8491791004032041,0.8536489203151493,30.2386378894297,46.23550062275756,13.584201505160895,0.20666436132235516
MWI,1992,1993,Manufacturing,0.046798582745003064,0.04290322105222003,400.312176722989,397.5668248599188,-0.12847857632803897,-1.5486665798807087
MWI,1992,1993,Services,0.10402231685179288,0.10344785863263073,767.6645309379545,733.4701965687891,-3.556973884285475,-0.4213479829294163
MWI,1993,1994,Agriculture,0.8536489203151493,0.8502201870201218,46.23550062275756,32.50109642060142,-11.72435931834244,-0.11143759142221403
MWI,1993,1994,Manufacturing,0.04290322105222003,0.042924477327430446,397.5668248599188,403.4505877911898,0.2524323816591757,0.008575856727892918
MWI,1993,1994,Services,0.10344785863263073,0.10685533565244776,733.4701965687891,685.4436413765869,-4.968244292135169,2.3356334563704246
MWI,1994,1995,Agriculture,0.8502201870201218,0.847619631203149,32.50109642060142,41.54350376542229,7.68803726382572,-0.10803620037460147
MWI,1994,1995,Manufacturing,0.042924477327430446,0.04186313058452803,403.4505877911898,418.89660955965246,0.6630124111993737,-0.44459455216900295
MWI,1994,1995,Services,0.10685533565244776,0.11051723821232302,685.4436413765869,663.683492826398,-2.325187977177558,2.4303442813279448
MWI,1995,1996,Agriculture,0.847619631203149,0.8425106738128042,41.54350376542229,53.198665037657065,9.879143499184867,-0.2717897129006146
MWI,1995,1996,Manufacturing,0.04186313058452803,0.043966795853293966,418.89660955965246,403.5047250694699,-0.6443524703544848,0.8488388759115921
MWI,1995,1996,Services,0.11051723821232302,0.11352253033390187,663.683492826398,634.9400847241058,-3.1766420802750512,1.9081804342959632
MWI,1996,1997,Agriculture,0.8425106738128042,0.8302981875624583,53.198665037657065,54.59439518798029,1.1759175494096663,-0.6667333005791585
MWI,1996,1997,Manufacturing,0.043966795853293966,0.04286270758762615,403.5047250694699,404.99843944120164,0.06567383484506134,-0.44715402460080883
MWI,1996,1997,Services,0.11352253033390187,0.12683910484991548,634.9400847241058,600.8649764589942,-3.8682925116571183,8.001463233078956
MWI,1997,1998,Agriculture,0.8302981875624583,0.831687166014702,54.59439518798029,62.620278047353935,6.663875991726538,0.08697821688128554
MWI,1997,1998,Manufacturing,0.04286270758762615,0.04292992498984133,404.99843944120164,405.812960282638,0.03491256865051461,0.027277692975450615
MWI,1997,1998,Services,0.12683910484991548,0.12538290899545657,600.8649764589942,567.4020521878994,-4.244407360206179,-0.8262485162074993
MWI,1998,1999,Agriculture,0.831687166014702,0.8251253208508326,62.620278047353935,65.21181070609491,2.1553444525828263,-0.4279098047089611
MWI,1998,1999,Manufacturing,0.04292992498984133,0.04601245064859876,405.812960282638,387.1908220934601,-0.7994469956118676,1.1935256439384752
MWI,1998,1999,Services,0.12538290899545657,0.12886222850056867,567.4020521878994,542.6110786116633,-3.1083643838179755,1.887917309503475
MWI,1999,2000,Agriculture,0.8251253208508326,0.8234050077737419,65.21181070609491,68.57687472098635,2.7765995249708944,-0.1179736943685194
MWI,1999,2000,Manufacturing,0.04601245064859876,0.04641641893623309,387.1908220934601,373.2952921096452,-0.6393673876164085,0.15079945993549063
MWI,1999,2000,Services,0.12886222850056867,0.130178573290025,542.6110786116633,523.0206630900853,-2.5244646013626633,0.6884755246366289
MWI,2000,2001,Agriculture,0.8234050077737419,0.819538201340539,68.57687472098635,64.45123761295673,-3.397070255008769,-0.24922046022967098
MWI,2000,2001,Manufacturing,0.04641641893623309,0.04340986842596634,373.2952921096452,350.74482982561165,-1.046711704581424,-1.0545320470856168
MWI,2000,2001,Services,0.130178573290025,0.13705193023349468,523.0206630900853,492.8169773239227,-3.931872721139291,3.387306992949128
MWI,2001,2002,Agriculture,0.819538201340539,0.8085252776328429,64.45123761295673,66.23756119875942,1.4639604185209194,-0.7294692080657911
MWI,2001,2002,Manufacturing,0.04340986842596634,0.04613701788286683,350.74482982561165,332.0945279693374,-0.8096071496854218,0.9056714115912023
MWI,2001,2002,Services,0.13705193023349468,0.14533770448429031,492.8169773239227,476.89604569180904,-2.1819944112966785,3.9514529756994476
MWI,2002,2003,Agriculture,0.8085252776328429,0.8052124341799981,66.23756119875942,68.85917978377357,2.119644894295984,-0.2281196829149353
MWI,2002,2003,Manufacturing,0.04613701788286683,0.05014132802092496,332.0945279693374,323.712054668925,-0.38674232056377866,1.2962434623224046
MWI,2002,2003,Services,0.14533770448429031,0.14464623779907695,476.89604569180904,448.9249902921592,-4.065248983788024,-0.3104166749467591
MWI,2003,2004,Agriculture,0.8052124341799981,0.7763004164401115,68.85917978377357,70.79466298465356,1.5584751394950678,-2.0468165521015975
MWI,2003,2004,Manufacturing,0.05014132802092496,0.05340904433934182,323.712054668925,323.3668759359081,-0.017307720078047366,1.056671217331247
MWI,2003,2004,Services,0.14464623779907695,0.17029053922054674,448.9249902921592,434.00482548815677,-2.158145706241151,11.129750563190685
MWI,2004,2005,Agriculture,0.7763004164401115,0.7541879752998177,70.79466298465356,65.15214907484791,-4.380285897951243,-1.4406730615812189
MWI,2004,2005,Manufacturing,0.05340904433934182,0.057918550777683084,323.3668759359081,309.6985569975854,-0.7300118522211441,1.3965876367256098
MWI,2004,2005,Services,0.17029053922054674,0.18789347392249914,434.00482548815677,406.8730376501495,-4.620286780951727,7.162159513740602
MWI,2005,2006,Agriculture,0.7541879752998177,0.7521809028617115,65.15214907484791,64.64693915423173,-0.3810232471308994,-0.1297510897843917
MWI,2005,2006,Manufacturing,0.057918550777683084,0.06604663446043625,309.6985569975854,301.6564116880553,-0.46578940147152487,2.4518885576395544
MWI,2005,2006,Services,0.18789347392249914,0.18177246267785227,406.8730376501495,413.22817226290795,1.1940883196362984,-2.5293742890261326
MWI,2006,2007,Agriculture,0.7521809028617115,0.7245911379760436,64.64693915423173,71.26523879803749,4.978158601487157,-1.9661911829588314
MWI,2006,2007,Manufacturing,0.06604663446043625,0.07522705465703884,301.6564116880553,293.09954691340903,-0.5651521198984455,2.6907770000989286
MWI,2006,2007,Services,0.18177246267785227,0.2001818073669176,413.22817226290795,392.1625040690248,-3.829158385556643,7.219454711533661
MWI,2007,2008,Agriculture,0.7245911379760436,0.6918205732695819,71.26523879803749,73.628299056748,1.7122525219650186,-2.4128409384658713
MWI,2007,2008,Manufacturing,0.07522705465703884,0.08184935263237976,293.09954691340903,295.0222168084943,0.14463679328502332,1.9537250290514814
MWI,2007,2008,Services,0.2001818073669176,0.22633007409803832,392.1625040690248,369.903311169001,-4.455885465255631,9.672330445171784
MWI,2008,2009,Agriculture,0.6918205732695819,0.6730121394518975,73.628299056748,77.31757776526793,2.552318911079515,-1.454222544341707
MWI,2008,2009,Manufacturing,0.08184935263237976,0.0847700615983127,295.0222168084943,282.81714124367414,-0.9989775338098071,0.8260265601499214
MWI,2008,2009,Services,0.22633007409803832,0.24221779894978973,369.903311169001,357.87555576965997,-2.72224277076593,5.685828361235975
MWI,2009,2010,Agriculture,0.6730121394518975,0.6518315376760272,77.31757776526793,80.15006009467143,1.9062949924715467,-1.6976265051773116
MWI,2009,2010,Manufacturing,0.0847700615983127,0.09094096793385066,282.81714124367414,269.8816064623432,-1.0965460802205405,1.6654141151636368
MWI,2009,2010,Services,0.24221779894978973,0.25722749439012216,357.87555576965997,337.7140789606525,-4.883468536255019,5.068985471111771
MWI,2010,2011,Agriculture,0.6518315376760272,0.6279027916596601,80.15006009467143,81.09169232147768,0.6137855823244187,-1.9404225095980236
MWI,2010,2011,Manufacturing,0.09094096793385066,0.09562478444514318,269.8816064623432,243.62229893252743,-2.388046844034099,1.141082146259213
MWI,2010,2011,Services,0.25722749439012216,0.2764724238951967,337.7140789606525,308.7778058290923,-7.443205034619444,5.942407105912482
MWI,2011,2012,Agriculture,0.6279027916596601,0.6157761719944997,81.09169232147768,79.39221591802233,-1.067105978089333,-0.9627592068121482
MWI,2011,2012,Manufacturing,0.09562478444514318,0.10232020912867797,243.62229893252743,216.24056816943894,-2.618372101955282,1.447822437703249
MWI,2011,2012,Services,0.2764724238951967,0.28190361887682236,308.7778058290923,297.0807456570432,-3.2339145782143754,1.613503454950137
MWI,2012,2013,Agriculture,0.6157761719944997,0.5898260048483712,79.39221591802233,81.70812467844921,1.4260814311841905,-2.120339492602466
MWI,2012,2013,Manufacturing,0.10232020912867797,0.11183134809006157,216.24056816943894,192.51901736827102,-2.4271940388320603,1.8310751268986485
MWI,2012,2013,Services,0.28190361887682236,0.2983426470615672,297.0807456570432,274.85645160024967,-6.265108921592758,4.518372954615463
MWI,2013,2014,Agriculture,0.5898260048483712,0.5618787024851939,81.70812467844921,84.04703168551565,1.3795481756898589,-2.3488878072426513
MWI,2013,2014,Manufacturing,0.11183134809006157,0.12541420401992523,192.51901736827102,166.41276480853998,-2.9194974173343433,2.2603606092846844
MWI,2013,2014,Services,0.2983426470615672,0.31270709349488085,274.85645160024967,255.63884418544103,-5.733431866324011,3.6721104835759792
MWI,2014,2015,Agriculture,0.5618787024851939,0.5342369124893932,84.04703168551565,80.47758487583316,-2.005596142014312,-2.224544500507006
MWI,2014,2015,Manufacturing,0.12541420401992523,0.14005638541093487,166.41276480853998,141.98531631759607,-3.0635490087294532,2.0789747563821233
MWI,2014,2015,Services,0.31270709349488085,0.32570670209967195,255.63884418544103,236.77841117457842,-5.89779118888175,3.078026671333815
MWI,2015,2016,Agriculture,0.5342369124893932,0.5328134129359754,80.47758487583316,75.6227651775687,-2.5936238862934946,-0.10764897245848867
MWI,2015,2016,Manufacturing,0.14005638541093487,0.13942571931676753,141.98531631759607,145.12354500443874,0.4395289664720885,-0.09152449929966794
MWI,2015,2016,Services,0.32570670209967195,0.3277608677472571,236.77841117457842,240.94884245049542,1.358337417212252,0.4949488349872139
MWI,2016,2017,Agriculture,0.5328134129359754,0.5311779011613937,75.6227651775687,77.21564468583396,0.8487075671945966,-0.12628709606559485
MWI,2016,2017,Manufacturing,0.13942571931676753,0.14064590920898074,145.12354500443874,138.52800087079743,-0.9195884851184262,0.16903046645104874
MWI,2016,2017,Services,0.3277608677472571,0.3281761896296256,240.94884245049542,238.3676804863501,-0.8460038851644811,0.09899931375539935
NAM,1965,1966,Agriculture,0.6004664552648266,0.5933724578077945,11.906061376168008,14.16129298004864,1.354190926983412,-0.10046017638875154
NAM,1965,1966,Manufacturing,0.14608249689882452,0.1464307980062323,174.6661370815805,179.78555843519803,0.7478578540136082,0.06261950909890425
NAM,1965,1966,Services,0.25345104783634886,0.26019674418597316,148.6103385578697,140.908086385403,-1.9521438838114795,0.9505231639625582
NAM,1966,1967,Agriculture,0.5933724578077945,0.5861567304179779,14.16129298004864,12.802294067883055,-0.8063925246698114,-0.09237786395811
NAM,1966,1967,Manufacturing,0.1464307980062323,0.14673794403721846,179.78555843519803,157.00935937468205,-3.335137003980153,0.0482248015596142
NAM,1966,1967,Services,0.26019674418597316,0.2671053255448036,140.908086385403,130.977333209918,-2.583949643575717,0.9048675626433618
NAM,1967,1968,Agriculture,0.5861567304179779,0.5788197413189685,12.802294067883055,12.675428055105545,-0.07436336725083084,-0.09299947746558695
NAM,1967,1968,Manufacturing,0.14673794403721846,0.14700216957860965,157.00935937468205,140.87082184413603,-2.3681358169998115,0.03722166916798853
NAM,1967,1968,Services,0.2671053255448036,0.27417808910242175,130.977333209918,123.61634359873568,-1.9661595264267668,0.8743091701311421
NAM,1968,1969,Agriculture,0.5788197413189685,0.5713621390174314,12.675428055105545,11.423718479580089,-0.7245142127121207,-0.08519354922542878
NAM,1968,1969,Manufacturing,0.14700216957860965,0.14722170702564263,140.87082184413603,135.54167039392124,-0.7833968251945688,0.029756472284867906
NAM,1968,1969,Services,0.27417808910242175,0.2814161539569261,123.61634359873568,116.95734198631223,-1.8257523374242075,0.846544826507372
NAM,1969,1970,Agriculture,0.5713621390174314,0.5637848744115105,11.423718479580089,10.51378483701426,-0.5199016323803347,-0.07966572971977595
NAM,1969,1970,Manufacturing,0.14722170702564263,0.14739478283991414,135.54167039392124,114.89770536281593,-3.0392397716569977,0.01988601391359696
NAM,1969,1970,Services,0.2814161539569261,0.2888203427485753,116.95734198631223,108.90313898324128,-2.266582832312552,0.8063394010351328
NAM,1970,1971,Agriculture,0.5637848744115105,0.5615325541957709,10.51378483701426,11.484440680430794,0.5472410827773893,-0.025866637910996786
NAM,1970,1971,Manufacturing,0.14739478283991414,0.14398163479621276,114.89770536281593,125.6320298545255,1.582183427388704,-0.4288007169242071
NAM,1970,1971,Services,0.2888203427485753,0.29448581100801635,108.90313898324128,119.17709078193504,2.9673262798810733,0.6751940250775752
NAM,1971,1972,Agriculture,0.5615325541957709,0.559119404818785,11.484440680430794,12.82959986093354,0.7553506704275968,-0.030959740911390036
NAM,1971,1972,Manufacturing,0.14398163479621276,0.1406889299894515,125.6320298545255,133.3929098915198,1.1174241951837307,-0.4392234755876773
NAM,1971,1972,Services,0.29448581100801635,0.3001916651917634,119.17709078193504,120.90475078758944,0.50877135791125,0.689864878116259
NAM,1972,1973,Agriculture,0.559119404818785,0.556549907193156,12.82959986093354,15.091927815878522,1.2649114596737376,-0.03877867268906366
NAM,1972,1973,Manufacturing,0.1406889299894515,0.13751259176433953,133.3929098915198,145.11605116901302,1.6493162024456938,-0.4609376604054429
NAM,1972,1973,Services,0.3001916651917634,0.30593750104250444,120.90475078758944,121.97880879773415,0.3224232625778926,0.7008702126207106
NAM,1973,1974,Agriculture,0.556549907193156,0.5538285604813195,15.091927815878522,16.38755611135853,0.721081807606226,-0.04459622193868246
NAM,1973,1974,Manufacturing,0.13751259176433953,0.13444862996158208,145.11605116901302,161.160573030582,2.206323784803954,-0.4937898398762053
NAM,1973,1974,Services,0.30593750104250444,0.3117228095570984,121.97880879773415,121.9382652869341,-0.012403780377656756,0.7054504844193179
NAM,1974,1975,Agriculture,0.5538285604813195,0.5509598166642218,16.38755611135853,15.208900327183095,-0.6527732362528628,-0.043630438778461296
NAM,1974,1975,Manufacturing,0.13444862996158208,0.13149309328634434,161.160573030582,182.96771975005493,2.931940999804346,-0.540767806105907
NAM,1974,1975,Services,0.3117228095570984,0.31754709004943404,121.9382652869341,122.49915529714667,0.17484220983597332,0.7134694405247645
NAM,1975,1976,Agriculture,0.5509598166642218,0.5479480770174908,15.208900327183095,17.03065281146755,1.0037124147489545,-0.05129189228200691
NAM,1975,1976,Manufacturing,0.13149309328634434,0.12864209183120773,182.96771975005493,193.4375989061748,1.3767167965724227,-0.5514908759596372
NAM,1975,1976,Services,0.31754709004943404,0.32340983115130134,122.49915529714667,120.42328735872015,-0.6591858231742612,0.706010556419945
NAM,1976,1977,Agriculture,0.5479480770174908,0.5447977072575576,17.03065281146755,16.34457529196892,-0.3759348574942053,-0.05149145573877046
NAM,1976,1977,Manufacturing,0.12864209183120773,0.12589182863120857,193.4375989061748,210.3415599814131,2.174560912951966,-0.5784946518472962
NAM,1976,1977,Services,0.32340983115130134,0.3293104641112339,120.42328735872015,116.91797173966785,-1.1336535324897228,0.6898900376555452
NAM,1977,1978,Agriculture,0.5447977072575576,0.5415130292146757,16.34457529196892,15.071495881342212,-0.6935707440662326,-0.04950501159482984
NAM,1977,1978,Manufacturing,0.12589182863120857,0.12323855079469395,210.3415599814131,226.49782836386473,2.0339421705234138,-0.6009616680165341
NAM,1977,1978,Services,0.3293104641112339,0.3352484199906303,116.91797173966785,114.38172390327907,-0.8352129521023025,0.6791936299469762
NAM,1978,1979,Agriculture,0.5415130292146757,0.5380983321647681,15.071495881342212,15.68348105578037,0.3313979456444781,-0.05355433649345496
NAM,1978,1979,Manufacturing,0.12323855079469395,0.12067859494173674,226.49782836386473,247.98168397469365,2.647639230961011,-0.6348221633172015
NAM,1978,1979,Services,0.3352484199906303,0.3412230728934952,114.38172390327907,112.55819582917499,-0.6113349056519483,0.6724961514520121
NAM,1979,1980,Agriculture,0.5380983321647681,0.5345578379930331,15.68348105578037,16.39136088984984,0.3809089580858544,-0.0580335176973178
NAM,1979,1980,Manufacturing,0.12067859494173674,0.11820838206141168,247.98168397469365,252.90280935673738,0.5938744966371543,-0.6247237771434063
NAM,1979,1980,Services,0.3412230728934952,0.3472337799455551,112.55819582917499,124.76690217572595,4.165892295624434,0.7499372987713057
NAM,1980,1981,Agriculture,0.5345578379930331,0.531278853373679,16.39136088984984,16.01473954208186,-0.20132589340487356,-0.05251208464144936
NAM,1980,1981,Manufacturing,0.11820838206141168,0.12276706474334645,252.90280935673738,223.3796269211173,-3.4898876290185363,1.0183168367423467
NAM,1980,1981,Services,0.3472337799455551,0.34595408188297466,124.76690217572595,135.41654170087648,3.6979145873756063,-0.17329228605595454
NAM,1981,1982,Agriculture,0.531278853373679,0.5262588752687042,16.01473954208186,16.261918805239123,0.13132111550794207,-0.08163447634717814
NAM,1981,1982,Manufacturing,0.12276706474334645,0.1279194096996056,223.3796269211173,199.07272108424667,-2.9840874825855237,1.0256913304072046
NAM,1981,1982,Services,0.34595408188297466,0.3458217150316902,135.41654170087648,142.99394566484193,2.621433831410081,-0.018927658340399462
NAM,1982,1983,Agriculture,0.5262588752687042,0.523409260597037,16.261918805239123,15.629410036607558,-0.3328633531776405,-0.044537796149819835
NAM,1982,1983,Manufacturing,0.1279194096996056,0.13262010549045744,199.07272108424667,178.46341049214362,-2.6363308452576506,0.8389022025214824
NAM,1982,1983,Services,0.3458217150316902,0.3439706339125056,142.99394566484193,142.9733668366911,-0.007116605644463112,-0.26465529989765013
NAM,1983,1984,Agriculture,0.523409260597037,0.5140028283630547,15.629410036607558,14.890775042369198,-0.38660839618539683,-0.14006906634752075
NAM,1983,1984,Manufacturing,0.13262010549045744,0.1343393530286366,178.46341049214362,164.74874638562767,-1.818840200572336,0.28324387664159106
NAM,1983,1984,Services,0.3439706339125056,0.35165781860830886,142.9733668366911,137.74313192716716,-1.7990472173402672,1.058856895702529
NAM,1984,1985,Agriculture,0.5140028283630547,0.5065729280769696,14.890775042369198,15.740034878148098,0.43652195760549806,-0.11694688964414096
NAM,1984,1985,Manufacturing,0.1343393530286366,0.13545834048538377,164.74874638562767,156.71953350421654,-1.0786392638179658,0.1753671922184883
NAM,1984,1985,Services,0.35165781860830886,0.35796873143764657,137.74313192716716,131.37754029807454,-2.238510066438022,0.8291122045539507
NAM,1985,1986,Agriculture,0.5065729280769696,0.5016272057165826,15.740034878148098,14.822411900464555,-0.46484295867586,-0.0733075339709945
NAM,1985,1986,Manufacturing,0.13545834048538377,0.13585013912741029,156.71953350421654,156.2224792682615,-0.06733014193369923,0.061207755231320105
NAM,1985,1986,Services,0.35796873143764657,0.3625226551560071,131.37754029807454,126.36311657191236,-1.7950069001451119,0.5754479936827911
NAM,1986,1987,Agriculture,0.5016272057165826,0.5093730562028937,14.822411900464555,15.236391280687238,0.20766331972538715,0.11801880881113831
NAM,1986,1987,Manufacturing,0.13585013912741029,0.1341856960160947,156.2224792682615,154.7007171707843,-0.20673159266110025,-0.2574905430104923
NAM,1986,1987,Services,0.3625226551560071,0.35644124778101155,126.36311657191236,127.85025244099438,0.5391204438373517,-0.777509468089709
NAM,1987,1988,Agriculture,0.5093730562028937,0.5164187959508155,15.236391280687238,14.690810385465701,-0.2779042080049051,0.1035076266620577
NAM,1987,1988,Manufacturing,0.1341856960160947,0.132699184862967,154.7007171707843,152.45790859011254,-0.3009528304283081,-0.2266303815017258
NAM,1987,1988,Services,0.35644124778101155,0.35088201918621753,127.85025244099438,128.84951027670854,0.35617670981690863,-0.7163038819554839
NAM,1988,1989,Agriculture,0.5164187959508155,0.5240156865584913,14.690810385465701,13.988496602040126,-0.3626880384162974,0.106269078451543
NAM,1988,1989,Manufacturing,0.132699184862967,0.13104800599857913,152.45790859011254,147.7647522738828,-0.6227780175981704,-0.24398603585614473
NAM,1988,1989,Services,0.35088201918621753,0.34493630744292963,128.84951027670854,129.60119762861578,0.2637535758339519,-0.7705713626846362
NAM,1989,1990,Agriculture,0.5240156865584913,0.5297963564625446,13.988496602040126,15.576106171626623,0.8319323185936994,0.09004032816866164
NAM,1989,1990,Manufacturing,0.13104800599857913,0.12988458910927372,147.7647522738828,145.07800167423036,-0.3520933086999392,-0.16878619741447778
NAM,1989,1990,Services,0.34493630744292963,0.34031905442818167,129.60119762861578,130.87302371816213,0.43869899503769927,-0.6042738633118665
NAM,1990,1991,Agriculture,0.5297963564625446,0.5339768812211844,15.576106171626623,16.946243873714185,0.7258939624179533,0.07084419208000892
NAM,1990,1991,Manufacturing,0.12988458910927372,0.12915401321604608,145.07800167423036,147.32082228155568,0.29130783302826013,-0.10762904132937821
NAM,1990,1991,Services,0.34031905442818167,0.3368691055627697,130.87302371816213,137.51147465666492,2.259191346259143,-0.47440755597288453
NAM,1991,1992,Agriculture,0.5339768812211844,0.5124750147610098,16.946243873714185,16.834143992717188,-0.05985874484004229,-0.36196551610275546
NAM,1991,1992,Manufacturing,0.12915401321604608,0.12773861988875518,147.32082228155568,169.16243866565617,2.820932411131923,-0.2394313869156265
NAM,1991,1992,Services,0.3368691055627697,0.359786365350235,137.51147465666492,142.6796897288723,1.7410119887305235,3.2698275159115084
NAM,1992,1993,Agriculture,0.5124750147610098,0.49068703458374535,16.834143992717188,19.269691886282647,1.248157442706105,-0.41984766484031916
NAM,1992,1993,Manufacturing,0.12773861988875518,0.12621190818243877,169.16243866565617,163.63501806683547,-0.7060650788380326,-0.24982349764593467
NAM,1992,1993,Services,0.359786365350235,0.3831010572338158,142.6796897288723,134.8233016404076,-2.826621315129589,3.1433637364731797
NAM,1993,1994,Agriculture,0.49068703458374535,0.4666699465850254,19.269691886282647,23.361939846170817,2.0080130162189076,-0.5610857651062862
NAM,1993,1994,Manufacturing,0.12621190818243877,0.12500925008687555,163.63501806683547,180.95342126685003,2.185788714546691,-0.2176250970064388
NAM,1993,1994,Services,0.3831010572338158,0.40832080332809906,134.8233016404076,122.23331548899242,-4.823237005166259,3.082693180894807
NAM,1994,1995,Agriculture,0.4666699465850254,0.43924833679026437,23.361939846170817,24.65306028058754,0.6025271041640866,-0.6760265992609938
NAM,1994,1995,Manufacturing,0.12500925008687555,0.12429255307899026,180.95342126685003,187.96958213317004,0.8770850083875472,-0.13471723708829159
NAM,1994,1995,Services,0.40832080332809906,0.43645911013074534,122.23331548899242,120.35729543618875,-0.7660180150204164,3.3866505049202185
NAM,1995,1996,Agriculture,0.43924833679026437,0.411607429925842,24.65306028058754,28.598293141746176,1.7329369725142272,-0.7904827572124555
NAM,1995,1996,Manufacturing,0.12429255307899026,0.12325755670618646,187.96958213317004,181.91832752035728,-0.752125885157514,-0.18828480913010315
NAM,1995,1996,Services,0.43645911013074534,0.46513501336797153,120.35729543618875,118.65107677175271,-0.7446946799682214,3.4024267964994763
NAM,1996,1997,Agriculture,0.411607429925842,0.38478319739616346,28.598293141746176,28.680849022298794,0.03398061381952811,-0.7693417633227458
NAM,1996,1997,Manufacturing,0.12325755670618646,0.12168223264504917,181.91832752035728,199.08612787509162,2.1160611257441557,-0.3136251674802877
NAM,1996,1997,Services,0.46513501336797153,0.4935345699587873,118.65107677175271,115.21720643865008,-1.5972133232915737,3.272117574490147
NAM,1997,1998,Agriculture,0.38478319739616346,0.3616641799803458,28.680849022298794,32.44064582139583,1.4467066339164194,-0.7499958557252232
NAM,1997,1998,Manufacturing,0.12168223264504917,0.11904605343839715,199.08612787509162,210.1499706643804,1.3462730922344859,-0.553992982943971
NAM,1997,1998,Services,0.4935345699587873,0.519289766581257,115.21720643865008,111.41938669882649,-1.8743553320748314,2.869628211983264
NAM,1998,1999,Agriculture,0.3616641799803458,0.3374611123535755,32.44064582139583,36.05001805302849,1.3053806483972548,-0.8725210248837376
NAM,1998,1999,Manufacturing,0.11904605343839715,0.11630305550144875,210.1499706643804,211.84582221193008,0.20188443395318936,-0.5810926532784627
NAM,1998,1999,Services,0.519289766581257,0.5462358321449757,111.41938669882649,108.23014095279933,-1.656142679024708,2.916376474084647
NAM,1999,2000,Agriculture,0.3374611123535755,0.3128404943462448,36.05001805302849,41.44640845099498,1.8210719063919265,-1.0204361902477515
NAM,1999,2000,Manufacturing,0.11630305550144875,0.11330105378825733,211.84582221193008,213.8049457633412,0.22785205513396342,-0.6418428134703474
NAM,1999,2000,Services,0.5462358321449757,0.5738584518654979,108.23014095279933,105.11691686512403,-1.7005545501851036,2.903604620759063
NAM,2000,2001,Agriculture,0.3128404943462448,0.31148152662700507,41.44640845099498,37.91220998584882,-1.1056403949540647,-0.051521469535806004
NAM,2000,2001,Manufacturing,0.11330105378825733,0.1183165535411025,213.8049457633412,209.10556159405553,-0.5324451785359218,1.0487688924935354
NAM,2000,2001,Services,0.5738584518654979,0.5702019198318925,105.11691686512403,105.32335577782122,0.11846671484520878,-0.38511822428842024
NAM,2001,2002,Agriculture,0.31148152662700507,0.30939865161921004,37.91220998584882,41.83269066910753,1.2211573083331069,-0.08713226590350427
NAM,2001,2002,Manufacturing,0.1183165535411025,0.12274514526908756,209.10556159405553,222.6816203894558,1.60627248734313,0.9861659820310524
NAM,2001,2002,Services,0.5702019198318925,0.5678562031117025,105.32335577782122,105.84057038165473,0.2949167600709583,-0.24827199561869573
NAM,2002,2003,Agriculture,0.30939865161921004,0.30411730400188797,41.83269066910753,43.763215782854544,0.597301867110349,-0.23112875540113065
NAM,2002,2003,Manufacturing,0.12274514526908756,0.12726719879825196,222.6816203894558,222.62489707431422,-0.0069625115571959745,1.006721701494765
NAM,2002,2003,Services,0.5678562031117025,0.5686154971998599,105.84057038165473,111.27729548145182,3.0872780725328655,0.08449219260521579
NAM,2003,2004,Agriculture,0.30411730400188797,0.2997294654569436,43.763215782854544,44.46164107823121,0.21240321787667382,-0.19509050249454374
NAM,2003,2004,Manufacturing,0.12726719879825196,0.13224500143489704,222.62489707431422,251.76272272932482,3.7082894501850405,1.2532251450109757
NAM,2003,2004,Services,0.5686154971998599,0.5680255331081592,111.27729548145182,120.77837713770734,5.402462269908202,-0.07125490556513892
NAM,2004,2005,Agriculture,0.2997294654569436,0.30354884800236287,44.46164107823121,45.53268503356402,0.32102343221279417,0.17390674246326662
NAM,2004,2005,Manufacturing,0.13224500143489704,0.13027326838826483,251.76272272932482,245.7657828105466,-0.7930653281638176,-0.484584515698987
NAM,2004,2005,Services,0.5680255331081592,0.5661778836093724,120.77837713770734,121.50027928780159,0.4100588536592137,-0.2244899301285624
NAM,2005,2006,Agriculture,0.30354884800236287,0.30758218858929803,45.53268503356402,43.47609961308352,-0.6242741352053115,0.17535391713108592
NAM,2005,2006,Manufacturing,0.13027326838826483,0.13112270151151123,245.7657828105466,278.145888923969,4.21826225415437,0.23626633114683207
NAM,2005,2006,Services,0.5661778836093724,0.5612951098991908,121.50027928780159,125.40002677649981,2.207950779762126,-0.6122999540003534
NAM,2006,2007,Agriculture,0.30758218858929803,0.3099453585968696,43.47609961308352,38.24454353856833,-1.6091334671270188,0.09037835824361014
NAM,2006,2007,Manufacturing,0.13112270151151123,0.12934768590657234,278.145888923969,289.5782001101055,1.4990355272464913,-0.5140058240455555
NAM,2006,2007,Services,0.5612951098991908,0.5607069554965579,125.40002677649981,131.63627788194182,3.5003772495880225,-0.07742245638247644
NAM,2007,2008,Agriculture,0.3099453585968696,0.3139949966204862,38.24454353856833,30.946016650965518,-2.262144533406948,0.12532016570922164
NAM,2007,2008,Manufacturing,0.12934768590657234,0.12687702687223404,289.5782001101055,302.3358493209168,1.650172403026248,-0.7469687975290649
NAM,2007,2008,Services,0.5607069554965579,0.5591279765072799,131.63627788194182,134.44020136681976,1.5721794006512095,-0.21227825327251953
NAM,2008,2009,Agriculture,0.3139949966204862,0.31503965069411455,30.946016650965518,36.26944109206006,1.6715286393908952,0.037889019385044354
NAM,2008,2009,Manufacturing,0.12687702687223404,0.12341342866057574,302.3358493209168,261.31625900894727,-5.204443662299788,-0.905094527380627
NAM,2008,2009,Services,0.5591279765072799,0.5615469206453098,134.44020136681976,140.5897559505049,3.4383880107969347,0.340078766023528
NAM,2009,2010,Agriculture,0.31503965069411455,0.3170580657403763,36.26944109206006,37.20820310448614,0.29574725647961464,0.07510159699045864
NAM,2009,2010,Manufacturing,0.12341342866057574,0.12043444466477869,261.31625900894727,297.54239624089263,4.470791802922915,-0.8863740364727224
NAM,2009,2010,Services,0.5615469206453098,0.5625074895948449,140.5897559505049,144.45664950858972,2.171442170005719,0.1387605720718279
NAM,2010,2011,Agriculture,0.3170580657403763,0.2943888304418693,37.20820310448614,37.17395036407928,-0.010860107619705064,-0.8427050277783334
NAM,2010,2011,Manufacturing,0.12043444466477869,0.12576567598920677,297.54239624089263,274.5616390214834,-2.767674733695652,1.4637516104376456
NAM,2010,2011,Services,0.5625074895948449,0.5798454935689239,144.45664950858972,141.3145165814633,-1.7674733048111873,2.4501116500844677
NAM,2011,2012,Agriculture,0.2943888304418693,0.27367621507634426,37.17395036407928,38.11248164673788,0.2762931266349732,-0.7894091729745143
NAM,2011,2012,Manufacturing,0.12576567598920677,0.13091146306360915,274.5616390214834,263.5345864884878,-1.3868247159806915,1.3560928688104381
NAM,2011,2012,Services,0.5798454935689239,0.5954123218600467,141.3145165814633,134.06028143286264,-4.206335560205384,2.0868933817249666
NAM,2012,2013,Agriculture,0.27367621507634426,0.3139220668404492,38.11248164673788,28.075519507612807,-2.7468778091003188,1.1299231963036216
NAM,2012,2013,Manufacturing,0.13091146306360915,0.13755697977265977,263.5345864884878,255.07563593287063,-1.1073735932185707,1.695109400663603
NAM,2012,2013,Services,0.5954123218600467,0.5485209533868909,134.06028143286264,148.4158304958258,8.547470799154706,-6.959421395029198
NAM,2013,2014,Agriculture,0.3139220668404492,0.2932083725866009,28.075519507612807,30.759320396893177,0.8425043221511294,-0.6371391581574061
NAM,2013,2014,Manufacturing,0.13755697977265977,0.1406620537309554,255.07563593287063,253.00742157428795,-0.2844973206890821,0.7856067559858437
NAM,2013,2014,Services,0.5485209533868909,0.5661295736824438,148.4158304958258,149.8992850751461,0.8137059201549329,2.6395195934630844
NAM,2014,2015,Agriculture,0.2932083725866009,0.2443470551166846,30.759320396893177,35.16657137452632,1.2922428867325197,-1.7182850082592
NAM,2014,2015,Manufacturing,0.1406620537309554,0.1594569456866776,253.00742157428795,229.67046437533725,-3.2826243274358093,4.316631563355009
NAM,2014,2015,Services,0.5661295736824438,0.5961959991966378,149.8992850751461,155.1874473403794,2.9937850487801123,4.665931826197426
NAM,2015,2016,Agriculture,0.2443470551166846,0.2007128717397828,35.16657137452632,45.56519808970315,2.5408738151111425,-1.9882002090509634
NAM,2015,2016,Manufacturing,0.1594569456866776,0.17936271075496246,229.67046437533725,194.38514884979705,-5.626488641293345,3.8693851057676447
NAM,2015,2016,Services,0.5961959991966378,0.6199244175052547,155.1874473403794,157.21403416385994,1.2082429561837138,3.730440366625263
NAM,2016,2017,Agriculture,0.2007128717397828,0.19904800440480963,45.56519808970315,48.35130309287039,0.5592071361542726,-0.08049850512270734
NAM,2016,2017,Manufacturing,0.17936271075496246,0.17916534650316357,194.38514884979705,188.24194728913403,-1.1018612846346345,-0.03715223108388654
NAM,2016,2017,Services,0.6199244175052547,0.6217866490920269,157.21403416385994,149.25134559724432,-4.936265071434935,0.2779405701394308
NGA,1960,1961,Agriculture,0.7692963465397996,0.7544212535288493,224.9422170507887,215.59204131134044,-7.193056035862627,-3.206951666926841
NGA,1960,1961,Manufacturing,0.09629114122960768,0.1052705315909759,490.74421100888696,520.7409710573501,2.8884222582572137,4.675936456281895
NGA,1960,1961,Services,0.1344125122305926,0.1403082148801749,585.2858710994213,560.2054599201166,-3.371121074386591,3.3028048143614908
NGA,1961,1962,Agriculture,0.7544212535288493,0.7386165609551715,215.59204131134044,219.86768892220047,3.2256394302326563,-3.474941230300398
NGA,1961,1962,Manufacturing,0.1052705315909759,0.11669241078345619,520.7409710573501,514.8585292141338,-0.6192477798883769,5.880651921901921
NGA,1961,1962,Services,0.1403082148801749,0.1446910282613723,560.2054599201166,537.5690755078537,-3.17607068822603,2.3560649374537475
NGA,1962,1963,Agriculture,0.7386165609551715,0.7103171608091763,219.86768892220047,234.80217534656347,11.030859002394696,-6.644760715282526
NGA,1962,1963,Manufacturing,0.11669241078345619,0.13051244301318202,514.8585292141338,486.6749894744264,-3.288805196637796,6.7258640399380525
NGA,1962,1963,Services,0.1446910282613723,0.15917039617764173,537.5690755078537,511.63821362659223,-3.751963069303338,7.408197935122276
NGA,1963,1964,Agriculture,0.7103171608091763,0.6848044603720619,234.80217534656347,230.851174309471,-2.8064638390216428,-5.889636855713613
NGA,1963,1964,Manufacturing,0.13051244301318202,0.13662553131658345,486.6749894744264,513.9132432290858,3.55493104093357,3.1415970361468193
NGA,1963,1964,Services,0.15917039617764173,0.17857000831135467,511.63821362659223,483.24415964155247,-4.519492821888126,9.374749262928175
NGA,1964,1965,Agriculture,0.6848044603720619,0.6478195507207355,230.851174309471,229.2265901512314,-1.1125224778122695,-8.477924726424916
NGA,1964,1965,Manufacturing,0.13662553131658345,0.16175091313134404,513.9132432290858,613.4179636208014,13.594885292026225,15.412360548005559
NGA,1964,1965,Services,0.17857000831135467,0.19042953614792052,483.24415964155247,444.1269727119068,-6.985156395143647,5.267136195846581
NGA,1965,1966,Agriculture,0.6478195507207355,0.6353155989484351,229.2265901512314,205.37657477747868,-15.450506244107116,-2.5680187861778294
NGA,1965,1966,Manufacturing,0.16175091313134404,0.16240053357538806,613.4179636208014,706.1093829503016,14.992921715986963,0.45870309089581923
NGA,1965,1966,Services,0.19042953614792052,0.20228386747617688,444.1269727119068,397.4360456875324,-8.891331575568021,4.711338567372042
NGA,1966,1967,Agriculture,0.6353155989484351,0.6688053464882292,205.37657477747868,173.9928720066947,-19.93855592304028,5.826977357227906
NGA,1966,1967,Manufacturing,0.16240053357538806,0.1494086244460218,706.1093829503016,605.8693823126159,-16.279029589157386,-7.871399959270774
NGA,1966,1967,Services,0.20228386747617688,0.18178602906574903,397.4360456875324,360.9616909632204,-7.378173537331791,-7.398934413718886
NGA,1967,1968,Agriculture,0.6688053464882292,0.663633652858143,173.9928720066947,170.33708351027454,-2.4450108920359757,-0.880931209757545
NGA,1967,1968,Manufacturing,0.1494086244460218,0.1383219714141824,605.8693823126159,490.6985686657513,-17.20751284330716,-5.440204774017403
NGA,1967,1968,Services,0.18178602906574903,0.1980443757276745,360.9616909632204,377.81294517518717,3.0633225879709154,6.1426138360212335
NGA,1968,1969,Agriculture,0.663633652858143,0.6305103467780887,170.33708351027454,193.6011050824199,15.43878761609347,-6.412708661081754
NGA,1968,1969,Manufacturing,0.1383219714141824,0.15594635053371514,490.6985686657513,870.7037172198995,52.56306129554903,15.345612413069937
NGA,1968,1969,Services,0.1980443757276745,0.21354330268819613,377.81294517518717,412.1723274785051,6.804682418649109,6.388228798737553
NGA,1969,1970,Agriculture,0.6305103467780887,0.5981851198143004,193.6011050824199,237.26238648689727,27.528889679112737,-7.669560493159002
NGA,1969,1970,Manufacturing,0.15594635053371514,0.16120152123128206,870.7037172198995,1319.7885161852896,70.03313547881972,6.935713937242264
NGA,1969,1970,Services,0.21354330268819613,0.24061335895441754,412.1723274785051,441.75808620061383,6.317840630055201,11.958416249508906
NGA,1970,1971,Agriculture,0.5981851198143004,0.6081063825621434,237.26238648689727,246.8383990107886,5.72822819894718,2.4489486128429423
NGA,1970,1971,Manufacturing,0.16120152123128206,0.14618422489908808,1319.7885161852896,1915.1260797938749,95.96932089982909,-28.760015853777592
NGA,1970,1971,Services,0.24061335895441754,0.2457093925387685,441.75808620061383,470.7560953830282,6.977308392371763,2.398988872109834
NGA,1971,1972,Agriculture,0.6081063825621434,0.5972169277750295,246.8383990107886,227.60596406392142,-11.695366443401154,-2.478504854951542
NGA,1971,1972,Manufacturing,0.14618422489908808,0.1579909093190314,1915.1260797938749,2056.3503179631125,20.644755793734216,24.278679261040562
NGA,1971,1972,Services,0.2457093925387685,0.244792162905939,470.7560953830282,496.0677489974446,6.219311033749978,-0.455008039271484
NGA,1972,1973,Agriculture,0.5972169277750295,0.5854831495989549,227.60596406392142,220.5245803563579,-4.22912222222724,-2.5875865082734597
NGA,1972,1973,Manufacturing,0.1579909093190314,0.17001791926158058,2056.3503179631125,2110.3551496456093,8.532272465138913,25.381262367097612
NGA,1972,1973,Services,0.244792162905939,0.2444989311394646,496.0677489974446,528.514721195012,7.942764503991404,-0.15497730530373252
NGA,1973,1974,Agriculture,0.5854831495989549,0.5917784359264164,220.5245803563579,241.6227042470594,12.35259602615688,1.5210841064508034
NGA,1973,1974,Manufacturing,0.17001791926158058,0.14981361091403517,2110.3551496456093,2824.4613470691083,121.41084981774277,-57.06628797190775
NGA,1973,1974,Services,0.2444989311394646,0.2584079531595485,528.514721195012,571.0098449019747,10.390012324991693,7.942188506426259
NGA,1974,1975,Agriculture,0.5917784359264164,0.5497334211938667,241.6227042470594,220.56450414301116,-12.461788720999166,-9.27363782617043
NGA,1974,1975,Manufacturing,0.14981361091403517,0.1570331980789963,2824.4613470691083,2205.277353197929,-92.76218994201517,15.921192074327218
NGA,1974,1975,Services,0.2584079531595485,0.29323338072713695,571.0098449019747,604.0402423396179,8.535317393907764,21.03595970750693
NGA,1975,1976,Agriculture,0.5497334211938667,0.5163860609057467,220.56450414301116,220.86170159926004,0.1633793743938119,-7.365154737077779
NGA,1975,1976,Manufacturing,0.1570331980789963,0.1710899536541004,2205.277353197929,2386.4007993351984,28.442393994024208,33.54505274048795
NGA,1975,1976,Services,0.29323338072713695,0.3125239854401528,604.0402423396179,576.541146286805,-8.06365290250659,11.121827353807806
NGA,1976,1977,Agriculture,0.5163860609057467,0.49451967959387655,220.86170159926004,240.02945989280695,9.897963201598145,-5.248575696098355
NGA,1976,1977,Manufacturing,0.1710899536541004,0.16517612724210168,2386.4007993351984,2513.958600330798,21.82385826055613,-14.867114769307618
NGA,1976,1977,Services,0.3125239854401528,0.34030419316402183,576.541146286805,557.9404543482781,-5.813162376572946,15.499701719345026
NGA,1977,1978,Agriculture,0.49451967959387655,0.4857004329711122,240.02945989280695,223.09174894289953,-8.376031392001915,-1.9675011534312574
NGA,1977,1978,Manufacturing,0.16517612724210168,0.17010524307744596,2513.958600330798,2323.7862965642366,-31.411924644869178,11.454211832350813
NGA,1977,1978,Services,0.34030419316402183,0.3441943239514417,557.9404543482781,521.3689396792624,-12.445439792225557,2.0281933638507668
NGA,1978,1979,Agriculture,0.4857004329711122,0.47670521420786544,223.09174894289953,196.75633004799167,-12.791124359732358,-1.769866231835269
NGA,1978,1979,Manufacturing,0.17010524307744596,0.16722582526152144,2323.7862965642366,2658.715654183493,56.97323979159641,-7.655553222133358
NGA,1978,1979,Services,0.3441943239514417,0.35606896053061315,521.3689396792624,485.3275697731067,-12.405234949133115,5.763088512908106
NGA,1979,1980,Agriculture,0.47670521420786544,0.44440701848515846,196.75633004799167,210.0213884838958,6.323522523167535,-6.783311911207544
NGA,1979,1980,Manufacturing,0.16722582526152144,0.1707397133525169,2658.715654183493,2418.655590936265,-40.14424218885071,8.498885077210515
NGA,1979,1980,Services,0.35606896053061315,0.3848532681623247,485.3275697731067,456.1525168089741,-10.388330782364275,13.130034370808973
NGA,1980,1981,Agriculture,0.44440701848515846,0.4091721926643978,210.0213884838958,205.99118916422682,-1.7910488635550057,-7.258063670812891
NGA,1980,1981,Manufacturing,0.1707397133525169,0.16412271473527226,2418.655590936265,2051.5595525418266,-62.67787236831096,-13.575166722364278
NGA,1980,1981,Services,0.3848532681623247,0.4267050926003299,456.1525168089741,467.35496768997484,4.3112998329810495,19.559658057990433
NGA,1981,1982,Agriculture,0.4091721926643978,0.3884649815785269,205.99118916422682,220.3799283498139,5.887471962242803,-4.563453695428707
NGA,1981,1982,Manufacturing,0.16412271473527226,0.16128185684889187,2051.5595525418266,2014.260986019886,-6.121541993315022,-5.72222920736293
NGA,1981,1982,Services,0.4267050926003299,0.45025316157258133,467.35496768997484,450.5422076280317,-7.174090339098581,10.609398980135312
NGA,1982,1983,Agriculture,0.3884649815785269,0.3951240394659503,220.3799283498139,228.6159155177285,3.199392603464929,1.52236661541886
NGA,1982,1983,Manufacturing,0.16128185684889187,0.11711413666065587,2014.260986019886,2354.85914532194,54.932303571549944,-104.00875981328804
NGA,1982,1983,Services,0.45025316157258133,0.48776182387339384,450.5422076280317,439.50647544779974,-4.96887330441771,16.485299966591867
NGA,1983,1984,Agriculture,0.3951240394659503,0.3977598308660023,228.6159155177285,229.37075672403313,0.29825590659043727,0.6045734679966237
NGA,1983,1984,Manufacturing,0.11711413666065587,0.10407032520420496,2354.85914532194,2820.2548372628253,54.50441466724533,-36.78687235639993
NGA,1983,1984,Services,0.48776182387339384,0.49816984392979263,439.50647544779974,438.5224340711389,-0.4799778166469839,4.564150288993231
NGA,1984,1985,Agriculture,0.3977598308660023,0.41405756784309616,229.37075672403313,259.01574048694033,11.791583727559352,4.221370411383354
NGA,1984,1985,Manufacturing,0.10407032520420496,0.11358016593439595,2820.2548372628253,2947.4906208787065,13.241469378516616,28.03016635828823
NGA,1984,1985,Services,0.49816984392979263,0.472362266222508,438.5224340711389,469.42742188155705,15.39593295416816,-12.114784668138576
NGA,1985,1986,Agriculture,0.41405756784309616,0.4348922459491362,259.01574048694033,269.8978383123151,4.505814958605329,5.623234582753132
NGA,1985,1986,Manufacturing,0.11358016593439595,0.10749877087848946,2947.4906208787065,3043.09477029209,10.85873515438886,-18.506261490709214
NGA,1985,1986,Services,0.472362266222508,0.4576089831723743,469.42742188155705,498.7143670696688,13.834047799790845,-7.357674218547092
NGA,1986,1987,Agriculture,0.4348922459491362,0.4501342770615733,269.8978383123151,247.43800449263927,-9.767607573483197,3.771457762876146
NGA,1986,1987,Manufacturing,0.10749877087848946,0.10757467098298086,3043.09477029209,2967.452022824275,-8.131502378662066,0.22522991860559474
NGA,1986,1987,Services,0.4576089831723743,0.4422910519554459,498.7143670696688,522.3214419439131,10.802809528877036,-8.000883920823735
NGA,1987,1988,Agriculture,0.4501342770615733,0.45817671175812275,247.43800449263927,257.3168300594049,4.446798004713426,2.069453802075882
NGA,1987,1988,Manufacturing,0.10757467098298086,0.11502532519134583,2967.452022824275,2888.3284375481894,-8.511693653068734,21.519936428358623
NGA,1987,1988,Services,0.4422910519554459,0.4267979630505314,522.3214419439131,546.4644273066214,10.678226393417168,-8.466421955634653
NGA,1988,1989,Agriculture,0.45817671175812275,0.47359436545058403,257.3168300594049,255.42764397947698,-0.8655810660005814,3.9380949583568703
NGA,1988,1989,Manufacturing,0.11502532519134583,0.11376660888605317,2888.3284375481894,3084.569078117978,22.572643497297925,-3.882597393428645
NGA,1988,1989,Services,0.4267979630505314,0.41263902566336286,546.4644273066214,576.0865741799219,12.642671946708319,-8.156773733401948
NGA,1989,1990,Agriculture,0.47359436545058403,0.4864753394263799,255.42764397947698,252.44726662001307,-1.4114899243586,3.251766671593185
NGA,1989,1990,Manufacturing,0.11376660888605317,0.1152274320513752,3084.569078117978,3416.801062317044,37.79690620581255,4.991342143129672
NGA,1989,1990,Services,0.41263902566336286,0.3982972285222449,576.0865741799219,613.0918275706405,15.269811703571987,-8.792838619895385
NGA,1990,1991,Agriculture,0.4864753394263799,0.49933670315654516,252.44726662001307,248.07080127040658,-2.1290424664376078,3.1905288059722454
NGA,1990,1991,Manufacturing,0.1152274320513752,0.1196120550544274,3416.801062317044,3140.887603640904,-31.792799311664808,13.771608036925414
NGA,1990,1991,Services,0.3982972285222449,0.3810512417890274,613.0918275706405,639.208576441654,10.402228693336168,-11.023782629071631
NGA,1991,1992,Agriculture,0.49933670315654516,0.5017153319552884,248.07080127040658,246.2398066047452,-0.9142828398485665,0.5857130953870109
NGA,1991,1992,Manufacturing,0.1196120550544274,0.12003716036167732,3140.887603640904,3236.919596295454,11.486583992382387,1.3760316995264499
NGA,1991,1992,Services,0.3810512417890274,0.3782475076830342,639.208576441654,649.7790882118735,4.027906636387659,-1.8218077909807684
NGA,1992,1993,Agriculture,0.5017153319552884,0.4968496448458773,246.2398066047452,247.49807285978352,0.6312914718346821,-1.2042481827179377
NGA,1992,1993,Manufacturing,0.12003716036167732,0.11907775338743455,3236.919596295454,2970.2139832080575,-32.01458444753129,-2.8496440104831957
NGA,1992,1993,Services,0.3782475076830342,0.3840726017666882,649.7790882118735,647.513769222769,-0.8568512617358116,3.7718286261840555
NGA,1993,1994,Agriculture,0.4968496448458773,0.49026933119783295,247.49807285978352,250.9710918308934,1.7255682423389451,-1.6514685008394185
NGA,1993,1994,Manufacturing,0.11907775338743455,0.11751531623078536,2970.2139832080575,2761.831070641471,-24.81376907275933,-4.315187485158457
NGA,1993,1994,Services,0.3840726017666882,0.3922153525713817,647.513769222769,629.9034768866068,-6.763630795421815,5.129147043297622
NGA,1994,1995,Agriculture,0.49026933119783295,0.4972691553597746,250.9710918308934,249.2058384128347,-0.8654496126663301,1.7443970490190919
NGA,1994,1995,Manufacturing,0.11751531623078536,0.11910342145249966,2761.831070641471,2569.4663529628424,-22.605800629649774,4.080582932159504
NGA,1994,1995,Services,0.3922153525713817,0.38362742318772575,629.9034768866068,638.080693408118,3.2072298610370584,-5.479791936063131
NGA,1995,1996,Agriculture,0.4972691553597746,0.4962841321112272,249.2058384128347,253.27380217472864,2.0228729039111686,-0.2494805833901114
NGA,1995,1996,Manufacturing,0.11910342145249966,0.11937774889191931,2569.4663529628424,2643.6133169017708,8.83115709544148,0.7252156720413355
NGA,1995,1996,Services,0.38362742318772575,0.3843381189968536,638.080693408118,636.9455707607174,-0.4354641762243351,0.4526745477821941
NGA,1996,1997,Agriculture,0.4962841321112272,0.4923151446456547,253.27380217472864,259.31604728118265,2.998670368659835,-1.029222141280821
NGA,1996,1997,Manufacturing,0.11937774889191931,0.118848649301419,2643.6133169017708,2638.3947026304477,-0.6229864240457927,-1.3959735567399478
NGA,1996,1997,Services,0.3843381189968536,0.3888362060529263,636.9455707607174,636.0163136788285,-0.3571489189176709,2.860856748009804
NGA,1997,1998,Agriculture,0.4923151446456547,0.48217752382123424,259.31604728118265,268.1658957887463,4.356914448093329,-2.7185641695473546
NGA,1997,1998,Manufacturing,0.118848649301419,0.11684314688476012,2638.3947026304477,2625.4938820202465,-1.5332451044023216,-5.265434325314709
NGA,1997,1998,Services,0.3888362060529263,0.4009793292940057,636.0163136788285,628.7182223359799,-2.8377621491809477,7.634602857738171
NGA,1998,1999,Agriculture,0.48217752382123424,0.48150600313991143,268.1658957887463,274.79403782606954,3.1959411150919523,-0.18452987950440894
NGA,1998,1999,Manufacturing,0.11684314688476012,0.11701370433303665,2625.4938820202465,2446.661911517198,-20.895290197178788,0.41729641242374743
NGA,1998,1999,Services,0.4009793292940057,0.40148029252705186,628.7182223359799,635.5604775790569,2.7436029182273773,0.3183924316443651
NGA,1999,2000,Agriculture,0.48150600313991143,0.4843571284747638,274.79403782606954,273.7264153397179,-0.5140666362654719,0.7804283175933943
NGA,1999,2000,Manufacturing,0.11701370433303665,0.11896257265574918,2446.661911517198,2518.0497943461182,8.353360614304743,4.90734747921395
NGA,1999,2000,Services,0.40148029252705186,0.39668029886948714,635.5604775790569,647.3578915458214,4.736429210439365,-3.1073137735944174
NGA,2000,2001,Agriculture,0.4843571284747638,0.47699806455104005,273.7264153397179,281.7819258861125,3.9017439566498644,-2.0736512051458935
NGA,2000,2001,Manufacturing,0.11896257265574918,0.11722199574270954,2518.0497943461182,2617.137699721705,11.787752142549222,-4.555329458381263
NGA,2000,2001,Services,0.39668029886948714,0.40577993970625037,647.3578915458214,668.9881834823183,8.580310670003833,6.087552193727759
NGA,2001,2002,Agriculture,0.47699806455104005,0.4833051849495008,281.7819258861125,422.33300562404037,67.04259300555049,2.6637051147146296
NGA,2001,2002,Manufacturing,0.11722199574270954,0.1189724130173246,2617.137699721705,2546.699488447266,-8.25690770213634,4.457786777831424
NGA,2001,2002,Services,0.40577993970625037,0.39772240203317466,668.9881834823183,741.187776851263,29.2971466440662,-5.972148434802285
NGA,2002,2003,Agriculture,0.4833051849495008,0.47726055359343117,422.33300562404037,446.50889488670595,11.684332631411237,-2.698981666796186
NGA,2002,2003,Manufacturing,0.1189724130173246,0.11883585513986891,2546.699488447266,2789.118369009465,28.841159181443405,-0.3808760844445999
NGA,2002,2003,Services,0.39772240203317466,0.4039035912667,741.187776851263,731.2220657950434,-3.963586539248255,4.519821960408481
NGA,2003,2004,Agriculture,0.47726055359343117,0.45554871947847386,446.50889488670595,486.7381708016665,19.19984649383697,-10.56797842186354
NGA,2003,2004,Manufacturing,0.11883585513986891,0.11666140711816776,2789.118369009465,2826.680012581825,4.463670034380364,-6.146468761340731
NGA,2003,2004,Services,0.4039035912667,0.42778987340335844,731.2220657950434,811.3698770360401,32.37198879240415,19.380609800068722
NGA,2004,2005,Agriculture,0.45554871947847386,0.44911740210516726,486.7381708016665,514.3910155482747,12.597218014254407,-3.3082118749684444
NGA,2004,2005,Manufacturing,0.11666140711816776,0.11590434951014954,2826.680012581825,2813.6913704125136,-1.5152732720262312,-2.130126458586018
NGA,2004,2005,Services,0.42778987340335844,0.43497824838468324,811.3698770360401,859.1755287997246,20.45077371595164,6.176075875790443
NGA,2005,2006,Agriculture,0.44911740210516726,0.4371672384720657,514.3910155482747,552.8230249230372,17.260484208074775,-6.6063256079764905
NGA,2005,2006,Manufacturing,0.11590434951014954,0.11418216643367889,2813.6913704125136,2724.281089631768,-10.363040433412165,-4.691710788112856
NGA,2005,2006,Services,0.43497824838468324,0.44865059509425537,859.1755287997246,911.42498119487,22.727375281899263,12.461318342661517
NGA,2006,2007,Agriculture,0.4371672384720657,0.428598632239622,552.8230249230372,587.9426482683583,15.353148754053109,-5.0378490402716825
NGA,2006,2007,Manufacturing,0.11418216643367889,0.11343099616414035,2724.281089631768,2613.063259668341,-12.69909277127662,-1.9628554330863228
NGA,2006,2007,Services,0.44865059509425537,0.4579703715962377,911.42498119487,979.8741125711815,30.709743525667008,9.132207729241703
NGA,2007,2008,Agriculture,0.428598632239622,0.42215912791290683,587.9426482683583,617.838796058627,12.813448052142782,-3.978575600432036
NGA,2007,2008,Manufacturing,0.11343099616414035,0.11350057043167026,2613.063259668341,2489.002131789715,-14.072377320519344,0.17317050019967306
NGA,2007,2008,Services,0.4579703715962377,0.4643403016554229,979.8741125711815,1063.3346879504172,38.222470720064386,6.773367591749657
NGA,2008,2009,Agriculture,0.42215912791290683,0.41067028280628937,617.838796058627,657.0462295202693,16.55177591787022,-7.5487023588454
NGA,2008,2009,Manufacturing,0.11350057043167026,0.11186932379549819,2489.002131789715,2528.4889765681773,4.481779406902309,-4.124589137625015
NGA,2008,2009,Services,0.4643403016554229,0.4774603933982125,1063.3346879504172,1135.6018336688383,33.55654824266803,14.899200241015263
NGA,2009,2010,Agriculture,0.41067028280628937,0.40777690632285524,657.0462295202693,681.6910716230769,10.12090427607635,-1.9723889156012213
NGA,2009,2010,Manufacturing,0.11186932379549819,0.11462749990111994,2528.4889765681773,2528.248700441769,-0.02687952778550815,6.973355154627725
NGA,2009,2010,Services,0.4774603933982125,0.47759559377602484,1135.6018336688383,1247.0993535295468,53.235649695618896,0.1686083037667184
NGA,2010,2011,Agriculture,0.40777690632285524,0.4018478599527596,681.6910716230769,693.0825204762972,4.645169771901192,-4.109318402206709
NGA,2010,2011,Manufacturing,0.11462749990111994,0.11551159955325248,2528.248700441769,2637.8387501032366,12.562033406733615,2.33211232134801
NGA,2010,2011,Services,0.47759559377602484,0.48264054049398797,1247.0993535295468,1262.2818652076576,7.251100679918765,6.368144753023747
NGA,2011,2012,Agriculture,0.4018478599527596,0.3931953037149963,693.0825204762972,735.9893867433932,17.24203238671178,-6.368189559194164
NGA,2011,2012,Manufacturing,0.11551159955325248,0.11551585141372045,2637.8387501032366,2625.420910591694,-1.4344045049738827,0.011162923381530392
NGA,2011,2012,Services,0.48264054049398797,0.49128884487128327,1262.2818652076576,1256.7258973451749,-2.6815353321158786,10.868548079070642
NGA,2012,2013,Agriculture,0.3931953037149963,0.3827076541220497,735.9893867433932,757.6978862057233,8.53568003928772,-7.946469927841929
NGA,2012,2013,Manufacturing,0.11551585141372045,0.1157158397111188,2625.420910591694,2597.060391996435,-3.2760894520659694,0.5193816860360692
NGA,2012,2013,Services,0.49128884487128327,0.5015765061668316,1256.7258973451749,1300.575518064172,21.54282951107999,13.379880419126476
NGA,2013,2014,Agriculture,0.3827076541220497,0.376975901153132,757.6978862057233,786.765174541332,11.124273730610039,-4.509543625018335
NGA,2013,2014,Manufacturing,0.1157158397111188,0.11547423195157451,2597.060391996435,2732.0080077967136,15.615576679342674,-0.6600743338208324
NGA,2013,2014,Services,0.5015765061668316,0.5075498668952935,1300.575518064172,1345.873966310938,22.72063740639189,8.039390695820991
NGA,2014,2015,Agriculture,0.376975901153132,0.37079559257571554,786.765174541332,813.9691757308274,10.255252863380877,-5.030580678521847
NGA,2014,2015,Manufacturing,0.11547423195157451,0.11408303280933177,2732.0080077967136,2653.3983553228945,-9.07738924339445,-3.691405515953511
NGA,2014,2015,Services,0.5075498668952935,0.5151213746149527,1345.873966310938,1361.7466237049846,8.056165147622975,10.31047507360214
NGA,2015,2016,Agriculture,0.37079559257571554,0.3691090653875869,813.9691757308274,836.0191335610497,8.176027179926816,-1.4099689985464399
NGA,2015,2016,Manufacturing,0.11408303280933177,0.11294200433690123,2653.3983553228945,2399.1608555897055,-29.004185023423876,-2.7375108461686724
NGA,2015,2016,Services,0.5151213746149527,0.5179489302755119,1361.7466237049846,1317.7393387460684,-22.66909312110885,3.725981326413056
NGA,2016,2017,Agriculture,0.3691090653875869,0.3680831794548346,836.0191335610497,841.1182794856592,1.882140986507536,-0.8628914107051754
NGA,2016,2017,Manufacturing,0.11294200433690123,0.11272798433802086,2399.1608555897055,2375.7416664934767,-2.6450101564729853,-0.508456228802966
NGA,2016,2017,Services,0.5179489302755119,0.5191888362071446,1317.7393387460684,1249.2490530290956,-35.4744702213702,1.5489513109373103
RWA,1970,1971,Agriculture,0.9302443719291266,0.9302505138540749,186.29581605089672,201.74410855335216,14.3706871563241,0.0012390971734963128
RWA,1970,1971,Manufacturing,0.025039460129570607,0.02515008514417439,376.1362381457737,343.62414307398495,-0.814085308278863,0.03801342584577203
RWA,1970,1971,Services,0.044716167941302766,0.044599401001750846,1272.3373290125664,1462.1369724544536,8.48711273134681,-0.17072925947921605
RWA,1971,1972,Agriculture,0.9302505138540749,0.9302390509578388,201.74410855335216,183.34520724601887,-17.115587395497204,-0.002101667086047909
RWA,1971,1972,Manufacturing,0.02515008514417439,0.025275815778044396,343.62414307398495,287.52504521228565,-1.410897087733109,0.03615070618804283
RWA,1971,1972,Services,0.044599401001750846,0.04448513326411701,1462.1369724544536,1469.795143853325,0.3415498571584068,-0.16795016587331973
RWA,1972,1973,Agriculture,0.9302390509578388,0.9302086045792143,183.34520724601887,183.3100677536851,-0.03268812799970584,-0.00558112772850822
RWA,1972,1973,Manufacturing,0.025275815778044396,0.02541804989456683,287.52504521228565,264.78069717364457,-0.5748819510164173,0.037660848534686965
RWA,1972,1973,Services,0.04448513326411701,0.04437334552621893,1469.795143853325,1546.1389981198065,3.3961665309407554,-0.17283938107581392
RWA,1973,1974,Agriculture,0.9302086045792143,0.9301576739365641,183.3100677536851,234.4207156589268,47.543564467074425,-0.011939197699019544
RWA,1973,1974,Manufacturing,0.02541804989456683,0.025578311498027702,264.78069717364457,584.9259754678023,8.137468657190885,0.09374117473438548
RWA,1973,1974,Services,0.04437334552621893,0.044264014565408114,1546.1389981198065,1740.6915057203344,8.632945642750558,-0.19031147479563287
RWA,1974,1975,Agriculture,0.9301576739365641,0.9300846176057586,234.4207156589268,234.03606135809582,-0.3577891497306471,-0.01709781591900865
RWA,1974,1975,Manufacturing,0.025578311498027702,0.025758269744808337,584.9259754678023,693.097987486261,2.7668574187765316,0.12472869867521404
RWA,1974,1975,Services,0.044264014565408114,0.044157112649433124,1740.6915057203344,1794.406483429994,2.3776405557209492,-0.1918254911166102
RWA,1975,1976,Agriculture,0.9300846176057586,0.9299876552049423,234.03606135809582,242.8388391517742,8.187328218101825,-0.023546236855586537
RWA,1975,1976,Manufacturing,0.025758269744808337,0.02595974217409132,693.097987486261,759.6006656592687,1.712993923132509,0.15303859139534293
RWA,1975,1976,Services,0.044157112649433124,0.04405260262096631,1794.406483429994,1885.6653809416184,4.0297294176838685,-0.19707094264109484
RWA,1976,1977,Agriculture,0.9299876552049423,0.9298648268468592,242.8388391517742,234.8736773432391,-7.407502153647515,-0.028849148145005745
RWA,1976,1977,Manufacturing,0.02595974217409132,0.026184722699854026,759.6006656592687,917.4568182466404,4.097905021762189,0.20640991733370975
RWA,1976,1977,Services,0.04405260262096631,0.04395045045328673,1885.6653809416184,1991.1574337588995,4.647199482429674,-0.2034010480497808
RWA,1977,1978,Agriculture,0.9298648268468592,0.9297140134130452,234.8736773432391,214.72221957817914,-18.738131785419288,-0.03238299525076342
RWA,1977,1978,Manufacturing,0.026184722699854026,0.02643538187214444,917.4568182466404,881.977128314414,-0.9290258423521508,0.22107565696236806
RWA,1977,1978,Services,0.04395045045328673,0.043850604714810525,1991.1574337588995,2077.4511242314275,3.7926465675441006,-0.20742464164710914
RWA,1978,1979,Agriculture,0.9297140134130452,0.9278486074698111,214.72221957817914,265.09489810435423,46.832185118935364,-0.4945095984448828
RWA,1978,1979,Manufacturing,0.02643538187214444,0.026433886716696667,881.977128314414,863.6130966514005,-0.48546018972391414,-0.0012912358262267731
RWA,1978,1979,Services,0.043850604714810525,0.04571750581349225,2077.4511242314275,2095.1855026095304,0.7776632161210761,3.911504116763758
RWA,1979,1980,Agriculture,0.9278486074698111,0.9258356892366224,265.09489810435423,250.48226471174604,-13.55831154479837,-0.5042003177286773
RWA,1979,1980,Manufacturing,0.026433886716696667,0.026460221866040093,863.6130966514005,922.9308386564435,1.5679984724515457,0.024305521469670268
RWA,1979,1980,Services,0.04571750581349225,0.04770408889733754,2095.1855026095304,2153.256999114247,2.654883979052566,4.277623929611839
RWA,1980,1981,Agriculture,0.9258356892366224,0.9236675079276637,250.48226471174604,227.4903503984686,-21.28673483510259,-0.49324032570242116
RWA,1980,1981,Manufacturing,0.026460221866040093,0.026511851421347443,922.9308386564435,680.2755099268697,-6.420713835161414,0.03512232206400482
RWA,1980,1981,Services,0.04770408889733754,0.049820640650988866,2153.256999114247,2485.2693766020216,15.838347970693198,5.260201257342939
RWA,1981,1982,Agriculture,0.9236675079276637,0.9213350990999775,227.4903503984686,211.01823182500502,-15.214760713040084,-0.4921807867113876
RWA,1981,1982,Manufacturing,0.026511851421347443,0.026586381592674426,680.2755099268697,875.8980786712709,5.18631647721389,0.06528083386834557
RWA,1981,1982,Services,0.049820640650988866,0.052078519307348026,2485.2693766020216,2163.799761640043,-16.015822167232486,4.8855972984420895
RWA,1982,1983,Agriculture,0.9213350990999775,0.9188282029924831,211.01823182500502,197.70532506965174,-12.265648264752176,-0.4956267098480106
RWA,1982,1983,Manufacturing,0.026586381592674426,0.026681534758454587,875.8980786712709,940.842039237473,1.7266249177526498,0.08952409853250805
RWA,1982,1983,Services,0.052078519307348026,0.054490262249062185,2163.799761640043,2061.7119810379977,-5.316580453127926,4.9723193181159075
RWA,1983,1984,Agriculture,0.9188282029924831,0.9161351270879073,197.70532506965174,213.82740290117403,14.813419802442574,-0.5758534264911717
RWA,1983,1984,Manufacturing,0.026681534758454587,0.02679513364557678,940.842039237473,967.9469194779167,0.7231998042591465,0.10995769284604451
RWA,1983,1984,Services,0.054490262249062185,0.05706973926651596,2061.7119810379977,1939.5481029498376,-6.6567417543863066,5.00301975580518
RWA,1984,1985,Agriculture,0.9161351270879073,0.9132426040685921,213.82740290117403,217.13093658838986,3.02648325437666,-0.6280562322873858
RWA,1984,1985,Manufacturing,0.02679513364557678,0.026925083671657055,967.9469194779167,919.0204180869204,-1.3109921435822454,0.1194267272987024
RWA,1984,1985,Services,0.05706973926651596,0.05983231225975087,1939.5481029498376,1846.529080566832,-5.3085713542243465,5.101171369196817
RWA,1985,1986,Agriculture,0.9132426040685921,0.9101356673822676,217.13093658838986,168.29011876929002,-44.60351564995444,-0.5228667439502241
RWA,1985,1986,Manufacturing,0.026925083671657055,0.02706933973118615,919.0204180869204,702.471604609921,-5.830594921866266,0.1013357856121082
RWA,1985,1986,Services,0.05983231225975087,0.06279499288654623,1846.529080566832,1850.280655108035,0.22446537941499708,5.481790651022804
RWA,1986,1987,Agriculture,0.9101356673822676,0.9067974568493907,168.29011876929002,158.17036474623714,-9.210349081515618,-0.5280059775848639
RWA,1986,1987,Manufacturing,0.02706933973118615,0.027225896325932343,702.471604609921,641.7535877652969,-1.6435966257710135,0.1004707563666863
RWA,1986,1987,Services,0.06279499288654623,0.06597664682467692,1850.280655108035,1732.22009360844,-7.413612119548722,5.511324882538407
RWA,1987,1988,Agriculture,0.9067974568493907,0.903209033368724,158.17036474623714,146.91075770351068,-10.21018303146784,-0.5271780125058111
RWA,1987,1988,Manufacturing,0.027225896325932343,0.027392761586779245,641.7535877652969,604.0606063456507,-1.0262252043465794,0.10079673064520467
RWA,1987,1988,Services,0.06597664682467692,0.06939820504449679,1732.22009360844,1632.2034726315899,-6.598761278787217,5.584679208201139
RWA,1988,1989,Agriculture,0.903209033368724,0.8993491584914701,146.91075770351068,148.39901623383014,1.3442085485725936,-0.5728016345701579
RWA,1988,1989,Manufacturing,0.027392761586779245,0.027567932504465792,604.0606063456507,642.9098119520689,1.0641870270123812,0.11261910174932933
RWA,1988,1989,Services,0.06939820504449679,0.07308290900406413,1632.2034726315899,1511.3323354588042,-8.388239961478478,5.568812240687211
RWA,1989,1990,Agriculture,0.8993491584914701,0.8980808504814795,148.39901623383014,164.58765930808462,14.559242525949537,-0.2087478466460593
RWA,1989,1990,Manufacturing,0.027567932504465792,0.0273354442157078,642.9098119520689,644.41830003668,0.04158589770034778,-0.1498197078198624
RWA,1989,1990,Services,0.07308290900406413,0.07458370530281269,1511.3323354588042,1503.9238604151917,-0.5414329074712122,2.257083363310775
RWA,1990,1991,Agriculture,0.8980808504814795,0.8967546761375649,164.58765930808462,142.56151320224325,-19.781260027563352,-0.1890614212384542
RWA,1990,1991,Manufacturing,0.0273354442157078,0.027105227147693776,644.41830003668,562.4746930499498,-2.2399648976196467,-0.1294912746660469
RWA,1990,1991,Services,0.07458370530281269,0.07614009671474141,1503.9238604151917,1744.294318213881,17.927719387959623,2.714804696744142
RWA,1991,1992,Agriculture,0.8967546761375649,0.8953668127586265,142.56151320224325,142.24013915129157,-0.28819368298018694,-0.19740988014317543
RWA,1991,1992,Manufacturing,0.027105227147693776,0.026877150218191533,562.4746930499498,713.885533121465,4.104025212761553,-0.16282082041041568
RWA,1991,1992,Services,0.07614009671474141,0.07775603702318191,1744.294318213881,1756.550797053358,0.9332094842199634,2.8384812367818193
RWA,1992,1993,Agriculture,0.8953668127586265,0.8939130587753763,142.24013915129157,148.2946363918678,5.420995897150647,-0.21558391834931873
RWA,1992,1993,Manufacturing,0.026877150218191533,0.02665108343134402,713.885533121465,679.9024959829676,-0.9133671940417755,-0.15370337263647474
RWA,1992,1993,Services,0.07775603702318191,0.07943585779327966,1756.550797053358,1514.3503798002341,-18.832544610964018,2.5438372211938463
RWA,1993,1994,Agriculture,0.8939130587753763,0.8923888108918939,148.2946363918678,98.43404835651407,-44.571030763021994,-0.1500378898700185
RWA,1993,1994,Manufacturing,0.02665108343134402,0.026426881283843233,679.9024959829676,222.7330233648386,-12.184061757009301,-0.04993722215773948
RWA,1993,1994,Services,0.07943585779327966,0.08118430782426292,1514.3503798002341,1210.2991990222622,-24.152566358157745,2.1161476720294847
RWA,1994,1995,Agriculture,0.8923888108918939,0.8907890079758627,98.43404835651407,155.8884169965721,51.2716357112459,-0.24939074408660908
RWA,1994,1995,Manufacturing,0.026426881283843233,0.026204391631683685,222.7330233648386,529.9107870513309,8.117750293979384,-0.11789966668664288
RWA,1994,1995,Services,0.08118430782426292,0.08300660039245368,1210.2991990222622,1848.7310210407077,51.83064556355051,3.3689288002262
RWA,1995,1996,Agriculture,0.8907890079758627,0.8891081183119377,155.8884169965721,188.2557147258323,28.832433035107087,-0.3164370850574629
RWA,1995,1996,Manufacturing,0.026204391631683685,0.025983445428805776,529.9107870513309,702.1684159285245,4.513906368643206,-0.15514144528020346
RWA,1995,1996,Services,0.08300660039245368,0.08490843625925658,1848.7310210407077,1876.0202856137512,2.265189079418566,3.5678826660300484
RWA,1996,1997,Agriculture,0.8891081183119377,0.8873400587216024,188.2557147258323,217.3232842090612,25.84421200713516,-0.38424051684900007
RWA,1996,1997,Manufacturing,0.025983445428805776,0.025763869075671905,702.1684159285245,890.2309639552776,4.886512953855306,-0.19547366851215126
RWA,1996,1997,Services,0.08490843625925658,0.08689607220272562,1876.0202856137512,2153.0536487796558,23.522469658059688,4.279486820531611
RWA,1997,1998,Agriculture,0.8873400587216024,0.8854781512266292,217.3232842090612,215.71915781078377,-1.423405612444367,-0.4016491167371983
RWA,1997,1998,Manufacturing,0.025763869075671905,0.025545474843851213,890.2309639552776,1029.1090791837337,3.578037578222019,-0.22475148680803053
RWA,1997,1998,Services,0.08689607220272562,0.08897637392951958,2153.0536487796558,2248.259024944525,8.272973241310149,4.677057131872211
RWA,1998,1999,Agriculture,0.8854781512266292,0.8835151097949863,215.71915781078377,162.34667361370276,-47.260168633203776,-0.31869324659311254
RWA,1998,1999,Manufacturing,0.025545474843851213,0.02532805216673111,1029.1090791837337,1036.7719240837696,0.19575101162620082,-0.22541772729725532
RWA,1998,1999,Services,0.08897637392951958,0.09115683803828259,2248.259024944525,1950.036917680573,-26.534721729966712,4.251985509765329
RWA,1999,2000,Agriculture,0.8835151097949863,0.8827980435885306,162.34667361370276,166.72077893045056,3.864588139181267,-0.11954983648498405
RWA,1999,2000,Manufacturing,0.02532805216673111,0.024628504175885635,1036.7719240837696,1100.506765780589,1.6142793953353891,-0.769857296913661
RWA,1999,2000,Services,0.09115683803828259,0.09257345223558369,1950.036917680573,1990.299209802805,3.6701832420363334,2.8194861174838195
RWA,2000,2001,Agriculture,0.8827980435885306,0.8823152038448819,166.72077893045056,174.57779379284628,6.936157348968946,-0.08429309720169541
RWA,2000,2001,Manufacturing,0.024628504175885635,0.025027655433734346,1100.506765780589,1452.8671429438175,8.678109020381212,0.5799137475930884
RWA,2000,2001,Services,0.09257345223558369,0.09265714072138373,1990.299209802805,2009.3437021057894,1.7630143985612565,0.16815893188107517
RWA,2001,2002,Agriculture,0.8823152038448819,0.8770885807246374,174.57779379284628,199.13340761707877,21.665791416863893,-1.0407952722645117
RWA,2001,2002,Manufacturing,0.025027655433734346,0.02697828042330372,1452.8671429438175,1238.638586832886,-5.361638486410819,2.4161193805211205
RWA,2001,2002,Services,0.09265714072138373,0.095933138852059,2009.3437021057894,2076.2883143449467,6.202896356782068,6.801916636536941
RWA,2002,2003,Agriculture,0.8770885807246374,0.8582040826384192,199.13340761707877,192.1664706833039,-6.110620827242649,-3.628967347854153
RWA,2002,2003,Manufacturing,0.02697828042330372,0.0285456631409535,1238.638586832886,1134.6172373061684,-2.8063171375422784,1.7783794489012303
RWA,2002,2003,Services,0.095933138852059,0.11325025422062734,2076.2883143449467,1810.215381557546,-25.52521160586828,31.347708604389
RWA,2003,2004,Agriculture,0.8582040826384192,0.8311038149608427,192.1664706833039,197.0958250159937,4.230392013085765,-5.341349616066198
RWA,2003,2004,Manufacturing,0.0285456631409535,0.03261972185573127,1134.6172373061684,1215.081365284622,2.2969018922035107,4.950312825401881
RWA,2003,2004,Services,0.11325025422062734,0.136276463183426,1810.215381557546,1575.7147248642889,-26.557258985415416,36.28273652048392
RWA,2004,2005,Agriculture,0.8311038149608427,0.7959592342762077,197.0958250159937,213.7606482057264,13.850198128634755,-7.512528348066028
RWA,2004,2005,Manufacturing,0.03261972185573127,0.03737394940450555,1215.081365284622,1186.990713537639,-0.9163092467327966,5.643223950439887
RWA,2004,2005,Services,0.136276463183426,0.16666681631928654,1575.7147248642889,1393.1063639747053,-24.8852215697551,42.33699435700594
RWA,2005,2006,Agriculture,0.7959592342762077,0.7911402662947787,213.7606482057264,214.95257781624906,0.9487273801027578,-1.03584959002213
RWA,2005,2006,Manufacturing,0.03737394940450555,0.04062449585866208,1186.990713537639,1153.473983475172,-1.2526525735591156,3.74942076694703
RWA,2005,2006,Services,0.16666681631928654,0.16823523784655917,1393.1063639747053,1508.2286615686357,19.18706682734184,2.3655383008538324
RWA,2006,2007,Agriculture,0.7911402662947787,0.7855508827406951,214.95257781624906,216.1494834577049,0.9469202479110869,-1.2081423680621763
RWA,2006,2007,Manufacturing,0.04062449585866208,0.0434498764163209,1153.473983475172,1250.2626525569083,3.9319908862764117,3.53246779050123
RWA,2006,2007,Services,0.16823523784655917,0.1709992408429841,1508.2286615686357,1618.536900496024,18.557732812384227,4.473640842795329
RWA,2007,2008,Agriculture,0.7855508827406951,0.7776556363738701,216.1494834577049,226.42599451610363,8.072722333419645,-1.787689010557988
RWA,2007,2008,Manufacturing,0.0434498764163209,0.048657665845603965,1250.2626525569083,1217.1437766019378,-1.4390110672909284,6.33862849370524
RWA,2007,2008,Services,0.1709992408429841,0.17368669778052584,1618.536900496024,1771.572070827535,26.16889794896517,4.761023652100652
RWA,2008,2009,Agriculture,0.7776556363738701,0.776251550305292,226.42599451610363,238.70951972659924,9.55235261448244,-0.33516871108509055
RWA,2008,2009,Manufacturing,0.048657665845603965,0.05183485562542425,1217.1437766019378,1086.384294007387,-6.362451210229716,3.4516490758775498
RWA,2008,2009,Services,0.17368669778052584,0.17191359406928375,1771.572070827535,1860.7618854160696,15.491084371539934,-3.2993238047690636
RWA,2009,2010,Agriculture,0.776251550305292,0.7727089220545167,238.70951972659924,245.3559825244872,5.1593270509069695,-0.8692050351879882
RWA,2009,2010,Manufacturing,0.05183485562542425,0.055811446688759245,1086.384294007387,1034.805391900695,-2.6735849440182764,4.114997873723167
RWA,2009,2010,Services,0.17191359406928375,0.17147963125672416,1860.7618854160696,1985.214293829913,21.395060821002186,-0.8615091784839197
RWA,2010,2011,Agriculture,0.7727089220545167,0.7704379895227601,245.3559825244872,250.34235182113218,3.8530120441762925,-0.5685105908270618
RWA,2010,2011,Manufacturing,0.055811446688759245,0.0611522005094303,1034.805391900695,1154.1602901786425,6.661369542281951,6.164085979438399
RWA,2010,2011,Services,0.17147963125672416,0.16840980996780966,1985.214293829913,2128.866108267317,24.633360169085407,-6.535238500407579
RWA,2011,2012,Agriculture,0.7704379895227601,0.7660937882103623,250.34235182113218,261.8704189586572,8.88166086851816,-1.1376178177183514
RWA,2011,2012,Manufacturing,0.0611522005094303,0.06651074040471827,1154.1602901786425,1129.0651348261104,-1.5346239719333505,6.050140569344404
RWA,2011,2012,Services,0.16840980996780966,0.1673954713849193,2128.866108267317,2326.8413773834754,33.340977450178215,-2.360204985345786
RWA,2012,2013,Agriculture,0.7660937882103623,0.7298331900402157,261.8704189586572,276.3800609782473,11.115746620364035,-10.021706333372839
RWA,2012,2013,Manufacturing,0.06651074040471827,0.07090852962646237,1129.0651348261104,1148.0890849113343,1.2652970055906507,5.049053803225107
RWA,2012,2013,Services,0.1673954713849193,0.19925828033332177,2326.8413773834754,2002.0420541767576,-54.3699358136913,63.79068347890124
RWA,2013,2014,Agriculture,0.7298331900402157,0.6845259000946153,276.3800609782473,305.93809524809575,21.572434442481523,-13.861225986810187
RWA,2013,2014,Manufacturing,0.07090852962646237,0.07751387846567306,1148.0890849113343,1122.1455040928786,-1.8396211690819908,7.4121625028853995
RWA,2013,2014,Services,0.19925828033332177,0.23796022143971163,2002.0420541767576,1744.4818515520622,-51.32100305729872,67.51483387993385
RWA,2014,2015,Agriculture,0.6845259000946153,0.6764218011567414,305.93809524809575,315.70529941287947,6.685904222306452,-2.558506981653076
RWA,2014,2015,Manufacturing,0.07751387846567306,0.08127079512388939,1122.1455040928786,1151.0961219598107,2.2440746748435205,4.324572195799027
RWA,2014,2015,Services,0.23796022143971163,0.24230740371936907,1744.4818515520622,1835.0755055038162,21.557685955392,7.9774077193596105
RWA,2015,2016,Agriculture,0.6764218011567414,0.6749761510648412,315.70529941287947,319.09846909491,2.29521394794954,-0.4613047311722794
RWA,2015,2016,Manufacturing,0.08127079512388939,0.08170147044074007,1151.0961219598107,1178.2945434933672,2.2104373441468503,0.5074623758624286
RWA,2015,2016,Services,0.24230740371936907,0.24332237849441862,1835.0755055038162,1902.3273766693778,16.295626297396737,1.9308143012056103
RWA,2016,2017,Agriculture,0.6749761510648412,0.6708003752710066,319.09846909491,332.3779091224072,8.963305318056431,-1.3879356273187233
RWA,2016,2017,Manufacturing,0.08170147044074007,0.08387498412965688,1178.2945434933672,1140.4846220872043,-3.0891261761323197,2.4788589381056587
RWA,2016,2017,Services,0.24332237849441862,0.24532464059933654,1902.3273766693778,1973.3791464971303,17.288485630726687,3.9512222836664574
SEN,1970,1971,Agriculture,0.732831167072144,0.7196957448629007,694.7335149716873,563.2081163999724,-96.38591133493878,-7.3979764005863125
SEN,1970,1971,Manufacturing,0.07105213903077645,0.07083641995161524,4557.042392667676,4492.573441006871,-4.580656916571925,-0.9691338057581039
SEN,1970,1971,Services,0.1961166938970795,0.20946783518548412,5269.904318065354,5065.819804985832,-40.024379980751206,67.63447595796417
SEN,1971,1972,Agriculture,0.7196957448629007,0.7196588520467316,563.2081163999724,664.1060020968783,72.61577900172655,-0.024500740652110806
SEN,1971,1972,Manufacturing,0.07083641995161524,0.07007700101886098,4492.573441006871,4406.174945579928,-6.120160105250618,-3.346132674700871
SEN,1971,1972,Services,0.20946783518548412,0.21026414693440737,5065.819804985832,4871.08989439249,-40.78965281785014,3.8789061129660567
SEN,1972,1973,Agriculture,0.7196588520467316,0.7268382017873325,664.1060020968783,530.5002472480472,-96.15056416134685,3.80864681246896
SEN,1972,1973,Manufacturing,0.07007700101886098,0.06734677774108214,4406.174945579928,4348.589676962081,-4.035402927604237,-11.872620761550664
SEN,1972,1973,Services,0.21026414693440737,0.20581502047158534,4871.08989439249,4690.556709967079,-37.95965601656118,-20.86887998368196
SEN,1973,1974,Agriculture,0.7268382017873325,0.7336169187793021,530.5002472480472,622.1070400091281,66.58331652196887,4.217087562933811
SEN,1973,1974,Manufacturing,0.06734677774108214,0.07354090276534624,4348.589676962081,4299.2935234203305,-3.319937096066547,26.63036160007444
SEN,1973,1974,Services,0.20581502047158534,0.19284217845535162,4690.556709967079,4534.112896129579,-32.19848674761792,-58.820330285256965
SEN,1974,1975,Agriculture,0.7336169187793021,0.719580789887951,622.1070400091281,617.2898166018358,-3.533996593129321,-8.66435942914184
SEN,1974,1975,Manufacturing,0.07354090276534624,0.07160120335787946,4299.2935234203305,4148.566017197147,-11.08463687922228,-8.046971045394091
SEN,1974,1975,Services,0.19284217845535162,0.20881800675416945,4534.112896129579,4357.320695190864,-34.09299316293802,69.61180726925478
SEN,1975,1976,Agriculture,0.719580789887951,0.7132169846190853,617.2898166018358,678.3217690115177,43.917420523362765,-4.316707647621804
SEN,1975,1976,Manufacturing,0.07160120335787946,0.07695291603544824,4148.566017197147,4109.391029210993,-2.8049762813390697,21.99228006811586
SEN,1975,1976,Services,0.20881800675416945,0.20983009934546645,4357.320695190864,4201.937269820253,-32.44685716852621,4.252749579879836
SEN,1976,1977,Agriculture,0.7132169846190853,0.7165932712789128,678.3217690115177,605.7731648771991,-51.74289667900248,2.0452638554563576
SEN,1976,1977,Manufacturing,0.07695291603544824,0.07926748069937127,4109.391029210993,3989.8270414175936,-9.200797513528832,9.23471268522974
SEN,1976,1977,Services,0.20983009934546645,0.20413924802171587,4201.937269820253,4037.0749072864396,-34.59308590879843,-22.97439308021128
SEN,1977,1978,Agriculture,0.7165932712789128,0.7126143322785429,605.7731648771991,443.7496863285664,-116.10493451715345,-1.765652933334661
SEN,1977,1978,Manufacturing,0.07926748069937127,0.06970801535706125,3989.8270414175936,3814.4915469678376,-13.89840292221075,-36.464499741773565
SEN,1977,1978,Services,0.20413924802171587,0.21767765236439585,4037.0749072864396,3858.056519413243,-36.54467908249417,52.23192913672903
SEN,1978,1979,Agriculture,0.7126143322785429,0.7050710680728289,443.7496863285664,541.2518565310734,69.48144391456836,-4.082805755647063
SEN,1978,1979,Manufacturing,0.06970801535706125,0.07483859052971296,3814.4915469678376,3747.788700350341,-4.649723056372151,19.22831165836208
SEN,1978,1979,Services,0.21767765236439585,0.22009034139745812,3858.056519413243,3728.9383540782155,-28.106139107726747,8.996768671849786
SEN,1979,1980,Agriculture,0.7050710680728289,0.7026360146407323,541.2518565310734,424.8097675489624,-82.09994804724838,-1.03443448245826
SEN,1979,1980,Manufacturing,0.07483859052971296,0.07058516545391691,3747.788700350341,3607.253727817047,-10.517439264523645,-15.343183460655826
SEN,1979,1980,Services,0.22009034139745812,0.2267788199053508,3728.9383540782155,3580.8609535156393,-32.590405643065566,23.95051152734141
SEN,1980,1981,Agriculture,0.7026360146407323,0.6964574328815402,424.8097675489624,472.24358543598964,33.328708759335115,-2.9177956028703145
SEN,1980,1981,Manufacturing,0.07058516545391691,0.07180719468682283,3607.253727817047,3459.0158470792526,-10.463395338415229,4.227018482215668
SEN,1980,1981,Services,0.2267788199053508,0.23173537243163703,3580.8609535156393,3450.9860241876177,-29.452883208299575,17.104993496365644
SEN,1981,1982,Agriculture,0.6964574328815402,0.6859402983818882,472.24358543598964,489.47950279819884,12.004082759442582,-5.14792176575143
SEN,1981,1982,Manufacturing,0.07180719468682283,0.07551429131989641,3459.0158470792526,3321.355707253164,-9.8849884611072,12.312586559597944
SEN,1981,1982,Services,0.23173537243163703,0.23854541029821535,3450.9860241876177,3309.570463634392,-32.77098759243044,22.5383001794594
SEN,1982,1983,Agriculture,0.6859402983818882,0.6879407290123701,489.47950279819884,352.6074747249569,-93.88603977669376,0.7053667929766909
SEN,1982,1983,Manufacturing,0.07551429131989641,0.0728496179663604,3321.355707253164,3298.7867753505698,-1.7042768984713992,-8.790189219273651
SEN,1982,1983,Services,0.23854541029821535,0.2392096530212695,3309.570463634392,3202.6837596699916,-25.497332652611814,2.12735938160451
SEN,1983,1984,Agriculture,0.6879407290123701,0.6866037969256203,352.6074747249569,379.2674033564129,18.34045073814161,-0.5070547610054622
SEN,1983,1984,Manufacturing,0.0728496179663604,0.07254765887282523,3298.7867753505698,3300.3310679563797,0.11250112636152748,-0.9965649776460684
SEN,1983,1984,Services,0.2392096530212695,0.2408485442015544,3202.6837596699916,3084.524353161101,-28.264870632190878,5.055199757769719
SEN,1984,1985,Agriculture,0.6866037969256203,0.6863074573448367,379.2674033564129,430.729509174354,35.33407725238642,-0.12764220217988734
SEN,1984,1985,Manufacturing,0.07254765887282523,0.07193194006289341,3300.3310679563797,3218.111034492843,-5.96487094022494,-1.9814514963863825
SEN,1984,1985,Services,0.2408485442015544,0.24176060259226992,3084.524353161101,2962.800540218244,-29.317003141949428,2.7022470927224918
SEN,1985,1986,Agriculture,0.6863074573448367,0.679907913295245,430.729509174354,431.139107965036,0.2811107045644619,-2.759093712923895
SEN,1985,1986,Manufacturing,0.07193194006289341,0.07258188230647829,3218.111034492843,3164.045947307026,-3.8890066109452945,2.0564471217983598
SEN,1985,1986,Services,0.24176060259226992,0.24751020439827673,2962.800540218244,2844.6995167468044,-28.552174601219022,16.355889479034126
SEN,1986,1987,Agriculture,0.679907913295245,0.6693909324604396,431.139107965036,434.15535429286956,2.0507697467417785,-4.566003540426282
SEN,1986,1987,Manufacturing,0.07258188230647829,0.07625419858920897,3164.045947307026,3071.5587929731455,-6.712891750722802,11.279735368799878
SEN,1986,1987,Services,0.24751020439827673,0.25435486895035153,2844.6995167468044,2736.6327354473874,-26.747631128082574,18.731333076364233
SEN,1987,1988,Agriculture,0.6693909324604396,0.6646411634165341,434.15535429286956,350.7297806214005,-55.84432255099178,-1.6658854547712776
SEN,1987,1988,Manufacturing,0.07625419858920897,0.0755947196174252,3071.5587929731455,3074.499417128345,0.2242349383068195,-2.0275677143576
SEN,1987,1988,Services,0.25435486895035153,0.2597641169660407,2736.6327354473874,2623.0412131503494,-28.89255676773402,14.188680477304388
SEN,1988,1989,Agriculture,0.6646411634165341,0.6593666115487645,350.7297806214005,381.5884713896646,20.509956133730128,-2.0127081844877
SEN,1988,1989,Manufacturing,0.0755947196174252,0.07446460513546573,3074.499417128345,3012.6477672536184,-4.675658130155119,-3.4046368708161885
SEN,1988,1989,Services,0.2597641169660407,0.2661687833157698,2623.0412131503494,2510.650399447153,-29.195100476705566,16.0798781292732
SEN,1989,1990,Agriculture,0.6593666115487645,0.6581082437774071,381.5884713896646,329.07369454412463,-34.62649046488322,-0.4140957316158558
SEN,1989,1990,Manufacturing,0.07446460513546573,0.07494614389368959,3012.6477672536184,2906.2403298527074,-7.9235878095356265,1.3994673595373806
SEN,1989,1990,Services,0.2661687833157698,0.26694561232890335,2510.650399447153,2395.016602101372,-30.778107149708877,1.860518383448826
SEN,1990,1991,Agriculture,0.6581082437774071,0.6566629730202079,329.07369454412463,335.86773951359527,4.471217003003045,-0.4854198222055757
SEN,1990,1991,Manufacturing,0.07494614389368959,0.07556739378830107,2906.2403298527074,2856.342774467409,-3.7396293658499156,1.7745026476121586
SEN,1990,1991,Services,0.26694561232890335,0.26776963319149105,2395.016602101372,2301.9609361536673,-24.840801727083914,1.8968638362525443
SEN,1991,1992,Agriculture,0.6566629730202079,0.6514003136945148,335.86773951359527,315.73196832760135,-13.222415371049404,-1.661589787538703
SEN,1991,1992,Manufacturing,0.07556739378830107,0.07890034863765404,2856.342774467409,2789.613435456091,-5.042562238301323,9.297655627523554
SEN,1991,1992,Services,0.26776963319149105,0.26969933766783116,2301.9609361536673,2300.4342234352744,-0.40880730459285114,4.439158218489035
SEN,1992,1993,Agriculture,0.6514003136945148,0.6517367176419702,315.73196832760135,342.9921292388373,17.757277368942063,0.11538390622206972
SEN,1992,1993,Manufacturing,0.07890034863765404,0.08095142593961037,2789.613435456091,2724.7877861261854,-5.114766332791843,5.588750380771267
SEN,1992,1993,Services,0.26969933766783116,0.2673118564184194,2300.4342234352744,2308.7277859069613,2.23676830552076,-5.512044298848748
SEN,1993,1994,Agriculture,0.6517367176419702,0.6497564374932091,342.9921292388373,339.0898275127874,-2.543273318184374,-0.6714928540703848
SEN,1993,1994,Manufacturing,0.08095142593961037,0.0839288229301972,2724.7877861261854,2639.402823679399,-6.91203446386746,7.858550024169419
SEN,1993,1994,Services,0.2673118564184194,0.2663147395765937,2308.7277859069613,2317.8851313827386,2.447867018994823,-2.3112023019191974
SEN,1994,1995,Agriculture,0.6497564374932091,0.6396468065294061,339.0898275127874,369.01687847022464,19.445294014782156,-3.730624460748518
SEN,1994,1995,Manufacturing,0.0839288229301972,0.08883114062052472,2639.402823679399,2596.9498419554952,-3.563028785964401,12.731073151111683
SEN,1994,1995,Services,0.2663147395765937,0.27152205285006914,2317.8851313827386,2295.722491489663,-5.902237671454286,11.954546202150265
SEN,1995,1996,Agriculture,0.6396468065294061,0.6334502102690783,369.01687847022464,355.5511733421432,-8.61329528284393,-2.2032070710870713
SEN,1995,1996,Manufacturing,0.08883114062052472,0.09329374943592043,2596.9498419554952,2566.751492668698,-2.6825538120031966,11.454407838113445
SEN,1995,1996,Services,0.27152205285006914,0.2732560402950013,2295.722491489663,2299.399203753387,0.99830846158545,3.987129350195331
SEN,1996,1997,Agriculture,0.6334502102690783,0.6233694748745064,355.5511733421432,350.6282713383453,-3.1184133094398474,-3.5345908252180114
SEN,1996,1997,Manufacturing,0.09329374943592043,0.0968857542959334,2566.751492668698,2490.6887829916764,-7.096175378025229,8.946566213285864
SEN,1996,1997,Services,0.2732560402950013,0.2797447708295602,2299.399203753387,2302.992793758315,0.981970175190332,14.943499661728676
SEN,1997,1998,Agriculture,0.6233694748745064,0.604963779510859,350.6282713383453,351.7898945140994,0.7241204290718731,-6.474937630436183
SEN,1997,1998,Manufacturing,0.0968857542959334,0.103793206133454,2490.6887829916764,2410.350065750615,-7.783677219067924,16.649376990736993
SEN,1997,1998,Services,0.2797447708295602,0.29124301435568695,2302.992793758315,2263.849087524776,-10.950247129720987,26.03028811475976
SEN,1998,1999,Agriculture,0.604963779510859,0.5926093002003981,351.7898945140994,397.88209279676425,27.884110479044864,-4.915626083460489
SEN,1998,1999,Manufacturing,0.103793206133454,0.10561713550236936,2410.350065750615,2373.570118236593,-3.817508673900535,4.329224247831622
SEN,1998,1999,Services,0.29124301435568695,0.3017735642972325,2263.849087524776,2252.633120725632,-3.2665719794960326,23.721465577780908
SEN,1999,2000,Agriculture,0.5926093002003981,0.5823681047479952,397.88209279676425,405.23324481426056,4.356361052755229,-4.1500728639543105
SEN,1999,2000,Manufacturing,0.10561713550236936,0.10897776533043747,2373.570118236593,2315.9756320434713,-6.082964652448267,7.7831367901242015
SEN,1999,2000,Services,0.3017735642972325,0.3086541299215674,2252.633120725632,2240.5040646659413,-3.6602284786938424,15.415935248523018
SEN,2000,2001,Agriculture,0.5823681047479952,0.574892684601458,405.23324481426056,408.00002632839835,1.611285306640213,-3.049971616602987
SEN,2000,2001,Manufacturing,0.10897776533043747,0.11396770039183822,2315.9756320434713,2255.7507495501345,-6.563173111412023,11.25604975496123
SEN,2000,2001,Services,0.3086541299215674,0.3111396150067038,2240.5040646659413,2249.499503455462,2.7764793328422916,5.591097464860305
SEN,2001,2002,Agriculture,0.574892684601458,0.5637586226506204,408.00002632839835,315.2557045165746,-53.31803214794091,-3.5100765444425135
SEN,2001,2002,Manufacturing,0.11396770039183822,0.11932641052315517,2255.7507495501345,2219.5145881843678,-4.129751981884008,11.893735310309332
SEN,2001,2002,Services,0.3111396150067038,0.3169149668262245,2249.499503455462,2257.7645452918214,2.571581934979089,13.039384574700476
SEN,2002,2003,Agriculture,0.5637586226506204,0.5524427968267072,315.2557045165746,368.78248480863635,30.1761839323751,-4.173078365004451
SEN,2002,2003,Manufacturing,0.11932641052315517,0.12144277867388058,2219.5145881843678,2200.022253143231,-2.325950373173574,4.656057027439493
SEN,2002,2003,Services,0.3169149668262245,0.32611442449941225,2257.7645452918214,2258.233264833788,0.14854423809311432,20.774521336023014
SEN,2003,2004,Agriculture,0.5524427968267072,0.538530825035041,368.78248480863635,374.7612545004067,3.3029282501043715,-5.213668001219076
SEN,2003,2004,Manufacturing,0.12144277867388058,0.12814884097539606,2200.022253143231,2144.7028631010435,-6.7181404412674475,14.382511018194219
SEN,2003,2004,Services,0.32611442449941225,0.3333203339895629,2258.233264833788,2277.5091240664105,6.286135740378427,16.411524611014848
SEN,2004,2005,Agriculture,0.538530825035041,0.5287270637795617,374.7612545004067,413.10690155256276,20.65031294350008,-4.050001435812127
SEN,2004,2005,Manufacturing,0.12814884097539606,0.13154558724946538,2144.7028631010435,2056.417116496401,-11.313716102032451,6.985127178391543
SEN,2004,2005,Services,0.3333203339895629,0.33972734897097295,2277.5091240664105,2296.266153410127,6.2520992854996384,14.712211646203519
SEN,2005,2006,Agriculture,0.5287270637795617,0.5236658695040264,413.10690155256276,368.9022237154683,-23.372209518128408,-1.8670858229009737
SEN,2005,2006,Manufacturing,0.13154558724946538,0.13090044893707942,2056.417116496401,1977.4537138655803,-10.387287170287276,-1.2757311517846048
SEN,2005,2006,Services,0.33972734897097295,0.34543368155889415,2296.266153410127,2293.5250735881677,-0.9312197812320848,13.087616868630512
SEN,2006,2007,Agriculture,0.5236658695040264,0.5144729034591198,368.9022237154683,337.7211573543449,-16.328460228060454,-3.1046591322050525
SEN,2006,2007,Manufacturing,0.13090044893707942,0.13582985318450702,1977.4537138655803,1925.8264897609017,-6.7580268126776355,9.493177278435983
SEN,2006,2007,Services,0.34543368155889415,0.3496972433563732,2293.5250735881677,2304.611992350869,3.829795165344295,9.825855648599255
SEN,2007,2008,Agriculture,0.5144729034591198,0.5166377803054563,337.7211573543449,392.6146915795956,28.24123593399731,0.8499624553322059
SEN,2007,2008,Manufacturing,0.13582985318450702,0.13230445842306154,1925.8264897609017,1898.5891689881153,-3.699641281706908,-6.693276310487824
SEN,2007,2008,Services,0.3496972433563732,0.35105776127148225,2304.611992350869,2311.2306523659536,2.3145271619881065,3.144470708493056
SEN,2008,2009,Agriculture,0.5166377803054563,0.5171711121497239,392.6146915795956,425.4733700869445,16.97603472780733,0.2269184971552323
SEN,2008,2009,Manufacturing,0.13230445842306154,0.134389355242746,1898.5891689881153,1939.0128210996438,5.348229400098034,4.042641664038044
SEN,2008,2009,Services,0.35105776127148225,0.3484395326075301,2311.2306523659536,2279.803844793812,-11.032624710185686,-5.9690477746275254
SEN,2009,2010,Agriculture,0.5171711121497239,0.514464591559313,425.4733700869445,434.34902992834935,4.59023487124199,-1.1755745929260677
SEN,2009,2010,Manufacturing,0.134389355242746,0.1390223611898645,1939.0128210996438,1906.4578192173992,-4.375045712881234,8.832630414364758
SEN,2009,2010,Services,0.3484395326075301,0.34651304725082244,2279.803844793812,2297.169225430243,6.050785112509845,-4.425462874670798
SEN,2010,2011,Agriculture,0.514464591559313,0.5061008783778377,434.34902992834935,367.76761768766715,-34.25377905384481,-3.0759028717741215
SEN,2010,2011,Manufacturing,0.1390223611898645,0.14293352756120406,1906.4578192173992,1870.4866530478535,-5.0007964556432265,7.315784495440258
SEN,2010,2011,Services,0.34651304725082244,0.3509655940609582,2297.169225430243,2267.628662309091,-10.236190544615642,10.096722766936713
SEN,2011,2012,Agriculture,0.5061008783778377,0.5021112656358692,367.76761768766715,389.1713655950785,10.832455616518686,-1.5526430389874137
SEN,2011,2012,Manufacturing,0.14293352756120406,0.143249285412646,1870.4866530478535,1849.7129989345365,-2.9692516627527126,0.5840614023278051
SEN,2011,2012,Services,0.3509655940609582,0.3546394489514848,2267.628662309091,2272.9188293469506,1.8566666171241102,8.350373956966354
SEN,2012,2013,Agriculture,0.5021112656358692,0.4944113801849307,389.1713655950785,385.13274495299765,-2.0278369220183587,-2.9654780195435833
SEN,2012,2013,Manufacturing,0.143249285412646,0.1462351179349444,1849.7129989345365,1784.1998351769935,-9.384713893389693,5.3273218941508995
SEN,2012,2013,Services,0.3546394489514848,0.35935350188012494,2272.9188293469506,2249.7852565774742,-8.20407749924617,10.605606777580435
SEN,2013,2014,Agriculture,0.4944113801849307,0.48805673154573836,385.13274495299765,383.13909526053874,-0.9856830960538755,-2.4347143303187626
SEN,2013,2014,Manufacturing,0.1462351179349444,0.1492511540339908,1784.1998351769935,1752.8542276271703,-4.583828616790875,5.2866716268896585
SEN,2013,2014,Services,0.35935350188012494,0.36269211442027083,2249.7852565774742,2233.29226452426,-5.926814450803537,7.45609756015151
SEN,2014,2015,Agriculture,0.48805673154573836,0.4773873318615221,383.13909526053874,430.195212891167,22.966054970036218,-4.589924668572365
SEN,2014,2015,Manufacturing,0.1492511540339908,0.15133976450927122,1752.8542276271703,1853.8687376151304,15.076532189881133,3.8720096651778437
SEN,2014,2015,Services,0.36269211442027083,0.3712729036292067,2233.29226452426,2229.6153325007026,-1.333594250203705,19.13185918519994
SEN,2015,2016,Agriculture,0.4773873318615221,0.47372907785826696,430.195212891167,443.7640103043585,6.4775719936530285,-1.6234014671964774
SEN,2015,2016,Manufacturing,0.15133976450927122,0.15226767669642535,1853.8687376151304,1881.2488562484143,4.143700706197099,1.7456337407826688
SEN,2015,2016,Services,0.3712729036292067,0.3740032454453077,2229.6153325007026,2274.344311481373,16.606657902523285,6.209737377849133
SEN,2016,2017,Agriculture,0.47372907785826696,0.46863031792588106,443.7640103043585,491.66967319183675,22.694305503874062,-2.5069056296398067
SEN,2016,2017,Manufacturing,0.15226767669642535,0.15501780302232557,1881.2488562484143,1883.1502069075216,0.28951424744748033,5.178900959640812
SEN,2016,2017,Services,0.3740032454453077,0.37635187905179335,2274.344311481373,2338.0888948206743,23.840681048457554,5.491314153326678
SLE,2001,2002,Agriculture,0.7008264769256993,0.6850408986831347,2054.096638196362,2655.126394074364,421.21756633949303,-41.91270543755943
SLE,2001,2002,Manufacturing,0.05178769129465228,0.05805459228760236,4506.3663705403615,5226.046737579322,37.27058467903575,32.75111748893939
SLE,2001,2002,Services,0.24738583177964849,0.256904509029263,5581.403546527862,6184.404390626088,149.17386538106967,58.86734937546856
SLE,2002,2003,Agriculture,0.6850408986831347,0.6826258967869202,2655.126394074364,2778.105714557414,84.24586422315,-6.709130568540393
SLE,2002,2003,Manufacturing,0.05805459228760236,0.059692104452471494,5226.046737579322,6297.938463269209,62.228237111380885,10.312950847200543
SLE,2002,2003,Services,0.256904509029263,0.2576819987606083,6184.404390626088,6088.632786348939,-24.60415697576582,4.7338494693188515
SLE,2003,2004,Agriculture,0.6826258967869202,0.6846004344723913,2778.105714557414,2807.95631712394,20.376794346604786,5.544415567317767
SLE,2003,2004,Manufacturing,0.059692104452471494,0.06079975876064534,6297.938463269209,6553.583143947515,15.259968981768164,7.259104603368971
SLE,2003,2004,Services,0.2576819987606083,0.25459980676696337,6088.632786348939,5956.2314516531615,-34.11744056298016,-18.35824889258165
SLE,2004,2005,Agriculture,0.6846004344723913,0.6814482721398833,2807.95631712394,2925.5320847948396,80.49242163092273,-9.221752040233671
SLE,2004,2005,Manufacturing,0.06079975876064534,0.056928837820688125,6553.583143947515,6917.578069426661,22.130803659231177,-26.777397802732477
SLE,2004,2005,Services,0.25459980676696337,0.26162289003942857,5956.2314516531615,5743.102476277209,-54.2625959471585,40.33428693319595
SLE,2005,2006,Agriculture,0.6814482721398833,0.6771049334471051,2925.5320847948396,3055.6757752123867,88.68619296494535,-13.271834827065144
SLE,2005,2006,Manufacturing,0.056928837820688125,0.05380700420105631,6917.578069426661,7626.672862881678,40.36794249609499,-23.80920374927765
SLE,2005,2006,Services,0.26162289003942857,0.26908806235183874,5743.102476277209,5543.073044148808,-52.33227812637797,41.37999541484685
SLE,2006,2007,Agriculture,0.6771049334471051,0.6691499246459741,3055.6757752123867,3444.2356291518136,263.09579404187247,-27.39892474307158
SLE,2006,2007,Manufacturing,0.05380700420105631,0.05217868728850449,7626.672862881678,8043.607136849581,22.43398423095533,-13.097541538854667
SLE,2006,2007,Services,0.26908806235183874,0.27867138806552133,5543.073044148808,5345.526362346356,-53.15745383025693,51.227920241441986
SLE,2007,2008,Agriculture,0.6691499246459741,0.6606770212530113,3444.2356291518136,3673.5407769409317,153.43952236402234,-31.12555611313004
SLE,2007,2008,Manufacturing,0.05217868728850449,0.050071067678085036,8043.607136849581,6855.377690407297,-62.00025271290473,-14.44852845713446
SLE,2007,2008,Services,0.27867138806552133,0.2892519110689037,5345.526362346356,5470.83377172131,34.91958970541288,57.884282569378385
SLE,2008,2009,Agriculture,0.6606770212530113,0.6545243405031638,3673.5407769409317,3825.959274420613,100.69939889873542,-23.53990597742836
SLE,2008,2009,Manufacturing,0.050071067678085036,0.0478217960967425,6855.377690407297,6818.161283881596,-1.863465209883507,-15.335896412844798
SLE,2008,2009,Services,0.2892519110689037,0.2976538634000937,5470.83377172131,5462.90873122968,-2.2923331075024707,45.89909874943347
SLE,2009,2010,Agriculture,0.6545243405031638,0.6425725639413629,3825.959274420613,3965.7800092322614,91.51607424126195,-47.39811656360073
SLE,2009,2010,Manufacturing,0.0478217960967425,0.04704522980176518,6818.161283881596,7717.471168618687,43.006613935682175,-5.9931279920085
SLE,2009,2010,Services,0.2976538634000937,0.31038220625687185,5462.90873122968,5505.154224720052,12.574534348652916,70.07149045167755
SLE,2010,2011,Agriculture,0.6425725639413629,0.631380189188599,3965.7800092322614,4178.613092949611,136.7607002958042,-46.76860368309795
SLE,2010,2011,Manufacturing,0.04704522980176518,0.046944046255877676,7717.471168618687,8369.276466408777,30.66433002054276,-0.8468330693841012
SLE,2010,2011,Services,0.31038220625687185,0.3216757645555233,5505.154224720052,5644.278724252782,43.181769109351784,63.74399082618696
SLE,2011,2012,Agriculture,0.631380189188599,0.6130343442009892,4178.613092949611,4426.089432677031,156.25165819680046,-81.20035063319024
SLE,2011,2012,Manufacturing,0.046944046255877676,0.05012554519620728,8369.276466408777,19400.01189844222,517.8273543577267,61.721117297275626
SLE,2011,2012,Services,0.3216757645555233,0.3368401106028035,5644.278724252782,5664.70706207479,6.571301187492925,85.90157814577394
SLE,2012,2013,Agriculture,0.6130343442009892,0.5910949137722598,4426.089432677031,4753.778376745234,200.8845769287652,-104.29518997020061
SLE,2012,2013,Manufacturing,0.05012554519620728,0.05518476951005411,19400.01189844222,35915.15081645929,827.8303422567064,181.70280424610672
SLE,2012,2013,Services,0.3368401106028035,0.3537203167176861,5664.70706207479,5670.434043202566,1.929076956500107,95.71809541010649
SLE,2013,2014,Agriculture,0.5910949137722598,0.5764932739552704,4753.778376745234,4851.129039036562,57.54348133276506,-70.83443893374962
SLE,2013,2014,Manufacturing,0.05518476951005411,0.055970499556674595,35915.15081645929,39908.40334113573,220.3667201697111,31.357231617779643
SLE,2013,2014,Services,0.3537203167176861,0.3675362264880549,5670.434043202566,5503.274150959369,-59.127850026757834,76.03273911125751
SLE,2014,2015,Agriculture,0.5764932739552704,0.5973388482199933,4851.129039036562,4676.349337061831,-100.7593226123393,97.48118739351004
SLE,2014,2015,Manufacturing,0.055970499556674595,0.04865400307557319,39908.40334113573,9975.26034689102,-1675.372966689251,-72.98395722609855
SLE,2014,2015,Services,0.3675362264880549,0.35400714870443345,5503.274150959369,5628.624158894204,46.070668906617016,-76.15009406045053
SLE,2015,2016,Agriculture,0.5973388482199933,0.5953747267826051,4676.349337061831,4722.827446432328,27.763180318815493,-9.276206632623209
SLE,2015,2016,Manufacturing,0.04865400307557319,0.04951809509518426,9975.26034689102,12635.620482236538,129.43717020723312,10.918338821534817
SLE,2015,2016,Services,0.35400714870443345,0.35510717812221076,5628.624158894204,5690.272754379657,21.824043509438354,6.259467424994374
SLE,2016,2017,Agriculture,0.5953747267826051,0.5924423462195972,4722.827446432328,4851.94443367166,76.87299100061043,-14.227747550092756
SLE,2016,2017,Manufacturing,0.04951809509518426,0.05030291628062915,12635.620482236538,9948.00740595739,-133.08547989025152,7.807406965157991
SLE,2016,2017,Services,0.35510717812221076,0.35725473749977366,5690.272754379657,4647.985503471944,-370.1236844625947,9.981824854757548
SWZ,1991,1992,Agriculture,0.1662006138842328,0.16347631576090882,86.3526015112041,80.59489988073258,-0.956933545546614,-0.2195645344945635
SWZ,1991,1992,Manufacturing,0.2516488043312172,0.2526052297601075,150.4309963080143,155.26529760292073,1.2165461406400568,0.14849967885165277
SWZ,1991,1992,Services,0.58215058178455,0.5839184544789836,73.97360072912352,76.87227788965974,1.68746659541175,0.1359004010400389
SWZ,1992,1993,Agriculture,0.16347631576090882,0.16200732177276897,80.59489988073258,52.09328202341876,-4.659339480538992,-0.07652471811487585
SWZ,1992,1993,Manufacturing,0.2526052297601075,0.25147614234418014,155.26529760292073,155.06273684749817,-0.05116790616389495,-0.17507938485376853
SWZ,1992,1993,Services,0.5839184544789836,0.5865165358830509,76.87227788965974,80.62728786255451,2.192619619925883,0.2094762572560803
SWZ,1993,1994,Agriculture,0.16200732177276897,0.16123130759049906,52.09328202341876,59.20178002135991,1.151628722473536,-0.045941420912198876
SWZ,1993,1994,Manufacturing,0.25147614234418014,0.2506554227290439,155.06273684749817,158.17607316533503,0.7829298070296464,-0.1298182058920163
SWZ,1993,1994,Services,0.5865165358830509,0.5881132696804571,80.62728786255451,78.9720222426804,-0.9708406573348766,0.12609729696440303
SWZ,1994,1995,Agriculture,0.16123130759049906,0.16003222856012375,59.20178002135991,59.35951416599524,0.02543168239122387,-0.07117674868971077
SWZ,1994,1995,Manufacturing,0.2506554227290439,0.2518857812517604,158.17607316533503,161.69372026867498,0.8817173216992729,0.19894124680230577
SWZ,1994,1995,Services,0.5881132696804571,0.5880819901881158,78.9720222426804,83.0518703889056,2.3994128330762554,-0.002597820343758256
SWZ,1995,1996,Agriculture,0.16003222856012375,0.1586546601723878,59.35951416599524,65.61962698215028,1.0018198050070828,-0.09039552374563521
SWZ,1995,1996,Manufacturing,0.2518857812517604,0.25068054945808554,161.69372026867498,160.58422677129133,-0.27946563638222943,-0.19354121566745663
SWZ,1995,1996,Services,0.5880819901881158,0.5906647903695267,83.0518703889056,85.05599793172826,1.1785913139739672,0.2196826468881514
SWZ,1996,1997,Agriculture,0.1586546601723878,0.1575812615820602,65.61962698215028,67.61167132286015,0.3160471179236523,-0.07257427268765079
SWZ,1996,1997,Manufacturing,0.25068054945808554,0.2517651000360598,160.58422677129133,166.68992145044467,1.5305788969934697,0.18078365065156068
SWZ,1996,1997,Services,0.5906647903695267,0.5906536383818799,85.05599793172826,82.88522404448071,-1.282199703050716,-0.000924334994645032
SWZ,1997,1998,Agriculture,0.1575812615820602,0.15637773765000731,67.61167132286015,68.44065373035346,0.13063209360212988,-0.08236996468982537
SWZ,1997,1998,Manufacturing,0.2517651000360598,0.2520604614520033,166.68992145044467,166.41640185928816,-0.06886268722934198,0.049152984089381166
SWZ,1997,1998,Services,0.5906536383818799,0.5915618008979895,82.88522404448071,83.08613032947964,0.1186660282084086,0.07545570917382952
SWZ,1998,1999,Agriculture,0.15637773765000731,0.15512547033012938,68.44065373035346,76.28200194956878,1.2262122946468053,-0.09552545813630961
SWZ,1998,1999,Manufacturing,0.2520604614520033,0.25059413828770455,166.41640185928816,166.20792977580356,-0.05254756956298729,-0.24371453752039787
SWZ,1998,1999,Services,0.5915618008979895,0.5942803913821662,83.08613032947964,85.68787972538475,1.5390955581268786,0.23295025443070547
SWZ,1999,2000,Agriculture,0.15512547033012938,0.1562783917293969,76.28200194956878,87.50801602016688,1.7414407126341802,0.1008898642770944
SWZ,1999,2000,Manufacturing,0.25059413828770455,0.25051307207546214,166.20792977580356,156.08932806085346,-2.5356622774344104,-0.01265357059735613
SWZ,1999,2000,Services,0.5942803913821662,0.5932085361951409,85.68787972538475,84.2388978656189,-0.8611015067273091,-0.09029189962655296
SWZ,2000,2001,Agriculture,0.1562783917293969,0.1552462355706883,87.50801602016688,85.43643295562066,-0.32374366966113827,-0.08818374045323658
SWZ,2000,2001,Manufacturing,0.25051307207546214,0.2507788768352,156.08932806085346,155.27849253855027,-0.20312489764008493,0.041273762401667115
SWZ,2000,2001,Services,0.5932085361951409,0.5939748875941117,84.2388978656189,84.17385454965276,-0.03858425025354964,0.0645067511908863
SWZ,2001,2002,Agriculture,0.1552462355706883,0.1537160316593108,85.43643295562066,89.05821576681014,0.5622681474917911,-0.136277230106675
SWZ,2001,2002,Manufacturing,0.2507788768352,0.2503956124517793,155.27849253855027,164.58645464451104,2.3342402825574444,-0.06308012605872397
SWZ,2001,2002,Services,0.5939748875941117,0.5958883558889099,84.17385454965276,86.61527261693062,1.4501410220816036,0.16573557799780078
SWZ,2002,2003,Agriculture,0.1537160316593108,0.15140202422567453,89.05821576681014,97.72957912748376,1.3329275648786945,-0.22614697258714173
SWZ,2002,2003,Manufacturing,0.2503956124517793,0.24863966506511034,164.58645464451104,169.04585329201518,1.1166138555084366,-0.2968356243153422
SWZ,2002,2003,Services,0.5958883558889099,0.5999583107092151,86.61527261693062,90.14155693999386,2.1012717676669896,0.36687206417774865
SWZ,2003,2004,Agriculture,0.15140202422567453,0.14893664813593405,97.72957912748376,85.63345932938986,-1.831377022707673,-0.21111868311244197
SWZ,2003,2004,Manufacturing,0.24863966506511034,0.24808731109299495,169.04585329201518,169.1402474447626,0.023470130523221475,-0.09342528752069518
SWZ,2003,2004,Services,0.5999583107092151,0.602976040771071,90.14155693999386,97.22809185257397,4.251625514933436,0.2934081356403997
SWZ,2004,2005,Agriculture,0.14893664813593405,0.14737191960928417,85.63345932938986,102.8464261780474,2.563641586914004,-0.16092673690478151
SWZ,2004,2005,Manufacturing,0.24808731109299495,0.2485562154746563,169.1402474447626,171.39653892182847,0.5597572855873141,0.08036858810203744
SWZ,2004,2005,Services,0.602976040771071,0.6040718649160595,97.22809185257397,101.53275229745701,2.595607111919413,0.1112620414746832
SWZ,2005,2006,Agriculture,0.14737191960928417,0.14539060953117885,102.8464261780474,98.13276491104938,-0.6946613093054282,-0.19443143611060165
SWZ,2005,2006,Manufacturing,0.2485562154746563,0.24814970588992458,171.39653892182847,187.51973576570683,4.007520788867328,-0.07622856991512209
SWZ,2005,2006,Services,0.6040718649160595,0.6064596845788965,101.53275229745701,104.10325700106439,1.5527695700836148,0.24857980403252308
SWZ,2006,2007,Agriculture,0.14539060953117885,0.14376183172314785,98.13276491104938,93.45037839117153,-0.6807750301856162,-0.15220990247563998
SWZ,2006,2007,Manufacturing,0.24814970588992458,0.24822637831641198,187.51973576570683,196.3788537393416,2.198387519601612,0.015056843227009703
SWZ,2006,2007,Services,0.6064596845788965,0.6080117899604401,104.10325700106439,105.60884340492778,0.9130774555932666,0.16391605418738378
SWZ,2007,2008,Agriculture,0.14376183172314785,0.14231600680925807,93.45037839117153,98.39475570966157,0.7108127400365143,-0.14226158920112753
SWZ,2007,2008,Manufacturing,0.24822637831641198,0.24634186662610613,196.3788537393416,181.58713396300413,-3.6716950291514947,-0.34220307676241496
SWZ,2007,2008,Services,0.6080117899604401,0.6113421265646358,105.60884340492778,104.10556646201722,-0.9140101048653079,0.3467065786889824
SWZ,2008,2009,Agriculture,0.14231600680925807,0.14135435639737645,98.39475570966157,104.4547321456443,0.8624316477272621,-0.10044893619084319
SWZ,2008,2009,Manufacturing,0.24634186662610613,0.24530211169700378,181.58713396300413,171.14290213120194,-2.572851564921949,-0.17794667607179906
SWZ,2008,2009,Services,0.6113421265646358,0.6133435319056199,104.10556646201722,103.69115926880225,-0.2533445747637217,0.20752803997340658
SWZ,2009,2010,Agriculture,0.14135435639737645,0.13958009710596378,104.4547321456443,89.2722175298714,-2.14611458200634,-0.15839206141738754
SWZ,2009,2010,Manufacturing,0.24530211169700378,0.24315048481275842,171.14290213120194,182.05726073399944,2.677315213084588,-0.39171929666734057
SWZ,2009,2010,Services,0.6133435319056199,0.6172694180812778,103.69115926880225,101.72125635637654,-1.2082272098183515,0.39934607410005424
SWZ,2010,2011,Agriculture,0.13958009710596378,0.13823318230100726,89.2722175298714,91.51892231287356,0.31359527177987456,-0.12326819139687524
SWZ,2010,2011,Manufacturing,0.24315048481275842,0.24139892620410006,182.05726073399944,178.26945765780977,-0.9210061543507773,-0.3122494032213937
SWZ,2010,2011,Services,0.6172694180812778,0.6203678914948927,101.72125635637654,99.17841322672783,-1.5696192989102382,0.30730167658752955
SWZ,2011,2012,Agriculture,0.13823318230100726,0.13727923122418692,91.51892231287356,99.90451191109086,1.1591667356318034,-0.09530401671679524
SWZ,2011,2012,Manufacturing,0.24139892620410006,0.24139333489280781,178.26945765780977,180.02290469917506,0.4232802329413375,-0.0010065640999065623
SWZ,2011,2012,Services,0.6203678914948927,0.6213274338830053,99.17841322672783,97.6556185642179,-0.944692913960958,0.09370470544972061
SWZ,2012,2013,Agriculture,0.13727923122418692,0.13487713242348837,99.90451191109086,103.47743891774597,0.4904886726937484,-0.24856303192367551
SWZ,2012,2013,Manufacturing,0.24139333489280781,0.2395763373205109,180.02290469917506,181.0751399403293,0.25400257395396225,-0.3290130896749032
SWZ,2012,2013,Services,0.6213274338830053,0.6255465302560007,97.6556185642179,96.39587295466276,-0.782714506930277,0.4067034779547474
SWZ,2013,2014,Agriculture,0.13487713242348837,0.13333035289258474,103.47743891774597,93.07227185230079,-1.4034190961745698,-0.14396228499583644
SWZ,2013,2014,Manufacturing,0.2395763373205109,0.23774060622693707,181.0751399403293,177.62284100648696,-0.8270891339054532,-0.32606777216452754
SWZ,2013,2014,Services,0.6255465302560007,0.6289290408804782,96.39587295466276,94.29291723210575,-1.3154966555275405,0.3189467943505729
SWZ,2014,2015,Agriculture,0.13333035289258474,0.13275738705109658,93.07227185230079,93.06516184800549,-0.0009479793817600326,-0.05332315877147478
SWZ,2014,2015,Manufacturing,0.23774060622693707,0.23701663374373275,177.62284100648696,171.42479558340554,-1.4735270763054706,-0.12410683494131226
SWZ,2014,2015,Services,0.6289290408804782,0.6302259792051706,94.29291723210575,94.00465285417678,-0.18129783873087352,0.12191823698599277
SWZ,2015,2016,Agriculture,0.13275738705109658,0.1320456281107746,93.06516184800549,82.21346129025748,-1.4406434111075523,-0.05851616608815464
SWZ,2015,2016,Manufacturing,0.23701663374373275,0.23711118922300584,171.42479558340554,169.55796619074778,-0.4424696184216001,0.016032634757736478
SWZ,2015,2016,Services,0.6302259792051706,0.6308431826662195,94.00465285417678,92.16081189342148,-1.1620364749906122,0.056881972073694186
SWZ,2016,2017,Agriculture,0.1320456281107746,0.13108640921379885,82.21346129025748,76.68469480647174,-0.7300494430292874,-0.07355740836718626
SWZ,2016,2017,Manufacturing,0.23711118922300584,0.23665811536482725,169.55796619074778,167.37174400916464,-0.518377741380891,-0.0758317618083102
SWZ,2016,2017,Services,0.6308431826662195,0.632255475421374,92.16081189342148,91.49614408179792,-0.41930115770039733,0.12921934141128824
TZA,1960,1961,Agriculture,0.90939621118968,0.8854292359793597,464.7380608538506,409.46231094668457,-50.26755753624508,-9.813573056019614
TZA,1960,1961,Manufacturing,0.014077908274278761,0.01361858441002405,13638.488875465418,16044.38751957709,33.87002042901576,-7.3695700750921995
TZA,1960,1961,Services,0.07652588053604124,0.10095217961061614,5668.18693174152,3965.8781308331754,-130.27067993376363,96.87172531704722
TZA,1961,1962,Agriculture,0.8854292359793597,0.8951452479776164,409.46231094668457,433.9462860691257,21.67882738640068,4.216227322046546
TZA,1961,1962,Manufacturing,0.01361858441002405,0.014628204985361002,16044.38751957709,15415.450965697071,-8.565225547564683,15.563756473065633
TZA,1961,1962,Services,0.10095217961061614,0.0902265470370226,3965.8781308331754,4659.11866432027,69.98414284994853,-49.97199491027114
TZA,1962,1963,Agriculture,0.8951452479776164,0.9028758367150221,433.9462860691257,446.8994977439916,11.595005876804429,3.454796224011979
TZA,1962,1963,Manufacturing,0.014628204985361002,0.015254231804152979,15415.450965697071,13989.411703220798,-20.86039464867595,8.757746905338568
TZA,1962,1963,Services,0.0902265470370226,0.08186993148082497,4659.11866432027,5389.679696331733,65.91599931819803,-45.03948119328826
TZA,1963,1964,Agriculture,0.9028758367150221,0.9071723293044419,446.8994977439916,468.10097871436653,19.14230487072487,2.01119238614642
TZA,1963,1964,Manufacturing,0.015254231804152979,0.01659938055020415,13989.411703220798,13858.893455815887,-1.990955600586295,18.642273153747524
TZA,1963,1964,Services,0.08186993148082497,0.07622829014535393,5389.679696331733,6243.936022110315,69.93790685855383,-35.22604755837419
TZA,1964,1965,Agriculture,0.9071723293044419,0.9095469732358518,468.10097871436653,448.51754979387846,-17.76554482956714,1.0650694777488476
TZA,1964,1965,Manufacturing,0.01659938055020415,0.018552446713800616,13858.893455815887,13331.840112755317,-8.748759011719702,26.037965822700503
TZA,1964,1965,Services,0.07622829014535393,0.07190058005034777,6243.936022110315,6845.950118784309,45.89050523285834,-29.627287438971432
TZA,1965,1966,Agriculture,0.9095469732358518,0.9085645565886881,448.51754979387846,502.0263591995686,48.66877563639956,-0.49319905259263824
TZA,1965,1966,Manufacturing,0.018552446713800616,0.021689544791613516,13331.840112755317,12809.84473128674,-9.684291499545814,40.18573928360133
TZA,1965,1966,Services,0.07190058005034777,0.0697458986196984,6845.950118784309,7676.918408612656,59.74710204210367,-16.541313539647994
TZA,1966,1967,Agriculture,0.9085645565886881,0.9088727433215652,502.0263591995686,490.32207497595357,-10.634097805816783,0.15111075834437723
TZA,1966,1967,Manufacturing,0.021689544791613516,0.024944752409797443,12809.84473128674,12601.268581138298,-4.523921751106922,41.019745484103154
TZA,1966,1967,Services,0.0697458986196984,0.06618250426863735,7676.918408612656,8396.065508222078,50.15756070200891,-29.9184924031371
TZA,1967,1968,Agriculture,0.9088727433215652,0.9068153088785288,490.32207497595357,492.3427232434105,1.836512134131539,-1.0129628765793357
TZA,1967,1968,Manufacturing,0.024944752409797443,0.02543319545733943,12601.268581138298,11976.310710937592,-15.58941933871093,5.849745701960084
TZA,1967,1968,Services,0.06618250426863735,0.06775149566413184,8396.065508222078,8579.231118454365,12.122358781065886,13.46073980481347
TZA,1968,1969,Agriculture,0.9068153088785288,0.9079096925972886,492.3427232434105,476.6219219247855,-14.255863303566892,0.5216072713584927
TZA,1968,1969,Manufacturing,0.02543319545733943,0.02574513559710379,11976.310710937592,11588.1714321994,-9.871622140819186,3.614815816173644
TZA,1968,1969,Services,0.06775149566413184,0.06634517180560774,8579.231118454365,8665.425734486405,5.839814154366291,-12.186394954676954
TZA,1969,1970,Agriculture,0.9079096925972886,0.9027230992875058,476.6219219247855,476.87027381827,0.22548109126945096,-2.4733321718201178
TZA,1969,1970,Manufacturing,0.02574513559710379,0.026523997656164366,11588.1714321994,11330.771904682364,-6.62678573855655,8.825108336426648
TZA,1969,1970,Services,0.06634517180560774,0.07075290305632978,8665.425734486405,8502.260102407683,-10.82525189303342,37.4756775551495
TZA,1970,1971,Agriculture,0.9027230992875058,0.8974448316351263,476.87027381827,459.1174528025698,-16.025881608389245,-2.42334479977067
TZA,1970,1971,Manufacturing,0.026523997656164366,0.02899471646002137,11330.771904682364,11676.387928651695,9.167118609695379,28.849071216448653
TZA,1970,1971,Services,0.07075290305632978,0.07356045190485229,8502.260102407683,8363.271242535138,-9.83386532847196,23.48029254686094
TZA,1971,1972,Agriculture,0.8974448316351263,0.8922733474169926,459.1174528025698,484.07664053957143,22.399494036382936,-2.5033947069175917
TZA,1971,1972,Manufacturing,0.02899471646002137,0.030098377438692883,11676.387928651695,11339.808935946714,-9.759012459880523,12.515304628194938
TZA,1971,1972,Services,0.07356045190485229,0.07762827514431452,8363.271242535138,8132.309954583466,-16.989616714251753,33.080799423764624
TZA,1972,1973,Agriculture,0.8922733474169926,0.888390241681158,484.07664053957143,476.34228843297115,-6.901156244257903,-1.849687472434656
TZA,1972,1973,Manufacturing,0.030098377438692883,0.030379864522422063,11339.808935946714,11122.232518211364,-6.548697142757287,3.1307647961091734
TZA,1972,1973,Services,0.07762827514431452,0.08122989379642002,8132.309954583466,7943.191899545795,-14.680908411221884,28.60834810265753
TZA,1973,1974,Agriculture,0.888390241681158,0.8822994432635073,476.34228843297115,445.05981448968646,-27.791044586859208,-2.7107696138536963
TZA,1973,1974,Manufacturing,0.030379864522422063,0.029732464093593765,11122.232518211364,10985.657222092645,-4.1491389931963605,-7.112119196543474
TZA,1973,1974,Services,0.08122989379642002,0.08796809264289905,7943.191899545795,7653.984346585609,-23.49229881207844,51.57406849513168
TZA,1974,1975,Agriculture,0.8822994432635073,0.8773540264763993,445.05981448968646,470.5385267931129,22.479853680384227,-2.32700912938374
TZA,1974,1975,Manufacturing,0.029732464093593765,0.028426464552382857,10985.657222092645,10778.935118777315,-6.146357514175205,-14.077284319865319
TZA,1974,1975,Services,0.08796809264289905,0.09421950897121795,7653.984346585609,7311.469969766127,-30.130336431581036,45.707042753009226
TZA,1975,1976,Agriculture,0.8773540264763993,0.8714053852683429,470.5385267931129,476.3357777210148,5.086241444088748,-2.833550636222814
TZA,1975,1976,Manufacturing,0.028426464552382857,0.030091678473285432,10778.935118777315,10388.688397398564,-11.093334591956703,17.299388539267152
TZA,1975,1976,Services,0.09421950897121795,0.09850293625837178,7311.469969766127,7050.778546604551,-24.56221788329173,30.20149722220479
TZA,1976,1977,Agriculture,0.8714053852683429,0.8715834712623175,476.3357777210148,464.9901164872582,-9.886670298525749,0.0828082270830074
TZA,1976,1977,Manufacturing,0.030091678473285432,0.029043115981056262,10388.688397398564,10243.128266425594,-4.380148659767929,-10.74056010326628
TZA,1976,1977,Services,0.09850293625837178,0.09937341275662617,7050.778546604551,6807.659249604589,-23.947964615567415,5.925907384904918
TZA,1977,1978,Agriculture,0.8715834712623175,0.8688784472511301,464.9901164872582,443.2625608171313,-18.937378393014445,-1.1990358702707733
TZA,1977,1978,Manufacturing,0.029043115981056262,0.02730469984281806,10243.128266425594,9909.533855849992,-9.688621156979325,-17.226893577427457
TZA,1977,1978,Services,0.09937341275662617,0.10381685290605176,6807.659249604589,6568.762763764367,-23.739959093507824,29.18790419656239
TZA,1978,1979,Agriculture,0.8688784472511301,0.8630414282786385,443.2625608171313,435.2673752620752,-6.946844410561843,-2.5406639275113356
TZA,1978,1979,Manufacturing,0.02730469984281806,0.028700545466586267,9909.533855849992,9793.941693663124,-3.1562092926947587,13.670830652540653
TZA,1978,1979,Services,0.10381685290605176,0.10825802625477524,6568.762763764367,6469.759311522489,-10.278226838586392,28.733322626989207
TZA,1979,1980,Agriculture,0.8630414282786385,0.8595635262009693,435.2673752620752,442.64019544859076,6.363049264211986,-1.5394592554105464
TZA,1979,1980,Manufacturing,0.028700545466586267,0.02797877201572592,9793.941693663124,9736.319620406657,-1.6537849333761971,-7.027417011100222
TZA,1979,1980,Services,0.10825802625477524,0.1124577017833048,6469.759311522489,6301.402549106943,-18.225970805751107,26.463846080898264
TZA,1980,1981,Agriculture,0.8595635262009693,0.8612532158495232,442.64019544859076,434.83420572013705,-6.709744056478218,0.7347348562424603
TZA,1980,1981,Manufacturing,0.02797877201572592,0.025582267672856797,9736.319620406657,9583.157035763788,-4.2853010370621485,-22.966077454604708
TZA,1980,1981,Services,0.1124577017833048,0.11316451647762012,6301.402549106943,6256.369238372305,-5.064342628910897,4.422093710743852
TZA,1981,1982,Agriculture,0.8612532158495232,0.8618601037637542,434.83420572013705,428.4817516058665,-5.471071534452028,0.2600403965181403
TZA,1981,1982,Manufacturing,0.025582267672856797,0.025182284552699313,9583.157035763788,9502.188724384754,-2.0713530147176717,-3.800715094304679
TZA,1981,1982,Services,0.11316451647762012,0.11295761168354655,6256.369238372305,6173.908474123164,-9.331632514629064,-1.277411261467489
TZA,1982,1983,Agriculture,0.8618601037637542,0.8676255509673354,428.4817516058665,428.43037890769193,-0.044276078979375307,2.470092730002581
TZA,1982,1983,Manufacturing,0.025182284552699313,0.020427701614941444,9502.188724384754,8774.097225504935,-18.335007305192967,-41.71717296261441
TZA,1982,1983,Services,0.11295761168354655,0.11194674741772317,6173.908474123164,5899.44040880771,-31.003257141437313,-5.9635334976181715
TZA,1983,1984,Agriculture,0.8676255509673354,0.8640687595012063,428.43037890769193,433.1629300410657,4.106082284574497,-1.5406702130135317
TZA,1983,1984,Manufacturing,0.020427701614941444,0.021626823611779585,8774.097225504935,8754.427402324882,-0.40180927874077815,10.497626467850349
TZA,1983,1984,Services,0.11194674741772317,0.114304416887014,5899.44040880771,5658.104383404589,-27.016783078600444,13.339939958813565
TZA,1984,1985,Agriculture,0.8640687595012063,0.8601992254647127,433.1629300410657,446.5754637093187,11.589351328495527,-1.7280389566861183
TZA,1984,1985,Manufacturing,0.021626823611779585,0.02026099673923884,8754.427402324882,8503.159914500455,-5.434117638553857,-11.613844312735985
TZA,1984,1985,Services,0.114304416887014,0.11953977779604844,5658.104383404589,5324.0687811155185,-38.181744739154674,27.87342157366282
TZA,1985,1986,Agriculture,0.8601992254647127,0.8607128784360113,446.5754637093187,459.3599097093132,10.997170547190704,0.23595158251763276
TZA,1985,1986,Manufacturing,0.02026099673923884,0.020042559889515473,8503.159914500455,8656.075990418996,3.098232115562769,-1.8908059703131994
TZA,1985,1986,Services,0.11953977779604844,0.11924456167447327,5324.0687811155185,5152.789242661841,-20.47471796776235,-1.5211864555128733
TZA,1986,1987,Agriculture,0.8607128784360113,0.8546263059417433,459.3599097093132,466.85209984302713,6.448624535778828,-2.84152914979584
TZA,1986,1987,Manufacturing,0.020042559889515473,0.022528401955065554,8656.075990418996,9159.541208704264,10.09073178977046,22.769172837736495
TZA,1986,1987,Services,0.11924456167447327,0.12284529210319114,5152.789242661841,4975.526022906826,-21.137674940692555,17.91552794955825
TZA,1987,1988,Agriculture,0.8546263059417433,0.8493249623353969,466.85209984302713,474.6051278524308,6.625941687539545,-2.5160448600796883
TZA,1987,1988,Manufacturing,0.022528401955065554,0.023717110390817992,9159.541208704264,9160.910768306036,0.030853989210127202,10.88965190946073
TZA,1987,1988,Services,0.12284529210319114,0.12695792727378513,4975.526022906826,4813.240498713046,-19.936012623704457,19.79510215953461
TZA,1988,1989,Agriculture,0.8493249623353969,0.844769974582653,474.6051278524308,483.7579657956119,7.773733741354241,-2.203511609491304
TZA,1988,1989,Manufacturing,0.023717110390817992,0.02271996109482533,9160.910768306036,8638.2243118127,-12.396612388437909,-8.613599291150747
TZA,1988,1989,Services,0.12695792727378513,0.13251006432252174,4813.240498713046,4738.506915202044,-9.48802086029909,26.308839799587897
TZA,1989,1990,Agriculture,0.844769974582653,0.8429380983646496,483.7579657956119,502.0539206690295,15.455873333382351,-0.9197006374289624
TZA,1989,1990,Manufacturing,0.02271996109482533,0.026137888331707586,8638.2243118127,9606.913574147406,22.00858235321954,32.8357315674523
TZA,1989,1990,Services,0.13251006432252174,0.130924013303643,4738.506915202044,4711.301833960035,-3.6049470652780857,-7.472365073997575
TZA,1990,1991,Agriculture,0.8429380983646496,0.8403278816274182,502.0539206690295,508.6053610269527,5.522458676857236,-1.3275702259981634
TZA,1990,1991,Manufacturing,0.026137888331707586,0.02653460009140492,9606.913574147406,9022.546550173223,-15.274120017369468,3.5793503188703277
TZA,1990,1991,Services,0.130924013303643,0.13313751828117681,4711.301833960035,4643.842259257531,-8.832078255808751,10.279167955748393
TZA,1991,1992,Agriculture,0.8403278816274182,0.839066754745811,508.6053610269527,517.1480723492914,7.17867850885542,-0.6521893358110249
TZA,1991,1992,Manufacturing,0.02653460009140492,0.026967287209654165,9022.546550173223,8989.94045331693,-0.8651897406233346,3.889831427978012
TZA,1991,1992,Services,0.13313751828117681,0.13396595804453468,4643.842259257531,4591.756458820027,-6.934574207937926,3.8039936341418032
TZA,1992,1993,Agriculture,0.839066754745811,0.8430090834696985,517.1480723492914,519.4591808424245,1.9391743031986997,2.047878849522133
TZA,1992,1993,Manufacturing,0.026967287209654165,0.02539238031432155,8989.94045331693,8718.195477951618,-7.328224798456784,-13.730346173083623
TZA,1992,1993,Services,0.13396595804453468,0.13159853621598003,4591.756458820027,4584.159837361077,-1.0176886716498823,-10.852640064552148
TZA,1993,1994,Agriculture,0.8430090834696985,0.8435742438916495,519.4591808424245,517.6847428969667,-1.495867306074287,0.2925749277332359
TZA,1993,1994,Manufacturing,0.02539238031432155,0.025217867017867494,8718.195477951618,8722.466916773854,0.1084619990635672,-1.5221864548576591
TZA,1993,1994,Services,0.13159853621598003,0.13120788909048303,4584.159837361077,4541.970087020767,-5.552109388102406,-1.774307558588002
TZA,1994,1995,Agriculture,0.8435742438916495,0.8437191714059932,517.6847428969667,536.1517831691887,15.578319534556309,0.0777031452456506
TZA,1994,1995,Manufacturing,0.025217867017867494,0.023979340605496332,8722.466916773854,8503.28295017978,-5.527352122018053,-10.531540525663031
TZA,1994,1995,Services,0.13120788909048303,0.13230148798851046,4541.970087020767,4474.91712215256,-8.797877977615734,4.893764433550125
TZA,1995,1996,Agriculture,0.8437191714059932,0.840866603759931,536.1517831691887,546.7495396043729,8.941530278256177,-1.5596400471747942
TZA,1995,1996,Manufacturing,0.023979340605496332,0.02487663525747356,8503.28295017978,8534.922776914857,0.758702181979276,7.658340562764341
TZA,1995,1996,Services,0.13230148798851046,0.13425676098259542,4474.91712215256,4385.557798965329,-11.822371423316865,8.574962728315592
TZA,1996,1997,Agriculture,0.840866603759931,0.8353087820981453,546.7495396043729,550.5833304081714,3.2237066527160834,-3.060043960360679
TZA,1996,1997,Manufacturing,0.02487663525747356,0.026049971742999566,8534.922776914857,8577.061981180224,1.048281614549731,10.06377976113672
TZA,1996,1997,Services,0.13425676098259542,0.1386412461588552,4385.557798965329,4383.446784656107,-0.2834179435440435,19.21915744824829
TZA,1997,1998,Agriculture,0.8353087820981453,0.8293245464990826,550.5833304081714,553.164174675236,2.155801881506764,-3.310264746217681
TZA,1997,1998,Manufacturing,0.026049971742999566,0.028107051097371116,8577.061981180224,8628.127240548904,1.3302485636030346,17.748742413423916
TZA,1997,1998,Services,0.1386412461588552,0.14256840240354637,4383.446784656107,4384.51862778173,0.14860166662314228,17.218689709057788
TZA,1998,1999,Agriculture,0.8293245464990826,0.8272708833282126,553.164174675236,561.249997735066,6.70577154216532,-1.1526184499993581
TZA,1998,1999,Manufacturing,0.028107051097371116,0.028460247655407136,8628.127240548904,8943.439281870435,8.862491657040666,3.158791971360774
TZA,1998,1999,Services,0.14256840240354637,0.14426886901638017,4384.51862778173,4408.59777799794,3.4329259775600836,7.496673330898754
TZA,1999,2000,Agriculture,0.8272708833282126,0.8252107465456819,561.249997735066,567.2897241413369,4.996489799176471,-1.1686944270552606
TZA,1999,2000,Manufacturing,0.028460247655407136,0.028619156034812656,8943.439281870435,8996.644525324713,1.5142344052749923,1.4296422016068953
TZA,1999,2000,Services,0.14426886901638017,0.14617009741950537,4408.59777799794,4443.092499321187,4.976514432339952,8.447333657421995
TZA,2000,2001,Agriculture,0.8252107465456819,0.8229001745048355,567.2897241413369,581.3109034226959,11.570427822221083,-1.3431607204876386
TZA,2000,2001,Manufacturing,0.028619156034812656,0.029156816643987494,8996.644525324713,9219.364318435271,6.3740525110722634,4.956889035654672
TZA,2000,2001,Services,0.14617009741950537,0.14794300885117695,4443.092499321187,4531.440280912358,12.913803841978655,8.033842275966574
TZA,2001,2002,Agriculture,0.8229001745048355,0.8074750956630443,581.3109034226959,603.1606222752746,17.980137456668597,-9.303800152859969
TZA,2001,2002,Manufacturing,0.029156816643987494,0.033305517206502364,9219.364318435271,8711.262364029306,-14.814635521066428,36.14041906986299
TZA,2001,2002,Services,0.14794300885117695,0.15921938713045322,4531.440280912358,4398.720786323944,-19.63492136261745,49.60163953150436
TZA,2002,2003,Agriculture,0.8074750956630443,0.7907745638975217,603.1606222752746,615.776000457507,10.18660370452364,-10.283786656087095
TZA,2002,2003,Manufacturing,0.033305517206502364,0.03793453968036695,8711.262364029306,8371.622282542245,-11.311888577985183,38.75242768859357
TZA,2002,2003,Services,0.15921938713045322,0.17129089642211137,4398.720786323944,4254.82715541436,-22.91065572539951,51.362185540983866
TZA,2003,2004,Agriculture,0.7907745638975217,0.7712118338234597,615.776000457507,640.4942122033874,19.546533113675135,-12.529815387333825
TZA,2003,2004,Manufacturing,0.03793453968036695,0.042637535291378016,8371.622282542245,8120.485947636134,-9.526741261677763,38.190609771009804
TZA,2003,2004,Services,0.17129089642211137,0.1861506308851623,4254.82715541436,4087.945308589663,-28.585341139179878,60.74578178511713
TZA,2004,2005,Agriculture,0.7712118338234597,0.7465171431370504,640.4942122033874,673.9066059865324,25.768033481930846,-16.641915186365313
TZA,2004,2005,Manufacturing,0.042637535291378016,0.04827072693499332,8120.485947636134,7706.42355548134,-17.654599858332432,43.411760774897616
TZA,2004,2005,Services,0.1861506308851623,0.20521212992795626,4087.945308589663,3869.218842818603,-40.71606959456464,73.7531112687472
TZA,2005,2006,Agriculture,0.7465171431370504,0.7217856495032888,673.9066059865324,697.1578736391873,17.35746990237482,-17.241755513634327
TZA,2005,2006,Manufacturing,0.04827072693499332,0.05390064278488061,7706.42355548134,7346.649281824959,-17.36656572190275,41.361017235309426
TZA,2005,2006,Services,0.20521212992795626,0.22431370771183068,3869.218842818603,3669.3330951970543,-41.01898001165998,70.0900515328512
TZA,2006,2007,Agriculture,0.7217856495032888,0.7153512442146416,697.1578736391873,706.5278816090125,6.763137288351292,-4.546086738001768
TZA,2006,2007,Manufacturing,0.05390064278488061,0.05476567412361082,7346.649281824959,7658.293157995684,16.797805245573812,6.624663582849435
TZA,2006,2007,Services,0.22431370771183068,0.22988308166174773,3669.3330951970543,3736.451735360134,15.055631031556626,20.809696960037087
TZA,2007,2008,Agriculture,0.7153512442146416,0.7139144661459189,706.5278816090125,736.6116813717675,21.520483590990935,-1.058347508959884
TZA,2007,2008,Manufacturing,0.05476567412361082,0.05553496599152144,7658.293157995684,7805.300115026199,8.050935102636842,6.004553905091456
TZA,2007,2008,Services,0.22988308166174773,0.23055056786255962,3736.451735360134,3776.107209700277,9.116122646070428,2.520499455261224
TZA,2008,2009,Agriculture,0.7139144661459189,0.7101165294013344,736.6116813717675,752.9168942277194,11.64052733145242,-2.859530738205902
TZA,2008,2009,Manufacturing,0.05553496599152144,0.054444508100593716,7805.300115026199,8006.509794394413,11.174172700878696,-8.730761784087493
TZA,2008,2009,Services,0.23055056786255962,0.2354389624980719,3776.107209700277,3804.436935502737,6.531434371147752,18.597589106656326
TZA,2009,2010,Agriculture,0.7101165294013344,0.7059090206191245,752.9168942277194,766.4261572406757,9.593150965530379,-3.2247447875055126
TZA,2009,2010,Manufacturing,0.054444508100593716,0.05528552241402541,8006.509794394413,8441.738412750597,23.695808037703504,7.09962283536938
TZA,2009,2010,Services,0.2354389624980719,0.23880545696685015,3804.436935502737,3967.8272517451483,38.46844653834517,13.357668496067701
TZA,2010,2011,Agriculture,0.7059090206191245,0.6999788246569432,766.4261572406757,777.0307434285255,7.485873049936151,-4.607944577170623
TZA,2010,2011,Manufacturing,0.05528552241402541,0.057433403500380516,8441.738412750597,9008.69149048835,31.34429708697124,19.349598065228136
TZA,2010,2011,Services,0.23880545696685015,0.24258777184267635,3967.8272517451483,4131.614728473105,39.11334322546706,15.627067848686444
TZA,2011,2012,Agriculture,0.6999788246569432,0.696946572653897,777.0307434285255,786.6584842837243,6.739214727923685,-2.385346764682557
TZA,2011,2012,Manufacturing,0.057433403500380516,0.05679380382064938,9008.69149048835,9260.537183493845,14.464355306217522,-5.92303661670095
TZA,2011,2012,Services,0.24258777184267635,0.24625962352545352,4131.614728473105,4221.004540089473,21.68487522545135,15.498902623537615
TZA,2012,2013,Agriculture,0.696946572653897,0.6899064060327885,786.6584842837243,796.2777927993511,6.704144101266553,-5.605928337995952
TZA,2012,2013,Manufacturing,0.05679380382064938,0.05904677028042269,9260.537183493845,9623.08417623223,20.590422781350266,21.680485888626507
TZA,2012,2013,Services,0.24625962352545352,0.25104682368678877,4221.004540089473,4243.96294370954,5.653727832223047,20.316700088827098
TZA,2013,2014,Agriculture,0.6899064060327885,0.6805033108533536,796.2777927993511,837.3920781422785,28.36500883754557,-7.874077413276665
TZA,2013,2014,Manufacturing,0.05904677028042269,0.060952918919352436,9623.08417623223,9568.676519691404,-3.212596397262337,18.239319724368787
TZA,2013,2014,Services,0.25104682368678877,0.25854377022729397,4243.96294370954,4371.437336271526,32.002041354089386,32.77243201519609
TZA,2014,2015,Agriculture,0.6805033108533536,0.6776454022100467,837.3920781422785,857.8111964740706,13.895277629490934,-2.4515460327287038
TZA,2014,2015,Manufacturing,0.060952918919352436,0.06320434175095356,9568.676519691404,9856.82920153409,17.563747052751225,22.19189031152653
TZA,2014,2015,Services,0.25854377022729397,0.2591502560389998,4371.437336271526,4481.478177224236,28.45037389889563,2.717952929955935
TZA,2015,2016,Agriculture,0.6776454022100467,0.6750730210956046,857.8111964740706,872.8828838686015,10.21325966645102,-2.245387445583281
TZA,2015,2016,Manufacturing,0.06320434175095356,0.0648083578634847,9856.82920153409,10419.267102359268,35.54851729744348,16.712672312949877
TZA,2015,2016,Services,0.2591502560389998,0.26011862104091077,4481.478177224236,4594.179339077005,29.20653495003797,4.4488424844645165
TZA,2016,2017,Agriculture,0.6750730210956046,0.669238219033451,872.8828838686015,900.9153851041589,18.92398529795396,-5.25666294683164
TZA,2016,2017,Manufacturing,0.0648083578634847,0.06689801687408711,10419.267102359268,10832.522882300724,26.782428475599318,22.636279048556556
TZA,2016,2017,Services,0.26011862104091077,0.2638637640924618,4594.179339077005,4602.879031801307,2.2629520749250056,17.23844042308068
UGA,1990,1991,Agriculture,0.9066351904109444,0.9030906224974774,1042.5335133069782,1046.9044455869746,3.962841019947876,-3.7108239062935726
UGA,1990,1991,Manufacturing,0.021897084719351995,0.022163942506359873,8749.171681995269,9105.601333656492,7.804770278914922,2.4299006212755523
UGA,1990,1991,Services,0.07146772486970361,0.07474543499616264,10125.994621474527,10813.29755006612,49.119976602725494,35.44285488026631
UGA,1991,1992,Agriculture,0.9030906224974774,0.8968889617191182,1046.9044455869746,1055.4282085320624,7.697730384100282,-6.5454077252271565
UGA,1991,1992,Manufacturing,0.022163942506359873,0.023694187234016815,9105.601333656492,8856.939859373952,-5.511318619544911,13.553285522981604
UGA,1991,1992,Services,0.07474543499616264,0.0794168510468649,10813.29755006612,11325.980475356791,38.32070826595642,52.908366982522125
UGA,1992,1993,Agriculture,0.8968889617191182,0.8900102160636754,1055.4282085320624,1085.4786159239316,26.951878684930044,-7.466731313362901
UGA,1992,1993,Manufacturing,0.023694187234016815,0.02538594014969479,8856.939859373952,8709.110970632619,-3.502685368433779,14.733663877530777
UGA,1992,1993,Services,0.0794168510468649,0.08460384378663001,11325.980475356791,11038.735636493288,-22.8120805820036,57.25784160267709
UGA,1993,1994,Agriculture,0.8900102160636754,0.8823676868900142,1085.4786159239316,1133.2263839554337,42.496001342275456,-8.660715699741933
UGA,1993,1994,Manufacturing,0.02538594014969479,0.027253911184793915,8709.110970632619,8780.929480141469,1.823180384031957,16.402521930152275
UGA,1993,1994,Services,0.08460384378663001,0.09037840192519174,11038.735636493288,11281.424632614537,20.53242191657622,65.14524242683505
UGA,1994,1995,Agriculture,0.8823676868900142,0.8738652657476275,1133.2263839554337,1151.59917898945,16.211560655869246,-9.791381206995123
UGA,1994,1995,Manufacturing,0.027253911184793915,0.029313099771455124,8780.929480141469,9132.73842518963,9.588169742358602,18.80603073011275
UGA,1994,1995,Services,0.09037840192519174,0.09682163448091742,11281.424632614537,11186.715016268095,-8.55970377233937,72.07860638444393
UGA,1995,1996,Agriculture,0.8738652657476275,0.8643973842655864,1151.59917898945,1132.222232718011,-16.93284030286855,-10.719745910706004
UGA,1995,1996,Manufacturing,0.029313099771455124,0.03157843377512686,9132.73842518963,9309.183614655041,5.172155442992928,21.08841018870184
UGA,1995,1996,Services,0.09682163448091742,0.10402418195928667,11186.715016268095,10715.75505550689,-45.59911317596864,77.1807345538637
UGA,1996,1997,Agriculture,0.8643973842655864,0.8538492841231703,1132.222232718011,1123.257607487219,-7.748998600417757,-11.848233729505948
UGA,1996,1997,Manufacturing,0.03157843377512686,0.03406427602964564,9309.183614655041,9498.89803092296,5.990884130303294,23.612762096633492
UGA,1996,1997,Services,0.10402418195928667,0.11208643984718399,10715.75505550689,10200.119250661748,-53.638592787934286,82.23599188614092
UGA,1997,1998,Agriculture,0.8538492841231703,0.8420978500857345,1123.257607487219,1214.4390678452678,77.85522465202516,-14.27140059826873
UGA,1997,1998,Manufacturing,0.03406427602964564,0.03678380973038537,9498.89803092296,9312.452324989696,-6.351137991452828,25.32552793434156
UGA,1997,1998,Services,0.11208643984718399,0.12111834018388018,10200.119250661748,9806.26133808796,-44.14613122603942,88.5691750812075
UGA,1998,1999,Agriculture,0.8420978500857345,0.8290132422701658,1214.4390678452678,1262.6691200259593,40.61442325088308,-16.521530236368843
UGA,1998,1999,Manufacturing,0.03678380973038537,0.03974820907611953,9312.452324989696,8935.170045131039,-13.877879596966833,26.48741223580988
UGA,1998,1999,Services,0.12111834018388018,0.1312385486537146,9806.26133808796,9286.955299701402,-62.89748541684624,93.98592368301172
UGA,1999,2000,Agriculture,0.8290132422701658,0.8144613275111792,1262.6691200259593,1284.0822361615415,17.75175683466659,-18.685855244151718
UGA,1999,2000,Manufacturing,0.03974820907611953,0.04296568875702178,8935.170045131039,8178.580113918714,-30.073094770714373,26.3144153351647
UGA,1999,2000,Services,0.1312385486537146,0.14257298373179908,9286.955299701402,8829.306808287576,-60.061123806712416,100.07520480302489
UGA,2000,2001,Agriculture,0.8144613275111792,0.798307319487061,1284.0822361615415,1320.4646898223066,29.63210150666072,-21.330797194954222
UGA,2000,2001,Manufacturing,0.04296568875702178,0.04644033465149453,8178.580113918714,7928.242178390518,-10.75594182197985,27.547834135530316
UGA,2000,2001,Services,0.14257298373179908,0.15525234586144449,8829.306808287576,8303.490940282869,-74.96713719495693,105.28296857207633
UGA,2001,2002,Agriculture,0.798307319487061,0.7804207605220799,1320.4646898223066,1315.9419967039912,-3.6104990201449234,-23.537674118540966
UGA,2001,2002,Manufacturing,0.04644033465149453,0.05017076608370407,7928.242178390518,7442.114223767048,-22.575944896160497,27.762296822434287
UGA,2001,2002,Services,0.15525234586144449,0.16940847339421605,8303.490940282869,7717.528712888821,-90.97201038912307,109.25032069748056
UGA,2002,2003,Agriculture,0.7804207605220799,0.7596767784702639,1315.9419967039912,1345.6828287107671,23.210362733287475,-27.91482044621305
UGA,2002,2003,Manufacturing,0.05017076608370407,0.054939710082668416,7442.114223767048,6902.188109969961,-27.088506757797038,32.91614856676431
UGA,2002,2003,Services,0.16940847339421605,0.18538351144706766,7717.528712888821,7104.6294328480535,-103.83033137612057,113.4967255411572
UGA,2003,2004,Agriculture,0.7596767784702639,0.7568466174262446,1345.6828287107671,1300.6559435947106,-34.205879029516495,-3.6810657832339677
UGA,2003,2004,Manufacturing,0.054939710082668416,0.05711675119196729,6902.188109969961,7153.303567052185,13.796210409374131,15.573035932766874
UGA,2003,2004,Services,0.18538351144706766,0.1860366313817882,7104.6294328480535,7338.172964309234,43.29511993802235,4.79270704741761
UGA,2004,2005,Agriculture,0.7568466174262446,0.7538438734304717,1300.6559435947106,1297.5821300333403,-2.3264053965220626,-3.8963069499798726
UGA,2004,2005,Manufacturing,0.05711675119196729,0.05941565474038034,7153.303567052185,7487.443269370466,19.08497424067126,17.212909900497166
UGA,2004,2005,Services,0.1860366313817882,0.18674047182914796,7338.172964309234,7689.005257680306,65.26765803870157,5.411832900317342
UGA,2005,2006,Agriculture,0.7538438734304717,0.7506327105237393,1297.5821300333403,1240.41558349098,-43.0946508761362,-3.9831765106390624
UGA,2005,2006,Manufacturing,0.05941565474038034,0.06185191663009009,7487.443269370466,7439.34233499111,-2.8579485097734922,18.124186215243203
UGA,2005,2006,Services,0.18674047182914796,0.18751537284617065,7689.005257680306,8133.832862673392,83.06731683903864,6.302915357578135
UGA,2006,2007,Agriculture,0.7506327105237393,0.747588087460854,1240.41558349098,1225.2454648779942,-11.38718725343215,-3.7304106000630655
UGA,2006,2007,Manufacturing,0.06185191663009009,0.06433760661987749,7439.34233499111,7457.664612680443,1.133267992113961,18.537442274931482
UGA,2006,2007,Services,0.18751537284617065,0.18807430591926852,8133.832862673392,8398.012629480558,49.53776747126012,4.693927006910314
UGA,2007,2008,Agriculture,0.747588087460854,0.7440683504482835,1225.2454648779942,1218.6378581521337,-4.9397680748795105,-4.2892847742577995
UGA,2007,2008,Manufacturing,0.06433760661987749,0.06704082677229974,7457.664612680443,7506.3687651071,3.133508599580865,20.291367317350414
UGA,2007,2008,Services,0.18807430591926852,0.18889082277941682,8398.012629480558,8893.492982861873,93.18712355882482,7.261686966117343
UGA,2008,2009,Agriculture,0.7440683504482835,0.7378262604571522,1218.6378581521337,1252.6400739551723,25.29997262415345,-7.819092068125546
UGA,2008,2009,Manufacturing,0.06704082677229974,0.06969305569217205,7506.3687651071,7433.65812284865,-4.874581572151417,19.715763053862897
UGA,2008,2009,Services,0.18889082277941682,0.19248068385067588,8893.492982861873,9001.198815265536,20.344643300869784,32.313053221584866
UGA,2009,2010,Agriculture,0.7378262604571522,0.708013225116513,1252.6400739551723,1292.672269635454,29.53680523667128,-38.53848405850604
UGA,2009,2010,Manufacturing,0.06969305569217205,0.07361693284740252,7433.65812284865,7295.9132551644025,-9.599860734829148,28.6282673484828
UGA,2009,2010,Services,0.19248068385067588,0.21836984203608448,9001.198815265536,8181.735450613929,-157.73086881871703,211.81824331210933
UGA,2010,2011,Agriculture,0.708013225116513,0.6848536938964332,1292.672269635454,1324.584351949622,22.594176319437683,-30.676752652606368
UGA,2010,2011,Manufacturing,0.07361693284740252,0.07907282328499042,7295.9132551644025,7314.025779302003,1.3333884731346788,39.90452330956519
UGA,2010,2011,Services,0.21836984203608448,0.23607348281857624,8181.735450613929,8109.428919197081,-15.789565843674271,143.56641653661552
UGA,2011,2012,Agriculture,0.6848536938964332,0.6613569410899902,1324.584351949622,1326.362877084062,1.2180295080087888,-31.165220654486788
UGA,2011,2012,Manufacturing,0.07907282328499042,0.07908584181515989,7314.025779302003,7203.095127910391,-8.77159979437779,0.09377371123624516
UGA,2011,2012,Services,0.23607348281857624,0.25955721709484986,8109.428919197081,7386.145186116801,-170.74810993428326,173.45427087674452
UGA,2012,2013,Agriculture,0.6613569410899902,0.7191732232733933,1326.362877084062,1176.292986300978,-99.24976391800921,68.00888722633523
UGA,2012,2013,Manufacturing,0.07908584181515989,0.06875670528093904,7203.095127910391,7938.501004662415,58.160192838749516,-81.99786075420748
UGA,2012,2013,Services,0.25955721709484986,0.21207007144566764,7386.145186116801,9032.81118075275,427.4040430524298,-428.9424201619674
UGA,2013,2014,Agriculture,0.7191732232733933,0.7168466858972307,1176.292986300978,1166.6381314835196,-6.943513059308278,-2.7142272173529274
UGA,2013,2014,Manufacturing,0.06875670528093904,0.06908404621767858,7938.501004662415,8108.890494820869,11.715419957794316,2.654371810493035
UGA,2013,2014,Services,0.21207007144566764,0.21406926788509079,9032.81118075275,9078.283620409153,9.643343526742273,18.14927228999544
UGA,2014,2015,Agriculture,0.7168466858972307,0.7133695155582481,1166.6381314835196,1154.8791137807707,-8.42941286962242,-4.015711399548936
UGA,2014,2015,Manufacturing,0.06908404621767858,0.07020241045398717,8108.890494820869,8301.608517125225,13.313740759853745,9.284222069387676
UGA,2014,2015,Services,0.21406926788509079,0.21642807398776473,9078.283620409153,9063.725086835197,-3.116534623657293,21.379570047785784
UGA,2015,2016,Agriculture,0.7133695155582481,0.7138512922202997,1154.8791137807707,1142.340796899205,-8.944453039718262,0.5503531360554924
UGA,2015,2016,Manufacturing,0.07020241045398717,0.07031282246808306,8301.608517125225,8328.783156119389,1.9077251606071992,0.9195977232349937
UGA,2015,2016,Services,0.21642807398776473,0.21583588531161713,9063.725086835197,9287.985843429016,48.5363236206393,-5.500240040697912
UGA,2016,2017,Agriculture,0.7138512922202997,0.7106996857143181,1142.340796899205,1122.127401154153,-14.429358672765778,-3.536504018017737
UGA,2016,2017,Manufacturing,0.07031282246808306,0.07148021174261687,8328.783156119389,8097.265346345008,-16.278670656865476,9.452660718377516
UGA,2016,2017,Services,0.21583588531161713,0.217820102543065,9287.985843429016,9346.808612625004,12.69606446589685,18.546098708215904
ZAF,1960,1961,Agriculture,0.3146294023876621,0.3029495935175673,16.391487133571374,17.37568881280184,0.30965878616521514,-0.20294472431977068
ZAF,1960,1961,Manufacturing,0.27022089923417525,0.2732142018422506,213.65238599922063,217.76417778684728,1.1110920743161723,0.6518340813147527
ZAF,1960,1961,Services,0.4151496983781625,0.42383620464018196,146.68548193274276,146.57666378886475,-0.04517581960902782,1.2732391078678924
ZAF,1961,1962,Agriculture,0.3029495935175673,0.29243094579281526,17.37568881280184,18.767543867972883,0.4216619231994385,-0.19740918260603685
ZAF,1961,1962,Manufacturing,0.2732142018422506,0.27470070595133117,217.76417778684728,229.3661136105875,3.1698136359081945,0.3409536703659809
ZAF,1961,1962,Services,0.42383620464018196,0.4328683482558535,146.57666378886475,149.1237182669632,1.0795339030090305,1.3469068398901565
ZAF,1962,1963,Agriculture,0.29243094579281526,0.28143178376648015,18.767543867972883,19.80429958538269,0.3031794549982587,-0.2178306999577054
ZAF,1962,1963,Manufacturing,0.27470070595133117,0.2798618396645684,229.3661136105875,237.83969941988016,2.327700003751879,1.2275224910221532
ZAF,1962,1963,Services,0.4328683482558535,0.43870637656895145,149.1237182669632,152.1633735921668,1.3157705798879904,0.8883340832475679
ZAF,1963,1964,Agriculture,0.28143178376648015,0.2676751913540621,19.80429958538269,17.93166823354324,-0.5270179816852121,-0.2466786511635588
ZAF,1963,1964,Manufacturing,0.2798618396645684,0.29260407350755224,237.83969941988016,243.76603165979046,1.6585542431247373,3.1061237783852524
ZAF,1963,1964,Services,0.43870637656895145,0.43972073513838583,152.1633735921668,156.29858551961917,1.8141438410373347,0.15854280961229825
ZAF,1964,1965,Agriculture,0.2676751913540621,0.2545903213804907,17.93166823354324,18.556820761896923,0.16733782265254818,-0.2428135867922912
ZAF,1964,1965,Manufacturing,0.29260407350755224,0.30224888770951236,243.76603165979046,242.32657385979783,-0.4211912159200612,2.3371947810753153
ZAF,1964,1965,Services,0.43972073513838583,0.4431607909099971,156.29858551961917,160.29295577461838,1.7564074249431547,0.5514167076611064
ZAF,1965,1966,Agriculture,0.2545903213804907,0.24416675612335118,18.556820761896923,20.495137703067314,0.49347673298981976,-0.21363240530198288
ZAF,1965,1966,Manufacturing,0.30224888770951236,0.304580046267886,242.32657385979783,245.86883650289295,1.0706449438504555,0.5731592424510844
ZAF,1965,1966,Services,0.4431607909099971,0.4512531976087628,160.29295577461838,160.27066193998365,-0.009879753389140732,1.2969753782987379
ZAF,1966,1967,Agriculture,0.24416675612335118,0.23292408505807394,20.495137703067314,26.264379310105266,1.4086570084823262,-0.29528177731718663
ZAF,1966,1967,Manufacturing,0.304580046267886,0.3089102215620089,245.86883650289295,241.53290909493285,-1.320636970530682,1.0458798356805201
ZAF,1966,1967,Services,0.4512531976087628,0.4581656933799173,160.27066193998365,164.4287418313165,1.876346846876644,1.1366129825652291
ZAF,1967,1968,Agriculture,0.23292408505807394,0.2222686121344872,26.264379310105266,23.704177275614775,-0.5963327164475171,-0.2525792191362132
ZAF,1967,1968,Manufacturing,0.3089102215620089,0.30763674198773233,241.53290909493285,247.69630165037645,1.9039349598757211,-0.31543618077560787
ZAF,1967,1968,Services,0.4581656933799173,0.47009464587778044,164.4287418313165,169.264278582912,2.2154770486588244,2.019145538800629
ZAF,1968,1969,Agriculture,0.2222686121344872,0.21264677704629661,23.704177275614775,25.46711450992073,0.3918456123493959,-0.24504037598652295
ZAF,1968,1969,Manufacturing,0.30763674198773233,0.31163145305198653,247.69630165037645,251.79851392040783,1.2619912176945514,1.0058623095206176
ZAF,1968,1969,Services,0.47009464587778044,0.47572176990171683,169.264278582912,172.62675583495073,1.5806825530692388,0.9713921649330529
ZAF,1969,1970,Agriculture,0.21264677704629661,0.2021541563575816,25.46711450992073,24.39295946678387,-0.2284156079710787,-0.2559460711601631
ZAF,1969,1970,Manufacturing,0.31163145305198653,0.31750259870825986,251.79851392040783,253.5191428067145,0.5362020800029734,1.4884478140717814
ZAF,1969,1970,Services,0.47572176990171683,0.4803432449341586,172.62675583495073,176.57485570262799,1.8781970568001587,0.8160362869867013
ZAF,1970,1971,Agriculture,0.2021541563575816,0.19819273636968468,24.39295946678387,29.195011787633565,0.9707548357063365,-0.11565370324241793
ZAF,1970,1971,Manufacturing,0.31750259870825986,0.31569220807044307,253.5191428067145,253.79173617716978,0.08654910351019122,-0.45946218313041803
ZAF,1970,1971,Services,0.4803432449341586,0.4861150555598723,176.57485570262799,180.70066064654088,1.981802534724515,1.0429699931931886
ZAF,1971,1972,Agriculture,0.19819273636968468,0.19391661580721287,29.195011787633565,29.299809836828253,0.020770212136100055,-0.1252895193197752
ZAF,1971,1972,Manufacturing,0.31569220807044307,0.315659663946231,253.79173617716978,248.66555599314586,-1.6182951412614623,-0.008092602741500102
ZAF,1971,1972,Services,0.4861150555598723,0.49042372024655617,180.70066064654088,183.5595649139044,1.3897564067697772,0.7908966152475998
ZAF,1972,1973,Agriculture,0.19391661580721287,0.1898579300395048,29.299809836828253,25.909743240753894,-0.6573902416718174,-0.1051595061362182
ZAF,1972,1973,Manufacturing,0.315659663946231,0.32354416346927534,248.66555599314586,246.59177615700216,-0.6546086461755904,1.9442527414965352
ZAF,1972,1973,Services,0.49042372024655617,0.48659790649121976,183.5595649139044,194.07593540692886,5.157477540680163,-0.7424983832596102
ZAF,1973,1974,Agriculture,0.1898579300395048,0.18466697173486427,25.909743240753894,34.28929174429134,1.5909237335472495,-0.17799428374027113
ZAF,1973,1974,Manufacturing,0.32354416346927534,0.3308241061998587,246.59177615700216,235.76012714469388,-3.5045168186800835,1.7163202237684219
ZAF,1973,1974,Services,0.48659790649121976,0.4845089220652771,194.07593540692886,204.90970571205798,5.271689949882574,-0.4280531839569768
ZAF,1974,1975,Agriculture,0.18466697173486427,0.17880696467123133,34.28929174429134,31.95074074257811,-0.43185313173391576,-0.18723156643981226
ZAF,1974,1975,Manufacturing,0.3308241061998587,0.3237102358436223,235.76012714469388,235.73367291752038,-0.008751696059881957,-1.6769787877346747
ZAF,1974,1975,Services,0.4845089220652771,0.4974827994851463,204.90970571205798,207.2238327198298,1.121215182057668,2.688496604182544
ZAF,1975,1976,Agriculture,0.17880696467123133,0.17274654235459733,31.95074074257811,31.88628370499646,-0.01152536724167444,-0.19324434536028381
ZAF,1975,1976,Manufacturing,0.3237102358436223,0.3256569662663157,235.73367291752038,241.10608666242453,1.7391053204124407,0.46936855400229033
ZAF,1975,1976,Services,0.4974827994851463,0.5015964913790869,207.2238327198298,209.33796811596645,1.0517459953606976,0.8611519025326508
ZAF,1976,1977,Agriculture,0.17274654235459733,0.1660583312272655,31.88628370499646,36.6163888261052,0.8171093046453091,-0.244898139189466
ZAF,1976,1977,Manufacturing,0.3256569662663157,0.32001477234537684,241.10608666242453,240.2868306974296,-0.2667964121558342,-1.355744895442698
ZAF,1976,1977,Services,0.5015964913790869,0.5139268964273578,209.33796811596645,201.47631620836444,-3.9433770132968737,2.4842845864826364
ZAF,1977,1978,Agriculture,0.1660583312272655,0.15862981802809384,36.6163888261052,39.28185364538367,0.4426226398343674,-0.2918057682926615
ZAF,1977,1978,Manufacturing,0.32001477234537684,0.31748104045242714,240.2868306974296,243.93995447822036,1.1690535750592388,-0.6180784426261644
ZAF,1977,1978,Services,0.5139268964273578,0.5238891415194791,201.47631620836444,199.25765963248315,-1.1402272882808164,1.98505364174128
ZAF,1978,1979,Agriculture,0.15862981802809384,0.1509386337292975,39.28185364538367,39.82618185168262,0.0863466843127611,-0.30631050453866904
ZAF,1978,1979,Manufacturing,0.31748104045242714,0.3237451574910864,243.93995447822036,246.80801169777766,0.9105537901421471,1.546034271353662
ZAF,1978,1979,Services,0.5238891415194791,0.525316208779616,199.25765963248315,201.05985040018422,0.9441481741452409,0.2869259298341403
ZAF,1979,1980,Agriculture,0.1509386337292975,0.1429389077382467,39.82618185168262,45.60757207734262,0.8726351417170349,-0.36484807973584094
ZAF,1979,1980,Manufacturing,0.3237451574910864,0.33707759448376856,246.80801169777766,240.69659904093285,-1.9785402530832403,3.209072241066119
ZAF,1979,1980,Services,0.525316208779616,0.5199834977779847,201.05985040018422,213.3907827617195,6.477638638879589,-1.1379513748801473
ZAF,1980,1981,Agriculture,0.1429389077382467,0.14180585562683987,45.60757207734262,47.41046752267031,0.25770390572140023,-0.05371853032934624
ZAF,1980,1981,Manufacturing,0.33707759448376856,0.34464112557730375,240.69659904093285,239.1239922211111,-0.5300905238942825,1.8086217503746411
ZAF,1980,1981,Services,0.5199834977779847,0.5135530187958565,213.3907827617195,222.37042060593583,4.6692634950151755,-1.4299483159534845
ZAF,1981,1982,Agriculture,0.14180585562683987,0.140517816174853,47.41046752267031,42.65974424526721,-0.6736803791984911,-0.05494743359957339
ZAF,1981,1982,Manufacturing,0.34464112557730375,0.34309715269428803,239.1239922211111,227.7064425945854,-3.9349571546205406,-0.35157257265401576
ZAF,1981,1982,Services,0.5135530187958565,0.5163850311308589,222.37042060593583,219.5860795376712,-1.4299067609645846,0.6218704858455051
ZAF,1982,1983,Agriculture,0.140517816174853,0.13934478936358963,42.65974424526721,32.42565222057809,-1.4380722618417958,-0.03803615942744016
ZAF,1982,1983,Manufacturing,0.34309715269428803,0.3370353140081548,227.7064425945854,223.38165431227182,-1.483822545667414,-1.354103553882573
ZAF,1982,1983,Services,0.5163850311308589,0.5236198966282556,219.5860795376712,217.45890022519305,-1.0984435554949474,1.5732858943410837
ZAF,1983,1984,Agriculture,0.13934478936358963,0.1380120299552503,32.42565222057809,35.57866204372376,0.4393554896675628,-0.04741779657489802
ZAF,1983,1984,Manufacturing,0.3370353140081548,0.3360961366377054,223.38165431227182,229.29755015138454,1.9938658117748924,-0.21535107020166827
ZAF,1983,1984,Services,0.5236198966282556,0.5258918334070443,217.45890022519305,223.1952862065828,3.00368583459508,0.507085579585
ZAF,1984,1985,Agriculture,0.1380120299552503,0.1363710881129253,35.57866204372376,42.27974562203803,0.9248301475429447,-0.0693786036740592
ZAF,1984,1985,Manufacturing,0.3360961366377054,0.33684488250968647,229.29755015138454,219.35590633236856,-3.3413480793993937,0.16424182936103238
ZAF,1984,1985,Services,0.5258918334070443,0.5267840293773882,223.1952862065828,217.14764787609198,-3.180403609404537,0.19373825640471765
ZAF,1985,1986,Agriculture,0.1363710881129253,0.13604087268128906,42.27974562203803,44.59349178310137,0.31552808160131174,-0.014725459137324357
ZAF,1985,1986,Manufacturing,0.33684488250968647,0.33033855017720226,219.35590633236856,215.42323678447596,-1.324699611809305,-1.401615170659238
ZAF,1985,1986,Services,0.5267840293773882,0.5336205771415087,217.14764787609198,213.70886744985287,-1.8114946090783286,1.4610308799370073
ZAF,1986,1987,Agriculture,0.13604087268128906,0.1296675893964008,44.59349178310137,45.364262947766065,0.10485638187855854,-0.28911929877627324
ZAF,1986,1987,Manufacturing,0.33033855017720226,0.32584225889586593,215.42323678447596,202.80736164465716,-4.16750990290435,-0.9118809719536958
ZAF,1986,1987,Services,0.5336205771415087,0.5444901517077333,213.70886744985287,205.11449771821702,-4.586132536363036,2.2295073275618686
ZAF,1987,1988,Agriculture,0.1296675893964008,0.12359307777485731,45.364262947766065,46.336772792355845,0.12610300721222514,-0.2814732648319857
ZAF,1987,1988,Manufacturing,0.32584225889586593,0.3183499372797169,202.80736164465716,204.53486601153253,0.5628939251551418,-1.5324409978743536
ZAF,1987,1988,Services,0.5444901517077333,0.5580569849454259,205.11449771821702,195.73556313022584,-5.106737516672226,2.6555117436736237
ZAF,1988,1989,Agriculture,0.12359307777485731,0.11849201988876727,46.336772792355845,52.75415694892649,0.7931442591741732,-0.26910200832835324
ZAF,1988,1989,Manufacturing,0.3183499372797169,0.3098820513318252,204.53486601153253,202.09465153605836,-0.7768421252162574,-1.7113144598862509
ZAF,1988,1989,Services,0.5580569849454259,0.5716259287794074,195.73556313022584,185.8324954903091,-5.526476068842552,2.521550693836634
ZAF,1989,1990,Agriculture,0.11849201988876727,0.11403551880941483,52.75415694892649,48.60002127320279,-0.49223192710849045,-0.21658604726057992
ZAF,1989,1990,Manufacturing,0.3098820513318252,0.30388442502888036,202.09465153605836,194.13304478530688,-2.467159031820178,-1.164337455675131
ZAF,1989,1990,Services,0.5716259287794074,0.5820800561617049,185.8324954903091,176.06051373652116,-5.585918146024454,1.8405590375943224
ZAF,1990,1991,Agriculture,0.11403551880941483,0.1099298391196481,48.60002127320279,50.36723458451505,0.20152508680239764,-0.2067917320633599
ZAF,1990,1991,Manufacturing,0.30388442502888036,0.29023908624235417,194.13304478530688,187.5318723805236,-2.00599348074408,-2.558935931903837
ZAF,1990,1991,Services,0.5820800561617049,0.5998310746379977,176.06051373652116,164.79148422480682,-6.55947733106659,2.925216681210258
ZAF,1991,1992,Agriculture,0.1099298391196481,0.10882087510561594,50.36723458451505,36.309287403330075,-1.5453878719801752,-0.04026569310544406
ZAF,1991,1992,Manufacturing,0.29023908624235417,0.2794414189891706,187.5318723805236,188.61753743038753,0.31510243203776805,-2.0366294072882267
ZAF,1991,1992,Services,0.5998310746379977,0.6117377059052135,164.79148422480682,159.12321738992367,-3.4000025869028847,1.894621475514843
ZAF,1992,1993,Agriculture,0.10882087510561594,0.10786986371462734,36.309287403330075,44.599219370296105,0.9021176512112635,-0.0424143656503512
ZAF,1992,1993,Manufacturing,0.2794414189891706,0.27465496214931917,188.61753743038753,189.22713613784566,0.17034712782606498,-0.9057275200524844
ZAF,1992,1993,Services,0.6117377059052135,0.6174751741360535,159.12321738992367,156.46974786821647,-1.623227357898563,0.8977402074814339
ZAF,1993,1994,Agriculture,0.10786986371462734,0.10668207078877101,44.599219370296105,47.06000572503013,0.265444688715974,-0.055897541890949136
ZAF,1993,1994,Manufacturing,0.27465496214931917,0.27339875960331483,189.22713613784566,186.93007067376425,-0.6309004280917888,-0.23482203070515328
ZAF,1993,1994,Services,0.6174751741360535,0.6199191696079142,156.46974786821647,155.0660360566373,-0.8667571952916839,0.3789806899618086
ZAF,1994,1995,Agriculture,0.10668207078877101,0.10530297781307611,47.06000572503013,36.91398567960153,-1.0823984287107036,-0.05090781835564054
ZAF,1994,1995,Manufacturing,0.27339875960331483,0.27240419647481806,186.93007067376425,184.58396393650528,-0.6414226718635808,-0.18358040464302616
ZAF,1994,1995,Services,0.6199191696079142,0.6222928257121059,155.0660360566373,155.22678842153422,0.0996534725594083,0.36845501387085017
ZAF,1995,1996,Agriculture,0.10530297781307611,0.1040317398054439,36.91398567960153,45.17547943188415,0.8699598932994834,-0.05742878646681821
ZAF,1995,1996,Manufacturing,0.27240419647481806,0.26968272812540817,184.58396393650528,182.6418815642381,-0.5290313881053496,-0.49705409995374455
ZAF,1995,1996,Services,0.6222928257121059,0.6262855320691479,155.22678842153422,157.02556209250906,1.1193639505274704,0.626956959984866
ZAF,1996,1997,Agriculture,0.1040317398054439,0.10276195962591288,45.17547943188415,44.93018858827419,-0.02551803321908895,-0.057051462931981704
ZAF,1996,1997,Manufacturing,0.26968272812540817,0.2680255686669354,182.6418815642381,183.08188019690564,0.11866003162923124,-0.30339586944328234
ZAF,1996,1997,Services,0.6262855320691479,0.6292124717071517,157.02556209250906,155.94646185624575,-0.6758248656241136,0.4564458806134813
ZAF,1997,1998,Agriculture,0.10276195962591288,0.10168328095037996,44.93018858827419,41.79251268966849,-0.3224337240117188,-0.045080692235284395
ZAF,1997,1998,Manufacturing,0.2680255686669354,0.2665291258813345,183.08188019690564,177.84074071259772,-1.4047593907443594,-0.2661284934252879
ZAF,1997,1998,Services,0.6292124717071517,0.6317875931682855,155.94646185624575,153.1168933157763,-1.7803998152135727,0.3942945980395918
ZAF,1998,1999,Agriculture,0.10168328095037996,0.10048353553756068,41.79251268966849,44.029401795555074,0.2274542234087096,-0.05282407283339421
ZAF,1998,1999,Manufacturing,0.2665291258813345,0.2641685906852134,177.84074071259772,175.14609236916425,-0.7182022675329091,-0.41343851550048255
ZAF,1998,1999,Services,0.6317875931682855,0.6353478737772259,153.1168933157763,154.53362111351848,0.8950710455101305,0.5501830546798064
ZAF,1999,2000,Agriculture,0.10048353553756068,0.09925557180488782,44.029401795555074,45.490057239629515,0.1467718232227855,-0.05586014048747713
ZAF,1999,2000,Manufacturing,0.2641685906852134,0.26368297775655297,175.14609236916425,177.72952561621392,0.6824619200024359,-0.08630775544392219
ZAF,1999,2000,Services,0.6353478737772259,0.6370614504385591,154.53362111351848,156.00043932450467,0.9319398315677904,0.26731871198419793
ZAF,2000,2001,Agriculture,0.09925557180488782,0.09723707191147657,45.490057239629515,44.389982523330026,-0.10918854499440547,-0.08960117499186912
ZAF,2000,2001,Manufacturing,0.26368297775655297,0.26973655762653465,177.72952561621392,175.13640298250175,-0.6837622977451402,1.060202203595871
ZAF,2000,2001,Services,0.6370614504385591,0.6330263704619888,156.00043932450467,159.88056558602912,2.4718788640515115,-0.6451308688389152
ZAF,2001,2002,Agriculture,0.09723707191147657,0.10926715710446404,44.389982523330026,42.91702259843131,-0.14322631014009968,0.5162954380884971
ZAF,2001,2002,Manufacturing,0.26973655762653465,0.27718499028735594,175.13640298250175,177.8709249183629,0.7376005337334349,1.3248596065724259
ZAF,2001,2002,Services,0.6330263704619888,0.6135478526081799,159.88056558602912,174.79268078453813,9.439762160023221,-3.404702353376753
ZAF,2002,2003,Agriculture,0.10926715710446404,0.09906897199010156,42.91702259843131,47.475027021163854,0.49804018534155886,-0.48415911387118954
ZAF,2002,2003,Manufacturing,0.27718499028735594,0.2709065949210262,177.8709249183629,183.48580108697482,1.5563593962613997,-1.1519964033317625
ZAF,2002,2003,Services,0.6135478526081799,0.6300244330888722,174.79268078453813,176.41323878956493,0.9942898840111855,2.906686926775862
ZAF,2003,2004,Agriculture,0.09906897199010156,0.09062880895122008,47.475027021163854,50.79579245840624,0.3289848180878633,-0.4287247700381351
ZAF,2003,2004,Manufacturing,0.2709065949210262,0.2787225959766995,183.48580108697482,179.7785952555159,-1.0043065084719043,1.4051496903045781
ZAF,2003,2004,Services,0.6300244330888722,0.6306485950720805,176.41323878956493,179.02475457438493,1.6453187518338617,0.11174044585851814
ZAF,2004,2005,Agriculture,0.09062880895122008,0.07042747641506278,50.79579245840624,63.70620972514829,1.1700557399480982,-1.2869503272758989
ZAF,2004,2005,Manufacturing,0.2787225959766995,0.27499627247516273,179.7785952555159,180.775144749772,0.27776086205832745,-0.6736266703747901
ZAF,2004,2005,Services,0.6306485950720805,0.6545762511097745,179.02475457438493,172.37380071257817,-4.194414708837658,4.12450101336058
ZAF,2005,2006,Agriculture,0.07042747641506278,0.06778988650190824,63.70620972514829,59.854387899494775,-0.2712740907812371,-0.1578713297817462
ZAF,2005,2006,Manufacturing,0.27499627247516273,0.27480532900594745,180.775144749772,180.1719384328525,-0.16587948868633726,-0.034402654979610106
ZAF,2005,2006,Services,0.6545762511097745,0.6574047844921443,172.37380071257817,174.1078938569174,1.135096189496732,0.49246998990840263
ZAF,2006,2007,Agriculture,0.06778988650190824,0.0662156277436196,59.854387899494775,61.430189255614906,0.10682339508093677,-0.09670701345898104
ZAF,2006,2007,Manufacturing,0.27480532900594745,0.2752856470327351,180.1719384328525,182.43737468228292,0.6225539538667269,0.08762795981971563
ZAF,2006,2007,Services,0.6574047844921443,0.6584987252236454,174.1078938569174,179.40203985018022,3.4803969057708914,0.19625519870648522
ZAF,2007,2008,Agriculture,0.0662156277436196,0.05657309261971249,61.430189255614906,78.64006318450367,1.1395626055899226,-0.7582895714028509
ZAF,2007,2008,Manufacturing,0.2752856470327351,0.25068734808308896,182.43737468228292,184.40246485134054,0.5409611186666932,-4.5359869574648926
ZAF,2007,2008,Services,0.6584987252236454,0.6927395592971984,179.40203985018022,162.32050658476118,-11.24816788014373,5.557989532703883
ZAF,2008,2009,Agriculture,0.05657309261971249,0.05069018523105933,78.64006318450367,88.94006908101036,0.5827031875666577,-0.5232261895439981
ZAF,2008,2009,Manufacturing,0.25068734808308896,0.24521381216339913,184.40246485134054,182.24936323955995,-0.5397553332106994,-0.9975484360323299
ZAF,2008,2009,Services,0.6927395592971984,0.7040960026055416,162.32050658476118,166.00309648223197,2.551075702646231,1.8852047542098902
ZAF,2009,2010,Agriculture,0.05069018523105933,0.04855559283600957,88.94006908101036,95.47992452081908,0.3315064836282549,-0.20381072076206563
ZAF,2009,2010,Manufacturing,0.24521381216339913,0.23721680085274566,182.24936323955995,203.91166476111263,5.311895536332933,-1.630683889468797
ZAF,2009,2010,Services,0.7040960026055416,0.7142276063112448,166.00309648223197,172.62773087094214,4.6643785918140415,1.7489957577991733
ZAF,2010,2011,Agriculture,0.04855559283600957,0.04600427601085061,95.47992452081908,101.16260550779809,0.2759259442206857,-0.25809785750896375
ZAF,2010,2011,Manufacturing,0.23721680085274566,0.23534782563352954,203.91166476111263,205.1203372359443,0.28671741775834014,-0.38336482725123194
ZAF,2010,2011,Services,0.7142276063112448,0.7186478983556199,172.62773087094214,175.5581415931296,2.092980235616746,0.7760182566093893
ZAF,2011,2012,Agriculture,0.04600427601085061,0.048384256033536126,101.16260550779809,95.6740746386932,-0.2524958889963752,0.22770238632901288
ZAF,2011,2012,Manufacturing,0.23534782563352954,0.22741678529636403,205.1203372359443,208.54908688493424,0.8069487745315089,-1.6540112203634498
ZAF,2011,2012,Services,0.7186478983556199,0.7241989586700999,175.5581415931296,175.24398144091037,-0.2257705331394213,0.9727899107280965
ZAF,2012,2013,Agriculture,0.048384256033536126,0.0498232436212897,95.6740746386932,94.19372266789179,-0.07162572877500512,0.13554359776339908
ZAF,2012,2013,Manufacturing,0.22741678529636403,0.22652463420133512,208.54908688493424,208.14328467563524,-0.09228623390494023,-0.18569525934628195
ZAF,2012,2013,Services,0.7241989586700999,0.7236521221773753,175.24398144091037,174.47067781904508,-0.5600256776906637,-0.0954069335418465
ZAF,2013,2014,Agriculture,0.0498232436212897,0.04649517749801812,94.19372266789179,106.00751359925889,0.5886013836644858,-0.35280001482194534
ZAF,2013,2014,Manufacturing,0.22652463420133512,0.22653534912812495,208.14328467563524,204.93665126497027,-0.7263814603686637,0.002195881214857964
ZAF,2013,2014,Services,0.7236521221773753,0.726969473373857,174.47067781904508,174.95759520857126,0.3523588022556906,0.5803957877987127
ZAF,2014,2015,Agriculture,0.04649517749801812,0.05152984367663664,106.00751359925889,86.05535781096377,-0.9276790248448911,0.4332599994597746
ZAF,2014,2015,Manufacturing,0.22653534912812495,0.22546014621235982,204.93665126497027,199.00001117771805,-1.3448588348137027,-0.21396539225557545
ZAF,2014,2015,Services,0.726969473373857,0.7230100101110036,174.95759520857126,170.72130047470122,-3.079656951737946,-0.6759647174161271
ZAF,2015,2016,Agriculture,0.05152984367663664,0.05486997535939444,86.05535781096377,72.40758181163355,-0.7032677637792397,0.24185085808091447
ZAF,2015,2016,Manufacturing,0.22546014621235982,0.22270019321695453,199.00001117771805,199.41161729522176,0.09280077543428797,-0.5503666904725618
ZAF,2015,2016,Services,0.7230100101110036,0.7224298314236509,170.72130047470122,172.44337301997484,1.245075688370161,-0.10004796980140394
ZAF,2016,2017,Agriculture,0.05486997535939444,0.05137912786857313,72.40758181163355,91.65353821205647,1.0560251534591856,-0.31994852389245265
ZAF,2016,2017,Manufacturing,0.22270019321695453,0.22080995259603153,199.41161729522176,199.1125928853328,-0.06659279385885984,-0.37637071120915894
ZAF,2016,2017,Services,0.7224298314236509,0.7278109195353953,172.44337301997484,169.15434656841813,-2.3760908249460413,0.9102344433692112
ZMB,1965,1966,Agriculture,0.6330802081097839,0.6309386035068162,2.7438855967957867,2.8141272367968755,0.04446859206986181,-0.006026747843661105
ZMB,1965,1966,Manufacturing,0.12290513538014208,0.12817310649629696,250.18142910310905,221.66174004803614,-3.505216244313293,1.1677076441296843
ZMB,1965,1966,Services,0.244014656510074,0.24088828999688688,22.659315883160204,23.38706842693493,0.17758228699352266,-0.07311654757158521
ZMB,1966,1967,Agriculture,0.6309386035068162,0.6281672439096245,2.8141272367968755,2.8648696707655077,0.032015360426705636,-0.007939584056779296
ZMB,1966,1967,Manufacturing,0.12817310649629696,0.11192616951215183,221.66174004803614,209.15925233598395,-1.602482688985509,-3.398197192353641
ZMB,1966,1967,Services,0.24088828999688688,0.25990658657822363,23.38706842693493,24.94104108382847,0.3743338160210035,0.4743361163795543
ZMB,1967,1968,Agriculture,0.6281672439096245,0.6292135669613687,2.8648696707655077,2.8296359560023223,-0.022132665495488008,0.0029607133288092535
ZMB,1967,1968,Manufacturing,0.11192616951215183,0.10771023892549815,209.15925233598395,205.52923967241188,-0.40629341271422575,-0.8664970079865956
ZMB,1967,1968,Services,0.25990658657822363,0.2630761941131332,24.94104108382847,26.050592489987167,0.2883797186077753,0.08257015424512223
ZMB,1968,1969,Agriculture,0.6292135669613687,0.6404707255339575,2.8296359560023223,2.8280574920548704,-0.000993190930696113,0.03183589164045946
ZMB,1968,1969,Manufacturing,0.10771023892549815,0.12273889648519191,205.52923967241188,204.8159967780053,-0.07682356256844468,3.078109478323983
ZMB,1968,1969,Services,0.2630761941131332,0.23679037798085062,26.050592489987167,26.751337127398642,0.18434923225539834,-0.7031807290235055
ZMB,1969,1970,Agriculture,0.6404707255339575,0.6272452662996794,2.8280574920548704,2.8424820220290656,0.009238489178059108,-0.037593130106513765
ZMB,1969,1970,Manufacturing,0.12273889648519191,0.10896279456766214,204.8159967780053,193.57465839188356,-1.3797494685292122,-2.666704222657598
ZMB,1969,1970,Services,0.23679037798085062,0.26379193913265847,26.751337127398642,26.792114400847833,0.009655665993062367,0.7234289153807245
ZMB,1970,1971,Agriculture,0.6272452662996794,0.6085860804607475,2.8424820220290656,2.9861107953801853,0.09009046818891935,-0.0557183962666396
ZMB,1970,1971,Manufacturing,0.10896279456766214,0.1050988214504143,193.57465839188356,182.60737120642798,-1.1950262605533493,-0.7055899733529356
ZMB,1970,1971,Services,0.26379193913265847,0.2863150980888382,26.792114400847833,26.526202031173167,-0.07014553963584051,0.5974538648518509
ZMB,1971,1972,Agriculture,0.6085860804607475,0.6197946043316335,2.9861107953801853,3.2664855917567275,0.17063219838677998,0.03661248172911046
ZMB,1971,1972,Manufacturing,0.1050988214504143,0.11519091210962903,182.60737120642798,181.7640911820779,-0.0886277367118715,1.8343796867993039
ZMB,1971,1972,Services,0.2863150980888382,0.26501448355873747,26.526202031173167,29.51638420570398,0.8561343026042849,-0.6287171222880541
ZMB,1972,1973,Agriculture,0.6197946043316335,0.6263397672500606,3.2664855917567275,2.80048103741111,-0.28882710837738107,0.01832960463982147
ZMB,1972,1973,Manufacturing,0.11519091210962903,0.11263837135784674,181.7640911820779,174.4501370046725,-0.8425010528233571,-0.44529108385843114
ZMB,1972,1973,Services,0.26501448355873747,0.2610218613920927,29.51638420570398,30.723596882879374,0.3199288441871982,-0.12266771395364189
ZMB,1973,1974,Agriculture,0.6263397672500606,0.6352821056128889,2.80048103741111,2.5562070524007123,-0.1529985109166574,0.022858468388015182
ZMB,1973,1974,Manufacturing,0.11263837135784674,0.11616901699914535,174.4501370046725,169.51356672644442,-0.5560472362331643,0.5984923355037022
ZMB,1973,1974,Services,0.2610218613920927,0.24854887738796577,30.723596882879374,33.022113933111385,0.5999631988930217,-0.4118842988701557
ZMB,1974,1975,Agriculture,0.6352821056128889,0.6445189302755321,2.5562070524007123,2.771024299491028,0.13646955305350006,0.02559546559032231
ZMB,1974,1975,Manufacturing,0.11616901699914535,0.11190509471795546,169.51356672644442,162.81638360269355,-0.7780051801494048,-0.694236405786286
ZMB,1974,1975,Services,0.24854887738796577,0.2435759750065124,33.022113933111385,35.118400710538694,0.5210297252127942,-0.1746403785262716
ZMB,1975,1976,Agriculture,0.6445189302755321,0.6531260465919229,2.771024299491028,3.083965167073267,0.20169631321360143,0.02654404690869711
ZMB,1975,1976,Manufacturing,0.11190509471795546,0.10609412399681234,162.81638360269355,171.88335003202337,1.0146397370786764,-0.9988091144880815
ZMB,1975,1976,Services,0.2435759750065124,0.2407798294112648,35.118400710538694,36.358388965789544,0.30203134826934996,-0.10166334915699142
ZMB,1976,1977,Agriculture,0.6531260465919229,0.6656453108661662,3.083965167073267,2.8125137878865765,-0.17729196613012807,0.03521060338550518
ZMB,1976,1977,Manufacturing,0.10609412399681234,0.10299218503453104,171.88335003202337,165.5261701388774,-0.6744594318534706,-0.5134520764309864
ZMB,1976,1977,Services,0.2407798294112648,0.23136250409930276,36.358388965789544,37.91661180467446,0.3751886293314468,-0.3570730680919996
ZMB,1977,1978,Agriculture,0.6656453108661662,0.6741654170461714,2.8125137878865765,2.257786360626301,-0.3692517107646546,0.019236579524303608
ZMB,1977,1978,Manufacturing,0.10299218503453104,0.10118058676303003,165.5261701388774,160.01399142030468,-0.5677113305266466,-0.289881070273002
ZMB,1977,1978,Services,0.23136250409930276,0.22465399619079862,37.91661180467446,40.82527580218038,0.6729557860464574,-0.2738766855857896
ZMB,1978,1979,Agriculture,0.6741654170461714,0.6821168965494095,2.257786360626301,1.8259657318572735,-0.29111853428321144,0.01451912909047837
ZMB,1978,1979,Manufacturing,0.10118058676303003,0.09629373366406134,160.01399142030468,156.38396885510713,-0.36728781310972747,-0.7642254828286035
ZMB,1978,1979,Services,0.22465399619079862,0.22158936978652916,40.82527580218038,41.95683909181496,0.25421021495921553,-0.12858203692046147
ZMB,1979,1980,Agriculture,0.6821168965494095,0.679675332658066,1.8259657318572735,1.9075842274875432,0.055673354940351104,-0.0046574887695300365
ZMB,1979,1980,Manufacturing,0.09629373366406134,0.09636206363440544,156.38396885510713,155.49736860532673,-0.08537404831884414,0.010625130585387966
ZMB,1979,1980,Services,0.22158936978652916,0.22396260370752857,41.95683909181496,43.34263301050017,0.30707720109546016,0.10286220688594813
ZMB,1980,1981,Agriculture,0.679675332658066,0.674834021221303,1.9075842274875432,1.800140816625517,-0.07302663601956487,-0.008715042323313054
ZMB,1980,1981,Manufacturing,0.09636206363440544,0.09380833848160014,155.49736860532673,143.77350571264316,-1.1297356221058188,-0.3671580178453737
ZMB,1980,1981,Services,0.22396260370752857,0.23135764029709685,43.34263301050017,43.36716658457907,0.005494603128960758,0.3207017836788649
ZMB,1981,1982,Agriculture,0.674834021221303,0.6839546937877008,1.800140816625517,1.7885752958273429,-0.007804806907750502,0.0163130096335893
ZMB,1981,1982,Manufacturing,0.09380833848160014,0.08991007213786566,143.77350571264316,147.01666978188098,0.3042358327584252,-0.573110135778633
ZMB,1981,1982,Services,0.23135764029709685,0.22613523407443356,43.36716658457907,45.46135025984591,0.484505393458438,-0.23741763848769462
ZMB,1982,1983,Agriculture,0.6839546937877008,0.699425331708864,1.7885752958273429,1.95883406448528,0.11644928398211035,0.030304412559292233
ZMB,1982,1983,Manufacturing,0.08991007213786566,0.09236704951866762,147.01666978188098,141.98337659591303,-0.45254375344140596,0.34884994474604447
ZMB,1982,1983,Services,0.22613523407443356,0.20820761877246843,45.46135025984591,47.73166636432865,0.5133984637101617,-0.8557149523014326
ZMB,1983,1984,Agriculture,0.699425331708864,0.7083635097101103,1.95883406448528,1.886052861904285,-0.05090501675738251,0.016857876199460504
ZMB,1983,1984,Manufacturing,0.09236704951866762,0.09007311594276549,141.98337659591303,135.4393315721787,-0.6044541307596589,-0.31068883019116206
ZMB,1983,1984,Services,0.20820761877246843,0.20156337434712426,47.73166636432865,49.26435250731862,0.3191169321575,-0.32732439951494186
ZMB,1984,1985,Agriculture,0.7083635097101103,0.7164175297944799,1.886052861904285,1.8674720557228104,-0.013161965079952594,0.015040657443790533
ZMB,1984,1985,Manufacturing,0.09007311594276549,0.08701071183894636,135.4393315721787,127.8129077102041,-0.6869357607483115,-0.39141477309278405
ZMB,1984,1985,Services,0.20156337434712426,0.19657175836657367,49.26435250731862,50.23681515484708,0.19601285266237442,-0.25076288933890073
ZMB,1985,1986,Agriculture,0.7164175297944799,0.7274844233661255,1.8674720557228104,2.3751105316913006,0.3636811029819802,0.026285095475122186
ZMB,1985,1986,Manufacturing,0.08701071183894636,0.08260592421959587,127.8129077102041,126.37866022943638,-0.12479489425481514,-0.5566711579287241
ZMB,1985,1986,Services,0.19657175836657367,0.18990965241427862,50.23681515484708,52.089857930147424,0.3642558766692645,-0.3470281525706387
ZMB,1986,1987,Agriculture,0.7274844233661255,0.7321894357500164,2.3751105316913006,2.069441411885638,-0.22236952336265367,0.009736747470658537
ZMB,1986,1987,Manufacturing,0.08260592421959587,0.08431400456282903,126.37866022943638,126.98954946913608,0.05046307024120013,0.2169083532442669
ZMB,1986,1987,Services,0.18990965241427862,0.18349655968715453,52.089857930147424,52.90981209916564,0.15571721123388832,-0.33931553116666147
ZMB,1987,1988,Agriculture,0.7321894357500164,0.7401642576903774,2.069441411885638,2.3993893253523253,0.24158437658806908,0.019134702635287777
ZMB,1987,1988,Manufacturing,0.08431400456282903,0.082378565591764,126.98954946913608,118.78930148574949,-0.6913957458875865,-0.22990944344111283
ZMB,1987,1988,Services,0.18349655968715453,0.1774571767178586,52.90981209916564,53.983002251870296,0.19692670091143613,-0.3260240244314094
ZMB,1988,1989,Agriculture,0.7401642576903774,0.7486766708925425,2.3993893253523253,2.2664400382999275,-0.09840431036160295,0.01929287410393991
ZMB,1988,1989,Manufacturing,0.082378565591764,0.0809479262596996,118.78930148574949,116.71684847925688,-0.17072570593119984,-0.166979714149026
ZMB,1988,1989,Services,0.1774571767178586,0.17037540284775787,53.983002251870296,55.576231431843766,0.282729952142601,-0.3935783035527019
ZMB,1989,1990,Agriculture,0.7486766708925425,0.7530171641912573,2.2664400382999275,2.0120496330745157,-0.19045616169116616,0.00873328794904146
ZMB,1989,1990,Manufacturing,0.0809479262596996,0.08047244157741687,116.71684847925688,111.75079500617304,-0.4019917303409163,-0.053135791258352515
ZMB,1989,1990,Services,0.17037540284775787,0.16651039423132583,55.576231431843766,57.2383730574867,0.28318804905894157,-0.22122680505773804
ZMB,1990,1991,Agriculture,0.7530171641912573,0.7572754509002444,2.0120496330745157,2.07839006520171,0.04995548407164244,0.008850380790739255
ZMB,1990,1991,Manufacturing,0.08047244157741687,0.07183620579590633,111.75079500617304,110.47921213695298,-0.10232737815415496,-0.9541245249702471
ZMB,1990,1991,Services,0.16651039423132583,0.17088834330384928,57.2383730574867,57.52355512276462,0.04748577811713056,0.251835194797959
ZMB,1991,1992,Agriculture,0.7572754509002444,0.7566849243205559,2.07839006520171,1.9101245835534115,-0.127423318486162,-0.0011279793371047155
ZMB,1991,1992,Manufacturing,0.07183620579590633,0.06972748790391417,110.47921213695298,109.81369825853558,-0.04780799193002413,-0.2315661103036019
ZMB,1991,1992,Services,0.17088834330384928,0.17358758777553,57.52355512276462,54.20666953386785,-0.566817083214981,0.14631705306751608
ZMB,1992,1993,Agriculture,0.7566849243205559,0.7519552338478281,1.9101245835534115,2.6198027939274118,0.5370028029087979,-0.012390856314864033
ZMB,1992,1993,Manufacturing,0.06972748790391417,0.0651677548487628,109.81369825853558,107.58821788238185,-0.15517715600865728,-0.49057355342312386
ZMB,1992,1993,Services,0.17358758777553,0.18287701130340908,54.20666953386785,53.62077038195396,-0.10170482046046139,0.4981060459691255
ZMB,1993,1994,Agriculture,0.7519552338478281,0.7540936073521879,2.6198027939274118,2.7315548279295503,0.0840325268610485,0.005841084469750499
ZMB,1993,1994,Manufacturing,0.0651677548487628,0.06344846314708961,107.58821788238185,108.13439178226783,0.03559292681256171,-0.18591456245673063
ZMB,1993,1994,Services,0.18287701130340908,0.18245792950072257,53.62077038195396,52.38348444473145,-0.22627115432698994,-0.021952965092099135
ZMB,1994,1995,Agriculture,0.7540936073521879,0.7602170872672376,2.7315548279295503,3.6023231700796963,0.6566408403000877,0.02205875357950115
ZMB,1994,1995,Manufacturing,0.06344846314708961,0.05742468371761147,108.13439178226783,97.66795532897129,-0.6640793075883408,-0.5883302202298478
ZMB,1994,1995,Services,0.18245792950072257,0.18235822901515097,52.38348444473145,51.58805637062899,-0.14513215946748226,-0.005143354269846322
ZMB,1995,1996,Agriculture,0.7602170872672376,0.745948772347638,3.6023231700796963,3.5337756163168494,-0.052111021660885784,-0.05042102334881086
ZMB,1995,1996,Manufacturing,0.05742468371761147,0.056951391829412085,97.66795532897129,96.86014089360174,-0.04638848845361734,-0.04584311897479102
ZMB,1995,1996,Services,0.18235822901515097,0.1970998358229499,51.58805637062899,51.80734832227007,0.03998969193854394,0.7637235587215869
ZMB,1996,1997,Agriculture,0.745948772347638,0.7368794621054321,3.5337756163168494,3.3095604664882696,-0.16725301575637083,-0.030015430635921863
ZMB,1996,1997,Manufacturing,0.056951391829412085,0.06130331733740694,96.86014089360174,93.45127496852487,-0.19413965899298397,0.4066929872901644
ZMB,1996,1997,Services,0.1970998358229499,0.20181722055716095,51.80734832227007,51.01254054077789,-0.15665648324291204,0.24064578000038764
ZMB,1997,1998,Agriculture,0.7368794621054321,0.736636778673813,3.3095604664882696,3.3114830320686144,0.0014166990907068643,-0.0008036420659706335
ZMB,1997,1998,Manufacturing,0.06130331733740694,0.05582322070956127,93.45127496852487,86.60184556571448,-0.4198927442606508,-0.4745864818498833
ZMB,1997,1998,Services,0.20181722055716095,0.20754000061662564,51.01254054077789,50.49518082901318,-0.10441209905660809,0.28897281394734053
ZMB,1998,1999,Agriculture,0.736636778673813,0.7242323533906172,3.3114830320686144,3.6058191465213416,0.21681880719782373,-0.04472811418774102
ZMB,1998,1999,Manufacturing,0.05582322070956127,0.052290463178439,86.60184556571448,80.65840594826821,-0.3317819415386537,-0.2849465910620617
ZMB,1998,1999,Services,0.20754000061662564,0.2234771834309438,50.49518082901318,48.19611109997536,-0.4771489329821741,0.7681102335394961
ZMB,1999,2000,Agriculture,0.7242323533906172,0.716117171294229,3.6058191465213416,3.6267022859742855,0.015124245232189967,-0.029431349460068583
ZMB,1999,2000,Manufacturing,0.052290463178439,0.05360777370362459,80.65840594826821,79.15332788991059,-0.07870122879122589,0.1042695119328449
ZMB,1999,2000,Services,0.2234771834309438,0.23027505500214637,48.19611109997536,47.35024376358778,-0.1890320498921321,0.32188087597000503
ZMB,2000,2001,Agriculture,0.716117171294229,0.7214762319312751,3.6267022859742855,3.4326522126067314,-0.13896258962941044,0.018395791353249775
ZMB,2000,2001,Manufacturing,0.05360777370362459,0.055343406628086934,79.15332788991059,82.18477837368637,0.16250931152799558,0.14264260723501118
ZMB,2000,2001,Services,0.23027505500214637,0.223180361440638,47.35024376358778,50.32633606313978,0.6853198179708012,-0.3570499324414648
ZMB,2001,2002,Agriculture,0.7214762319312751,0.7292199235696719,3.4326522126067314,3.2832755977135295,-0.10777167725179647,0.025424673792566622
ZMB,2001,2002,Manufacturing,0.055343406628086934,0.05894527790397621,82.18477837368637,85.32084385428242,0.1735605471049338,0.3073146967133739
ZMB,2001,2002,Services,0.223180361440638,0.2118347985263519,50.32633606313978,54.164964385415914,0.8567064564018579,-0.6145320111848019
ZMB,2002,2003,Agriculture,0.7292199235696719,0.7339182947441985,3.2832755977135295,3.3562462932100816,0.05321168499282153,0.015768890838629795
ZMB,2002,2003,Manufacturing,0.05894527790397621,0.06178595964907434,85.32084385428242,86.76979829058456,0.08540902191802914,0.2464853820299102
ZMB,2002,2003,Services,0.2118347985263519,0.2042957456067272,54.164964385415914,58.19982035907628,0.8547229022631905,-0.4387715255997271
ZMB,2003,2004,Agriculture,0.7339182947441985,0.7392136581642524,3.3562462932100816,3.4013289522831642,0.03308698826945086,0.018011272913490826
ZMB,2003,2004,Manufacturing,0.06178595964907434,0.06534749303450786,86.76979829058456,90.02726397855594,0.2012656435552436,0.3206351062588639
ZMB,2003,2004,Services,0.2042957456067272,0.19543884880123974,58.19982035907628,62.05608686535017,0.7878188411574734,-0.549624357518772
ZMB,2004,2005,Agriculture,0.7392136581642524,0.7369817286459376,3.4013289522831642,3.2835171805811143,-0.08708807073468408,-0.007328578919232964
ZMB,2004,2005,Manufacturing,0.06534749303450786,0.06704379209187517,90.02726397855594,93.11341544341617,0.20167226135339056,0.15794819884491698
ZMB,2004,2005,Services,0.19543884880123974,0.19597447926218722,62.05608686535017,62.968367445149205,0.17829506629965153,0.0337277756797558
ZMB,2005,2006,Agriculture,0.7369817286459376,0.7330015846359234,3.2835171805811143,3.254277563385199,-0.021549063625991124,-0.012952493350831306
ZMB,2005,2006,Manufacturing,0.06704379209187517,0.06836890837072458,93.11341544341617,95.81003562830986,0.18079164302676645,0.12695943788821604
ZMB,2005,2006,Services,0.19597447926218722,0.1986295069933521,62.968367445149205,64.36692131381247,0.2740808661314005,0.17089596105788007
ZMB,2006,2007,Agriculture,0.7330015846359234,0.731321696381207,3.254277563385199,3.153514173705159,-0.07385972430875633,-0.005297551421488743
ZMB,2006,2007,Manufacturing,0.06836890837072458,0.06895045999080583,95.81003562830986,99.04682366744723,0.22129566486323987,0.057600840767705816
ZMB,2006,2007,Services,0.1986295069933521,0.19972784362798707,64.36692131381247,65.93048944592314,0.3105707672316597,0.07241387189787105
ZMB,2007,2008,Agriculture,0.731321696381207,0.7300069901967525,3.153514173705159,3.1211977759761576,-0.02363368280810318,-0.004103458018981504
ZMB,2007,2008,Manufacturing,0.06895045999080583,0.06723115096182809,99.04682366744723,102.04805053509828,0.20693597306130562,-0.17545213467457108
ZMB,2007,2008,Services,0.19972784362798707,0.2027618588414194,65.93048944592314,67.14909680182089,0.2433898194226597,0.20373138126496468
ZMB,2008,2009,Agriculture,0.7300069901967525,0.727622232952487,3.1211977759761576,3.2680623587169646,0.10721217201311849,-0.0077935353846618986
ZMB,2008,2009,Manufacturing,0.06723115096182809,0.06978355423603513,102.04805053509828,106.64528450653305,0.30907733114037494,0.2722017733532163
ZMB,2008,2009,Services,0.2027618588414194,0.2025942128114779,67.14909680182089,68.08328294483158,0.1894173188607439,-0.011413892091083984
ZMB,2009,2010,Agriculture,0.727622232952487,0.7224751079203434,3.2680623587169646,3.399234108364732,0.09544348137899324,-0.01749628296928024
ZMB,2009,2010,Manufacturing,0.06978355423603513,0.07198206658497684,106.64528450653305,110.10589759032061,0.24149388082242226,0.24206917554363097
ZMB,2009,2010,Services,0.2025942128114779,0.20554282549467975,68.08328294483158,69.2993439402943,0.2463669201065132,0.20433692447991875
ZMB,2010,2011,Agriculture,0.7224751079203434,0.7138307476209632,3.399234108364732,3.5703552603809308,0.12363077277035657,-0.03086343726752019
ZMB,2010,2011,Manufacturing,0.07198206658497684,0.07193312042155083,110.10589759032061,109.65804785098975,-0.032237149756578695,-0.005367340731092522
ZMB,2010,2011,Services,0.20554282549467975,0.21423613195748595,69.2993439402943,68.12140998238948,-0.24211587395388928,0.5922002936553769
ZMB,2011,2012,Agriculture,0.7138307476209632,0.7014906711661887,3.5703552603809308,3.5942340576774803,0.017045419726485374,-0.044353123068094594
ZMB,2011,2012,Manufacturing,0.07193312042155083,0.06995291700881402,109.65804785098975,109.86809562722456,0.015109391982178002,-0.21756117791192348
ZMB,2011,2012,Services,0.21423613195748595,0.22855641182499728,68.12140998238948,68.10008375435028,-0.0045688486043615195,0.9752122583632579
ZMB,2012,2013,Agriculture,0.7014906711661887,0.6863283898973719,3.5942340576774803,3.361836336293637,-0.163024833551045,-0.050973108110612717
ZMB,2012,2013,Manufacturing,0.06995291700881402,0.06867367519541528,109.86809562722456,108.65426177906531,-0.08491121844277366,-0.13899507487175267
ZMB,2012,2013,Services,0.22855641182499728,0.24499793490721283,68.10008375435028,65.30151749875996,-0.6396302616322409,1.073656407259565
ZMB,2013,2014,Agriculture,0.6863283898973719,0.6816148682487433,3.361836336293637,3.3035656440829664,-0.03999283036315504,-0.015571428181050725
ZMB,2013,2014,Manufacturing,0.06867367519541528,0.06859743746557286,108.65426177906531,109.41550158399625,0.05227713510964851,-0.00834158945033461
ZMB,2013,2014,Services,0.24499793490721283,0.24978769428568384,65.30151749875996,65.20903908643814,-0.022657020042344753,0.3123356065253497
ZMB,2014,2015,Agriculture,0.6816148682487433,0.6817814337078685,3.3035656440829664,2.9611926760267364,-0.23336650551357838,0.0004932324176405425
ZMB,2014,2015,Manufacturing,0.06859743746557286,0.06971621595829026,109.41550158399625,112.45499203547584,0.20850125617257725,0.12581222648799795
ZMB,2014,2015,Services,0.24978769428568384,0.24850235033384122,65.20903908643814,65.00063912132734,-0.05205574677424373,-0.08354817836050334
ZMB,2015,2016,Agriculture,0.6817814337078685,0.6797516968524978,2.9611926760267364,2.978294285460786,0.011659559798658415,-0.006045153677339605
ZMB,2015,2016,Manufacturing,0.06971621595829026,0.07022839773153351,112.45499203547584,115.25655678573858,0.19531449315045082,0.059032307632430656
ZMB,2015,2016,Services,0.24850235033384122,0.2500199054159687,65.00063912132734,64.30709822119347,-0.17234654373591415,0.09758956372244287
ZMB,2016,2017,Agriculture,0.6797516968524978,0.6773966881390276,2.978294285460786,3.1625577699449505,0.12525341624606465,-0.007447851105073127
ZMB,2016,2017,Manufacturing,0.07022839773153351,0.0704772084789693,115.25655678573858,115.92677597200033,0.047068419580094695,0.028843827777413858
ZMB,2016,2017,Services,0.2500199054159687,0.2521261033820031,64.30709822119347,63.45580580990321,-0.21284004815212262,0.13365048912989172
