iso3,year0,year1,broad_sector,employment_share_0,employment_share_1,productivity_0,productivity_1,within,structural_change,contribution_productivity_0,contribution_productivity_1,within_level,structural_change_level,actual_change,decomposed_change,short_series
AGO,2005,2010,Agriculture,0.38412550292789943,0.4872619910766173,131.68126797322097,112.15594142867714,-0.1482771759800684,0.2286848966703793,50.582133286397,54.64932733160969,-7.500175878754364,11.567369923967052,0.0804077206903109,0.08040772069031091,True
AGO,2005,2010,Manufacturing,0.08627844097429095,0.07857666984301735,5061.84945665711,5831.331541949219,0.17245594273850204,-0.12327635871162318,436.72850162592357,458.20662766856856,75.31642546867207,-53.83829942602706,0.04917958402687881,0.04917958402687886,True
AGO,2005,2010,Services,0.5295960560978096,0.4341613390803654,638.8416673866577,864.3065729256472,0.26725661950872537,-0.15813034204546977,338.32802476154933,375.24850266527335,90.420404182836,-53.49992627911196,0.10912627746325552,0.1091262774632556,True
AGO,2010,2015,Agriculture,0.4872619910766173,0.4938854503129491,112.15594142867714,142.4206623959554,0.2698450084922551,0.017261282029456305,54.64932733160969,70.33949298129492,14.746848197894247,0.9433174517909897,0.2871062905217114,0.28710629052171144,True
AGO,2010,2015,Manufacturing,0.07857666984301735,0.07877088216156714,5831.331541949219,5742.98993509166,0.05053114984364324,-0.0632465346724256,458.20662766856856,452.38035406666415,23.153707762070887,-28.979981363975323,-0.012715384828782273,-0.012715384828782351,True
AGO,2010,2015,Services,0.4341613390803654,0.4273436675254837,864.3065729256472,954.6630569126652,0.08489799018858386,0.0022994414434709277,375.24850266527335,407.9692083214594,31.857843697557165,0.8628619586289403,0.08719743163205466,0.08719743163205479,True
BFA,1970,1975,Agriculture,0.8837119511980641,0.8841272045052694,68.13530337523022,90.53802474045023,0.32879755802722743,0.000624397553783242,60.21198189119674,80.04713071520318,19.797552609805127,0.03759621420130411,0.3294219555810108,0.3294219555810107,False
BFA,1970,1975,Manufacturing,0.035348150522756756,0.03522192621641311,1983.5761230469593,2135.6012240533605,0.07664188929752276,-0.0038445670051747405,70.1157498981814,75.21998874128899,5.373803541709212,-0.2695646986016324,0.07279732229234803,0.07279732229234802,False
BFA,1970,1975,Services,0.08093989827917909,0.0806508692783175,901.850043162389,993.5595562228866,0.10169042306312148,-0.003934042194991638,72.99565120795333,80.13144188915518,7.422958653104828,-0.2871679719029807,0.09775638086812993,0.09775638086812985,False
BFA,1975,1980,Agriculture,0.8841272045052694,0.8845195917202507,90.53802474045023,142.11508338296468,0.5696728947905912,0.0006966413571260476,80.04713071520318,125.70357553118932,45.60068067421065,0.055764141775485276,0.5703695361477173,0.5703695361477172,False
BFA,1975,1980,Manufacturing,0.03522192621641311,0.03510265088525687,2135.6012240533605,3216.7333083414437,0.5062425647398123,-0.005100718059712607,75.21998874128899,112.91587280635486,38.07956002008994,-0.3836759550240717,0.5011418466800996,0.5011418466800998,False
BFA,1975,1980,Services,0.0806508692783175,0.0803777573944924,993.5595562228866,2124.542381445052,1.1383139596543375,-0.007241093203978213,80.13144188915518,170.76594155952233,91.21473890965568,-0.5802392392885367,1.1310728664503593,1.1310728664503593,False
BFA,1980,1985,Agriculture,0.8845195917202507,0.885590956399527,142.11508338296468,152.58984696326198,0.07370620578021558,0.0013005148959509703,125.70357553118932,135.13218850905264,9.265133605410712,0.1634793724526096,0.07500672067616657,0.07500672067616655,False
BFA,1980,1985,Manufacturing,0.03510265088525687,0.034776987574452856,3216.7333083414437,2451.095004095547,-0.2380174099225139,-0.007069244116759541,112.91587280635486,85.24169935232116,-26.875943584508605,-0.7982298695250927,-0.2450866540392734,-0.24508665403927346,False
BFA,1980,1985,Services,0.0803777573944924,0.0796320560260201,2124.542381445052,2480.9780104072884,0.16777054468243005,-0.01083392596483623,170.76594155952233,197.56537102,28.64949502864908,-1.850065568171415,0.15693661871759376,0.15693661871759382,False
BFA,1985,1990,Agriculture,0.885590956399527,0.8865498746748641,152.58984696326198,138.6434826636213,-0.09139772125860009,0.0009838349452441894,135.13218850905264,122.91436217992018,-12.350774098414995,0.13294776928253127,-0.0904138863133559,-0.0904138863133559,False
BFA,1985,1990,Manufacturing,0.034776987574452856,0.034485505198325786,2451.095004095547,2298.723777364972,-0.06216447389927795,-0.00786046295986178,85.24169935232116,79.2726547374091,-5.299005394517467,-0.6700392203945944,-0.07002493685913977,-0.07002493685913973,False
BFA,1985,1990,Services,0.0796320560260201,0.07896462012681013,2480.9780104072884,2425.634196306913,-0.022307137070213,-0.008194525526908268,197.56537102,191.53929873227287,-4.407117811670627,-1.618954476056493,-0.030501662597121258,-0.030501662597121268,False
BFA,1990,1995,Agriculture,0.8865498746748641,0.8858534049465296,138.6434826636213,171.0873063353266,0.2340090067588746,-0.0009694321123386921,122.91436217992018,151.55827286027903,28.7630678101237,-0.11915712976484306,0.2330395746465359,0.2330395746465359,False
BFA,1990,1995,Manufacturing,0.034485505198325786,0.03430274626698015,2298.723777364972,2325.7033262670916,-0.010078866005692614,0.016453822434898846,79.2726547374091,79.7780144573876,-0.79897846501388,1.304338184992372,0.0063749564292063365,0.006374956429206232,False
BFA,1990,1995,Services,0.07896462012681013,0.07984384878649023,2425.634196306913,2059.394877264576,-0.16075382984315792,0.019220052213971755,191.53929873227287,164.4300182182491,-30.790675836685587,3.6813953226618183,-0.14153377762918615,-0.14153377762918617,False
BFA,1995,2000,Agriculture,0.8858534049465296,0.8538025276087523,171.0873063353266,232.82536614903063,0.3608570450732276,-0.049236884999640386,151.55827286027903,198.78688610947557,54.69087050076224,-7.462257251565677,0.3116201600735871,0.31162016007358717,False
BFA,1995,2000,Manufacturing,0.03430274626698015,0.04169191600951294,2325.7033262670916,2573.390234012865,0.045992892613701514,0.29885846621765344,79.7780144573876,107.2895711478852,3.6692216518729546,23.84233503862464,0.34485135883135504,0.344851358831355,False
BFA,1995,2000,Services,0.07984384878649023,0.10450555638173477,2059.394877264576,2032.5685956564128,-0.04819185373373863,0.34001630064990296,164.4300182182491,212.4147173412045,-7.924187387409839,55.90888651036521,0.29182444691616444,0.2918244469161643,False
BFA,2000,2005,Agriculture,0.8538025276087523,0.8124062103093621,232.82536614903063,300.38407705547036,0.2901690310805553,-0.0625533947879472,198.78688610947557,244.03388967791008,57.68179813390722,-12.434794565472725,0.22761563629260814,0.22761563629260811,False
BFA,2000,2005,Manufacturing,0.04169191600951294,0.05130770632065706,2573.390234012865,2244.0501984108105,-0.13931681130501633,0.21245998560259513,107.2895711478852,115.13707095066744,-14.947240938606045,22.794740741388296,0.0731431742975787,0.0731431742975788,False
BFA,2000,2005,Services,0.10450555638173477,0.13628608336998088,2032.5685956564128,2003.5881604839983,-0.047067099622409826,0.3325768067427156,212.4147173412045,273.0611810773343,-9.997744662364497,70.64420839849433,0.2855097071203057,0.28550970712030577,False
BFA,2005,2010,Agriculture,0.8124062103093621,0.681120842679521,300.38407705547036,372.8911080666609,0.24138107359732328,-0.2006079822480566,244.03388967791008,253.98390575406438,58.905162284584684,-48.955146208430385,0.040773091349266696,0.04077309134926668,False
BFA,2005,2010,Manufacturing,0.05130770632065706,0.1102778671306793,2244.0501984108105,1432.6711900020234,-0.4431742087409408,0.8153814555336774,115.13707095066744,157.99192313299534,-51.02578031531161,93.8806324976395,0.37220724679273665,0.37220724679273653,False
BFA,2005,2010,Services,0.13628608336998088,0.20860129018979973,2003.5881604839983,1482.3015039588392,-0.2275802196384572,0.3599638303594637,273.0611810773343,309.21000617609445,-62.143323564316276,98.29214866307638,0.13238361072100668,0.13238361072100652,False
BFA,2010,2015,Agriculture,0.681120842679521,0.4893321526609062,372.8911080666609,375.35981409515307,0.006620447565220214,-0.2834422394490175,253.98390575406438,183.6756258535788,1.681487130454616,-71.9897670309402,-0.27682179188379724,-0.27682179188379724,False
BFA,2010,2015,Manufacturing,0.1102778671306793,0.2375531495510467,1432.6711900020234,663.4861153667589,-0.5545051634172559,0.5521081627559382,157.99192313299534,157.61321638876268,-87.6073371554681,87.22863041123547,-0.0023970006613177872,-0.0023970006613176498,False
BFA,2010,2015,Services,0.20860129018979973,0.2731146977880471,1482.3015039588392,1186.624206898951,-0.1513761297830395,0.19948099275232817,309.21000617609445,324.0845111519284,-46.80701402512692,61.68151900096085,0.048104862969288675,0.048104862969288675,False
BWA,1970,1975,Agriculture,0.5560948709940181,0.37166806365552496,12.700801840221898,21.35545366046408,0.681425624076265,-0.5576385897449762,7.062850760858784,7.937140110469979,4.81280748747572,-3.9385181378645244,0.12378703433128875,0.12378703433128879,False
BWA,1970,1975,Manufacturing,0.13310287130202386,0.1676041271178852,86.99465300952397,101.03941470097477,0.1679483421284114,0.2945504942899261,11.579238549640028,16.934622905458898,1.9447139175214334,3.4106704382974367,0.46249883641833744,0.46249883641833744,False
BWA,1970,1975,Services,0.31080225770395803,0.4607278092265898,38.56577377793029,36.147506035275526,0.13065525527446226,0.25877426783893154,11.986329778708019,16.654160468310156,1.5660769770409848,3.10175371256115,0.389429523113394,0.3894295231133938,False
BWA,1975,1980,Agriculture,0.37166806365552496,0.2989316916832499,21.35545366046408,20.56815422835718,-0.0368664344304915,-0.18848765372850754,7.937140110469979,6.148473138284801,-0.2926140554482656,-1.4960529167369134,-0.225354088158999,-0.22535408815899904,False
BWA,1975,1980,Manufacturing,0.1676041271178852,0.1804700202991835,101.03941470097477,171.0293997550628,0.717480449654734,0.10515700865729682,16.934622905458898,30.865678049878305,12.150260856942008,1.7807942874773985,0.8226374583120308,0.8226374583120308,False
BWA,1975,1980,Services,0.4607278092265898,0.5205982880175667,36.147506035275526,49.98068107162828,0.4080570283406232,0.1543067645959183,16.654160468310156,26.019857317442863,6.795847230206523,2.5698496189261837,0.5623637929365415,0.5623637929365415,False
BWA,1980,1985,Agriculture,0.2989316916832499,0.25372037333855096,20.56815422835718,13.241718727701832,-0.3562028667868719,-0.09736979366491896,6.148473138284801,3.3596938192365915,-2.190103758219121,-0.5986755608290878,-0.4535726604517909,-0.4535726604517909,False
BWA,1980,1985,Manufacturing,0.1804700202991835,0.1722321545726919,171.0293997550628,316.4442672102644,1.0647465722432468,-0.29897045235709624,30.865678049878305,54.50187722456924,32.86412490357154,-9.227925728880614,0.7657761198861506,0.7657761198861506,False
BWA,1980,1985,Services,0.5205982880175667,0.5740474720887572,49.98068107162828,39.514955008781236,-0.24899881887553144,0.12077373128317409,26.019857317442863,22.683458833773113,-6.478913739353127,3.1425152556833753,-0.12822508759235732,-0.12822508759235735,False
BWA,1985,1990,Agriculture,0.25372037333855096,0.16274426881666548,13.241718727701832,24.062805050902508,0.8171965094352016,-0.6515892177038,3.3596938192365915,3.916083613687093,2.7455300618511638,-2.1891402674006626,0.16560729173140176,0.16560729173140165,False
BWA,1985,1990,Manufacturing,0.1722321545726919,0.2950257972169145,316.4442672102644,168.40334891987519,-0.04211620653987149,-0.046294381278669035,54.50187722456924,49.68333422193114,-2.2954123180006762,-2.5231306846374166,-0.08841058781854068,-0.08841058781854053,False
BWA,1985,1990,Services,0.5740474720887572,0.54222993396642,39.514955008781236,67.13653328973668,0.5183718003969555,0.08647329995087194,22.683458833773113,36.40343776832242,11.758465394893193,1.961513539656118,0.6048451003478272,0.6048451003478275,False
BWA,1990,1995,Agriculture,0.16274426881666548,0.1575750980316085,24.062805050902508,25.473581024034328,0.058628907566988187,-0.03362473935949549,3.916083613687093,4.014002027078331,0.22959570421145767,-0.13167729082021973,0.025004168207492735,0.025004168207492697,False
BWA,1990,1995,Manufacturing,0.2950257972169145,0.24784256998412862,168.40334891987519,193.8135996361789,0.05304671878072886,-0.08621824323385188,49.68333422193114,48.03526228587567,2.6355378585597435,-4.2836097946152165,-0.033171524453123026,-0.03317152445312302,False
BWA,1990,1995,Services,0.54222993396642,0.5945823319842629,67.13653328973668,76.23940678488998,0.11023976968558699,0.13498895569976535,36.40343776832242,45.33060641189313,4.013106595343462,4.91406204822724,0.24522872538535254,0.24522872538535234,False
BWA,1995,2000,Agriculture,0.1575750980316085,0.19955530379066905,25.473581024034328,13.334798910726168,-0.47652436859408254,0.13946121557777105,4.014002027078331,2.661029847617443,-1.9127697814888691,0.5597976020279811,-0.3370631530163115,-0.3370631530163115,False
BWA,1995,2000,Manufacturing,0.24784256998412862,0.20694575613935595,193.8135996361789,227.23793888878845,0.6106927308385528,-0.6317051396528923,48.03526228587567,47.02592571722082,29.334785501907554,-30.3441220705624,-0.021012408814339533,-0.021012408814339523,False
BWA,1995,2000,Services,0.5945823319842629,0.593498940069975,76.23940678488998,83.7205877008339,0.031381466915382274,0.06474506519871283,45.33060641189313,49.68808040489738,1.4225409253690398,2.9349330676352103,0.09612653211409507,0.09612653211409511,False
BWA,2000,2005,Agriculture,0.19955530379066905,0.22782866507861846,13.334798910726168,10.727951536559107,-0.19549206490621912,0.1139841591571479,2.661029847617443,2.4441348776023752,-0.5202102196878156,0.30331524967274764,-0.08150790574907116,-0.08150790574907123,False
BWA,2000,2005,Manufacturing,0.20694575613935595,0.20213904068463537,227.23793888878845,248.31790750526815,-0.10669791778451322,0.17408242215172953,47.02592571722082,50.194744414085285,-5.017568355916653,8.18638705278111,0.06738450436721645,0.06738450436721631,False
BWA,2000,2005,Services,0.593498940069975,0.5700322942367462,83.7205877008339,92.79140925567494,0.08194135076135849,-0.01741840509112936,49.68808040489738,52.894101717320545,4.07150842511628,-0.8654871126931094,0.06452294567022909,0.06452294567022912,False
BWA,2005,2010,Agriculture,0.22782866507861846,0.24900799701936743,10.727951536559107,12.986751767803279,0.21055279971638097,0.11253500330236722,2.4441348776023752,3.2338050454884235,0.5146194413636342,0.2750507265224142,0.3230878030187481,0.3230878030187482,False
BWA,2005,2010,Manufacturing,0.20213904068463537,0.16862124970762246,248.31790750526815,241.93358699100241,-0.02608378256367842,-0.16117883383106818,50.194744414085285,40.79514524583808,-1.3092687991364125,-8.09033036911079,-0.18726261639474667,-0.1872626163947466,False
BWA,2005,2010,Services,0.5700322942367462,0.5823707532730101,92.79140925567494,123.82754589039135,0.3213112192406244,0.042045719268874335,52.894101717320545,72.11354058253616,16.995468313429868,2.2239705517857433,0.3633569385094988,0.36335693850949874,False
BWA,2010,2015,Agriculture,0.24900799701936743,0.23564854362300983,12.986751767803279,9.60710856367271,-0.2602377611089303,-0.03968876210060731,3.2338050454884235,2.26390114145762,-0.8415581849006699,-0.12834571913013365,-0.2999265232095376,-0.2999265232095376,False
BWA,2010,2015,Manufacturing,0.16862124970762246,0.16691231088148623,241.93358699100241,201.46436241151295,-0.15753479878713297,-0.01817881520375407,40.79514524583808,33.626882841408715,-6.426654997794966,-0.7416074066343968,-0.17571361399088706,-0.17571361399088703,False
BWA,2010,2015,Services,0.5823707532730101,0.597439145495504,123.82754589039135,125.28567465469473,0.007124775380786902,0.030829605356404444,72.11354058253616,74.85056535811265,0.5137927785638308,2.223231997012646,0.03795438073719148,0.037954380737191346,False
CMR,1965,1970,Agriculture,0.7939581091054317,0.7938728795187062,57.36754574026397,82.22817940414883,0.43335710710796854,-0.00015386760644909377,45.54742813995935,65.27872156115241,19.738301694940866,-0.007008273747807644,0.43320323950151945,0.43320323950151945,False
CMR,1965,1970,Manufacturing,0.06650137744639865,0.0664942386790439,2047.4206132727109,2330.641503095984,0.13833064523598637,-0.00012219913685425495,136.15628692842432,154.97423577142942,18.834587023745033,-0.016638180739933728,0.1382084460991321,0.1382084460991321,False
CMR,1965,1970,Services,0.13954051344816953,0.13963288180224984,1963.6634618270443,2349.5267135648305,0.19378684036756966,0.0035068057849383925,274.01061764275005,328.0711714819889,53.09965182015477,0.9609020190841379,0.19729364615250794,0.19729364615250805,False
CMR,1970,1975,Agriculture,0.7938728795187062,0.7937634542956026,82.22817940414883,153.55634342745444,0.8674418494994276,-0.0002574029750688057,65.27872156115241,121.88741358797809,56.62549496396421,-0.016802937138528824,0.8671844465243588,0.8671844465243588,False
CMR,1970,1975,Manufacturing,0.0664942386790439,0.06648507397089672,2330.641503095984,3342.8058818746513,0.43428572858368386,-0.00019767954599274123,154.97423577142942,222.24669942855635,67.30309889369482,-0.030635236567868207,0.43408804903769094,0.4340880490376911,False
CMR,1970,1975,Services,0.13963288180224984,0.13975147173350067,2349.5267135648305,3224.112400548383,0.3700368623834636,0.0033676905628063167,328.0711714819889,450.5744406037801,121.39842693366244,1.104842188128707,0.37340455294627,0.37340455294626995,False
CMR,1975,1980,Agriculture,0.7937634542956026,0.7910020066730159,153.55634342745444,231.1803564735833,0.5055083451033153,-0.0052375583908171675,121.88741358797809,182.86412587398752,61.615104731782154,-0.638392445772717,0.5002707867124981,0.5002707867124981,False
CMR,1975,1980,Manufacturing,0.06648507397089672,0.06743627797006503,3342.8058818746513,4623.593829558561,0.38233131813699617,0.020605013469418086,222.24669942855635,311.7979692079322,84.97187354411675,4.579396235259116,0.4029363316064143,0.40293633160641423,False
CMR,1975,1980,Services,0.13975147173350067,0.14156171535691905,3224.112400548383,4380.242115932531,0.39427807691695466,-0.018091208759171064,450.5744406037801,620.0746282864613,177.65162394919102,-8.151436266509709,0.37618686815778346,0.37618686815778357,False
CMR,1980,1985,Agriculture,0.7910020066730159,0.7875039219650822,231.1803564735833,370.71066202608296,0.6035560619461353,-0.007091480035810974,182.86412587398752,291.9361002598124,110.36875168372629,-1.2967772979014074,0.5964645819103244,0.5964645819103244,False
CMR,1980,1985,Manufacturing,0.06743627797006503,0.06864110898774584,4623.593829558561,7151.313998143573,0.5473225622431553,0.027011344072937968,311.7979692079322,490.87411484454884,170.65406340909792,8.422082227518775,0.574333906316093,0.5743339063160933,False
CMR,1980,1985,Services,0.14156171535691905,0.14385496904717193,4380.242115932531,4801.74359814055,0.12738632908165864,-0.01340004859162814,620.0746282864613,690.7546287910734,78.98903065408632,-8.309030149474339,0.11398628049003061,0.11398628049003051,False
CMR,1985,1990,Agriculture,0.7875039219650822,0.7649751610021525,370.71066202608296,276.77742062933856,-0.25338694302279147,-0.02135896295026656,291.9361002598124,211.72785190768874,-73.97279600282903,-6.235452349294636,-0.27474590597305804,-0.27474590597305804,False
CMR,1985,1990,Manufacturing,0.06864110898774584,0.07565586897453658,7151.313998143573,8004.558400561376,-0.0248664082316104,0.2585673412762227,490.87411484454884,605.5918534911682,-12.206276130054958,126.92401477667421,0.23370093304461254,0.2337009330446123,False
CMR,1985,1990,Services,0.14385496904717193,0.15936897002331102,4801.74359814055,4053.929488446133,-0.17588472188659904,0.11119597449815666,690.7546287910734,646.0705771018104,-121.49318577679891,76.80913408753587,-0.06468874738844235,-0.06468874738844238,False
CMR,1990,1995,Agriculture,0.7649751610021525,0.7260968003044412,276.77742062933856,451.02565405469716,0.6295608689074118,-0.0828192318784058,211.72785190768874,327.48828426433346,133.29557041890433,-17.535138062259637,0.5467416370290061,0.546741637029006,False
CMR,1990,1995,Manufacturing,0.07565586897453658,0.08413389533201117,8004.558400561376,7806.929701394902,-0.1900055031895943,0.2746096383330007,605.5918534911682,656.8274285056809,-115.06578485010849,166.30135986462125,0.08460413514340635,0.08460413514340642,False
CMR,1990,1995,Services,0.15936897002331102,0.18976930436354764,4053.929488446133,3464.4860703554536,-0.15053371513321137,0.16815174983801323,646.0705771018104,657.4530709509413,-97.25540420939339,108.63789805852446,0.01761803470480165,0.01761803470480186,False
CMR,1995,2000,Agriculture,0.7260968003044412,0.6717632555051328,451.02565405469716,540.0592561056808,0.19740252300634384,-0.0896011710825496,327.48828426433346,362.7919640472324,64.64701356879816,-29.34333378589918,0.10780135192379411,0.10780135192379424,False
CMR,1995,2000,Manufacturing,0.08413389533201117,0.09186692138730228,7806.929701394902,7699.083421858088,-0.15753565315826001,0.23436506188019174,656.8274285056809,707.2910914701192,-103.47373796190277,153.93740092634113,0.07682940872193166,0.07682940872193172,False
CMR,1995,2000,Services,0.18976930436354764,0.23636982310756485,3464.4860703554536,2935.755769804826,-0.10520258317534552,0.16067574315213773,657.4530709509413,693.9240703330362,-69.16576138060275,105.63676076269763,0.05547315997679219,0.05547315997679221,False
CMR,2000,2005,Agriculture,0.6717632555051328,0.6595434778900586,540.0592561056808,484.7414174526397,-0.10242920203226044,-0.01632735261279361,362.7919640472324,319.70804034407075,-37.160491381074536,-5.9234323220871055,-0.11875655464505407,-0.11875655464505405,False
CMR,2000,2005,Manufacturing,0.09186692138730228,0.09300702009452767,7699.083421858088,5467.191594798482,-0.3064584221719349,0.02538053856483041,707.2910914701192,508.48720838553913,-216.75531190819845,17.951428823618354,-0.2810778836071045,-0.2810778836071045,False
CMR,2000,2005,Services,0.23636982310756485,0.24744950201541374,2935.755769804826,2811.6553592650953,-0.038261437791944554,0.0408822621264427,693.9240703330362,695.7427234228591,-26.550532649380422,28.369185739203246,0.0026208243344982176,0.0026208243344981452,False
CMR,2005,2010,Agriculture,0.6595434778900586,0.6588752344038115,484.7414174526397,410.38693787827475,-0.15338998669662796,-0.0008577776079167151,319.70804034407075,270.3937898908107,-49.040012055182004,-0.27423839807807765,-0.1542477643045446,-0.15424776430454468,False
CMR,2005,2010,Manufacturing,0.09300702009452767,0.09323135127054805,5467.191594798482,3582.830963432659,-0.3452931209101575,0.002206739554267762,508.48720838553913,334.0321720947863,-175.57713512633643,1.1220988355835633,-0.3430863813558897,-0.34308638135588976,False
CMR,2005,2010,Services,0.24744950201541374,0.24789341432564044,2811.6553592650953,2233.986176134503,-0.19955976716602952,-0.004470052889048201,695.7427234228591,553.7904607582634,-138.84225589372502,-3.1100067708706143,-0.20402982005507775,-0.20402982005507772,False
CMR,2010,2015,Agriculture,0.6588752344038115,0.6588752424275275,410.38693787827475,431.2831748670667,0.0509183774143172,1.2797977804375006e-08,270.3937898908107,284.1618063954523,13.768013044147885,3.460493721463434e-06,0.05091839021229495,0.050918390212295,False
CMR,2010,2015,Manufacturing,0.09323135127054805,0.09323134380423219,3582.830963432659,4229.919540800615,0.18060817840282647,-9.356027825727686e-08,334.0321720947863,394.36108297262217,60.3289421299788,-3.12521429680708e-05,0.18060808484254837,0.18060808484254823,False
CMR,2010,2015,Services,0.24789341432564044,0.24789341376824028,2233.986176134503,2530.0830595482757,0.13254189132126118,-6.91845777806572e-09,553.7904607582634,627.1908919914605,73.4004350645729,-3.8313759206516065e-06,0.1325418844028036,0.1325418844028034,False
DZA,2000,2005,Agriculture,0.22041773327433825,0.1865622173199556,377.69622868406304,472.3429892347534,0.2505896362281682,-0.19208689225114028,83.25094659280727,88.12135540717149,20.86182442234223,-15.991415607978004,0.058502743977027885,0.05850274397702793,False
DZA,2000,2005,Manufacturing,0.23396446151563555,0.2491315800173516,3185.7072958980975,2734.8918348496613,-0.08041831328026197,-0.005440801687780663,745.3423373400003,681.3479039077755,-59.93917358525085,-4.055259846973858,-0.08585911496804277,-0.08585911496804263,False
DZA,2000,2005,Services,0.5456178052100261,0.5643062026626928,732.5601078586493,675.7673048582781,-0.08755373854559359,0.04162366949431452,399.6978450850669,381.33969546066237,-34.995040625815115,16.63689100141055,-0.04593006905127895,-0.04593006905127907,False
DZA,2005,2010,Agriculture,0.1865622173199556,0.11837257338473801,472.3429892347534,855.3460179190483,0.8108578668750883,-0.6618797467856407,88.12135540717149,101.24950927546598,71.4538942716006,-58.32574040330611,0.14897812008944764,0.14897812008944766,False
DZA,2005,2010,Manufacturing,0.2491315800173516,0.29074335595243744,2734.8918348496613,2043.054198816802,-0.25739574688014333,0.12920357185455947,681.3479039077755,594.0044341567153,-175.376052611562,88.03258286050175,-0.12819217502558375,-0.12819217502558386,False
DZA,2005,2010,Services,0.5643062026626928,0.5908840706628246,675.7673048582781,789.5247698700338,0.19526168902769847,0.02810324114663654,381.33969546066237,466.51760990993535,74.46103302895709,10.716881420315934,0.22336493017433487,0.223364930174335,False
DZA,2010,2015,Agriculture,0.11837257338473801,0.08655795704480256,855.3460179190483,1575.1795866858756,0.84157002392797,-0.4949528602708245,101.24950927546598,136.34432700220583,85.20855194364913,-50.113734216909265,0.34661716365714534,0.34661716365714546,False
DZA,2010,2015,Manufacturing,0.29074335595243744,0.29799822906009715,2043.054198816802,2009.9309473298363,-0.0037971837817249604,0.012132888960116174,594.0044341567153,598.9558799945028,-2.2555440036525916,7.206989841440066,0.008335705178391165,0.008335705178391214,False
DZA,2010,2015,Services,0.5908840706628246,0.6154438138951004,789.5247698700338,985.9705039157927,0.23829067001336143,0.06243066534015108,466.51760990993535,606.8094085279802,111.16679383847048,29.125004779574322,0.3007213353535126,0.30072133535351253,False
EGY,1960,1965,Agriculture,0.6225084907155941,0.5625405567369143,5.081820153370259,6.667987850042315,0.3121259015079687,-0.12640065253229568,3.163476193762609,3.751013597477784,0.9874028588771517,-0.3998654551619768,0.18572524897567314,0.18572524897567302,False
EGY,1960,1965,Manufacturing,0.10043264032153938,0.15205899596767183,38.266271720249875,34.890044935808966,0.20022145159209018,0.18023477894216006,3.8431826386180448,5.30534541856134,0.7694876066376243,0.6926751733056707,0.3804562305342504,0.38045623053425026,False
EGY,1960,1965,Services,0.2770588689628665,0.2854004472954138,9.792315362862745,11.910292625358728,0.25967024824501256,-0.006760999129162971,2.7130478189624543,3.399202705671642,0.7044978006505703,-0.01834291394138265,0.2529092491158495,0.2529092491158496,False
EGY,1965,1970,Agriculture,0.5625405567369143,0.5864199514095327,6.667987850042315,6.170311065288442,-0.07463672639276248,0.03928092750181512,3.751013597477784,3.6183935150881505,-0.27996337557048107,0.14734329318084755,-0.035355798890947365,-0.03535579889094736,False
EGY,1965,1970,Manufacturing,0.15205899596767183,0.14524226850076563,34.890044935808966,40.41891707003247,0.025261640479552344,0.08127051886896107,5.30534541856134,5.870535322090422,0.13402172858353673,0.4311681749455456,0.10653215934851334,0.10653215934851341,False
EGY,1965,1970,Services,0.2854004472954138,0.2683377800897016,11.910292625358728,14.344538485330977,0.18384602928673738,-0.05146836353962677,3.399202705671642,3.8491812252497164,0.6249299201784656,-0.174951400600391,0.1323776657471106,0.1323776657471106,False
EGY,1970,1975,Agriculture,0.5864199514095327,0.5359094818490683,6.170311065288442,7.409113143329056,0.2007681727765055,-0.10342650193674204,3.6183935150881505,3.9706139856025957,0.7264582544106049,-0.3742377838961594,0.09734167083976339,0.09734167083976346,False
EGY,1970,1975,Manufacturing,0.14524226850076563,0.1639509645636723,40.41891707003247,40.32389661358309,0.34599488366100223,-0.21983835546581687,5.870535322090422,6.611141676972554,2.03117518579448,-1.290568830912348,0.1261565281951854,0.12615652819518536,False
EGY,1970,1975,Services,0.2683377800897016,0.3001395535872594,14.344538485330977,16.40808343818261,0.1516678575390625,0.1277509696236059,3.8491812252497164,4.924714928745555,0.5837970697132081,0.49173663378263066,0.27941882716266836,0.2794188271626684,False
EGY,1975,1980,Agriculture,0.5359094818490683,0.5043994064194016,7.409113143329056,9.36697633368694,0.2642506805447675,-0.07433463234970805,3.9706139856025957,4.724697302656276,1.0492374478760578,-0.29515413082237796,0.1899160481950596,0.18991604819505947,False
EGY,1975,1980,Manufacturing,0.1639509645636723,0.1691650720792974,40.32389661358309,71.53278039624058,0.3345302635774522,0.4958417314287201,6.611141676972554,12.100848580548707,2.211626967745508,3.2780799358306436,0.8303719950061724,0.8303719950061723,False
EGY,1975,1980,Services,0.3001395535872594,0.3264355215013012,16.40808343818261,24.39314471847872,0.3972866863202862,0.21961679661206815,4.924714928745555,7.962788720737649,1.956523675113366,1.0815501168787283,0.6169034829323543,0.6169034829323543,False
EGY,1980,1985,Agriculture,0.5043994064194016,0.4662202396020179,9.36697633368694,9.560252771661899,0.020633812992552195,-0.07725415238356671,4.724697302656276,4.457183337860067,0.09748852058942538,-0.36500248538563457,-0.05662033939101453,-0.05662033939101452,False
EGY,1980,1985,Manufacturing,0.1691650720792974,0.19112392815962628,71.53278039624058,74.20011995112822,0.14459096466888818,0.027344895909579885,12.100848580548707,14.181418394975081,1.749673369573684,0.3308964448526919,0.17193586057846794,0.17193586057846807,False
EGY,1980,1985,Services,0.3264355215013012,0.3426558322383558,24.39314471847872,30.390588855754725,0.26775197964003694,0.04002010545294094,7.962788720737649,10.413512808473921,2.1320524434328627,0.3186716443034094,0.30777208509297793,0.3077720850929779,False
EGY,1985,1990,Agriculture,0.4662202396020179,0.41767324165420355,9.560252771661899,11.059832792514971,0.15685568746655573,-0.12046210334690319,4.457183337860067,4.61939621460319,0.6991345566245183,-0.5369216798813943,0.03639358411965246,0.036393584119652544,False
EGY,1985,1990,Manufacturing,0.19112392815962628,0.19255497815609493,74.20011995112822,77.35662422279312,0.12531438981188342,-0.07496793256198457,14.181418394975081,14.895402569940623,1.7771357928333216,-1.0631516178677793,0.05034645724989888,0.05034645724989885,False
EGY,1985,1990,Services,0.3426558322383558,0.3897717801897015,30.390588855754725,31.373050177019316,0.02505137580324264,0.14922384049632775,10.413512808473921,12.22833000560906,0.2608728227969609,1.5539443743381784,0.17427521629957027,0.17427521629957038,False
EGY,1990,1995,Agriculture,0.41767324165420355,0.41574953036325546,11.059832792514971,11.542194753634693,0.04361385657169904,-0.004806656398015046,4.61939621460319,4.7986620481848545,0.20146968395155304,-0.02220385036988891,0.038807200173684,0.038807200173684,False
EGY,1990,1995,Manufacturing,0.19255497815609493,0.1879633057419319,77.35662422279312,78.48645576654458,0.0008734251822420705,-0.010462166772522543,14.895402569940623,14.752574403814263,0.013010019704219396,-0.15583818583057968,-0.00958874159028048,-0.009588741590280472,False
EGY,1990,1995,Services,0.3897717801897015,0.39628716389481256,31.373050177019316,33.44632536668681,0.02292638443041213,0.06097868362293669,12.22833000560906,13.254348866908497,0.28035139465053704,0.7456674666488985,0.08390506805334899,0.08390506805334882,False
EGY,1995,2000,Agriculture,0.41574953036325546,0.36934295519013605,11.542194753634693,15.440878823948626,0.3377766667025107,-0.14932460270955014,4.7986620481848545,5.702979815569978,1.620876071267723,-0.7165583038825996,0.18845206399296052,0.18845206399296058,False
EGY,1995,2000,Manufacturing,0.1879633057419319,0.20185839618795068,78.48645576654458,65.71011930238285,0.06412968167813916,-0.1650229202207507,14.752574403814263,13.264139395372606,0.9460779004496723,-2.43451290889133,-0.10089323854261151,-0.10089323854261155,False
EGY,1995,2000,Services,0.39628716389481256,0.4287986486219133,33.44632536668681,41.448468479500555,0.21816403128554668,0.12275792568383607,13.254348866908497,17.773047420969863,2.8916221808697755,1.6270763731915903,0.34092195696938277,0.34092195696938277,False
EGY,2000,2005,Agriculture,0.36934295519013605,0.3493004787134796,15.440878823948626,16.750123824166298,0.08479083445607047,-0.05886641257442055,5.702979815569978,5.850826270291348,0.48356041744830525,-0.33571396272693516,0.025924421881649937,0.025924421881649916,False
EGY,2000,2005,Manufacturing,0.20185839618795068,0.1932460913622869,65.71011930238285,71.61039540299907,0.20741350366158945,-0.1641170465300129,13.264139395372606,13.838429638091613,2.751161625049949,-2.176871382330943,0.04329645713157665,0.04329645713157654,False
EGY,2000,2005,Services,0.4287986486219133,0.45745342992423343,41.448468479500555,39.931588231991135,-0.04168267070118644,0.06946602346423977,17.773047420969863,18.266842267141143,-0.7408280830048578,1.2346229291761388,0.027783352763053278,0.027783352763053333,False
EGY,2005,2010,Agriculture,0.3493004787134796,0.28276397931194686,16.750123824166298,22.20954312548955,0.3259330712198471,-0.25257035239295605,5.850826270291348,6.28005879286372,1.9069777754498223,-1.4777452528774506,0.07336271882689106,0.07336271882689105,False
EGY,2005,2010,Manufacturing,0.1932460913622869,0.23631748827399462,71.61039540299907,68.12423511170155,0.0207455880372533,0.14260520776912053,13.838429638091613,16.098948132184386,0.28708636035436486,1.97343213373841,0.1633507958063737,0.16335079580637382,False
EGY,2005,2010,Services,0.45745342992423343,0.48091853241405846,39.931588231991135,46.80633014290333,0.14221244385229198,0.09007669326409666,18.266842267141143,22.510031295216535,2.5977722802744836,1.6454167478009087,0.2322891371163886,0.23228913711638866,False
EGY,2010,2015,Agriculture,0.28276397931194686,0.2581510276038044,22.20954312548955,27.348994493704108,0.23140734319366027,-0.10718681192996322,6.28005879286372,7.060171032480503,1.4532517203565787,-0.6731394807397955,0.12422053126369705,0.12422053126369705,False
EGY,2010,2015,Manufacturing,0.23631748827399462,0.23506497305798502,68.12423511170155,69.70838517275945,0.13958445037897083,-0.12175403343211669,16.098948132184386,16.385999089787013,2.2471628267105164,-1.9601118691078903,0.017830416946854197,0.01783041694685414,False
EGY,2010,2015,Services,0.48091853241405846,0.5067839993382105,46.80633014290333,51.2884520636795,0.10506596752811086,0.04962665871460304,22.510031295216535,25.992167153079258,2.3650382171199795,1.1170976407427449,0.15469262624271382,0.1546926262427139,False
ETH,1965,1970,Agriculture,0.9360864850453926,0.9156487079519919,6.651721954292192,6.685374549400003,0.0050592305780454115,-0.021943673846784355,6.226587023692648,6.1214545683332435,0.031501739467126616,-0.1366341948265312,-0.01688444326873895,-0.016884443268738943,False
ETH,1965,1970,Manufacturing,0.00786905388546553,0.009699633078839798,50.12267986439835,56.36968899154041,0.04386771190211414,0.3423905016207725,0.39441807022866626,0.5467652894163353,0.017302218273778952,0.13504500091389013,0.38625821352288653,0.38625821352288664,False
ETH,1965,1970,Services,0.05604446106914173,0.07465165896916826,18.18889735684076,20.46862230844644,-0.056339252919550366,0.5552958823711966,1.0193869020691941,1.5280167548327945,-0.057431496498553246,0.5660613492621538,0.49895662945164615,0.49895662945164626,False
ETH,1970,1975,Agriculture,0.9156487079519919,0.887470151124612,6.685374549400003,6.114592864293553,-0.08537766745734184,-0.028146970720670027,6.1214545683332435,5.426518653340074,-0.5226355124903816,-0.17230040250278758,-0.11352463817801187,-0.11352463817801187,False
ETH,1970,1975,Manufacturing,0.009699633078839798,0.008878707129634024,56.36968899154041,59.23140818375294,0.0284554589900472,-0.06661988523889849,0.5467652894163353,0.5258983058529738,0.015558457270167816,-0.036425440833529374,-0.038164426248851135,-0.03816442624885129,False
ETH,1970,1975,Services,0.07465165896916826,0.10365114174575392,20.46862230844644,15.912938865733382,-0.07974566317094473,0.1591803878623674,1.5280167548327945,1.6493943450768187,-0.12185270945045606,0.24323029969448018,0.0794347246914227,0.07943472469142268,False
ETH,1975,1980,Agriculture,0.887470151124612,0.8545281595702477,6.114592864293553,5.8355987126857665,-0.04562759251511019,-0.0354253354293053,5.426518653340074,4.986683427941874,-0.2475989818902454,-0.19223624350795424,-0.08105292794441557,-0.08105292794441549,False
ETH,1975,1980,Manufacturing,0.008878707129634024,0.008460781864213467,59.23140818375294,58.99285165500299,0.03356295215440474,-0.08447133218408213,0.5258983058529738,0.49912567504164707,0.01765069967742587,-0.04442333048875258,-0.05090838002967747,-0.050908380029677396,False
ETH,1975,1980,Services,0.10365114174575392,0.13701105856553883,15.912938865733382,11.519585403257688,-0.07329044593340144,0.03019350788478794,1.6493943450768187,1.5783104991693095,-0.12088484707071065,0.04980100116320156,-0.04309693804861354,-0.043096938048613496,False
ETH,1980,1985,Agriculture,0.8545281595702477,0.849059238193113,5.8355987126857665,3.856147459656349,-0.3392027708701715,-0.004229056762923867,4.986683427941874,3.2740976244561275,-1.6914968362102487,-0.021088967275497954,-0.3434318276330953,-0.3434318276330953,False
ETH,1980,1985,Manufacturing,0.008460781864213467,0.008635752202175183,58.99285165500299,57.633635198859665,-0.009549506333123748,0.006712814893304564,0.49912567504164707,0.4977098095118625,-0.004766403794834875,0.0033505382650502627,-0.0028366914398190914,-0.0028366914398191842,False
ETH,1980,1985,Services,0.13701105856553883,0.1423050096047117,11.519585403257688,10.668570100853728,-0.04921508657026526,0.011123985006754983,1.5783104991693095,1.518190913646697,-0.07767668785137614,0.017557102328763372,-0.0380911015635102,-0.038091101563510275,False
ETH,1985,1990,Agriculture,0.849059238193113,0.8640956181019879,3.856147459656349,4.304533174954453,0.11627815585093393,0.019768682419700926,3.2740976244561275,3.71952825445278,0.38070603384768215,0.06472459614897041,0.13604683827063488,0.13604683827063485,False
ETH,1985,1990,Manufacturing,0.008635752202175183,0.009680499646863511,57.633635198859665,45.10147744198295,-0.19187106360549594,0.06909881577828064,0.4977098095118625,0.436604857432436,-0.09549611051792983,0.034391158438503336,-0.12277224782721533,-0.1227722478272153,False
ETH,1985,1990,Services,0.1423050096047117,0.12622388225114864,10.668570100853728,12.525256825147045,0.02354839662179163,0.01781375331742974,1.518190913646697,1.5809865538533152,0.035750961782152625,0.027044678424465535,0.04136214993922147,0.04136214993922137,False
ETH,1990,1995,Agriculture,0.8640956181019879,0.8381725209505873,4.304533174954453,4.080201031009428,-0.05211532466523479,-0.02843679103592751,3.71952825445278,3.4199123841463575,-0.19384442258232068,-0.10577144772410192,-0.08055211570116232,-0.0805521157011623,False
ETH,1990,1995,Manufacturing,0.009680499646863511,0.013049614831729513,45.10147744198295,35.43360615282323,-0.18501821560636858,0.24408775996405058,0.436604857432436,0.46239490742532063,-0.08077985164722226,0.10656990164010696,0.059069544357681865,0.059069544357682,False
ETH,1990,1995,Services,0.12622388225114864,0.1487778642176832,12.525256825147045,12.27112175257965,0.026430821943511974,0.12833622347197904,1.5809865538533152,1.8256711716348115,0.041786774099983576,0.2028978436815131,0.15476704541549077,0.15476704541549102,False
ETH,1995,2000,Agriculture,0.8381725209505873,0.8136828633519573,4.080201031009428,3.732502453982361,-0.08521604067656624,-0.026728084470178846,3.4199123841463575,3.0370732842245745,-0.29143139283770864,-0.09140770708407457,-0.11194412514674502,-0.1119441251467451,False
ETH,1995,2000,Manufacturing,0.013049614831729513,0.01768912275135525,35.43360615282323,30.759000626508126,-0.176753682400986,0.3534529537003202,0.46239490742532063,0.5440997506198979,-0.08173000261088845,0.1634348458054657,0.17669927129933424,0.17669927129933422,False
ETH,1995,2000,Services,0.1487778642176832,0.16862801389668747,12.27112175257965,13.117594188299034,0.058064787827626245,0.153541038996973,1.8256711716348115,2.211993829418431,0.10600720922398915,0.28031544855963,0.21160582682459939,0.21160582682459925,False
ETH,2000,2005,Agriculture,0.8136828633519573,0.821280351553044,3.732502453982361,4.266999385656739,0.14320069129602342,0.010674249335688502,3.0370732842245745,3.504402755528789,0.4349109938176433,0.03241847748657146,0.1538749406317119,0.15387494063171192,False
ETH,2000,2005,Manufacturing,0.01768912275135525,0.025438206346859532,30.759000626508126,28.563338278955044,-0.178882503648645,0.5142995989480053,0.5440997506198979,0.7266001085259304,-0.09732992562549073,0.27983028353152317,0.3354170952993603,0.33541709529936026,False
ETH,2000,2005,Services,0.16862801389668747,0.1532814421000964,13.117594188299034,17.90608076115955,0.05098478464664079,0.18982784204933242,2.211993829418431,2.7446698737159676,0.11277802903259698,0.41989801526493986,0.24081262669597314,0.2408126266959732,False
ETH,2005,2010,Agriculture,0.821280351553044,0.7688333058125366,4.266999385656739,5.714294279782681,0.3391832909540454,-0.085520379469414,3.504402755528789,4.393339761510987,1.1886348594486797,-0.2996978534664821,0.25366291148463144,0.25366291148463144,False
ETH,2005,2010,Manufacturing,0.025438206346859532,0.041797151011479114,28.563338278955044,24.178277535309785,-0.1889774654199756,0.5798156585822613,0.7266001085259304,1.0105831820937254,-0.13731104688310952,0.4212941204509048,0.39083819316228535,0.39083819316228563,False
ETH,2005,2010,Services,0.1532814421000964,0.18936954317598428,17.90608076115955,23.51879010002895,0.05440643095224933,0.5682815287565255,2.7446698737159676,4.453742757454304,0.14932769197104667,1.5597451917672898,0.6226879597087747,0.6226879597087748,False
ETH,2010,2015,Agriculture,0.7688333058125366,0.6889949546700024,5.714294279782681,7.180553342843042,0.2565949514094894,-0.13048923377290383,4.393339761510987,4.9473650249576755,1.1273088026302895,-0.5732835391836008,0.12610571763658557,0.12610571763658557,False
ETH,2010,2015,Manufacturing,0.041797151011479114,0.09388784888944714,24.178277535309785,23.31314515657454,-0.1886294010025109,1.3545283686678635,1.0105831820937254,2.188821070836767,-0.19062570030155085,1.3688635890445924,1.1658989676653526,1.1658989676653526,False
ETH,2010,2015,Services,0.18936954317598428,0.2171171964405506,23.51879010002895,28.429323452353426,-0.02081526263337784,0.4067270797505952,4.453742757454304,6.172494717956139,-0.09270582519791576,1.8114577856997522,0.3859118171172171,0.38591181711721734,False
GHA,1960,1965,Agriculture,0.6805647784747937,0.6834145285893004,1.7540071741390628,1.8873901937627702,0.07604474006166885,0.004505755687323673,1.19371550391115,1.2898698795344514,0.09077578520250744,0.005378590420794109,0.08055049574899241,0.08055049574899252,False
GHA,1960,1965,Manufacturing,0.13754784981389104,0.11700949036782653,6.622641297711188,8.41218953054833,0.270853406505896,-0.1903028943633159,0.9109300929381584,0.9843059784504151,0.24672851876103263,-0.1733526332487759,0.08055051214258006,0.0805505121425801,False
GHA,1960,1965,Services,0.18188737171131528,0.19957598104287316,6.089669699455611,5.9969864232195365,-0.01193210423725121,0.09248255161378863,1.107634038573324,1.196854455909886,-0.01321640480498443,0.10243682214154659,0.08055044737653712,0.08055044737653741,False
GHA,1965,1970,Agriculture,0.6834145285893004,0.6444034326219658,1.8873901937627702,1.9388429818939106,0.027261341243149224,-0.0586387749898892,1.2898698795344514,1.2493970728474437,0.03516358294524846,-0.07563638963225619,-0.03137743374673996,-0.03137743374673998,False
GHA,1965,1970,Manufacturing,0.11700949036782653,0.1372423422176597,8.41218953054833,6.899491621350104,-0.012452103924085146,-0.025547847148752932,0.9843059784504151,0.9469023994285974,-0.012256680336762884,-0.025146898685054903,-0.03799995107283797,-0.03799995107283808,False
GHA,1965,1970,Services,0.19957598104287316,0.2183542251603746,5.9969864232195365,4.942387818326359,-0.15359135066605212,0.05528103118824664,1.196854455909886,1.0791913119809502,-0.1838264924338823,0.06616334850494637,-0.0983103194778053,-0.09831031947780547,False
GHA,1970,1975,Agriculture,0.6444034326219658,0.612536492129876,1.9388429818939106,1.5082265312730727,-0.22209970309209925,-0.03846860711073438,1.2493970728474437,0.9238437888032187,-0.27749071892355515,-0.04806256512066989,-0.2605683102028336,-0.26056831020283366,False
GHA,1970,1975,Manufacturing,0.1372423422176597,0.1581080114179806,6.899491621350104,4.775408263783153,-0.2314903101230663,0.02885899988699977,0.9469023994285974,0.7550303255667055,-0.21919873010000163,0.027326656238109703,-0.2026313102360666,-0.20263131023606654,False
GHA,1970,1975,Services,0.2183542251603746,0.22935549645214345,4.942387818326359,4.302631102393505,-0.12054376150764332,0.03496179951695582,1.0791913119809502,0.9868320021383163,-0.13008978013255235,0.0377304702899185,-0.0855819619906875,-0.08558196199068749,False
GHA,1975,1980,Agriculture,0.612536492129876,0.6366247021975733,1.5082265312730727,1.475724526238857,-0.02154981652973659,0.03847789293051825,0.9238437888032187,0.9394826870424672,-0.01990866415084608,0.035547562390094566,0.016928076400781644,0.01692807640078166,False
GHA,1975,1980,Manufacturing,0.1581080114179806,0.15312728091954628,4.775408263783153,3.430485610253711,-0.23091058048636917,-0.07335451408534423,0.7550303255667055,0.5253009521536403,-0.17434449076142025,-0.05538488265164493,-0.3042650945717134,-0.3042650945717134,False
GHA,1975,1980,Services,0.22935549645214345,0.21024801688288047,4.302631102393505,4.23113687829432,-0.014625913169868688,-0.08391555107817032,0.9868320021383163,0.8895881316807825,-0.014433319176522685,-0.08281055128101097,-0.09854146424803915,-0.09854146424803902,False
GHA,1980,1985,Agriculture,0.6366247021975733,0.658230361178051,1.475724526238857,1.1025104114818924,-0.25290229180385465,0.025354872741606138,0.9394826870424672,0.7257058263522876,-0.23759732466308348,0.02382046397290394,-0.2275474190622485,-0.2275474190622485,False
GHA,1980,1985,Manufacturing,0.15312728091954628,0.12727450439503962,3.430485610253711,2.53185202500929,-0.1870142393201644,-0.1995465353042383,0.5253009521536403,0.32224020917819285,-0.0982387579811711,-0.10482198499427636,-0.3865607746244026,-0.3865607746244027,False
GHA,1980,1985,Services,0.21024801688288047,0.21449513442690935,4.23113687829432,4.105140004746991,-0.05309043765921982,0.042910881755282834,0.8895881316807825,0.8805325195628593,-0.04722862324738042,0.038173011129457035,-0.010179555903936863,-0.010179555903936988,False
GHA,1985,1990,Agriculture,0.658230361178051,0.6114089697030669,1.1025104114818924,1.1708661908016906,0.062000121366582554,-0.0755424337157474,0.7257058263522876,0.7158780913782162,0.04499384931027792,-0.054821584284349384,-0.013542312349164773,-0.013542312349164844,False
GHA,1985,1990,Manufacturing,0.12727450439503962,0.14068340374760852,2.53185202500929,2.909313316548669,0.037865189930547064,0.2322807012239994,0.32224020917819285,0.4092920776524631,0.012201686723791488,0.07485018175047889,0.2701458911545461,0.27014589115454646,False
GHA,1985,1990,Services,0.21449513442690935,0.24790762654932452,4.105140004746991,4.621272484354464,0.07775010654993757,0.22333614797877685,0.8805325195628593,1.1456487578687726,0.0684614972166973,0.19665474108921596,0.3010862545287145,0.3010862545287144,False
GHA,1990,1995,Agriculture,0.6114089697030669,0.6335164801612331,1.1708661908016906,1.4721881697401304,0.25734962825438235,0.04546362816643808,0.7158780913782162,0.9326554674287756,0.18423096069164072,0.032546415358918605,0.3028132564208205,0.3028132564208204,False
GHA,1990,1995,Manufacturing,0.14068340374760852,0.12976529499426234,2.909313316548669,3.3881549677066896,0.03948655442930162,0.03472170142670577,0.4092920776524631,0.43966492887073405,0.01616153390170593,0.014211317316564897,0.07420825585600765,0.07420825585600739,False
GHA,1990,1995,Services,0.24790762654932452,0.2367182248445045,4.621272484354464,5.372973675022229,0.10598661305191798,0.004197277133754906,1.1456487578687726,1.2718807947971378,0.12142343159364807,0.00480860533471731,0.11018389018567268,0.11018389018567289,False
GHA,1995,2000,Agriculture,0.6335164801612331,0.616911241093199,1.4721881697401304,1.6964830036964762,0.15235473193344443,-0.030204622001412443,0.9326554674287756,1.046579435303911,0.1420944737263724,-0.0281705058512368,0.12215010993203183,0.12215010993203199,False
GHA,1995,2000,Manufacturing,0.12976529499426234,0.13409709999667277,3.3881549677066896,3.7943856491810526,0.033322695319009395,0.12395887598013612,0.43966492887073405,0.5088161197286502,0.014650820467213409,0.05450037039070269,0.15728157129914552,0.15728157129914552,False
GHA,1995,2000,Services,0.2367182248445045,0.2489916589101283,5.372973675022229,6.14481288115585,0.10772451312497006,0.09522397708715474,1.2718807947971378,1.5300070818310143,0.13701273937252162,0.12111354766135482,0.20294849021212488,0.2029484902121248,False
GHA,2000,2005,Agriculture,0.616911241093199,0.5629285475295025,1.6964830036964762,2.1231921746073423,0.2515257565098543,-0.10951450857180638,1.046579435303911,1.1952054869777171,0.26324168421247235,-0.11461563253866644,0.14201124793804806,0.14201124793804792,False
GHA,2000,2005,Manufacturing,0.13409709999667277,0.13917767474640347,3.7943856491810526,4.1631824242243205,0.20242566463811398,-0.06366053137967152,0.5088161197286502,0.5794220563868399,0.10299744121465819,-0.032391504556468435,0.13876513325844236,0.13876513325844247,False
GHA,2000,2005,Services,0.2489916589101283,0.297893777724094,6.14481288115585,5.977971805240237,-0.003694768890625816,0.16761135885477135,1.5300070818310143,1.7808006253057476,-0.005653022568386418,0.25644656604311966,0.16391658996414554,0.16391658996414554,False
GHA,2005,2010,Agriculture,0.5629285475295025,0.49867799862688394,2.1231921746073423,2.6585528038638278,0.2521489272893979,-0.1429155729252698,1.1952054869777171,1.3257617914747044,0.3013697814318338,-0.17081347693484653,0.10923335436412812,0.10923335436412812,False
GHA,2005,2010,Manufacturing,0.13917767474640347,0.13486604467420177,4.1631824242243205,5.83293718375455,0.23339110195111543,0.12428105292630247,0.5794220563868399,0.7866651918782257,0.1352319522349059,0.07201118325647986,0.35767215487741805,0.3576721548774179,False
GHA,2005,2010,Services,0.297893777724094,0.36645595669891434,5.977971805240237,6.394492155884823,0.03150692854657207,0.2843616726121785,1.7808006253057476,2.3432996277637024,0.05610755805719905,0.5063914444007557,0.3158686011587506,0.31586860115875054,False
GHA,2010,2015,Agriculture,0.49867799862688394,0.3517760827650416,2.6585528038638278,3.8963739275769735,0.4655996006226204,-0.4317403009770704,1.3257617914747044,1.3706511572308675,0.6172741606313521,-0.5723847948751889,0.03385929964554992,0.03385929964555001,False
GHA,2010,2015,Manufacturing,0.13486604467420177,0.18224359217486846,5.83293718375455,6.9418714034566165,0.4339220414275792,0.17427366119576307,0.7866651918782257,1.2651115809819293,0.34135136597981797,0.13709502312388586,0.608195702623342,0.6081957026233422,False
GHA,2010,2015,Services,0.36645595669891434,0.46598032506008996,6.394492155884823,7.3493004671948405,0.1629273248727495,0.2985286574756349,2.3432996277637024,3.424629259430005,0.3817875397268497,0.699542091939453,0.4614559823483843,0.46145598234838436,False
KEN,1970,1975,Agriculture,0.8735112438724127,0.861878563463105,70.28130588978593,68.19217757590772,-0.029725234718238513,-0.012921294754835949,61.39151092876443,58.77337604854431,-1.8248770720648277,-0.7932578081552977,-0.042646529473074464,-0.042646529473074464,False
KEN,1970,1975,Manufacturing,0.01516679089503818,0.01476074609775677,1809.2706325926085,2137.9471919646758,0.20577665958748856,-0.05574973481454932,27.440830647043228,31.55769408223415,5.6466824668545375,-1.5298190316636178,0.1500269247729393,0.15002692477293925,False
KEN,1970,1975,Services,0.11132196523254904,0.12336069043913826,669.5821417807508,646.927811195378,0.0012750932023808037,0.06937578711372738,74.53920108035945,79.80546125474626,0.09504442860846218,5.171215745778335,0.07065088031610843,0.07065088031610818,False
KEN,1975,1980,Agriculture,0.861878563463105,0.8479923144542036,68.19217757590772,60.66946179011733,-0.11031640362879631,-0.014334232781825497,58.77337604854431,51.44723732009246,-6.483667474798244,-0.8424712536536013,-0.12465063641062181,-0.12465063641062181,False
KEN,1975,1980,Manufacturing,0.01476074609775677,0.016283476665369414,2137.9471919646758,2079.422229078137,0.013102958612345353,0.05985950922131725,31.55769408223415,33.86022132161372,0.4134991594605699,1.8890280799190038,0.07296246783366253,0.0729624678336626,False
KEN,1975,1980,Services,0.12336069043913826,0.13572420888042697,646.927811195378,647.2217991412997,0.006977106409039886,0.09374541261849088,79.80546125474626,87.8436683444783,0.5568111951968744,7.481395894535176,0.10072251902753065,0.10072251902753077,False
KEN,1980,1985,Agriculture,0.8479923144542036,0.8273296770852454,60.66946179011733,61.96847281225,0.021411283103623446,-0.024888257343365704,51.44723732009246,51.268356601224596,1.1015513631598013,-1.2804320820276693,-0.00347697423974222,-0.003476974239742258,False
KEN,1980,1985,Manufacturing,0.016283476665369414,0.01708354366996873,2079.422229078137,2003.136243890369,-0.08748457000566577,0.09812962838459482,33.86022132161372,34.220665354305766,-2.9622469026180522,3.3226909353100886,0.010645058378929277,0.010645058378929054,False
KEN,1980,1985,Services,0.13572420888042697,0.155586779244786,647.2217991412997,597.1369303579161,-0.012223029240689376,0.06985887692328516,87.8436683444783,92.90661263306112,-1.073715726783978,6.13666001536679,0.05763584768259579,0.05763584768259578,False
KEN,1985,1990,Agriculture,0.8273296770852454,0.7983510822211832,61.96847281225,68.21262049547232,0.10076329784890185,-0.03855606118467027,51.268356601224596,54.45761939370319,5.165968686432907,-1.9767058939543092,0.06220723666423151,0.062207236664231585,False
KEN,1985,1990,Manufacturing,0.01708354366996873,0.02335155404716267,2003.136243890369,1634.025479477181,-0.1128454407538341,0.22787446723820406,34.220665354305766,38.15703517565896,-3.861646064796094,7.798015886149294,0.11502902648436987,0.11502902648436997,False
KEN,1985,1990,Services,0.155586779244786,0.17829736373165406,597.1369303579161,582.3355860392757,0.007712223530699787,0.1098497168032689,92.90661263306112,103.8288942840602,0.716516564106304,10.205765086892768,0.11756194033396879,0.11756194033396869,False
KEN,1990,1995,Agriculture,0.7983510822211832,0.7399030718141665,68.21262049547232,61.596013182113445,-0.0969997526161315,-0.06610947117374702,54.45761939370319,45.57507936495163,-5.282375609252655,-3.6001644194989075,-0.16310922378987855,-0.16310922378987852,False
KEN,1990,1995,Manufacturing,0.02335155404716267,0.03418201681137017,1634.025479477181,1011.0637708366997,-0.4046346396753609,0.3103706251575872,38.15703517565896,34.56019985790544,-15.439658179382835,11.842822861629317,-0.09426401451777384,-0.09426401451777372,False
KEN,1990,1995,Services,0.17829736373165406,0.22591491137446335,582.3355860392757,449.84404865451546,-0.26770039144235214,0.24648844071113515,103.8288942840602,101.62648089402998,-27.795035642869514,25.59262225283929,-0.02121195073121693,-0.021211950731216983,False
KEN,1995,2000,Agriculture,0.7399030718141665,0.6824390786338641,61.596013182113445,65.57172560229598,0.06454496346099599,-0.0826770516987556,45.57507936495163,44.74870800446343,2.941641832342795,-3.768013192830995,-0.018132088237759515,-0.018132088237759608,False
KEN,1995,2000,Manufacturing,0.03418201681137017,0.047209933662744674,1011.0637708366997,647.4275109973288,-0.3491222197306272,0.23352137947165305,34.56019985790544,30.56501171481349,-12.065733688726052,8.070545545634106,-0.11560084025897416,-0.11560084025897413,False
KEN,1995,2000,Services,0.22591491137446335,0.27035098770339117,449.84404865451546,363.01836490680716,-0.20696148174414303,0.17267802179990274,101.62648089402998,98.14237350702538,-21.032767070271287,17.54865968326671,-0.034283459944240494,-0.034283459944240285,False
KEN,2000,2005,Agriculture,0.6824390786338641,0.6534572306196131,65.57172560229598,72.28863966810427,0.10243613392985178,-0.04681829848157808,44.74870800446343,47.237534282778526,4.583884646333046,-2.095058368017951,0.05561783544827369,0.0556178354482737,False
KEN,2000,2005,Manufacturing,0.047209933662744674,0.056165452636652395,647.4275109973288,571.4772567150892,-0.1447328098428484,0.19486416071920196,30.56501171481349,32.097277041628665,-4.423760028364534,5.956025355179706,0.05013135087635365,0.050131350876353564,False
KEN,2000,2005,Services,0.27035098770339117,0.2903773167437344,363.01836490680716,348.990511344577,0.10966348548252419,-0.07709287217550782,98.14237350702538,101.33893080355548,10.762634752308145,-7.5660774557780535,0.03257061330701647,0.03257061330701637,False
KEN,2005,2010,Agriculture,0.6534572306196131,0.618291094877178,72.28863966810427,92.28894554546376,0.27667287652923117,-0.06870480510582402,47.237534282778526,57.06143318636505,13.069344490164507,-3.2454455865779797,0.20796807142340706,0.20796807142340715,False
KEN,2005,2010,Manufacturing,0.056165452636652395,0.061778303782837406,571.4772567150892,616.6781244823042,0.10229150337154454,0.08464189788013457,32.097277041628665,38.097330209937745,3.2832787227211577,2.7167744455879212,0.18693340125167915,0.18693340125167912,False
KEN,2005,2010,Services,0.2903773167437344,0.3199306013399846,348.990511344577,359.70773953539464,0.0872319980709427,0.04837812220918136,101.33893080355548,115.08151539888482,8.839997416367147,4.902587178962181,0.13561012028012412,0.13561012028012406,False
KEN,2010,2015,Agriculture,0.618291094877178,0.5831117157819289,92.28894554546376,99.43797869277877,0.07746359117076729,-0.06130526615890304,57.06143318636505,57.983450369433115,4.420183531966635,-3.498166348898572,0.016158325011864268,0.016158325011864247,False
KEN,2010,2015,Manufacturing,0.061778303782837406,0.07073784308127846,616.6781244823042,594.3797880930763,-0.021338519938731218,0.12496295818279628,38.097330209937745,42.04514465154119,-0.8129406402971837,4.760755081900632,0.10362443824406506,0.10362443824406506,False
KEN,2010,2015,Services,0.3199306013399846,0.3461504411367927,359.70773953539464,368.3452751838097,0.029460311877416465,0.07847503797317261,115.08151539888482,127.5028790247994,3.390337334976852,9.031026290937735,0.10793534985058902,0.10793534985058907,False
LSO,1970,1975,Agriculture,0.7203628195969979,0.7434798880340051,2.8682143097214836,2.7628835364988906,-0.03672346688515792,0.03091238044772595,2.0661549473594247,2.0541483423671916,-0.07587637278895905,0.06386976779672572,-0.005811086437431894,-0.005811086437431973,False
LSO,1970,1975,Manufacturing,0.06047314786332668,0.05663215432007434,18.3510836531371,21.162844517323947,0.14853045771985146,-0.06855756245685105,1.109747751064797,1.1984974917290523,0.1648313414192301,-0.0760816007549748,0.07997289526300037,0.07997289526300042,False
LSO,1970,1975,Services,0.21916403253967545,0.1998879576459205,46.235072388512634,41.754519488279534,-0.12463239478512864,-0.0517050320513169,10.133064456957925,8.346225944650119,-1.2629080897827352,-0.5239304225250696,-0.17633742683644568,-0.17633742683644554,False
LSO,1975,1980,Agriculture,0.7434798880340051,0.723262424636851,2.7628835364988906,2.7763678189299945,0.004880510616162666,-0.027325735731222253,2.0541483423671916,2.0080425204030337,0.010025292792096022,-0.05613111475625413,-0.022445225115059492,-0.022445225115059586,False
LSO,1975,1980,Manufacturing,0.05663215432007434,0.05706268343929884,21.162844517323947,22.99468627750006,0.11710357018547098,-0.022283966117844528,1.1984974917290523,1.3121385493708446,0.140348335139804,-0.026707277498011855,0.0948196040676266,0.09481960406762645,False
LSO,1975,1980,Services,0.1998879576459205,0.2196748919238502,41.754519488279534,39.99316297073583,-0.03328701829499156,0.08591776032321492,8.346225944650119,8.785494009252265,-0.27782097571370173,0.717089040315847,0.05263074202822346,0.05263074202822336,False
LSO,1980,1985,Agriculture,0.723262424636851,0.6742336683341164,2.7763678189299945,2.9580510921198844,0.06543919431392564,-0.07222435015841945,2.0080425204030337,1.9944176389597288,0.13140468468327912,-0.14502956612658383,-0.006785155844493883,-0.006785155844493809,False
LSO,1980,1985,Manufacturing,0.05706268343929884,0.06213267086387018,22.99468627750006,17.58307420366794,-0.16066735615174096,-0.0067350402238999605,1.3121385493708446,1.0924834118293079,-0.21081783163219425,-0.008837305909342383,-0.16740239637564103,-0.16740239637564092,False
LSO,1980,1985,Services,0.2196748919238502,0.2636336608020135,39.99316297073583,32.44738583011144,-0.16792693307081344,0.14160269495315875,8.785494009252265,8.55422257297148,-1.4753210644857375,1.244049628204952,-0.026324238117654677,-0.02632423811765469,False
LSO,1985,1990,Agriculture,0.6742336683341164,0.6662079390278197,2.9580510921198844,3.2335527157204047,0.09313619508954538,-0.01301212859687143,1.9944176389597288,2.1542184904779,0.18575247031218378,-0.025951618794012688,0.08012406649267391,0.08012406649267395,False
LSO,1985,1990,Manufacturing,0.06213267086387018,0.06394914238378015,17.58307420366794,40.0905881311676,1.1636020085513439,0.1831235796098477,1.0924834118293079,2.5637587771814783,1.2712158923136077,0.2000594730385623,1.346725588161192,1.3467255881611915,False
LSO,1985,1990,Services,0.2636336608020135,0.2698429185884003,32.44738583011144,42.599727067505235,0.22523557887592277,0.118572627045468,8.55422257297148,11.495234488837067,1.9267152730567167,1.0142966428088709,0.3438082059213908,0.3438082059213908,False
LSO,1990,1995,Agriculture,0.6662079390278197,0.6651740481413725,3.2335527157204047,3.4292523144927367,0.060521542704687896,-0.0016458278168877628,2.1542184904779,2.281049644129304,0.1303766263666865,-0.003545472715282494,0.05887571488780021,0.058875714887800135,False
LSO,1990,1995,Manufacturing,0.06394914238378015,0.06637216762198728,40.0905881311676,74.19085848987379,0.8182191100530246,0.10247954919387152,2.5637587771814783,4.924208045964927,2.09771642505606,0.2627328437273892,0.9206986592468961,0.9206986592468961,False
LSO,1990,1995,Services,0.2698429185884003,0.26845378423664035,42.599727067505235,62.121818296027804,0.34490878886064774,0.10585211070002529,11.495234488837067,16.676836727686137,3.96480740521394,1.2167948336351297,0.45076089956067306,0.450760899560673,False
LSO,1995,2000,Agriculture,0.6651740481413725,0.6954768563577195,3.4292523144927367,3.142574618312841,-0.0835977262356391,0.04174781386691138,2.281049644129304,2.185587916413775,-0.19069056367982357,0.09522883596429463,-0.04184991236872774,-0.041849912368727725,False
LSO,1995,2000,Manufacturing,0.06637216762198728,0.07067105844623316,74.19085848987379,73.9878096119617,-0.024141664934712707,0.08599709396381544,4.924208045964927,5.228797047276647,-0.11887858071450165,0.42346758202622187,0.06185542902910261,0.06185542902910274,False
LSO,1995,2000,Services,0.26845378423664035,0.2338520851960474,62.121818296027804,70.20209188416281,0.05991434649983591,-0.07550073705400161,16.676836727686137,16.416905037240365,0.9991817742237769,-1.2591134646695477,-0.015586390554165745,-0.015586390554165698,False
LSO,2000,2005,Agriculture,0.6954768563577195,0.718650029569654,3.142574618312841,2.025399484502324,-0.355496772391771,0.0214747403777509,2.185587916413775,1.4555533994279575,-0.7769694500635529,0.04693493307773535,-0.33402203201402014,-0.33402203201402014,False
LSO,2000,2005,Manufacturing,0.07067105844623316,0.07761522598333999,73.9878096119617,72.04694451394629,-0.08877201358774572,0.15822253368911254,5.228797047276647,5.5919397217145015,-0.46417084252840723,0.8273135169662614,0.06945052010136692,0.06945052010136682,False
LSO,2000,2005,Services,0.2338520851960474,0.20373474444700612,70.20209188416281,73.23234843840652,0.007442525869347644,-0.09862481806342303,16.416905037240365,14.919974005212325,0.12218324043428508,-1.6191142724623242,-0.09118229219407549,-0.09118229219407539,False
LSO,2005,2010,Agriculture,0.718650029569654,0.6922147272044051,2.025399484502324,2.046142460091057,0.010241424344901339,-0.03716139485926061,1.4555533994279575,1.4163699448332814,0.014906940020205386,-0.054090394614881396,-0.026919970514359324,-0.02691997051435927,False
LSO,2005,2010,Manufacturing,0.07761522598333999,0.08841923327505144,72.04694451394629,77.00862826699195,0.15011718829414894,0.06753613105348669,5.5919397217145015,6.809043963737557,0.8394462681341466,0.3776579738889084,0.21765331934763574,0.21765331934763563,False
LSO,2005,2010,Services,0.20373474444700612,0.2193660395205433,73.23234843840652,78.81018502136817,0.018530511786441075,0.14020328734612292,14.919974005212325,17.288278162018777,0.2764747541569814,2.091829402649468,0.1587337991325642,0.158733799132564,False
LSO,2010,2015,Agriculture,0.6922147272044051,0.6780793430163506,2.046142460091057,2.2882742663640245,0.1183357517844541,-0.022836996789353203,1.4163699448332814,1.5516315111773396,0.16760720222675213,-0.03234563588269402,0.09549875499510094,0.0954987549951009,False
LSO,2010,2015,Manufacturing,0.08841923327505144,0.09081526393259784,77.00862826699195,71.34839124773019,-0.07178909785248419,0.02339452004871833,6.809043963737557,6.479523155865197,-0.48881512339462235,0.1592943155222628,-0.04839457780376602,-0.04839457780376586,False
LSO,2010,2015,Services,0.2193660395205433,0.23110539305105146,78.81018502136817,91.07967508847722,0.1277227759719623,0.08980757718851436,17.288278162018777,21.04900341613928,2.2081068786284925,1.5526183754920084,0.2175303531604767,0.21753035316047664,False
MAR,1970,1975,Agriculture,0.6359282916163791,0.6115480587501972,22.105435628950588,19.89808944293097,-0.09985535788893234,-0.03450976513740706,14.057471914954386,12.168637971662228,-1.4037138890813852,-0.48512005421077176,-0.13436512302633943,-0.1343651230263394,False
MAR,1970,1975,Manufacturing,0.1306022308660689,0.14736775894419643,134.02893611706855,158.49483312715975,0.15048912157430475,0.1838569425412725,17.504477319764124,23.357030416027648,2.6342334154686435,3.21831968079488,0.33434606411557727,0.3343460641155772,False
MAR,1970,1975,Services,0.233469477517552,0.24108418230560635,97.3534853960104,121.92557126133741,0.26401687451547245,0.02923131627517931,22.729067323810998,29.394325194877496,6.000857315484334,0.6644005555821627,0.29324819079065184,0.2932481907906518,False
MAR,1975,1980,Agriculture,0.6115480587501972,0.566390387425677,19.89808944293097,24.15784738382784,0.21407874123363121,-0.08964948539082881,12.168637971662228,13.682772539096629,2.605046699501217,-1.0909121320668178,0.12442925584280246,0.1244292558428024,False
MAR,1975,1980,Manufacturing,0.14736775894419643,0.17108286080331564,158.49483312715975,144.15925399737543,-0.06622442546477618,0.12214539504805595,23.357030416027648,24.663178203478072,-1.5468059198647333,2.8529537073151556,0.05592096958327984,0.05592096958327977,False
MAR,1975,1980,Services,0.24108418230560635,0.2625267517710073,121.92557126133741,140.89147644210428,0.18169602853110753,0.07663465632656725,29.394325194877496,36.9877813533994,5.340832149261114,2.252624009260794,0.2583306848576746,0.2583306848576748,False
MAR,1980,1985,Agriculture,0.566390387425677,0.49370237385873794,24.15784738382784,24.523385009098416,0.015131216762106084,-0.13027740811704713,13.682772539096629,12.107253394043676,0.20703699719566374,-1.7825561422486167,-0.11514619135494103,-0.11514619135494104,False
MAR,1980,1985,Manufacturing,0.17108286080331564,0.22696516956478274,144.15925399737543,102.60609272665299,-0.19512404412862336,0.13936602342276394,24.663178203478072,23.28800820253624,-4.812379072127557,3.437209071185726,-0.055758020705859467,-0.05575802070585942,False
MAR,1980,1985,Services,0.2625267517710073,0.2793324565764793,140.89147644210428,138.41846055135832,-0.08481967682793723,0.13015862252019603,36.9877813533994,38.66476836345832,-3.13729166097774,4.814278671036657,0.045338945692258936,0.0453389456922588,False
MAR,1985,1990,Agriculture,0.49370237385873794,0.43566723872903257,24.523385009098416,31.89538302419803,0.3006109479733132,-0.1528879262354989,12.107253394043676,13.895773450357215,3.6395729201365836,-1.8510528638230435,0.1477230217378142,0.14772302173781432,False
MAR,1985,1990,Manufacturing,0.22696516956478274,0.23244299656814432,102.60609272665299,97.9636477997751,-0.06003146860784427,0.037829278429007795,23.28800820253624,22.770963415537224,-1.3980133333497742,0.8809685463507608,-0.02220219017883657,-0.022202190178836477,False
MAR,1985,1990,Services,0.2793324565764793,0.3318897647028231,138.41846055135832,129.4055598931513,-0.07684057437581006,0.1876290522412858,38.66476836345832,42.94837919746706,-2.971023009155787,7.254633843164536,0.11078847786547552,0.11078847786547573,False
MAR,1990,1995,Agriculture,0.43566723872903257,0.4078134292303521,31.89538302419803,19.667792325559013,-0.383365538810502,-0.039423709853419364,13.895773450357215,8.020789833676622,-5.327160675984862,-0.5478229406957309,-0.42278924866392137,-0.42278924866392137,False
MAR,1990,1995,Manufacturing,0.23244299656814432,0.23589994284941815,97.9636477997751,89.35154145653544,-0.07672672171444309,0.0023802893066705976,22.770963415537224,21.078023523104125,-1.7471413731536891,0.05420148072059064,-0.07434643240777251,-0.07434643240777249,False
MAR,1990,1995,Services,0.3318897647028231,0.35628662792022975,129.4055598931513,126.3609486281894,-0.02257664532080454,0.07082850289893405,42.94837919746706,45.02071827371475,-0.9696303242446338,3.041969400492315,0.04825185757812965,0.04825185757812951,False
MAR,1995,2000,Agriculture,0.4078134292303521,0.38482875271867834,19.667792325559013,22.689611580247885,0.1536430324598205,-0.06502020289296988,8.020789833676622,8.731614924098073,1.2323384727689755,-0.5215133823475241,0.08862282956685064,0.08862282956685062,False
MAR,1995,2000,Manufacturing,0.23589994284941815,0.24433865988661704,89.35154145653544,88.04208155638732,0.043530111246666205,-0.022937096753075585,21.078023523104125,21.512083567011658,0.9175287088205697,-0.4834686649130424,0.020593014493590862,0.02059301449359062,False
MAR,1995,2000,Services,0.35628662792022975,0.3708325873947046,126.3609486281894,121.52319060134066,-0.07621997999638094,0.07719813693290667,45.02071827371475,45.06475560158155,-3.43147824624524,3.4755155741120447,0.0009781569365256988,0.0009781569365257259,False
MAR,2000,2005,Agriculture,0.38482875271867834,0.3902625730342278,22.689611580247885,28.470057256334933,0.2547617730538469,0.017717361203982394,8.731614924098073,11.110797799289058,2.224481699686656,0.15470117550432888,0.27247913425782927,0.27247913425782927,False
MAR,2000,2005,Manufacturing,0.24433865988661704,0.23205402651403204,88.04208155638732,102.23144289010946,0.19332694674579873,-0.09054126874253426,21.512083567011658,23.723217661709832,4.158865434150835,-1.9477313394526576,0.10278567800326432,0.10278567800326446,False
MAR,2000,2005,Services,0.3708325873947046,0.37768340045174015,121.52319060134066,138.73687763925633,0.10442293325411663,0.05831757988359584,45.06475560158155,52.398617052608536,4.705793966297029,2.628067484729955,0.16274051313771246,0.16274051313771246,False
MAR,2005,2010,Agriculture,0.3902625730342278,0.37300374180563883,28.470057256334933,37.608000818512295,0.320966813656269,-0.05841795978078827,11.110797799289058,14.027925027134614,3.5661973668168945,-0.649070138971339,0.26254885387548077,0.2625488538754807,False
MAR,2005,2010,Manufacturing,0.23205402651403204,0.23302267239966984,102.23144289010946,105.36595799032281,0.08632757457721482,-0.05136438109417885,23.723217661709832,24.55265711085637,2.0479678419027554,-1.2185283927562183,0.03496319348303599,0.03496319348303597,False
MAR,2005,2010,Services,0.37768340045174015,0.39397358579469133,138.73687763925633,145.536116393258,0.07852195146402237,0.01573184497717612,52.398617052608536,57.33738563808541,4.114441664986822,0.8243269204900545,0.0942537964411984,0.0942537964411985,False
MAR,2010,2015,Agriculture,0.37300374180563883,0.3606145562304179,37.608000818512295,45.62837731702325,0.21326250595492907,-0.04029807922293073,14.027925027134614,16.454257037692404,2.9916304446345943,-0.5652984340768034,0.17296442673199827,0.17296442673199836,False
MAR,2010,2015,Manufacturing,0.23302267239966984,0.2346442720700485,105.36595799032281,108.31550670896708,0.053662760537088426,-0.018515632663511677,24.55265711085637,25.41561248996772,1.3175633590891267,-0.4546079799777744,0.03514712787357672,0.03514712787357675,False
MAR,2010,2015,Services,0.39397358579469133,0.4047411716995336,145.536116393258,161.7066652464166,0.08054952039688958,0.06092815896980932,57.33738563808541,65.44934589911523,4.618498913959284,3.4934613470705296,0.14147767936669903,0.1414776793666989,False
MOZ,1970,1975,Agriculture,0.8347008825727366,0.8612952676389158,14.183726305681535,10.430849344881404,-0.2645903396554439,0.023430869784526628,11.839168865522518,8.984041178200838,-3.132529711366759,0.27740202404507996,-0.2411594698709173,-0.24115946987091724,False
MOZ,1970,1975,Manufacturing,0.036710134484833845,0.024588498021888387,42.73556847257309,43.75717449263224,-0.17908680271004537,-0.13510008471337703,1.5688285545386365,1.0759231940871552,-0.28095648983254645,-0.21194887061893464,-0.31418688742342255,-0.3141868874234224,False
MOZ,1970,1975,Services,0.12858898294242965,0.11411623433919572,100.17620592814048,73.42045418627623,-0.3451512047169825,-0.0044253383979767184,12.881555499233079,8.378465857867686,-4.446084399188968,-0.0570052421764243,-0.34957654311495917,-0.3495765431149592,False
MOZ,1975,1980,Agriculture,0.8612952676389158,0.8817817429270007,10.430849344881404,4.276958215496727,-0.589970281989021,0.009752826935226914,8.984041178200838,3.771343669686658,-5.300317307304125,0.08761979878994489,-0.5802174550537941,-0.5802174550537941,False
MOZ,1975,1980,Manufacturing,0.024588498021888387,0.01707721404062669,43.75717449263224,56.08934174016645,0.16848527089889911,-0.27822686563955484,1.0759231940871552,0.9578496669495709,0.18127721082218315,-0.29935073795976763,-0.10974159474065562,-0.10974159474065573,False
MOZ,1975,1980,Services,0.11411623433919572,0.10114104303237262,73.42045418627623,57.30040648625099,-0.3033805331874924,-0.0049149165000546184,8.378465857867686,5.795422958524608,-2.5418634392531,-0.041179460089978165,-0.3082954496875471,-0.308295449687547,False
MOZ,1980,1985,Agriculture,0.8817817429270007,0.8719817409632092,4.276958215496727,3.2711336971445943,-0.2351728653106132,-0.008500184407353322,3.771343669686658,2.8523688561595626,-0.8869176968712542,-0.03205711665584119,-0.24367304971796655,-0.24367304971796652,False
MOZ,1980,1985,Manufacturing,0.01707721404062669,0.016920796597074156,56.08934174016645,66.31062677926086,0.41057757384950044,-0.2391738905035997,0.9578496669495709,1.1220286279563714,0.39327159236870685,-0.22909263136190608,0.17140368334590053,0.17140368334590075,False
MOZ,1980,1985,Services,0.10114104303237262,0.11109746243971663,57.30040648625099,38.733930266899584,-0.29292844669136575,0.035452590634412064,5.795422958524608,4.303241471066362,-1.697644245160093,0.2054627577018462,-0.25747585605695367,-0.25747585605695367,False
MOZ,1985,1990,Agriculture,0.8719817409632092,0.8576453261440602,3.2711336971445943,4.60883388806307,0.4089408488825044,-0.02316465989633109,2.8523688561595626,3.952744843071649,1.1664501413639097,-0.0660741544518232,0.3857761889861733,0.38577618898617333,False
MOZ,1985,1990,Manufacturing,0.016920796597074156,0.017285670902794297,66.31062677926086,81.28026620427651,0.5295293451484386,-0.2773474628198274,1.1220286279563714,1.4049839193809983,0.5941470845995385,-0.3111917931749117,0.2521818823286114,0.2521818823286112,False
MOZ,1985,1990,Services,0.11109746243971663,0.1250690029531454,38.733930266899584,43.489965405973976,0.23647086820248464,0.027517419608559305,4.303241471066362,5.439246819050648,1.0175912467479997,0.1184141012362871,0.2639882878110439,0.26398828781104394,False
MOZ,1990,1995,Agriculture,0.8576453261440602,0.8501025177728304,4.60883388806307,7.017779682864053,0.5226801080941925,-0.013391647941084807,3.952744843071649,5.965832177577747,2.0660211018454517,-0.05293376733935404,0.5092884601531078,0.5092884601531077,False
MOZ,1990,1995,Manufacturing,0.017285670902794297,0.017279302271882707,81.28026620427651,71.92731763404286,-0.012198689433658328,-0.10319770143133099,1.4049839193809983,1.242853845861084,-0.017138962491812848,-0.14499111102810147,-0.11539639086498928,-0.11539639086498932,False
MOZ,1990,1995,Services,0.1250690029531454,0.13261817995528688,43.489965405973976,62.844310612415946,0.48007010623187774,0.052182198666386036,5.439246819050648,8.334298475400907,2.611219798243048,0.28383185810720923,0.532252304898264,0.5322523048982638,False
MOZ,1995,2000,Agriculture,0.8501025177728304,0.8163741535482335,7.017779682864053,7.2763187353829295,0.0368405769634197,-0.0411373168430123,5.965832177577747,5.940198548545392,0.2197846994888987,-0.2454183285212538,-0.004296739879592607,-0.004296739879592601,False
MOZ,1995,2000,Manufacturing,0.017279302271882707,0.029022408534621017,71.92731763404286,85.04843138170638,0.2787217624399204,0.7072803990647146,1.242853845861084,2.4683104243144616,0.3464104143736345,0.8790461640797429,0.9860021615046352,0.986002161504635,False
MOZ,1995,2000,Services,0.13261817995528688,0.1546034379171456,62.844310612415946,66.50285577324193,-0.032794914682488435,0.26644043581467736,8.334298475400907,10.281569985957157,-0.2733226074391662,2.2205941179954185,0.23364552113218867,0.23364552113218892,False
MOZ,2000,2005,Agriculture,0.8163741535482335,0.7934344393324931,7.2763187353829295,9.614365201092614,0.32132271148875674,-0.03712852159341226,5.940198548545392,7.628368462866751,1.9087207044001826,-0.22055079007882375,0.28419418989534456,0.2841941898953445,False
MOZ,2000,2005,Manufacturing,0.029022408534621017,0.037271068075258186,85.04843138170638,113.51920503308027,0.1821304900382082,0.5319901888704067,2.4683104243144616,4.230981940283116,0.4495545871468105,1.313116928821844,0.7141206789086149,0.714120678908615,False
MOZ,2000,2005,Services,0.1546034379171456,0.1692944925922486,66.50285577324193,76.7308210601869,0.0664157776945553,0.19702015839547157,10.281569985957157,12.990104999682906,0.6828584665383426,2.0256765471874054,0.26343593609002697,0.26343593609002686,False
MOZ,2005,2010,Agriculture,0.7934344393324931,0.7656607762723111,9.614365201092614,12.683505498891064,0.3192244348539684,-0.0461786042274871,7.628368462866751,9.711262666135058,2.4351616114164742,-0.3522674081481678,0.2730458306264813,0.2730458306264813,False
MOZ,2005,2010,Manufacturing,0.037271068075258186,0.05187143885286084,113.51920503308027,91.52092720251424,-0.33494810474397074,0.45698608087712317,4.230981940283116,4.747322413331187,-1.4171593821037978,1.9334998551518676,0.12203797613315258,0.12203797613315243,False
MOZ,2005,2010,Services,0.1692944925922486,0.18246778487482807,76.7308210601869,99.64526018435504,0.23459895270946912,0.16508567449417094,12.990104999682906,18.18205027381731,3.0474650285116485,2.1444802456227547,0.3996846272036402,0.39968462720364006,False
MOZ,2010,2015,Agriculture,0.7656607762723111,0.7211621092959196,12.683505498891064,13.877091763380616,0.09410539259780418,-0.06358720860603173,9.711262666135058,10.007632766972597,0.9138821858170382,-0.6175120849794978,0.030518183991772287,0.030518183991772446,False
MOZ,2010,2015,Manufacturing,0.05187143885286084,0.07592097785978988,91.52092720251424,75.02571576122033,-0.24291564142489924,0.44275526516940955,4.747322413331187,5.696025538205171,-1.1531988690851458,2.101901993959131,0.19983962374451011,0.1998396237445103,False
MOZ,2010,2015,Services,0.18246778487482807,0.2029169128442905,99.64526018435504,120.49588244707809,0.19246450271757576,0.15230425418596164,18.18205027381731,24.450653144678924,3.4993992643362106,2.769203606525405,0.34476875690353725,0.34476875690353737,False
MUS,1970,1975,Agriculture,0.36289344312822586,0.2798441447574373,33.56480937325215,133.4577839173585,2.976122206840573,-0.9099479909807633,12.180449241402023,37.34737940157606,36.25050547663097,-11.083575316456933,2.0661742158598098,2.0661742158598093,False
MUS,1970,1975,Manufacturing,0.17018704813179872,0.2953033802893365,186.969510879528,190.94495596906677,0.14844440369374087,0.623619190719703,31.819788832595343,56.38668937216566,4.7234695789153704,19.84343096065495,0.7720635944134439,0.7720635944134439,False
MUS,1970,1975,Services,0.4669195087399754,0.42485247495322614,209.16367835534066,311.5014886069804,0.2616837182510393,0.09341205308743454,97.66260446102392,132.34218232303547,25.556713469441277,9.122864392570287,0.35509577133847375,0.35509577133847386,False
MUS,1975,1980,Agriculture,0.2798441447574373,0.2335695084401408,133.4577839173585,100.0779055784948,-0.25011563476532495,-0.12399982965996684,37.34737940157606,23.375147211687857,-9.34116350584662,-4.631068684041586,-0.3741154644252918,-0.37411546442529175,False
MUS,1975,1980,Manufacturing,0.2953033802893365,0.3165430584268807,190.94495596906677,160.6005913942517,-0.16694798457670057,0.06852605898704371,56.38668937216566,50.83700282653128,-9.41364414763552,3.863957602001135,-0.09842192558965679,-0.09842192558965686,False
MUS,1975,1980,Services,0.42485247495322614,0.4498874331329786,311.5014886069804,307.7190577173492,-0.08016802083848283,0.12623605597981694,132.34218232303547,138.43892662897395,-10.609610830283401,16.706355136221845,0.04606803514133432,0.046068035141334104,False
MUS,1980,1985,Agriculture,0.2335695084401408,0.2243316463118513,100.0779055784948,137.6191834446645,0.3751205388358638,-0.054387124553975985,23.375147211687857,30.872337986234253,8.768497817415989,-1.2713070428695918,0.32073341428188784,0.32073341428188784,False
MUS,1980,1985,Manufacturing,0.3165430584268807,0.33235982734575115,160.6005913942517,187.96494958590188,0.11208640680414468,0.11678220239509603,50.83700282653128,62.47199695929736,5.698136979518038,5.936857153248045,0.22886860919924054,0.2288686091992407,False
MUS,1980,1985,Services,0.4498874331329786,0.44330852634239754,307.7190577173492,339.8868807925211,0.056292411201783715,0.03209184168447989,138.43892662897395,150.67474772945206,7.793060984131767,4.442760116346359,0.08838425288626356,0.08838425288626361,False
MUS,1985,1990,Agriculture,0.2243316463118513,0.1640555081906023,137.6191834446645,142.18537418526947,0.033179899969694324,-0.2776072630791438,30.872337986234253,23.326293819235325,1.024341086213847,-8.570385253212777,-0.24442736310944943,-0.24442736310944946,False
MUS,1985,1990,Manufacturing,0.33235982734575115,0.4078842537789122,187.96494958590188,186.87322608623916,-0.013918448482014492,0.234027477815145,62.47199695929736,76.22264757051059,-0.8695132712465463,14.620163882459767,0.22010902933313067,0.2201090293331305,False
MUS,1985,1990,Services,0.44330852634239754,0.4280602380304855,339.8868807925211,352.40894097885774,-0.00599892559851698,0.0071770487945999,150.67474772945206,150.85226114481605,-0.9038866012042983,1.081400016568308,0.0011781231960827868,0.0011781231960829195,False
MUS,1990,1995,Agriculture,0.1640555081906023,0.1442255969260393,142.18537418526947,147.25258052575848,0.035638027958391626,-0.12518086361819758,23.326293819235325,21.23759132522719,0.8313031112955662,-2.9200056053037025,-0.08954283565980592,-0.08954283565980595,False
MUS,1990,1995,Manufacturing,0.4078842537789122,0.38542052584957437,186.87322608623916,224.98161319386352,0.1541890319146925,-0.01656747720029623,76.22264757051059,86.71252683361175,11.752696238871815,-1.262816975770649,0.13762155471439616,0.13762155471439627,False
MUS,1990,1995,Services,0.4280602380304855,0.4703538772243864,352.40894097885774,393.4470247144335,0.08368603333442673,0.14307271372748034,150.85226114481605,185.05933087347017,12.624227354738723,21.582842373915373,0.2267587470619072,0.22675874706190707,False
MUS,1995,2000,Agriculture,0.1442255969260393,0.11427054326015075,147.25258052575848,193.7363721957362,0.31567386801650277,-0.2732599633021592,21.23759132522719,22.138360500057544,6.704152600988192,-5.803383426157836,0.042413904714343545,0.04241390471434359,False
MUS,1995,2000,Manufacturing,0.38542052584957437,0.38427670200951297,224.98161319386352,283.04986866395103,0.2607058565846575,-0.006337284353752218,86.71252683361175,108.76946847881163,22.606463584776847,-0.549521939576967,0.2543685722309053,0.2543685722309053,False
MUS,1995,2000,Services,0.4703538772243864,0.5014527547303362,393.4470247144335,505.0525658036041,0.1992649466086107,0.16926913232164648,185.05933087347017,253.26000092437417,36.87583768592725,31.32483236497678,0.36853407893025697,0.36853407893025714,False
MUS,2000,2005,Agriculture,0.11427054326015075,0.10021508081659228,193.7363721957362,205.28600495062105,0.059615200924770004,-0.13033439096649077,22.138360500057544,20.57275357664185,1.3197828093559223,-2.885389732771616,-0.07071919004172073,-0.07071919004172077,False
MUS,2000,2005,Manufacturing,0.38427670200951297,0.3166253747624369,283.04986866395103,330.98729907966566,0.30000349111369273,-0.33650719413474955,108.76946847881163,104.79898010370289,32.63122027022425,-36.60170864533299,-0.03650370302105685,-0.03650370302105682,False
MUS,2000,2005,Services,0.5014527547303362,0.5831595444209708,505.0525658036041,541.3112274202484,0.044077370545276044,0.20235246273659468,253.26000092437417,315.67082072913416,11.163034905040593,51.247784899719356,0.2464298332818709,0.24642983328187074,False
MUS,2005,2010,Agriculture,0.10021508081659228,0.08630002774733506,205.28600495062105,247.69203586730865,0.20657049138292613,-0.1675345894309093,20.57275357664185,21.375829568142645,4.2497238154267585,-3.446647823925963,0.0390359019520168,0.03903590195201684,False
MUS,2005,2010,Manufacturing,0.3166253747624369,0.28025685277486634,330.98729907966566,430.7972714721945,0.3395810137530393,-0.1875288910384307,104.79898010370289,120.73388748679693,35.58774390390002,-19.652836520805966,0.15205212271460847,0.15205212271460858,False
MUS,2005,2010,Services,0.5831595444209708,0.6334431194777985,541.3112274202484,600.112534135049,0.049975757817059575,0.1542443450637453,315.67082072913416,380.137148214906,15.775888486671638,48.69043899910025,0.20422010288080472,0.20422010288080486,False
MUS,2010,2015,Agriculture,0.08630002774733506,0.07361227182901804,247.69203586730865,298.5878205391727,0.2054801015044726,-0.1772286486054933,21.375829568142645,21.979727810363638,4.392307629404257,-3.788409387183267,0.028251452898979377,0.02825145289897929,False
MUS,2010,2015,Manufacturing,0.28025685277486634,0.2586122182027905,430.7972714721945,434.72194473240785,0.015245452399511293,-0.08407023967152683,120.73388748679693,112.42440336399468,1.8406427346879148,-10.150126857490172,-0.06882478727201545,-0.06882478727201553,False
MUS,2010,2015,Services,0.6334431194777985,0.6677755099681913,600.112534135049,677.3353610088722,0.10565245680127275,0.08420224497197831,380.137148214906,452.3079731221812,40.162423630334374,32.008401276940745,0.18985470177325123,0.18985470177325106,False
MWI,1970,1975,Agriculture,0.8670762220513478,0.8504794186705439,46.53042940430629,48.42154827568963,0.04064262667664791,-0.019919057431623213,40.34542893831284,41.18153022863619,1.6397442064490761,-0.8036429161257267,0.02072356924502468,0.0207235692450247,False
MWI,1970,1975,Manufacturing,0.053069658214500624,0.062496413674332105,327.6550823150356,360.0409274957676,0.07677121248788198,0.21725697874758387,17.388543547368606,22.50126555482053,1.3349395715298242,3.7777824359220977,0.29402819123546603,0.29402819123546586,False
MWI,1970,1975,Services,0.0798541197341516,0.08702416765512404,719.285478119536,976.0230055090848,0.1626582498863524,0.31611418417913967,57.43790679280032,84.93759323561619,9.342749396052334,18.156937046763538,0.4787724340654921,0.4787724340654921,False
MWI,1975,1980,Agriculture,0.8504794186705439,0.8702446998999099,48.42154827568963,46.10017597925761,-0.047940893653693535,0.022126009837285923,41.18153022863619,40.118433810402074,-1.9742793611874132,0.911182942953292,-0.025814883816407518,-0.025814883816407612,False
MWI,1975,1980,Manufacturing,0.062496413674332105,0.057904448686262676,360.0409274957676,349.28214952769554,-0.006556733651000274,-0.09460538085749473,22.50126555482053,20.22498995217772,-0.14753480505338512,-2.128740797589424,-0.10116211450849515,-0.10116211450849501,False
MWI,1975,1980,Services,0.08702416765512404,0.07185085141382738,976.0230055090848,1233.5617348087587,0.20245767161522327,-0.15895677032391609,84.93759323561619,88.63245509487993,17.19626735908379,-13.50140549982005,0.04350090129130716,0.04350090129130718,False
MWI,1980,1985,Agriculture,0.8702446998999099,0.8670557367632595,46.10017597925761,42.23159100001304,-0.08391692432985948,-0.003356935306537799,40.118433810402074,36.61714324920095,-3.366615574299987,-0.1346749869011385,-0.08727385963639724,-0.08727385963639728,False
MWI,1980,1985,Manufacturing,0.057904448686262676,0.051847212230932915,349.28214952769554,338.0162385588909,-0.02867534625454083,-0.10481249336509717,20.22498995217772,17.52519973713263,-0.5799585898733053,-2.119831625171784,-0.13348783961963792,-0.133487839619638,False
MWI,1980,1985,Services,0.07185085141382738,0.08109705100580757,1233.5617348087587,1077.1973176348179,-0.07990267617346977,0.06551819576901154,88.63245509487993,87.3575232813686,-7.081970357905792,5.807038544394468,-0.014384480404458293,-0.014384480404458236,False
MWI,1985,1990,Agriculture,0.8670557367632595,0.8609538471598062,42.23159100001304,36.72950227293758,-0.1302837188178338,-0.006120613138332286,36.61714324920095,31.622406286150454,-4.770617594991237,-0.22411936805925473,-0.1364043319561662,-0.13640433195616608,False
MWI,1985,1990,Manufacturing,0.051847212230932915,0.04676452749495415,338.0162385588909,394.930285524767,0.2549504809428109,-0.20111215121771425,17.52519973713263,18.468727219078556,4.468058101600787,-3.524530619654864,0.053838329725096695,0.05383832972509667,False
MWI,1985,1990,Services,0.08109705100580757,0.09228162534523973,1077.1973176348179,850.8967381052875,-0.2145980620144111,0.11345751114243327,87.3575232813686,78.52213525387936,-18.7467551985605,9.911367171071252,-0.10114055087197779,-0.10114055087197782,False
MWI,1990,1995,Agriculture,0.8609538471598062,0.847619631203149,36.72950227293758,41.54350376542229,0.13106634162128789,-0.017517643843787845,31.622406286150454,35.21308934053387,4.144633105187757,-0.5539500508043416,0.11354869777750004,0.11354869777750004,False
MWI,1990,1995,Manufacturing,0.04676452749495415,0.04186313058452803,394.930285524767,418.89660955965246,0.0425444920329721,-0.0930300838702712,18.468727219078556,17.53632259494174,0.7857426180312226,-1.7181472421680386,-0.05048559183729905,-0.0504855918372991,False
MWI,1990,1995,Services,0.09228162534523973,0.11051723821232302,850.8967381052875,663.683492826398,-0.22493142941693023,0.15904340073290582,78.52213525387936,73.34846655394091,-17.662096123524613,12.488427423586167,-0.0658880286840244,-0.06588802868402441,False
MWI,1995,2000,Agriculture,0.847619631203149,0.8234050077737419,41.54350376542229,68.57687472098635,0.6507243854107614,-0.04715755500108394,35.21308934053387,56.46654206273269,22.914015919533135,-1.6605631973343087,0.6035668304096773,0.6035668304096774,False
MWI,1995,2000,Manufacturing,0.04186313058452803,0.04641641893623309,418.89660955965246,373.2952921096452,-0.022388414987176454,0.010453644484189421,17.53632259494174,17.327030609304764,-0.39261046760455476,0.18331848196757905,-0.011934770502987095,-0.011934770502987033,False
MWI,1995,2000,Services,0.11051723821232302,0.130178573290025,663.683492826398,523.0206630900853,-0.19562470652008346,0.12387975679737499,73.34846655394091,68.08608450879066,-14.348772243312848,9.086390198162594,-0.07174494972270837,-0.07174494972270846,False
MWI,2000,2005,Agriculture,0.8234050077737419,0.7541879752998177,68.57687472098635,65.15214907484791,-0.04993994929154133,-0.07986390264963666,56.46654206273269,49.13696739719144,-2.8199362472815563,-4.509638418259698,-0.12980385194117794,-0.129803851941178,False
MWI,2000,2005,Manufacturing,0.04641641893623309,0.057918550777683084,373.2952921096452,309.6985569975854,-0.1213636539417314,0.1565838284260849,17.327030609304764,17.937291650660214,-2.1028717467054507,2.713132788060898,0.03522017448435364,0.035220174484353495,False
MWI,2000,2005,Services,0.130178573290025,0.18789347392249914,523.0206630900853,406.8730376501495,-0.13531954404420696,0.2581449549511329,68.08608450879066,76.44878581562656,-9.213377911484894,17.576079218320793,0.122825410906926,0.12282541090692592,False
MWI,2005,2010,Agriculture,0.7541879752998177,0.6518315376760272,65.15214907484791,80.15006009467143,0.23019825489706655,-0.166959319249568,49.13696739719144,52.24433691633566,11.311244145767525,-8.2038746266233,0.0632389356474985,0.06323893564749855,False
MWI,2005,2010,Manufacturing,0.057918550777683084,0.09094096793385066,309.6985569975854,269.8816064623432,-0.11625158620012643,0.4845347511416761,17.937291650660214,24.543294190244993,-2.085238606523534,8.691241146108311,0.3682831649415498,0.36828316494154967,False
MWI,2005,2010,Services,0.18789347392249914,0.25722749439012216,406.8730376501495,337.7140789606525,-0.1364819324652666,0.2727896807237377,76.44878581562656,86.86934766724877,-10.433878022739975,20.85443987436218,0.1363077482584712,0.1363077482584711,False
MWI,2010,2015,Agriculture,0.6518315376760272,0.5342369124893932,80.15006009467143,80.47758487583316,0.004086394704818223,-0.1811436796404248,52.24433691633566,42.9940964686682,0.21349098173165326,-9.463731429399125,-0.17705728493560643,-0.17705728493560657,False
MWI,2010,2015,Manufacturing,0.09094096793385066,0.14005638541093487,269.8816064623432,141.98531631759607,0.013413388282136679,-0.20317372523110397,24.543294190244993,19.88595041486647,0.3292087346964654,-4.986552510074986,-0.1897603369489673,-0.1897603369489673,False
MWI,2010,2015,Services,0.25722749439012216,0.32570670209967195,337.7140789606525,236.77841117457842,-0.15631264764673455,0.04408622478411909,86.86934766724877,77.12031152214453,-13.578777733212341,3.8297415881081207,-0.11222642286261572,-0.11222642286261547,False
NAM,1965,1970,Agriculture,0.6004664552648266,0.5637848744115105,11.906061376168008,10.51378483701426,-0.11693846480084712,-0.053944883711405676,7.149190470713067,5.927512863925729,-0.8360153582140316,-0.385662248573306,-0.17088334851225276,-0.1708833485122528,False
NAM,1965,1970,Manufacturing,0.14608249689882452,0.14739478283991414,174.6661370815805,114.89770536281593,-0.3519967097623597,0.015719312089444083,25.515664866901353,16.935323485565526,-8.981430080548314,0.40108869921248613,-0.3362773976729156,-0.3362773976729156,False
NAM,1965,1970,Services,0.25345104783634886,0.2888203427485753,148.6103385578697,108.90313898324128,-0.2835666080565839,0.11864073309763899,37.66544861038875,31.453441542599208,-10.68066350337751,4.468656435587969,-0.16492587495894498,-0.1649258749589449,False
NAM,1970,1975,Agriculture,0.5637848744115105,0.5509598166642218,10.51378483701426,15.208900327183095,0.4465675836963551,-0.0329067231816519,5.927512863925729,8.37949293592922,2.6470350969723744,-0.19505502496888463,0.41366086051470324,0.4136608605147032,False
NAM,1970,1975,Manufacturing,0.14739478283991414,0.13149309328634434,114.89770536281593,182.96771975005493,0.6802097023617835,-0.25957008706362517,16.935323485565526,24.058991441483677,11.519571347517047,-4.3959033915989,0.42063961529815846,0.4206396152981583,False
NAM,1970,1975,Services,0.2888203427485753,0.31754709004943404,108.90313898324128,122.49915529714667,0.10202701961191792,0.13469777518718318,31.453441542599208,38.899251037496526,3.2091008971290833,4.236708597768236,0.23672479479910105,0.23672479479910108,False
NAM,1975,1980,Agriculture,0.5509598166642218,0.5345578379930331,15.208900327183095,16.39136088984984,0.07774793293590823,-0.032084369992640555,8.37949293592922,8.76213043904169,0.6514882548195418,-0.26885075170707096,0.04566356294326756,0.04566356294326768,False
NAM,1975,1980,Manufacturing,0.13149309328634434,0.11820838206141168,182.96771975005493,252.90280935673738,0.4638453382327631,-0.22126487967371666,24.058991441483677,29.89523261782696,11.159651022714149,-5.323409846370865,0.24258045855904636,0.24258045855904642,False
NAM,1975,1980,Services,0.31754709004943404,0.3472337799455551,122.49915529714667,124.76690217572595,0.00018584497516301824,0.11354468328884613,38.899251037496526,43.32328340706532,0.007229230342923554,4.416803139225863,0.11373052826400931,0.11373052826400916,False
NAM,1980,1985,Agriculture,0.5345578379930331,0.5065729280769696,16.39136088984984,15.740034878148098,-0.03973593260978514,-0.05027127377355588,8.76213043904169,7.97347555625711,-0.34817142464390766,-0.44048345814067213,-0.09000720638334092,-0.09000720638334102,False
NAM,1980,1985,Manufacturing,0.11820838206141168,0.13545834048538377,252.90280935673738,156.71953350421654,-0.38031712186145933,0.09042931760269614,29.89523261782696,21.228969276440143,-11.36966882659077,2.7034054852039553,-0.28988780425876326,-0.2898878042587632,False
NAM,1980,1985,Services,0.3472337799455551,0.35796873143764657,124.76690217572595,131.37754029807454,0.03941411264009974,0.04612345608931884,43.32328340706532,47.02905173908124,1.7075487721450364,1.9982195598708925,0.0855375687294184,0.08553756872941858,False
NAM,1985,1990,Agriculture,0.5065729280769696,0.5297963564625446,15.740034878148098,15.576106171626623,-0.010414761326168143,0.045366739215625874,7.97347555625711,8.25216429760154,-0.08304184485845358,0.3617305862028838,0.03495197788945772,0.03495197788945773,False
NAM,1985,1990,Manufacturing,0.13545834048538377,0.12988458910927372,156.71953350421654,145.07800167423036,-0.07428257982252703,-0.038090818432289536,21.228969276440143,18.843397857399466,-1.5769426048271389,-0.8086288142135345,-0.11237339825481672,-0.11237339825481657,False
NAM,1985,1990,Services,0.35796873143764657,0.34031905442818167,131.37754029807454,130.87302371816213,-0.005864419786377597,-0.047091521248373916,47.02905173908124,44.53858404826618,-0.27579810155324375,-2.2146695892618204,-0.0529559410347514,-0.052955941034751514,False
NAM,1990,1995,Agriculture,0.5297963564625446,0.43924833679026437,15.576106171626623,24.65306028058754,0.5827486028244634,-0.2705091303038352,8.25216429760154,10.828815725038204,4.8089372147052165,-2.2322857872685518,0.312239472520628,0.31223947252062817,False
NAM,1990,1995,Manufacturing,0.12988458910927372,0.12429255307899026,145.07800167423036,187.96958213317004,0.5603146851515465,-0.3204523502728965,18.843397857399466,23.363219264522655,10.558232537654108,-6.038411130530921,0.2398623348786501,0.23986233487865,False
NAM,1990,1995,Services,0.34031905442818167,0.43645911013074534,130.87302371816213,120.35729543618875,-0.1229763525939502,0.3024264616477384,44.53858404826618,52.531037812828856,-5.477192615954868,13.469646380517545,0.17945010905378816,0.1794501090537882,False
NAM,1995,2000,Agriculture,0.43924833679026437,0.3128404943462448,24.65306028058754,41.44640845099498,0.6811871621321983,-0.48381570084621345,10.828815725038204,12.966114908685647,7.376450252991297,-5.239151069343856,0.19737146128598493,0.19737146128598487,False
NAM,1995,2000,Manufacturing,0.12429255307899026,0.11330105378825733,187.96958213317004,213.8049457633412,0.585921804107987,-0.5490644418535154,23.363219264522655,24.224325900385814,13.689019581239592,-12.827912945376431,0.03685736225447151,0.03685736225447156,False
NAM,1995,2000,Services,0.43645911013074534,0.5738584518654979,120.35729543618875,105.11691686512403,-0.13027384993918076,0.27858984917806756,52.531037812828856,60.32223117709432,-6.843420537177897,14.634613901443355,0.14831599923888683,0.1483159992388868,False
NAM,2000,2005,Agriculture,0.3128404943462448,0.30354884800236287,41.44640845099498,45.53268503356402,0.09859181374908602,-0.0326291729942821,12.966114908685647,13.821394088392786,1.2783527861263828,-0.42307360641924424,0.06596264075480397,0.06596264075480392,False
NAM,2000,2005,Manufacturing,0.11330105378825733,0.13027326838826483,213.8049457633412,245.7657828105466,-0.05472292461744396,0.3763989825190676,24.224325900385814,32.01671156134612,-1.3256259601552083,9.118011621115517,0.32167605790162357,0.3216760579016237,False
NAM,2000,2005,Services,0.5738584518654979,0.5661778836093724,105.11691686512403,121.50027928780159,0.32924402042694345,-0.18885561917181526,60.32223117709432,68.79077277218883,19.860733913870046,-11.392192318775525,0.14038840125512808,0.1403884012551282,False
NAM,2005,2010,Agriculture,0.30354884800236287,0.3170580657403763,45.53268503356402,37.20820310448614,-0.18282431451036907,0.036367801552005675,13.821394088392786,11.79716090598344,-2.5268868997880785,0.5026537173787332,-0.1464565129583635,-0.1464565129583634,False
NAM,2005,2010,Manufacturing,0.13027326838826483,0.12043444466477869,245.7657828105466,297.54239624089263,0.2871259836299524,-0.16788698972758603,32.01671156134612,35.834352035983294,9.192829799647974,-5.375189325010801,0.11923899390236638,0.11923899390236636,False
NAM,2005,2010,Services,0.5661778836093724,0.5625074895948449,121.50027928780159,144.45664950858972,0.23629141558375244,-0.05505815388630311,68.79077277218883,81.2579488963807,16.254669077440752,-3.787492953248883,0.18123326169744927,0.18123326169744933,False
NAM,2010,2015,Agriculture,0.3170580657403763,0.2443470551166846,37.20820310448614,35.16657137452632,-0.05487047370244174,-0.21674680587895537,11.79716090598344,8.592848153916208,-0.6473158072552381,-2.556996944811994,-0.2716172795813971,-0.2716172795813971,False
NAM,2010,2015,Manufacturing,0.12043444466477869,0.1594569456866776,297.54239624089263,229.67046437533725,-0.1632517647551291,0.18524734579069135,35.834352035983294,36.62254943004763,-5.850021208730826,6.6382186027951615,0.02199558103556219,0.02199558103556226,False
NAM,2010,2015,Services,0.5625074895948449,0.5961959991966378,144.45664950858972,155.1874473403794,0.1292058402981213,0.00941671482002663,81.2579488963807,92.52213339605689,10.499001568058667,0.7651829316175146,0.13862255511814806,0.13862255511814792,False
NGA,1960,1965,Agriculture,0.7692963465397996,0.6478195507207355,224.9422170507887,229.2265901512314,0.019046549627788765,-0.16091394453652494,173.04722575973435,148.49746664501689,3.2959525733839463,-27.845711688101403,-0.1418673949087362,-0.14186739490873618,False
NGA,1960,1965,Manufacturing,0.09629114122960768,0.16175091313134404,490.74421100888696,613.4179636208014,1.5330359350780578,-0.4333143778615718,47.254319085877086,99.22091245620257,72.4425692462945,-20.475975875969027,1.0997215572164865,1.099721557216486,False
NGA,1960,1965,Services,0.1344125122305926,0.19042953614792052,585.2858710994213,444.1269727119068,-0.12033282253395468,0.1953952735616253,78.6697422603409,84.57488593611718,-9.466552134205555,15.371695809981865,0.07506245102767035,0.07506245102767063,False
NGA,1965,1970,Agriculture,0.6478195507207355,0.5981851198143004,229.2265901512314,237.26238648689727,0.03505612647452589,-0.07930359887506519,148.49746664501689,141.9268290880915,5.205745971854402,-11.77638352877979,-0.044247472400539306,-0.0442474724005393,False
NGA,1965,1970,Manufacturing,0.16175091313134404,0.16120152123128206,613.4179636208014,1319.7885161852896,1.3723692519480009,-0.2281448467000509,99.22091245620257,212.75190199955983,136.1677294051168,-22.636739861759505,1.1442244052479495,1.14422440524795,False
NGA,1965,1970,Services,0.19042953614792052,0.24061335895441754,444.1269727119068,441.75808620061383,0.15263796945909158,0.1041523961714936,84.57488593611718,106.29290181881777,12.90933885652321,8.80867702617736,0.2567903656305854,0.2567903656305852,False
NGA,1970,1975,Agriculture,0.5981851198143004,0.5497334211938667,237.26238648689727,220.56450414301116,-0.07037728394765279,-0.07529742579163469,141.9268290880915,121.2516794564663,-9.988424750522602,-10.686724881102588,-0.14567470973928745,-0.14567470973928748,False
NGA,1970,1975,Manufacturing,0.16120152123128206,0.1570331980789963,1319.7885161852896,2205.277353197929,0.5221514910414564,0.10557426318241807,212.75190199955983,346.3017501447974,111.08872285097597,22.461125294261546,0.6277257542238746,0.6277257542238744,False
NGA,1970,1975,Services,0.24061335895441754,0.29323338072713695,441.75808620061383,604.0402423396179,0.33787656044523345,0.32850725401049646,106.29290181881777,177.12477118240994,35.913880066285046,34.91798929730713,0.6663838144557299,0.6663838144557299,False
NGA,1975,1980,Agriculture,0.5497334211938667,0.44440701848515846,220.56450414301116,210.0213884838958,-0.04780060010145304,-0.18243703872851522,121.2516794564663,93.33497907424135,-5.795903041328114,-22.120797340896857,-0.23023763882996817,-0.23023763882996826,False
NGA,1975,1980,Manufacturing,0.1570331980789963,0.1707397133525169,2205.277353197929,2418.655590936265,-0.37483286229472407,0.5673205249970819,346.3017501447974,412.96056461990526,-129.80527622444677,196.4640906995547,0.1924876627023576,0.1924876627023578,False
NGA,1975,1980,Services,0.29323338072713695,0.3848532681623247,604.0402423396179,456.1525168089741,-0.20571472604692692,0.19683411352344082,177.12477118240994,175.55179472122782,-36.437173779914076,34.86419731873196,-0.008880612523486115,-0.008880612523486098,False
NGA,1980,1985,Agriculture,0.44440701848515846,0.41405756784309616,210.0213884838958,259.01574048694033,0.233282678286842,-0.08422335880284267,93.33497907424135,107.24742753910107,21.773433896285372,-7.86098543142564,0.1490593194839992,0.1490593194839993,False
NGA,1980,1985,Manufacturing,0.1707397133525169,0.11358016593439595,2418.655590936265,2947.4906208787065,-0.16932848638915673,-0.019997314381229984,412.96056461990526,334.7764750366507,-69.9259873455001,-8.258102237754485,-0.1893258007703866,-0.18932580077038672,False
NGA,1980,1985,Services,0.3848532681623247,0.472362266222508,456.1525168089741,469.42742188155705,-0.010700279556810608,0.2738021011701474,175.55179472122782,221.73979169987342,-1.8784532802169664,48.066450258862574,0.2631018216133368,0.2631018216133368,False
NGA,1985,1990,Agriculture,0.41405756784309616,0.4864753394263799,259.01574048694033,252.44726662001307,-0.025359361769206643,0.17046253612234374,107.24742753910107,122.8093697162327,-2.719726313780839,18.28166849091246,0.14510317435313716,0.1451031743531371,False
NGA,1985,1990,Manufacturing,0.11358016593439595,0.1152274320513752,2947.4906208787065,3416.801062317044,0.8857195128258191,-0.709683439531175,334.7764750366507,393.709211133525,296.51805637500723,-237.58532027813283,0.17603607329464369,0.1760360732946441,False
NGA,1985,1990,Services,0.472362266222508,0.3982972285222449,469.42742188155705,613.0918275706405,0.15842000109896448,-0.057161715073994375,221.73979169987342,244.19278295093653,35.1280180447781,-12.675026793715027,0.10125828602497026,0.10125828602497011,False
NGA,1990,1995,Agriculture,0.4864753394263799,0.4972691553597746,252.44726662001307,249.2058384128347,-0.012840021009446694,0.021902904929573072,122.8093697162327,123.9223767782748,-1.5768748873133343,2.689881949355435,0.00906288392012638,0.009062883920126379,False
NGA,1990,1995,Manufacturing,0.1152274320513752,0.11910342145249966,3416.801062317044,2569.4663529628424,-0.07402168015638969,-0.14867302265705182,393.709211133525,306.0322553652301,-29.143017301150284,-58.53393846714456,-0.2226947028134416,-0.2226947028134415,False
NGA,1990,1995,Services,0.3982972285222449,0.38362742318772575,613.0918275706405,638.080693408118,0.04496007236244088,-0.042533900211218494,244.19278295093653,244.78523668046154,10.978925191859926,-10.386471462334871,0.002426172151222181,0.002426172151222386,False
NGA,1995,2000,Agriculture,0.4972691553597746,0.4843571284747638,249.2058384128347,273.7264153397179,0.09839487342291867,-0.028520779909893497,123.9223767782748,132.5813405216363,12.193326577365584,-3.5343628340040723,0.06987409351302505,0.06987409351302518,False
NGA,1995,2000,Manufacturing,0.11910342145249966,0.11896257265574918,2569.4663529628424,2518.0497943461182,-0.05812720958602836,0.0369576090364388,306.0322553652301,299.5536747638582,-17.788801047699682,11.310220446327776,-0.02116960054958954,-0.021169600549589558,False
NGA,1995,2000,Services,0.38362742318772575,0.39668029886948714,638.080693408118,647.3578915458214,-0.010742329075895413,0.05980119025908684,244.78523668046154,256.794121626463,-2.6295635653424623,14.638448511343883,0.04905886118319153,0.04905886118319143,False
NGA,2000,2005,Agriculture,0.4843571284747638,0.44911740210516726,273.7264153397179,514.3910155482747,0.879215840056472,-0.13672360351449223,132.5813405216363,231.02195656927984,116.56761468254362,-18.126998634900083,0.7424922365419798,0.7424922365419798,False
NGA,2000,2005,Manufacturing,0.11896257265574918,0.11590434951014954,2518.0497943461182,2813.6913704125136,0.00406753763719875,0.08461569149826975,299.5536747638582,326.11906194131313,1.2184458464631867,25.346941330991662,0.08868322913546871,0.0886832291354685,False
NGA,2000,2005,Services,0.39668029886948714,0.43497824838468324,647.3578915458214,859.1755287997246,0.236275159207067,0.21906442821909344,256.794121626463,373.7226510213199,60.67407197073146,56.25445742412545,0.4553395874261605,0.45533958742616043,False
NGA,2005,2010,Agriculture,0.44911740210516726,0.40777690632285524,514.3910155482747,681.6910716230769,0.32523907109163225,-0.12198601072284834,231.02195656927984,277.97787625437024,75.13736655636399,-28.181446871273575,0.2032530603687839,0.2032530603687839,False
NGA,2005,2010,Manufacturing,0.11590434951014954,0.11462749990111994,2813.6913704125136,2528.248700441769,-0.28678857273472413,0.1754419680856297,326.11906194131313,289.8068116828002,-93.52722031573629,57.214970057223354,-0.11134660464909452,-0.11134660464909443,False
NGA,2005,2010,Services,0.43497824838468324,0.47759559377602484,859.1755287997246,1247.0993535295468,0.3976577691103746,0.19606188809800001,373.7226510213199,595.609135276703,148.61371567115313,73.27276858422994,0.5937196572083747,0.5937196572083746,False
NGA,2010,2015,Agriculture,0.40777690632285524,0.37079559257571554,681.6910716230769,813.9691757308274,0.19404406132649207,-0.1082879323844362,277.97787625437024,301.8161828534789,53.939956067311044,-30.101649468202417,0.08575612894205595,0.08575612894205588,False
NGA,2010,2015,Manufacturing,0.11462749990111994,0.11408303280933177,2528.248700441769,2653.3983553228945,-0.02270926578590456,0.06722485142317,289.8068116828002,302.7077316265287,-6.5812999130703,19.48221985679885,0.044515585637265355,0.044515585637265445,False
NGA,2010,2015,Services,0.47759559377602484,0.5151213746149527,1247.0993535295468,1361.7466237049846,0.06933732337120922,0.10838937177810777,595.609135276703,701.4647784901739,41.297943215527056,64.55769999794384,0.177726695149317,0.177726695149317,False
RWA,1970,1975,Agriculture,0.9302443719291266,0.9300846176057586,186.29581605089672,234.03606135809582,0.25626042666549365,-0.0002157422721298067,173.3006343952905,217.6733406342024,44.410094511537864,-0.0373882726259769,0.2560446843933638,0.25604468439336386,False
RWA,1970,1975,Manufacturing,0.025039460129570607,0.025758269744808337,376.1362381457737,693.097987486261,0.5434148848574321,0.35216113172826913,9.418247944185124,17.853004921254904,5.118016122148105,3.3167408549216773,0.8955760165857009,0.8955760165857012,False
RWA,1970,1975,Services,0.044716167941302766,0.044157112649433124,1272.3373290125664,1794.406483429994,0.4155857068522024,-0.022895047528149155,56.89404737350613,79.23580834822218,23.644352893401237,-1.3025919186851924,0.3926906593240533,0.3926906593240533,False
RWA,1975,1980,Agriculture,0.9300846176057586,0.9258356892366224,234.03606135809582,250.48226471174604,0.07027209079752063,-0.004889350241046382,217.6733406342024,231.90542019094949,15.296360757246308,-1.0642812004992088,0.06538274055647424,0.06538274055647425,False
RWA,1975,1980,Manufacturing,0.025758269744808337,0.026460221866040093,693.097987486261,922.9308386564435,0.2878132124234736,0.08007726675033955,17.853004921254904,24.420955456427816,5.138330697798457,1.4296198373744538,0.36789047917381323,0.3678904791738131,False
RWA,1975,1980,Services,0.044157112649433124,0.04770408889733754,1794.406483429994,2153.256999114247,0.10756882833582865,0.1888041632287774,79.23580834822218,102.71916190742456,8.52330306626053,14.960050492941864,0.29637299156460595,0.29637299156460606,False
RWA,1980,1985,Agriculture,0.9258356892366224,0.9132426040685921,250.48226471174604,217.13093658838986,-0.13314846127623747,-0.011790791154516034,231.90542019094949,198.2932219538335,-30.87784986004422,-2.7343483770717714,-0.1449392524307535,-0.1449392524307535,False
RWA,1980,1985,Manufacturing,0.026460221866040093,0.026925083671657055,922.9308386564435,919.0204180869204,-0.0101794783556509,0.02343641297930209,24.420955456427816,24.744702466360778,-0.2485925874930217,0.5723395974259831,0.013256934623651217,0.013256934623651191,False
RWA,1980,1985,Services,0.04770408889733754,0.05983231225975087,2153.256999114247,1846.529080566832,-0.2740547339942319,0.3496291247750448,102.71916190742456,110.48209999009387,-28.150672592649677,35.91361067531897,0.07557439078081303,0.0755743907808129,False
RWA,1985,1990,Agriculture,0.9132426040685921,0.8980808504814795,217.13093658838986,164.58765930808462,-0.24198890358912936,-0.012584583120495261,198.2932219538335,147.81302505016063,-47.98475936976404,-2.4954375339088335,-0.25457348670962454,-0.2545734867096246,False
RWA,1985,1990,Manufacturing,0.026925083671657055,0.0273354442157078,919.0204180869204,644.41830003668,-0.2887765427461286,0.0006647001132118113,24.744702466360778,17.615460643374295,-7.145689629517267,0.016447806530782594,-0.2881118426329167,-0.2881118426329168,False
RWA,1985,1990,Services,0.05983231225975087,0.07458370530281269,1846.529080566832,1503.9238604151917,-0.2907247393521891,0.30598616464563627,110.48209999009387,112.16821430535583,-32.119879722702535,33.80599403796451,0.015261425293447012,0.01526142529344715,False
RWA,1990,1995,Agriculture,0.8980808504814795,0.8907890079758627,164.58765930808462,155.8884169965721,-0.05285476656077108,-0.007690213936174901,147.81302505016063,138.86368833130408,-7.812622933667648,-1.136713785188915,-0.06054498049694594,-0.06054498049694598,False
RWA,1990,1995,Manufacturing,0.0273354442157078,0.026204391631683685,644.41830003668,529.9107870513309,-0.19446196359136142,-0.017253824536061772,17.615460643374295,13.8859895100347,-3.4255370662769122,-0.3039340670626819,-0.21171578812742328,-0.2117157881274232,False
RWA,1990,1995,Services,0.07458370530281269,0.08300660039245368,1503.9238604151917,1848.7310210407077,0.2949004681965138,0.07319552426903222,112.16821430535583,153.45688447317383,33.07845891541633,8.210211252401681,0.3680959924655459,0.36809599246554603,False
RWA,1995,2000,Agriculture,0.8907890079758627,0.8827980435885306,155.8884169965721,166.72077893045056,0.06948792054329907,-0.00959401138678496,138.86368833130408,147.18077746535766,9.649348941115104,-1.332259807061489,0.05989390915651392,0.05989390915651411,False
RWA,1995,2000,Manufacturing,0.026204391631683685,0.024628504175885635,529.9107870513309,1100.506765780589,1.0180286616292824,-0.06614511532853558,13.8859895100347,27.103834448741498,14.13633531629888,-0.9184903775920805,0.9518835463007468,0.9518835463007468,False
RWA,1995,2000,Services,0.08300660039245368,0.09257345223558369,1848.7310210407077,1990.299209802805,0.11016218757069304,0.09049337291852043,153.45688447317383,184.248861638067,16.905146091347948,13.886831073545226,0.2006555604892135,0.20065556048921346,False
RWA,2000,2005,Agriculture,0.8827980435885306,0.7959592342762077,166.72077893045056,213.7606482057264,0.28214760977633774,-0.1261219059152257,147.18077746535766,170.1447618642158,41.52670456687374,-18.562720168015613,0.15602570386111217,0.15602570386111203,False
RWA,2000,2005,Manufacturing,0.024628504175885635,0.03737394940450555,1100.506765780589,1186.990713537639,0.005286851637646553,0.6314753013632569,27.103834448741498,44.3625304269022,0.14329395154183006,17.115402026618863,0.6367621530009037,0.6367621530009034,False
RWA,2000,2005,Services,0.09257345223558369,0.16666681631928654,1990.299209802805,1393.1063639747053,-0.3023940591150437,0.562562514444992,184.248861638067,232.18460336674428,-55.71576115806114,103.6515028867384,0.26016845532994837,0.26016845532994826,False
RWA,2005,2010,Agriculture,0.7959592342762077,0.7727089220545167,213.7606482057264,245.3559825244872,0.14780706637993057,-0.03352793901293706,170.1447618642158,189.5887567761233,25.148598111061627,-5.7046031991541275,0.1142791273669934,0.11427912736699351,False
RWA,2005,2010,Manufacturing,0.03737394940450555,0.055811446688759245,1186.990713537639,1034.805391900695,-0.1598037828652853,0.46166787012982546,44.3625304269022,57.75398518296441,-7.089300179695291,20.480754935757513,0.30186408726454,0.30186408726454017,False
RWA,2005,2010,Services,0.16666681631928654,0.17147963125672416,1393.1063639747053,1985.214293829913,0.26901306755031684,0.19716431947400415,232.18460336674428,340.42381507153146,62.46069238964151,45.77851931514571,0.4661773870243209,0.466177387024321,False
RWA,2010,2015,Agriculture,0.7727089220545167,0.6764218011567414,245.3559825244872,315.70529941287947,0.2867234626380925,-0.16033838108096365,189.5887567761233,213.5499472635883,54.3595448201012,-30.39835433263619,0.1263850815571289,0.12638508155712885,False
RWA,2010,2015,Manufacturing,0.055811446688759245,0.08127079512388939,1034.805391900695,1151.0961219598107,-0.05435219981303178,0.6741624601989806,57.75398518296441,93.55049777754382,-3.1390561426633585,38.93556873724276,0.619810260385949,0.6198102603859489,False
RWA,2010,2015,Services,0.17147963125672416,0.24230740371936907,1985.214293829913,1835.0755055038162,0.0247432855123984,0.2814296640705452,340.42381507153146,444.6523786402608,8.423203651534816,95.80535991719451,0.3061729495829436,0.3061729495829436,False
SEN,1970,1975,Agriculture,0.732831167072144,0.719580789887951,694.7335149716873,617.2898166018358,-0.11147252392596549,-0.016065534226031252,509.12237258083445,444.18989382013746,-56.75315585876138,-8.179322901935631,-0.1275380581519967,-0.12753805815199673,False
SEN,1970,1975,Manufacturing,0.07105213903077645,0.07160120335787946,4557.042392667676,4148.566017197147,-0.06825897531231118,-0.014342337604158827,323.78759989861965,297.0423190409209,-22.101409787912367,-4.6438710697863055,-0.08260131291647019,-0.08260131291647001,False
SEN,1970,1975,Services,0.1961166938970795,0.20881800675416945,5269.904318065354,4357.320695190864,-0.17963814867098504,0.06001819580065837,1033.5162276198744,909.8870651812672,-185.6589417510546,62.029779312447424,-0.11961995287032667,-0.11961995287032667,False
SEN,1975,1980,Agriculture,0.719580789887951,0.7026360146407323,617.2898166018358,424.8097675489624,-0.3118147163231544,-0.016205470079549245,444.18989382013746,298.4866420510588,-138.50494573513822,-7.198306033940393,-0.32802018640270364,-0.32802018640270364,False
SEN,1975,1980,Manufacturing,0.07160120335787946,0.07058516545391691,4148.566017197147,3607.253727817047,-0.06821992272990689,-0.07460050330895168,297.0423190409209,254.6186084839261,-20.264204052483972,-22.1595065045109,-0.1428204260388584,-0.14282042603885858,False
SEN,1975,1980,Services,0.20881800675416945,0.2267788199053508,4357.320695190864,3580.8609535156393,-0.16703268235644345,0.05952081125884087,909.8870651812672,812.0634043161228,-151.98087713865917,54.15721627351485,-0.10751187109760262,-0.10751187109760257,False
SEN,1980,1985,Agriculture,0.7026360146407323,0.6863074573448367,424.8097675489624,430.729509174354,0.013935041229270537,-0.02356283491032528,298.4866420510588,295.6128742448404,4.159423663368021,-7.0331914695864555,-0.009627793681054762,-0.009627793681054745,False
SEN,1980,1985,Manufacturing,0.07058516545391691,0.07193194006289341,3607.253727817047,3218.111034492843,-0.0694797591721719,-0.021376288271620008,254.6186084839261,231.48496811143823,-17.690839598216712,-5.442800774271156,-0.09085604744379189,-0.09085604744379192,False
SEN,1980,1985,Services,0.2267788199053508,0.24176060259226992,3580.8609535156393,2962.800540218244,-0.18095335660963413,0.06301313116806831,812.0634043161228,716.288463338234,-146.9455987908489,51.17065781295994,-0.11794022544156568,-0.11794022544156582,False
SEN,1985,1990,Agriculture,0.6863074573448367,0.6581082437774071,430.729509174354,329.07369454412463,-0.23600847507543382,-0.03139112061874224,295.6128742448404,216.56611118977676,-69.76714366319077,-9.279619391872865,-0.26739959569417604,-0.26739959569417604,False
SEN,1985,1990,Manufacturing,0.07193194006289341,0.07494614389368959,3218.111034492843,2906.2403298527074,-0.07119939299940115,0.012130913197220282,231.48496811143823,217.81150294803928,-16.481589218020133,2.808124054621162,-0.05906847980218081,-0.059068479802180864,False
SEN,1985,1990,Services,0.24176060259226992,0.26694561232890335,2962.800540218244,2395.016602101372,-0.18012854553173865,0.07270077183837693,716.288463338234,639.3391883995683,-129.0239990822802,52.074724143614574,-0.10742777369336177,-0.10742777369336172,False
SEN,1990,1995,Agriculture,0.6581082437774071,0.6396468065294061,329.07369454412463,369.01687847022464,0.12138066514685854,-0.03145728529687359,216.56611118977676,236.04046786892914,26.28693862448363,-6.812581945331256,0.08992337984998498,0.08992337984998494,False
SEN,1990,1995,Manufacturing,0.07494614389368959,0.08883114062052472,2906.2403298527074,2596.9498419554952,-0.10512428895047156,0.16425121460007272,217.81150294803928,230.69002748847586,-22.897279372646167,35.77580391308277,0.05912692564960109,0.05912692564960116,False
SEN,1990,1995,Services,0.26694561232890335,0.27152205285006914,2395.016602101372,2295.722491489663,-0.03458435927760663,0.00955866012891138,639.3391883995683,623.3392782167098,-22.1111361918641,6.111226009005515,-0.02502569914869522,-0.02502569914869525,False
SEN,1995,2000,Agriculture,0.6396468065294061,0.5823681047479952,369.01687847022464,405.23324481426056,0.09814284510283763,-0.09833582517095532,236.04046786892914,235.99491676336126,23.165683076061637,-23.211234181629514,-0.00019298006811770634,-0.00019298006811768742,False
SEN,1995,2000,Manufacturing,0.08883114062052472,0.10897776533043747,2596.9498419554952,2315.9756320434713,-0.10917497808684713,0.2032397696656075,230.69002748847586,252.38983684347784,-25.185578695908514,46.8853880509105,0.09406479157876034,0.09406479157876037,False
SEN,1995,2000,Services,0.27152205285006914,0.3086541299215674,2295.722491489663,2240.5040646659413,0.015252377401302133,0.09416085309606133,623.3392782167098,691.5408423422948,9.507405920416527,58.69415820516851,0.10941323049736346,0.10941323049736346,False
SEN,2000,2005,Agriculture,0.5823681047479952,0.5287270637795617,405.23324481426056,413.10690155256276,0.019429937792767,-0.09389814210593175,235.99491676336126,218.42079908495896,4.585366552121335,-22.15948423052363,-0.07446820431316478,-0.07446820431316475,False
SEN,2000,2005,Manufacturing,0.10897776533043747,0.13154558724946538,2315.9756320434713,2056.417116496401,-0.10491380302611025,0.17671847272060645,252.38983684347784,270.5126057122716,-26.479177628388737,44.60194649718245,0.07180466969449631,0.0718046696944962,False
SEN,2000,2005,Services,0.3086541299215674,0.33972734897097295,2240.5040646659413,2296.266153410127,0.02596846769102838,0.10209841699517214,691.5408423422948,780.1043236543435,17.958256021392433,70.60522529065621,0.12806688468620056,0.1280668846862005,False
SEN,2005,2010,Agriculture,0.5287270637795617,0.514464591559313,413.10690155256276,434.34902992834935,0.0514204151418269,-0.028362184367045663,218.42079908495896,223.45719627627207,11.231288164558155,-6.194890973245045,0.023058230774781256,0.023058230774781238,False
SEN,2005,2010,Manufacturing,0.13154558724946538,0.1390223611898645,2056.417116496401,1906.4578192173992,-0.09880526345619862,0.07857573751537322,270.5126057122716,265.0402639376949,-26.728069275623774,21.255727501047105,-0.020229525940825527,-0.020229525940825402,False
SEN,2005,2010,Services,0.33972734897097295,0.34651304725082244,2296.266153410127,2297.169225430243,0.04826642566093339,-0.027891244772427458,780.1043236543435,795.9990903607063,37.65284734543509,-21.758080639072265,0.02037518088850592,0.020375180888505935,False
SEN,2010,2015,Agriculture,0.514464591559313,0.4773873318615221,434.34902992834935,430.195212891167,-0.009563316022295668,-0.07138038020217456,223.45719627627207,205.36974486171368,-2.1369917854461407,-15.950459629112245,-0.08094369622447023,-0.08094369622447023,False
SEN,2010,2015,Manufacturing,0.1390223611898645,0.15133976450927122,1906.4578192173992,1853.8687376151304,-0.02219258847826609,0.08076404480509868,265.0402639376949,280.56405818177376,-5.88192950774029,21.405723751819167,0.05857145632683262,0.05857145632683258,False
SEN,2010,2015,Services,0.34651304725082244,0.3712729036292067,2297.169225430243,2229.6153325007026,0.017962316571561776,0.021983352747618517,795.9990903607063,827.7958068026232,14.297987651734214,17.498728790182874,0.03994566931918011,0.039945669319180296,False
SLE,2005,2010,Agriculture,0.6814482721398833,0.6425725639413629,2925.5320847948396,3965.7800092322614,0.3555756335211656,-0.07733376827606861,1993.5987842732343,2548.301428559777,708.8751507049809,-154.1725064184384,0.2782418652450971,0.278241865245097,True
SLE,2005,2010,Manufacturing,0.056928837820688125,0.04704522980176518,6917.578069426661,7717.471168618687,0.14435936761648144,-0.222416147830866,393.8096997996243,363.07018261607226,56.850119224310156,-87.5896364078622,-0.07805678021438456,-0.07805678021438456,True
SLE,2005,2010,Services,0.26162289003942857,0.31038220625687185,5743.102476277209,5505.154224720052,0.11111392791477308,0.026104806316658267,1502.5270898811875,1708.70195530312,166.95168675505204,39.223178666880585,0.13721873423143127,0.13721873423143136,True
SLE,2010,2015,Agriculture,0.6425725639413629,0.5973388482199933,3965.7800092322614,4676.349337061831,0.17917517516740145,-0.08300770629243048,2548.301428559777,2793.365126874843,456.5923548415374,-211.528656526471,0.09616746887497088,0.09616746887497096,True
SLE,2010,2015,Manufacturing,0.04704522980176518,0.04865400307557319,7717.471168618687,9975.26034689102,0.7451208006381977,-0.4083644433434627,363.07018261607226,485.336374756195,270.53114515874444,-148.2649530186217,0.33675635729473513,0.336756357294735,True
SLE,2010,2015,Services,0.31038220625687185,0.35400714870443345,5505.154224720052,5628.624158894204,0.20209773146248583,-0.035964939202580315,1708.70195530312,1992.5733822775876,345.3247889122744,-61.45336193780682,0.1661327922599055,0.16613279225990552,True
SWZ,1995,2000,Agriculture,0.16003222856012375,0.1562783917293969,59.35951416599524,87.50801602016688,0.47420371021663144,-0.034580035741527494,9.499435338230453,13.675612007061979,4.504667482351862,-0.32849081352033843,0.4396236744751041,0.4396236744751039,False
SWZ,1995,2000,Manufacturing,0.2518857812517604,0.25051307207546214,161.69372026867498,156.08932806085346,-0.03769832225933207,-0.0022230856396116766,40.72834936466672,39.102416316629174,-1.5353904394398685,-0.09054260859767793,-0.03992140789894372,-0.039921407898943745,False
SWZ,1995,2000,Services,0.5880819901881158,0.5932085361951409,83.0518703889056,84.2388978656189,-0.004691144292702255,0.027825769602262854,48.84130876022116,49.97123413801744,-0.22912162683862017,1.3590470046348964,0.023134625309560595,0.0231346253095606,False
SWZ,2000,2005,Agriculture,0.1562783917293969,0.14737191960928417,87.50801602016688,102.8464261780474,0.17528005839311525,-0.06698046324617837,13.675612007061979,15.156675250813379,2.3970620711594117,-0.9159988274080105,0.10829959514693681,0.10829959514693688,False
SWZ,2000,2005,Manufacturing,0.25051307207546214,0.2485562154746563,156.08932806085346,171.39653892182847,0.11582068889161935,-0.026331070869703363,39.102416316629174,42.601676616538256,4.528868795118888,-1.029608495209808,0.08948961802191605,0.08948961802191599,False
SWZ,2000,2005,Services,0.5932085361951409,0.6040718649160595,84.2388978656189,101.53275229745701,0.17408610493217536,0.05328157167942415,49.97123413801744,61.33307754139271,8.699297509741207,2.662545893634063,0.2273676766115996,0.2273676766115995,False
SWZ,2005,2010,Agriculture,0.14737191960928417,0.13958009710596378,102.8464261780474,89.2722175298714,-0.13198522450042524,-0.0458935262489863,15.156675250813379,12.460624791684172,-2.000457185658643,-0.6955932734705649,-0.1778787507494115,-0.17787875074941153,False
SWZ,2005,2010,Manufacturing,0.2485562154746563,0.24315048481275842,171.39653892182847,182.05726073399944,0.06825208642461704,-0.02915415464126946,42.601676616538256,44.26731406274791,2.9076533142655556,-1.2420158680559095,0.03909793178334768,0.039097931783347584,False
SWZ,2005,2010,Services,0.6040718649160595,0.6172694180812778,101.53275229745701,101.72125635637654,-0.017956802617230753,0.04170165740094238,61.33307754139271,62.78942256105121,-1.1013459673180974,2.557690986976592,0.023744854783711702,0.023744854783711626,False
SWZ,2010,2015,Agriculture,0.13958009710596378,0.13275738705109658,89.2722175298714,93.06516184800549,0.04248739891405669,-0.05095704478012858,12.460624791684172,12.355087712428611,0.5294195362426699,-0.6349566154982307,-0.008469645866071856,-0.008469645866071893,False
SWZ,2010,2015,Manufacturing,0.24315048481275842,0.23701663374373275,182.05726073399944,171.42479558340554,-0.05803279807410302,-0.02412229963643739,44.26731406274791,40.63052855053967,-2.56895609828635,-1.0678294139218836,-0.08215509771054043,-0.08215509771054041,False
SWZ,2010,2015,Services,0.6172694180812778,0.6302259792051706,101.72125635637654,94.00465285417678,-0.09300865220563263,0.03654609825307057,62.78942256105121,59.24417140204763,-5.839959565173315,2.2947084061697436,-0.05646255395256226,-0.05646255395256206,False
TZA,1960,1965,Agriculture,0.90939621118968,0.9095469732358518,464.7380608538506,448.51754979387846,-0.034902480399755985,0.00015999635254649932,422.63103173613064,407.94777985818246,-14.75087130149895,0.0676194235507447,-0.03474248404720943,-0.03474248404720948,False
TZA,1960,1965,Manufacturing,0.014077908274278761,0.018552446713800616,13638.488875465418,13331.840112755317,0.08984414287406361,0.1983665509391961,192.00140165753146,247.33825884236694,17.25020136253973,38.08665582229577,0.28821069381325964,0.2882106938132597,False
TZA,1960,1965,Services,0.07652588053604124,0.07190058005034777,5668.18693174152,6845.950118784309,-0.11759262547566737,0.2523777580593462,433.7629967780215,492.2277998086409,-51.00732962532099,109.47213265594047,0.13478513258367866,0.13478513258367883,False
TZA,1965,1970,Agriculture,0.9095469732358518,0.9027230992875058,448.51754979387846,476.87027381827,0.06321430240003174,-0.007976762710610099,407.94777985818246,430.48181153931023,25.788134319376727,-3.2541026382489275,0.055237539689421584,0.05523753968942165,False
TZA,1965,1970,Manufacturing,0.018552446713800616,0.026523997656164366,13331.840112755317,11330.771904682364,-0.2014532822788289,0.4165398011549393,247.33825884236694,300.53738392164996,-49.827104076925394,103.02622915620844,0.21508651887611033,0.21508651887611044,False
TZA,1965,1970,Services,0.07190058005034777,0.07075290305632978,6845.950118784309,8502.260102407683,0.06058322266398222,0.1615330994366956,492.2277998086409,601.559628337845,29.820746397208957,79.5110821319951,0.2221163221006779,0.22211632210067783,False
TZA,1970,1975,Agriculture,0.9027230992875058,0.8773540264763993,476.87027381827,470.5385267931129,-0.013277713820279022,-0.027729687588798946,430.48181153931023,412.8288710942107,-5.715814298454249,-11.937126146645298,-0.041007401409077965,-0.041007401409077965,False
TZA,1970,1975,Manufacturing,0.026523997656164366,0.028426464552382857,11330.771904682364,10778.935118777315,-0.07955691476044298,0.0990873974934549,300.53738392164996,306.40702410895636,-23.909827034981234,29.77946722228759,0.019530482733012063,0.019530482733011917,False
TZA,1970,1975,Services,0.07075290305632978,0.09421950897121795,8502.260102407683,7311.469969766127,-0.09528684820179358,0.24044861574367588,601.559628337845,688.8830872692043,-57.32072098975559,144.64417992111495,0.14516176754188231,0.14516176754188231,False
TZA,1975,1980,Agriculture,0.8773540264763993,0.8595635262009693,470.5385267931129,442.64019544859076,-0.05929021696620504,-0.0190751933075132,412.8288710942107,380.4773672380769,-24.476713337089244,-7.8747905190445175,-0.07836541027371827,-0.07836541027371824,False
TZA,1975,1980,Manufacturing,0.028426464552382857,0.02797877201572592,10778.935118777315,9736.319620406657,-0.058579948951504174,-0.052373020103612763,306.40702410895636,272.41025504472486,-17.949307830684972,-16.04746123354653,-0.11095296905511692,-0.11095296905511694,False
TZA,1975,1980,Services,0.09421950897121795,0.1124577017833048,7311.469969766127,6301.402549106943,-0.04847566292015527,0.07715709419541153,688.8830872692043,708.6412401934024,-33.394064329857855,53.1522172540559,0.02868143127525626,0.028681431275256263,False
TZA,1980,1985,Agriculture,0.8595635262009693,0.8601992254647127,442.64019544859076,446.5754637093187,0.008890444883207572,0.0007461355600379135,380.4773672380769,384.14386799430093,3.3826130627380495,0.2838876934859334,0.009636580443245597,0.009636580443245486,False
TZA,1980,1985,Manufacturing,0.02797877201572592,0.02026099673923884,9736.319620406657,8503.159914500455,-0.03815674211278187,-0.3294056551790375,272.41025504472486,172.28248865360985,-10.394287850618703,-89.73347854049631,-0.36756239729181944,-0.3675623972918194,False
TZA,1980,1985,Services,0.1124577017833048,0.11953977779604844,6301.402549106943,5324.0687811155185,-0.14422330204420167,0.042333638561749036,708.6412401934024,636.4380227003088,-102.20257962539073,29.99936213229708,-0.10188966348245251,-0.10188966348245262,False
TZA,1985,1990,Agriculture,0.8601992254647127,0.8429380983646496,446.5754637093187,502.0539206690295,0.12423086682572956,-0.02255929941300467,384.14386799430093,423.2003771652684,47.72252570672064,-8.666016535753176,0.10167156741272486,0.1016715674127249,False
TZA,1985,1990,Manufacturing,0.02026099673923884,0.026137888331707586,8503.159914500455,9606.913574147406,-0.046561527379921884,0.5040771811796352,172.28248865360985,251.10442408820785,-8.021735812526137,86.84367124712413,0.4575156537997133,0.4575156537997133,False
TZA,1985,1990,Services,0.11953977779604844,0.130924013303643,5324.0687811155185,4711.301833960035,-0.08324533683977817,0.052424617856696026,636.4380227003088,616.8225452525141,-52.98049757732959,33.36502012953492,-0.030820718983082127,-0.03082071898308214,False
TZA,1990,1995,Agriculture,0.8429380983646496,0.8437191714059932,502.0539206690295,536.1517831691887,0.06791673383353103,0.000989540006336506,423.2003771652684,452.36153824335355,28.742387374183476,0.41877370390173146,0.06890627383986746,0.06890627383986754,False
TZA,1990,1995,Manufacturing,0.026137888331707586,0.023979340605496332,9606.913574147406,8503.28295017978,-0.06757181810751173,-0.12040303464881479,251.10442408820785,203.90310694376478,-16.96758247047987,-30.233734673963173,-0.1879748527563266,-0.18797485275632653,False
TZA,1990,1995,Services,0.130924013303643,0.13230148798851046,4711.301833960035,4474.91712215256,-0.004651162571291198,-0.03552945912177808,616.8225452525141,592.0382319099667,-2.868941935607065,-21.915371406940313,-0.04018062169306935,-0.040180621693069275,False
TZA,1995,2000,Agriculture,0.8437191714059932,0.8252107465456819,536.1517831691887,567.2897241413369,0.05807672742985609,-0.02321072493048295,452.36153824335355,468.1335767663666,26.271677756309664,-10.499639233296623,0.03486600249937319,0.03486600249937314,False
TZA,1995,2000,Manufacturing,0.023979340605496332,0.028619156034812656,8503.28295017978,8996.644525324713,0.041861350271676236,0.22087745449178878,203.90310694376478,257.47636554972655,8.535659381255996,45.037599224705744,0.2627388047634651,0.262738804763465,False
TZA,1995,2000,Services,0.13230148798851046,0.14617009741950537,4474.91712215256,4443.092499321187,-0.0014364274367813191,0.098404974124162,592.0382319099667,649.4473188416426,-0.8504199599389777,58.2595068916149,0.09696854668738067,0.09696854668738068,False
TZA,2000,2005,Agriculture,0.8252107465456819,0.7465171431370504,567.2897241413369,673.9066059865324,0.18794079516700804,-0.11328420309493856,468.1335767663666,503.0828342422521,87.98139666184655,-53.032139185961086,0.07465659207206952,0.07465659207206948,False
TZA,2000,2005,Manufacturing,0.028619156034812656,0.04827072693499332,8996.644525324713,7706.42355548134,-0.09828880326594122,0.5430609209148238,257.47636554972655,371.99467389981623,-25.30704383914664,139.82535218923633,0.4447721176488826,0.4447721176488826,False
TZA,2000,2005,Services,0.14617009741950537,0.20521212992795626,4443.092499321187,3869.218842818603,-0.17922273268605982,0.4018171747679665,649.4473188416426,794.0106824407883,-116.39572321843397,260.9590868175796,0.22259444208190673,0.2225944420819067,False
TZA,2005,2010,Agriculture,0.7465171431370504,0.7059090206191245,673.9066059865324,766.4261572406757,0.13728838748909994,-0.061864816638099826,503.0828342422521,541.0271380346445,69.06743108656494,-31.123127294172495,0.07542357085100006,0.07542357085100011,False
TZA,2005,2010,Manufacturing,0.04827072693499332,0.05528552241402541,7706.42355548134,8441.738412750597,0.07576781578553411,0.1788359486682369,371.99467389981623,466.7059182314624,28.18522392524111,66.52602040640507,0.25460376445377103,0.25460376445377103,False
TZA,2005,2010,Services,0.20521212992795626,0.23880545696685015,3869.218842818603,3967.8272517451483,-0.04114711942533007,0.2345048415122994,794.0106824407883,947.538779310259,-32.67125237537895,186.19934924484974,0.1933577220869692,0.19335772208696933,False
TZA,2010,2015,Agriculture,0.7059090206191245,0.6776454022100467,766.4261572406757,857.8111964740706,0.11923528231656874,-0.04481262883087603,541.0271380346445,581.2918132549529,64.50952354448604,-24.244848324177656,0.07442265348569271,0.07442265348569271,False
TZA,2010,2015,Manufacturing,0.05528552241402541,0.06320434175095356,8441.738412750597,9856.82920153409,0.09492412369896237,0.23995155787006847,466.7059182314624,622.9943806915237,44.301650313241154,111.9868121468202,0.3348756815690307,0.33487568156903086,False
TZA,2010,2015,Services,0.23880545696685015,0.2591502560389998,3967.8272517451483,4481.478177224236,0.08035688353498013,0.14531972337291835,947.538779310259,1161.3761159386504,76.14126333391172,137.69607329447956,0.22567660690789862,0.22567660690789848,False
UGA,1990,1995,Agriculture,0.9066351904109444,0.8738652657476275,1042.5335133069782,1151.59917898945,0.10461598048441527,-0.039925852035329654,945.197570346863,1006.3425225823653,98.88277057332415,-37.73781833782194,0.06469012844908568,0.06469012844908562,False
UGA,1990,1995,Manufacturing,0.021897084719351995,0.029313099771455124,8749.171681995269,9132.73842518963,0.04309783594340243,0.35426615558960517,191.58134965343467,267.70887945500425,8.256741577179344,67.87078822439024,0.39736399153300755,0.3973639915330076,False
UGA,1990,1995,Services,0.07146772486970361,0.09682163448091742,10125.994621474527,11186.715016268095,0.10765805165753806,0.3890163864434771,723.6817781827845,1083.1160187256623,77.9101702592212,281.5240702836567,0.4966744381010151,0.49667443810101514,False
UGA,1995,2000,Agriculture,0.8738652657476275,0.8144613275111792,1151.59917898945,1284.0822361615415,0.11504268115955756,-0.07579878633342499,1006.3425225823653,1045.8353226976526,115.7723419627479,-76.27954184746062,0.039243894826132594,0.039243894826132567,False
UGA,1995,2000,Manufacturing,0.029313099771455124,0.04296568875702178,9132.73842518963,8178.580113918714,-0.05826374925484716,0.3708774716569533,267.70887945500425,351.3983487815299,-15.597723025862472,99.28719235238806,0.3126137224021063,0.3126137224021061,False
UGA,1995,2000,Services,0.09682163448091742,0.14257298373179908,11186.715016268095,8829.306808287576,-0.12297906594858114,0.2852004307469035,1083.1160187256623,1258.8205775182646,-133.20059629682788,308.9051550894301,0.1622213647983224,0.16222136479832233,False
UGA,2000,2005,Agriculture,0.8144613275111792,0.7538438734304717,1284.0822361615415,1297.5821300333403,0.010513262695817307,-0.0752089009389692,1045.8353226976526,978.1743389984952,10.995141484085286,-78.65612518324265,-0.06469563824315197,-0.0646956382431519,False
UGA,2000,2005,Manufacturing,0.04296568875702178,0.05941565474038034,8178.580113918714,7487.443269370466,-0.07468342778208768,0.3406864170151641,351.3983487815299,444.87135996898394,-26.243633203970244,119.71664439142437,0.26600298923307625,0.2660029892330764,False
UGA,2000,2005,Services,0.14257298373179908,0.18674047182914796,8829.306808287576,7689.005257680306,-0.05094048519253408,0.19157044895334402,1258.8205775182646,1435.84846971602,-64.12493098912636,241.15282318688173,0.1406299637608099,0.14062996376080994,False
UGA,2005,2010,Agriculture,0.7538438734304717,0.708013225116513,1297.5821300333403,1292.672269635454,-0.0037838532792988004,-0.0605658989536836,978.1743389984952,915.2290626432807,-3.7012681803453926,-59.2440081748691,-0.06434975223298235,-0.0643497522329824,False
UGA,2005,2010,Manufacturing,0.05941565474038034,0.07361693284740252,7487.443269370466,7295.9132551644025,-0.07030338379692627,0.2776248745343329,444.87135996898394,537.1027535041311,-31.27596196016002,123.5073554953072,0.20732149073740655,0.2073214907374066,False
UGA,2005,2010,Services,0.18674047182914796,0.21836984203608448,7689.005257680306,8181.735450613929,0.061816670689137834,0.18249588430140107,1435.84846971602,1786.6442779315962,88.7593720119377,262.0364362036386,0.2443125549905389,0.2443125549905389,False
UGA,2010,2015,Agriculture,0.708013225116513,0.7133695155582481,1292.672269635454,1154.8791137807707,-0.10659558427252591,0.006758819415805886,915.2290626432807,823.8555539261272,-97.55937667565672,6.185867958503228,-0.09983676485672005,-0.09983676485672002,False
UGA,2010,2015,Manufacturing,0.07361693284740252,0.07020241045398717,7295.9132551644025,8301.608517125225,0.10297038173981028,-0.01790246208629961,537.1027535041311,582.7929673849,55.305675561823605,-9.615461681054832,0.08506791965351082,0.08506791965351067,False
UGA,2010,2015,Services,0.21836984203608448,0.21642807398776473,8181.735450613929,9063.725086835197,0.1399698066052278,-0.0420206677266813,1786.6442779315962,1961.6445464372782,250.07625405442235,-75.07598554874005,0.09794913887854631,0.09794913887854648,False
ZAF,1960,1965,Agriculture,0.3146294023876621,0.2545903213804907,16.391487133571374,18.556820761896923,0.13210110898911256,-0.21603292532450036,5.157243801080615,4.7243869615715,0.6812776254499755,-1.114134464959091,-0.08393181633538785,-0.0839318163353878,False
ZAF,1960,1965,Manufacturing,0.27022089923417525,0.30224888770951236,213.65238599922063,242.32657385979783,0.24155408791552152,0.027087768573236606,57.73334029469408,73.24293201275792,13.945724357201255,1.5638673608625888,0.26864185648875805,0.2686418564887581,False
ZAF,1960,1965,Services,0.4151496983781625,0.4431607909099971,146.68548193274276,160.29295577461838,0.07229972406403701,0.09419802377691794,60.896435606506984,71.03555498653213,4.402795490833853,5.736323889191297,0.16649774784095495,0.16649774784095495,False
ZAF,1965,1970,Agriculture,0.2545903213804907,0.2021541563575816,18.556820761896923,24.39295946678387,0.3145010009942223,-0.27073845948722763,4.7243869615715,4.931138142072377,1.485824428498289,-1.2790732479974118,0.043762541506994636,0.04376254150699466,False
ZAF,1965,1970,Manufacturing,0.30224888770951236,0.31750259870825986,242.32657385979783,253.5191428067145,0.11339585395934466,-0.014409437865419058,73.24293201275792,80.49298735691188,8.305444822072907,-1.0553894779189477,0.09898641609392567,0.09898641609392561,False
ZAF,1965,1970,Services,0.4431607909099971,0.4803432449341586,160.29295577461838,176.57485570262799,0.09084604286306767,0.10315519935691303,71.03555498653213,84.81654089570512,6.453299073108299,7.32768683606468,0.19400124221998077,0.19400124221998072,False
ZAF,1970,1975,Agriculture,0.2021541563575816,0.17880696467123133,24.39295946678387,31.95074074257811,0.3098345359072048,-0.15127543523336623,4.931138142072377,5.713014971177836,1.5278368977433108,-0.7459600686378517,0.1585591006738386,0.15855910067383855,False
ZAF,1970,1975,Manufacturing,0.31750259870825986,0.3237102358436223,253.5191428067145,235.73367291752038,0.02208114551974159,-0.074055675126672,80.49298735691188,76.30940220237979,1.7773773671466913,-5.960962521678782,-0.05197452960693047,-0.0519745296069304,False
ZAF,1970,1975,Services,0.4803432449341586,0.4974827994851463,176.57485570262799,207.2238327198298,0.16238538917077694,0.05306494233100982,84.81654089570512,103.09029274851963,13.772967001468194,4.500784851346328,0.21545033150178666,0.21545033150178677,False
ZAF,1975,1980,Agriculture,0.17880696467123133,0.1429389077382467,31.95074074257811,45.60757207734262,0.42743395042998733,-0.2863382994965384,5.713014971177836,6.519096537328712,2.4419365579962027,-1.635854991845327,0.141095650933449,0.14109565093344895,False
ZAF,1975,1980,Manufacturing,0.3237102358436223,0.33707759448376856,235.73367291752038,240.69659904093285,-0.038701696828587887,0.101918450526081,76.30940220237979,81.13343488621058,-2.953303349207279,7.777336033038061,0.06321675369749327,0.06321675369749312,False
ZAF,1975,1980,Services,0.4974827994851463,0.5199834977779847,207.2238327198298,213.3907827617195,0.01237834607991634,0.06395663569003303,103.09029274851963,110.95968836613662,1.2760873211210657,6.593308296495924,0.07633498176994935,0.07633498176994936,False
ZAF,1980,1985,Agriculture,0.1429389077382467,0.1363710881129253,45.60757207734262,42.27974562203803,-0.07296653392689191,-0.042595740293148436,6.519096537328712,5.765734915615016,-0.4756758786636791,-0.2776857430500171,-0.1155622742200404,-0.11556227422004034,False
ZAF,1980,1985,Manufacturing,0.33707759448376856,0.33684488250968647,240.69659904093285,219.35590633236856,-0.04950607521821798,-0.039785400892788,81.13343488621058,73.88891072326464,-4.016597930189132,-3.2279262327567997,-0.08929147611100605,-0.08929147611100599,False
ZAF,1980,1985,Services,0.5199834977779847,0.5267840293773882,213.3907827617195,217.14764787609198,-0.01783014449206213,0.04874435855925134,110.95968836613662,114.38991992511598,-1.9784272763624013,5.408658835341753,0.030914214067189267,0.03091421406718921,False
ZAF,1985,1990,Agriculture,0.1363710881129253,0.11403551880941483,42.27974562203803,48.60002127320279,0.14948707846223092,-0.18826899938807126,5.765734915615016,5.542128640038277,0.8619028677229663,-1.0855091432997046,-0.03878192092584038,-0.038781920925840346,False
ZAF,1985,1990,Manufacturing,0.33684488250968647,0.30388442502888036,219.35590633236856,194.13304478530688,-0.13863947415465955,-0.0629455889511029,73.88891072326464,58.99400999229929,-10.243919728533996,-4.650981002431355,-0.2015850631057625,-0.20158506310576246,False
ZAF,1985,1990,Services,0.5267840293773882,0.5820800561617049,217.14764787609198,176.06051373652116,-0.19082101947840055,0.08671564978596147,114.38991992511598,102.48131502222327,-21.828001138163234,9.919396235270533,-0.10410536969243911,-0.10410536969243908,False
ZAF,1990,1995,Agriculture,0.11403551880941483,0.10530297781307611,48.60002127320279,36.91398567960153,-0.24045330202447338,-0.05816409438001683,5.542128640038277,3.8871526150112894,-1.3326231317416077,-0.3223528932853807,-0.29861739640449014,-0.2986173964044902,False
ZAF,1990,1995,Manufacturing,0.30388442502888036,0.27240419647481806,194.13304478530688,184.58396393650528,-0.0017313504596521093,-0.14595423840458646,58.99400999229929,50.28144488712379,-0.1021393063168885,-8.610425798858607,-0.14768558886423866,-0.14768558886423858,False
ZAF,1990,1995,Services,0.5820800561617049,0.6222928257121059,176.06051373652116,155.22678842153422,-0.13969155914479972,0.0822683965890807,102.48131502222327,96.59651381077829,-14.315774678663754,8.430973467218777,-0.057423162555719054,-0.057423162555719026,False
ZAF,1995,2000,Agriculture,0.10530297781307611,0.09925557180488782,36.91398567960153,45.490057239629515,0.2323258082848278,-0.07077078589644356,3.8871526150112894,4.515141642756505,0.9030858732089798,-0.27509684546376467,0.1615550223883843,0.16155502238838423,False
ZAF,1995,2000,Manufacturing,0.27240419647481806,0.26368297775655297,184.58396393650528,177.72952561621392,-0.036101718836619376,-0.03185962048153581,50.28144488712379,46.864250549742856,-1.815246586013916,-1.6019477513670233,-0.06796133931815508,-0.06796133931815518,False
ZAF,1995,2000,Services,0.6222928257121059,0.6370614504385591,155.22678842153422,156.00043932450467,-0.0055723039684966,0.03440720947846234,96.59651381077829,99.3818651591042,-0.5382651372507365,3.3236164855766295,0.028834905509965852,0.02883490550996574,False
ZAF,2000,2005,Agriculture,0.09925557180488782,0.07042747641506278,45.490057239629515,63.70620972514829,0.40044250526133507,-0.4067488544522315,4.515141642756505,4.486667582910925,1.8080546310351948,-1.836528690880775,-0.006306349190896407,-0.006306349190896454,False
ZAF,2000,2005,Manufacturing,0.26368297775655297,0.27499627247516273,177.72952561621392,180.775144749772,0.16313838067010078,-0.1023620071204877,46.864250549742856,49.712489747276685,7.64535794600293,-4.797118748469098,0.060776373549613016,0.060776373549613086,False
ZAF,2000,2005,Services,0.6370614504385591,0.6545762511097745,156.00043932450467,172.37380071257817,0.08660303333456101,0.04873287556913184,99.3818651591042,112.8318002089558,8.606770981224749,4.843164068626864,0.13533590890369276,0.13533590890369285,False
ZAF,2005,2010,Agriculture,0.07042747641506278,0.04855559283600957,63.70620972514829,95.47992452081908,0.498753809601201,-0.46545141904657195,4.486667582910925,4.6360843390458175,2.237742549391036,-2.0883257932561428,0.033302390554629004,0.03330239055462908,False
ZAF,2005,2010,Manufacturing,0.27499627247516273,0.23721680085274566,180.775144749772,203.91166476111263,0.2690881869103776,-0.2960676417464515,49.712489747276685,48.37127387535125,13.37704373289542,-14.718259604820856,-0.02697945483607384,-0.02697945483607389,False
ZAF,2005,2010,Services,0.6545762511097745,0.7142276063112448,172.37380071257817,172.62773087094214,0.01280783512097067,0.07992929571923935,112.8318002089558,123.29549762787016,1.4451310934786097,9.01856632543576,0.09273713084020997,0.09273713084021001,False
ZAF,2010,2015,Agriculture,0.04855559283600957,0.05152984367663664,95.47992452081908,86.05535781096377,-0.09870731210936722,0.05520827525808154,4.6360843390458175,4.434419135535995,-0.4576154238195449,0.25595022030972253,-0.0434990368512857,-0.04349903685128567,False
ZAF,2010,2015,Manufacturing,0.23721680085274566,0.22546014621235982,203.91166476111263,199.00001117771805,-0.04395335853242472,-0.028500857834419354,48.37127387535125,44.86657113204668,-2.1260799433134228,-1.378622799991149,-0.07245421636684404,-0.07245421636684407,False
ZAF,2010,2015,Services,0.7142276063112448,0.7230100101110036,172.62773087094214,170.72130047470122,-0.026489820351561517,0.027606809949606955,123.29549762787016,123.43321741620633,-3.26607558231866,3.4037953706548265,0.001116989598045465,0.0011169895980454383,False
ZMB,1965,1970,Agriculture,0.6330802081097839,0.6272452662996794,2.7438855967957867,2.8424820220290656,0.03593313997799922,-0.009547936443911597,1.7370996646489154,1.7829333928596722,0.06241944540556498,-0.016585717194807992,0.026385203534087527,0.026385203534087624,False
ZMB,1965,1970,Manufacturing,0.12290513538014208,0.10896279456766214,250.18142910310905,193.57465839188356,-0.11385571645695686,-0.20017974213292686,30.748580501496715,21.092435922721236,-3.500901663032322,-6.155242915743155,-0.31403545858988374,-0.3140354585898837,False
ZMB,1965,1970,Services,0.244014656510074,0.26379193913265847,22.659315883160204,26.792114400847833,0.14244709908240252,0.13577364756279772,5.529204929702406,7.067544453598531,0.7876192024682271,0.7507203214278982,0.27822074664520025,0.27822074664520025,False
ZMB,1970,1975,Agriculture,0.6272452662996794,0.6445189302755321,2.8424820220290656,2.771024299491028,-0.02513919946871939,0.02684662411395984,1.7829333928596722,1.7859776172754631,-0.044821518202539934,0.04786574261833071,0.0017074246452405107,0.0017074246452404504,False
ZMB,1970,1975,Manufacturing,0.10896279456766214,0.11190509471795546,193.57465839188356,162.81638360269355,-0.11312505364671388,-0.02305900689957386,21.092435922721236,18.219982351952673,-2.386082945297715,-0.4863706254708485,-0.13618406054628773,-0.13618406054628773,False
ZMB,1970,1975,Services,0.26379193913265847,0.2435759750065124,26.792114400847833,35.118400710538694,0.19173095982323252,0.018590258207634793,7.067544453598531,8.553999011566676,1.3550670816818098,0.13138747628633385,0.21032121803086748,0.2103212180308673,False
ZMB,1975,1980,Agriculture,0.6445189302755321,0.679675332658066,2.771024299491028,1.9075842274875432,-0.31159599436283486,0.037550189896799535,1.7859776172754631,1.2965379443908758,-0.5565034715647145,0.0670637986801272,-0.2740458044660354,-0.2740458044660353,False
ZMB,1975,1980,Manufacturing,0.11190509471795546,0.09636206363440544,162.81638360269355,155.49736860532673,-0.11308086571235042,-0.06452276534038652,18.219982351952673,14.984047328529092,-2.0603313776225547,-1.175603645801026,-0.17760363105273694,-0.17760363105273694,False
ZMB,1975,1980,Services,0.2435759750065124,0.22396260370752857,35.118400710538694,43.34263301050017,0.2389704540742611,-0.10416448321771078,8.553999011566676,9.707129153026893,2.044153027944869,-0.8910228864846517,0.13480597085655024,0.13480597085655033,False
ZMB,1980,1985,Agriculture,0.679675332658066,0.7164175297944799,1.9075842274875432,1.8674720557228104,-0.021027732975945224,0.05292172644461058,1.2965379443908758,1.3378897171211552,-0.027263253687832254,0.06861502641811165,0.0318939934686654,0.03189399346866535,False
ZMB,1980,1985,Manufacturing,0.09636206363440544,0.08701071183894636,155.49736860532673,127.8129077102041,-0.10802820690524507,-0.14977633727722148,14.984047328529092,11.121091836989143,-1.6186997650843256,-2.2442557264556227,-0.2578045441824666,-0.25780454418246657,False
ZMB,1980,1985,Services,0.22396260370752857,0.19657175836657367,43.34263301050017,50.23681515484708,0.12058969822221108,-0.10328181318441615,9.707129153026893,9.875139028454509,1.1705797751675404,-1.0025698997399233,0.01730788503779484,0.01730788503779493,False
ZMB,1985,1990,Agriculture,0.7164175297944799,0.7530171641912573,1.8674720557228104,2.0120496330745157,0.07741887055747462,0.055042115965398895,1.3378897171211552,1.5151079089098316,0.10357791082997905,0.07364028095869735,0.1324609865228735,0.13246098652287353,False
ZMB,1985,1990,Manufacturing,0.08701071183894636,0.08047244157741687,127.8129077102041,111.75079500617304,-0.09913891214417679,-0.09223011401082888,11.121091836989143,8.992859322364149,-1.1025329465745883,-1.025699568050407,-0.19136902615500553,-0.19136902615500567,False
ZMB,1985,1990,Services,0.19657175836657367,0.16651039423132583,50.23681515484708,57.2383730574867,0.13354685033975378,-0.16841780063831416,9.875139028454509,9.5307835462019,1.3187937139172758,-1.6631491961698868,-0.03487095029856024,-0.03487095029856038,False
ZMB,1990,1995,Agriculture,0.7530171641912573,0.7602170872672376,2.0120496330745157,3.6023231700796963,0.7903749047060834,0.01711854948870099,1.5151079089098316,2.7385476277532685,1.1975032691240415,0.02593644971939522,0.8074934541947846,0.8074934541947844,False
ZMB,1990,1995,Manufacturing,0.08047244157741687,0.05742468371761147,111.75079500617304,97.66795532897129,-0.08620788480857067,-0.2901249204296113,8.992859322364149,5.608551346466513,-0.7752553805620495,-2.6090525953355868,-0.37633280523818197,-0.37633280523818197,False
ZMB,1990,1995,Services,0.16651039423132583,0.18235822901515097,57.2383730574867,51.58805637062899,-0.023021418920343067,0.010086800778184685,9.5307835462019,9.407506500436211,-0.2194121606562268,0.09613511489053911,-0.012934618142158414,-0.012934618142158382,False
ZMB,1995,2000,Agriculture,0.7602170872672376,0.716117171294229,3.6023231700796963,3.6267022859742855,0.006767609329745346,-0.05840222183822238,2.7385476277532685,2.5971437821582195,0.018533420475535006,-0.15993726607058403,-0.051634612508477035,-0.051634612508477035,False
ZMB,1995,2000,Manufacturing,0.05742468371761147,0.05360777370362459,97.66795532897129,79.15332788991059,-0.15930136800510425,-0.08413364034573186,5.608551346466513,4.243233602603344,-0.8934499020189849,-0.47186784184418373,-0.2434350083508361,-0.2434350083508361,False
ZMB,1995,2000,Services,0.18235822901515097,0.23027505500214637,51.58805637062899,47.35024376358778,-0.04181578169705516,0.20084556785165095,9.407506500436211,10.903580247448552,-0.393382238135868,1.8894559851482085,0.15902978615459584,0.1590297861545958,False
ZMB,2000,2005,Agriculture,0.716117171294229,0.7369817286459376,3.6267022859742855,3.2835171805811143,-0.09462731659016702,0.02637864449407731,2.5971437821582195,2.419892167783305,-0.24576074690446958,0.06850913252955504,-0.0682486720960897,-0.0682486720960897,False
ZMB,2000,2005,Manufacturing,0.05360777370362459,0.06704379209187517,79.15332788991059,93.11341544341617,0.14468482339744707,0.32652249050438137,4.243233602603344,6.242676310744044,0.6139315044267779,1.3855112037139223,0.47120731390182835,0.47120731390182846,False
ZMB,2000,2005,Services,0.23027505500214637,0.19597447926218722,47.35024376358778,62.968367445149205,0.20456019450775528,-0.07280417015796187,10.903580247448552,12.34019263203131,2.2304384962489943,-0.7938261116662364,0.13175602434979333,0.13175602434979342,False
ZMB,2005,2010,Agriculture,0.7369817286459376,0.7224751079203434,3.2835171805811143,3.399234108364732,0.035241761020156546,-0.02037751955398954,2.419892167783305,2.455862029287322,0.08528126147156781,-0.04931139996755043,0.014864241466166918,0.014864241466167008,False
ZMB,2005,2010,Manufacturing,0.06704379209187517,0.07198206658497684,93.11341544341617,110.10589759032061,0.1978102322081275,0.07178142934317654,6.242676310744044,7.9256497898844955,1.234865250628456,0.4481082285119956,0.269591661551304,0.26959166155130404,False
ZMB,2005,2010,Services,0.19597447926218722,0.20554282549467975,62.968367445149205,69.2993439402943,0.10391290576642132,0.05036270207406335,12.34019263203131,14.24398335120661,1.282305274111756,0.6214854450635444,0.15427560784048475,0.15427560784048466,False
ZMB,2010,2015,Agriculture,0.7224751079203434,0.6817814337078685,3.399234108364732,2.9611926760267364,-0.12886474375509374,-0.04906701133921918,2.455862029287322,2.018886188146748,-0.3164740311019753,-0.12050181003859886,-0.17793175509431286,-0.17793175509431292,False
ZMB,2010,2015,Manufacturing,0.07198206658497684,0.06971621595829026,110.10589759032061,112.45499203547584,0.2731688990206211,-0.2839835137046403,7.9256497898844955,7.8399369412864175,2.1650410271257643,-2.2507538757238432,-0.010814614684019135,-0.01081461468401923,False
ZMB,2010,2015,Services,0.20554282549467975,0.24850235033384122,69.2993439402943,65.00063912132734,0.13634260227619976,-0.0023332106417920458,14.24398335120661,16.152810894552438,1.942061756882374,-0.03323421353654399,0.13400939163440753,0.13400939163440773,False
