iso3,year0,year1,broad_sector,employment_share_0,employment_share_1,productivity_0,productivity_1,within,structural_change,short_series
AGO,2002,2005,Agriculture,0.36960761014946547,0.38412550292789943,129.44989615142111,131.68126797322097,0.8247320064103031,1.9117345293634518,False
AGO,2002,2005,Manufacturing,0.08769634761684987,0.08627844097429095,4184.59057855477,5061.84945665711,76.9323995240305,-7.177229968227373,False
AGO,2002,2005,Services,0.5426960422336845,0.5295960560978096,594.0415484233574,638.8416673866577,24.312847252981307,-8.36881698578444,False
AGO,2005,2008,Agriculture,0.38412550292789943,0.4458598861960177,131.68126797322097,118.79433500111845,-4.950199609107008,7.333695007040282,False
AGO,2005,2008,Manufacturing,0.08627844097429095,0.08185342557958171,5061.84945665711,6387.563749939546,114.38056240174252,-28.265067928169184,False
AGO,2005,2008,Services,0.5295960560978096,0.47228668822440056,638.8416673866577,761.2043623729276,64.80280067822773,-43.62414083007385,False
AGO,2008,2011,Agriculture,0.4458598861960177,0.5121794368787729,118.79433500111845,110.31836163554262,-3.779096520176121,7.316264175726884,False
AGO,2008,2011,Manufacturing,0.08185342557958171,0.07716812358510058,6387.563749939546,5550.2964375353195,-68.53319764609576,-26.004814968745716,False
AGO,2008,2011,Services,0.47228668822440056,0.4106524395361266,761.2043623729276,952.5335474164772,90.36222716489156,-58.70868954539093,False
AGO,2011,2014,Agriculture,0.5121794368787729,0.4977732774580391,110.31836163554262,133.15608284124136,11.697011186729192,-1.9182677572513536,False
AGO,2011,2014,Manufacturing,0.07716812358510058,0.07875040902032274,5550.2964375353195,5541.718147986125,-0.6619705080810394,8.768579911664727,False
AGO,2011,2014,Services,0.4106524395361266,0.4234763135216381,952.5335474164772,1041.6435721667865,36.59324905083915,13.357905907284914,False
AGO,2014,2017,Agriculture,0.4977732774580391,0.4980233099167362,133.15608284124136,151.00077744833035,8.882612119808485,0.03775509565057836,False
AGO,2014,2017,Manufacturing,0.07875040902032274,0.07917284526811676,5541.718147986125,5567.689258191111,2.0452355513545224,2.3519937591133218,False
AGO,2014,2017,Services,0.4234763135216381,0.422803844815147,1041.6435721667865,899.6829351958185,-60.11696720964911,-0.6050086196832707,False
BFA,1972,1975,Agriculture,0.8838808905969422,0.8841272045052694,78.80425026721117,90.53802474045023,10.3712590314702,0.02230077472604405,False
BFA,1972,1975,Manufacturing,0.03529679797691248,0.03522192621641311,1980.2133424352007,2135.6012240533605,5.484694665536578,-0.15989622336948248,False
BFA,1972,1975,Services,0.0808223114261453,0.0806508692783175,922.5675566009086,993.5595562228866,5.737737502212298,-0.17033798431368694,False
BFA,1975,1978,Agriculture,0.8841272045052694,0.8843652919648022,90.53802474045023,122.55018066893061,28.302817931234145,0.02917766118075118,False
BFA,1975,1978,Manufacturing,0.03522192621641311,0.03514955454085435,2135.6012240533605,2609.4858360605954,16.691128839212382,-0.1888528623025657,False
BFA,1975,1978,Services,0.0806508692783175,0.08048515349434353,993.5595562228866,1478.2267012352936,39.08882655589098,-0.24496549668645617,False
BFA,1978,1981,Agriculture,0.8843652919648022,0.8844317272569097,122.55018066893061,151.83429278837136,25.89785236443922,0.010087155593328196,False
BFA,1978,1981,Manufacturing,0.03514955454085435,0.03512936025406384,2609.4858360605954,2790.1650881365117,6.350795225243193,-0.056345393982694995,False
BFA,1978,1981,Services,0.08048515349434353,0.08043891248902646,1478.2267012352936,2451.6753093053935,78.34816063937704,-0.11336793101331663,False
BFA,1981,1984,Agriculture,0.8844317272569097,0.8850642876027502,151.83429278837136,137.90757667199486,-12.317229589823507,0.08723486439367373,False
BFA,1981,1984,Manufacturing,0.03512936025406384,0.03493707926215525,2790.1650881365117,2472.3477032853816,-11.1647214074398,-0.47538546873062776,False
BFA,1981,1984,Services,0.08043891248902646,0.07999863313509455,2451.6753093053935,2511.031600081544,4.774555479415993,-1.1055553705865209,False
BFA,1984,1987,Agriculture,0.8850642876027502,0.8863739307571472,137.90757667199486,139.5978221215772,1.4959758847083795,0.182823332110249,False
BFA,1984,1987,Manufacturing,0.03493707926215525,0.03453898610577642,2472.3477032853816,2612.6580906205418,4.902035123632195,-1.0400813058338154,False
BFA,1984,1987,Services,0.07999863313509455,0.07908708313707637,2511.031600081544,2343.978007880679,-13.364059036376714,-2.1366531484382896,False
BFA,1987,1990,Agriculture,0.8863739307571472,0.8865498746748641,139.5978221215772,138.6434826636213,-0.8459016166250005,0.02439347750575461,False
BFA,1987,1990,Manufacturing,0.03453898610577642,0.034485505198325786,2612.6580906205418,2298.723777364972,-10.84297288366058,-0.12293783359183488,False
BFA,1987,1990,Services,0.07908708313707637,0.07896462012681013,2343.978007880679,2425.634196306913,6.457949762722355,-0.29705046548446545,False
BFA,1990,1993,Agriculture,0.8865498746748641,0.8869728892816383,138.6434826636213,172.51093949562346,30.025189609967875,0.07297464723498652,False
BFA,1990,1993,Manufacturing,0.034485505198325786,0.0343569216792546,2298.723777364972,2013.4295263281565,-9.83851637718257,-0.25889385389710035,False
BFA,1990,1993,Services,0.07896462012681013,0.07867018903910714,2425.634196306913,2119.4854603473873,-24.174918637347048,-0.6240424094607652,False
BFA,1993,1996,Agriculture,0.8869728892816383,0.8800839897866215,172.51093949562346,193.26432035697928,18.40768618495903,-1.3313784789119614,False
BFA,1993,1996,Manufacturing,0.0343569216792546,0.035636798703776784,2013.4295263281565,2208.4337556585087,6.699745034226315,2.8265236240465588,False
BFA,1993,1996,Services,0.07867018903910714,0.08427921150960173,2119.4854603473873,1986.628393341532,-10.451890576531955,11.143043298775224,False
BFA,1996,1999,Agriculture,0.8800839897866215,0.860886592004474,193.26432035697928,226.36759884142188,29.133665403605868,-4.345668839948359,False
BFA,1996,1999,Manufacturing,0.035636798703776784,0.040060134544382314,2208.4337556585087,2718.5401802280926,18.178559969889555,12.02501621332914,False
BFA,1996,1999,Services,0.08427921150960173,0.09905327345114362,1986.628393341532,2027.3017313870869,3.4279168599428465,29.95148135370794,False
BFA,1999,2002,Agriculture,0.860886592004474,0.8384991161482117,226.36759884142188,261.3770754681069,30.139189021007166,-5.8515729664227,False
BFA,1999,2002,Manufacturing,0.040060134544382314,0.045226359112041266,2718.5401802280926,2109.0411639643185,-24.416612596195456,10.895780275476493,False
BFA,1999,2002,Services,0.09905327345114362,0.11627452473974703,2027.3017313870869,2005.3206541892314,-2.177297650429877,34.534130900019335,False
BFA,2002,2005,Agriculture,0.8384991161482117,0.8124062103093621,261.3770754681069,300.38407705547036,32.707336354596144,-7.83789343809813,False
BFA,2002,2005,Manufacturing,0.045226359112041266,0.05130770632065706,2109.0411639643185,2244.0501984108105,6.105967075246998,13.646848410099297,False
BFA,2002,2005,Services,0.11627452473974703,0.13628608336998088,2005.3206541892314,2003.5881604839983,-0.20144488219058004,40.09492194436792,False
BFA,2005,2008,Agriculture,0.8124062103093621,0.7483631313421528,300.38407705547036,365.1405854096086,52.608589544852,-23.38472734552059,False
BFA,2005,2008,Manufacturing,0.05130770632065706,0.07690003894248161,2244.0501984108105,1554.4490256124507,-35.381854452318926,39.78197650714491,False
BFA,2005,2008,Services,0.13628608336998088,0.17473682971536558,2003.5881604839983,1770.491724565577,-31.767800298823374,68.07672820787371,False
BFA,2008,2011,Agriculture,0.7483631313421528,0.6423040202610689,365.1405854096086,359.5801012744018,-4.161261319201739,-38.136745903609174,False
BFA,2008,2011,Manufacturing,0.07690003894248161,0.1320052124100613,1554.4490256124507,1373.4001402442389,-13.922666335308378,75.68145296855705,False
BFA,2008,2011,Services,0.17473682971536558,0.2256907673288698,1770.491724565577,1373.0361404347957,-69.45012872368149,69.9615978408012,False
BFA,2011,2014,Agriculture,0.6423040202610689,0.5051772028059692,359.5801012744018,411.11136472612776,33.09873768417588,-56.37439306451663,False
BFA,2011,2014,Manufacturing,0.1320052124100613,0.2250285662874392,1373.4001402442389,694.8540971892297,-89.57161454348308,64.63765857597964,False
BFA,2011,2014,Services,0.2256907673288698,0.26979423090659155,1373.0361404347957,1119.0724541347463,-57.31725923472653,49.35497122176346,False
BFA,2014,2017,Agriculture,0.5051772028059692,0.47851174828427756,411.11136472612776,359.4962719395044,-26.074768196516935,-9.586131490120556,False
BFA,2014,2017,Manufacturing,0.2250285662874392,0.24793871786406496,694.8540971892297,692.2855996780291,-0.5779853124583214,15.860368022938912,False
BFA,2014,2017,Services,0.26979423090659155,0.2735495338516575,1119.0724541347463,1268.6537839487642,40.35617983515816,4.76417929113183,False
BWA,1969,1972,Agriculture,0.5990613993946502,0.461422089359275,11.95254585312019,16.99689985198635,3.0218777656027607,-2.3394415683677723,False
BWA,1969,1972,Manufacturing,0.09874433307900853,0.13101542130093238,91.840404243997,130.54403883659361,3.8217645855795968,4.212798194141967,False
BWA,1969,1972,Services,0.3021942675263413,0.4075624893397926,33.70174482933802,39.42263627313567,1.7288205994561454,4.153893083298771,False
BWA,1972,1975,Agriculture,0.461422089359275,0.37166806365552496,16.99689985198635,21.35545366046408,2.0111330048926193,-1.9167379367565354,False
BWA,1972,1975,Manufacturing,0.13101542130093238,0.1676041271178852,130.54403883659361,101.03941470097477,-3.8655607614537604,3.696901420411063,False
BWA,1972,1975,Services,0.4075624893397926,0.4607278092265898,39.42263627313567,36.147506035275526,-1.3348202326543084,1.921793721475355,False
BWA,1975,1978,Agriculture,0.37166806365552496,0.3311231781708381,21.35545366046408,21.963924075343368,0.2261490208898592,-0.8905247864291539,False
BWA,1975,1978,Manufacturing,0.1676041271178852,0.14530582710131604,101.03941470097477,196.5861313609541,16.014024044775738,-4.38353653618323,False
BWA,1975,1978,Services,0.4607278092265898,0.5235709947278459,36.147506035275526,37.08146405626111,0.4303004329182901,2.330317324345776,False
BWA,1978,1981,Agriculture,0.3311231781708381,0.2782295409146005,21.963924075343368,18.384444164875937,-1.1852487641526426,-0.9724201208145015,False
BWA,1978,1981,Manufacturing,0.14530582710131604,0.17867754985009082,196.5861313609541,200.3071731110297,0.5406890491732614,6.684595445652119,False
BWA,1978,1981,Services,0.5235709947278459,0.5430929092353087,37.08146405626111,32.28635508646149,-2.510579973146404,0.6302914637554905,False
BWA,1981,1984,Agriculture,0.2782295409146005,0.26614253898103835,18.384444164875937,13.68864929781706,-1.306508850090929,-0.16545473053056908,False
BWA,1981,1984,Manufacturing,0.17867754985009082,0.173965360842965,200.3071731110297,327.8023222446397,22.780520864965364,-1.5446664993915111,False
BWA,1981,1984,Services,0.5430929092353087,0.5598921001759967,32.28635508646149,33.446873279697364,0.6302692017849746,0.5618804105946293,False
BWA,1984,1987,Agriculture,0.26614253898103835,0.2138811257374704,13.68864929781706,13.926811584069732,0.06338511555281502,-0.7278348553603774,False
BWA,1984,1987,Manufacturing,0.173965360842965,0.2077013453325903,327.8023222446397,256.9806181682692,-12.32052330515948,8.669494148659053,False
BWA,1984,1987,Services,0.5598921001759967,0.5784175289299393,33.446873279697364,44.25596624223672,6.051925759793744,0.8198607495574445,False
BWA,1987,1990,Agriculture,0.2138811257374704,0.16274426881666548,13.926811584069732,24.062805050902508,2.1678976931538396,-1.2304962190012234,False
BWA,1987,1990,Manufacturing,0.2077013453325903,0.2950257972169145,256.9806181682692,168.40334891987519,-18.397617988778514,14.705730139912705,False
BWA,1987,1990,Services,0.5784175289299393,0.54222993396642,44.25596624223672,67.13653328973668,13.234521052130722,-2.429509673943814,False
BWA,1990,1993,Agriculture,0.16274426881666548,0.15879186459338515,24.062805050902508,23.162564597471302,-0.14650897435284496,-0.09154781813704907,False
BWA,1990,1993,Manufacturing,0.2950257972169145,0.26206768532595187,168.40334891987519,176.80300985692935,2.4781166643061803,-5.82709338152365,False
BWA,1990,1993,Services,0.54222993396642,0.5791404500806631,67.13653328973668,68.6002254251437,0.793657689928922,2.53206972599547,False
BWA,1993,1996,Agriculture,0.15879186459338515,0.1559186772974031,23.162564597471302,24.21405141863473,0.16696755292791227,-0.06957150492027729,False
BWA,1993,1996,Manufacturing,0.26206768532595187,0.24844696232401348,176.80300985692935,186.52041761278295,2.5466185579450054,-2.540542942509588,False
BWA,1993,1996,Services,0.5791404500806631,0.5956343603785834,68.6002254251437,81.2362995733344,7.318061669435794,1.3399042380975634,False
BWA,1996,1999,Agriculture,0.1559186772974031,0.20332031256366692,24.21405141863473,15.94467405490094,-1.2893503806264592,0.755803623989874,False
BWA,1996,1999,Manufacturing,0.24844696232401348,0.21056569352688173,186.52041761278295,218.9801918786542,8.0645323140789,-8.295247509802786,False
BWA,1996,1999,Services,0.5956343603785834,0.5861139939094513,81.2362995733344,90.06579919748886,5.259153361096179,-0.8574594146953599,False
BWA,1999,2002,Agriculture,0.20332031256366692,0.20817447496856661,15.94467405490094,11.244934451365983,-0.9555525251585714,0.054584738059382104,False
BWA,1999,2002,Manufacturing,0.21056569352688173,0.21492513411984573,218.9801918786542,245.97318777216967,5.6837989006863525,1.0723054995547534,False
BWA,1999,2002,Services,0.5861139939094513,0.5769003909115877,90.06579919748886,93.78439529678124,2.1795212114923657,-0.8640921856592445,False
BWA,2002,2005,Agriculture,0.20817447496856661,0.22782866507861846,11.244934451365983,10.727951536559107,-0.10762264685764063,0.2108491989909555,False
BWA,2002,2005,Manufacturing,0.21492513411984573,0.20213904068463537,245.97318777216967,248.31790750526815,0.503939203109641,-3.175015966998284,False
BWA,2002,2005,Services,0.5769003909115877,0.5700322942367462,93.78439529678124,92.79140925567494,-0.5728540352839779,-0.6373003693627636,False
BWA,2005,2008,Agriculture,0.22782866507861846,0.24570028699147534,10.727951536559107,11.387587871860099,0.15028406570897682,0.20351466494531817,False
BWA,2005,2008,Manufacturing,0.20213904068463537,0.1774615407288977,248.31790750526815,274.6681743488578,5.326417661547367,-6.778123860336486,False
BWA,2005,2008,Services,0.5700322942367462,0.576838172279627,92.79140925567494,106.93967711701814,8.064969588477487,0.7278184004034758,False
BWA,2008,2011,Agriculture,0.24570028699147534,0.24743766888027643,11.387587871860099,11.941632259004164,0.13612886492731294,0.02074717560951678,False
BWA,2008,2011,Manufacturing,0.1774615407288977,0.16953038927943487,274.6681743488578,225.2810978002737,-8.764306696407747,-1.7867385053552174,False
BWA,2008,2011,Services,0.576838172279627,0.5830319418402888,106.93967711701814,122.4423907567432,8.942557001313446,0.7583799528037818,False
BWA,2011,2014,Agriculture,0.24743766888027643,0.23854795773038767,11.941632259004164,9.72964821341795,-0.5473281758402162,-0.08649376220731682,False
BWA,2011,2014,Manufacturing,0.16953038927943487,0.1678317883861717,225.2810978002737,227.29691249593705,0.34174185007101354,-0.38608673860156156,False
BWA,2011,2014,Services,0.5830319418402888,0.5936202538834406,122.4423907567432,127.78991713444793,3.1177786880353597,1.3530795185880462,False
BWA,2014,2017,Agriculture,0.23854795773038767,0.23173857003797782,9.72964821341795,9.541860882775683,-0.044796284212353536,-0.06497423005785974,False
BWA,2014,2017,Manufacturing,0.1678317883861717,0.1668842528317803,227.29691249593705,183.81175013177432,-7.298192567840477,-0.17416816856476303,False
BWA,2014,2017,Services,0.5936202538834406,0.6013771771302419,127.78991713444793,132.57575650021136,2.8409711793498476,1.028379967558747,False
CMR,1966,1969,Agriculture,0.7939351281500786,0.7938686759398349,60.079885038802495,80.44414372690115,16.167900331216956,-0.005345691151814934,False
CMR,1966,1969,Manufacturing,0.06649945368907233,0.06649388630969964,2045.6101200566925,1954.0025304470719,-6.091854662812509,-0.010878673382183434,False
CMR,1966,1969,Services,0.13956541816084905,0.13963743775046547,2016.8323160880645,2445.558391155225,59.83533394320779,0.17612811171398612,False
CMR,1969,1972,Agriculture,0.7938686759398349,0.7938307063545398,80.44414372690115,98.79652194337869,14.569378195062098,-0.0037512629667899896,False
CMR,1969,1972,Manufacturing,0.06649388630969964,0.06649070721413047,1954.0025304470719,2329.79719706921,24.98804783816394,-0.007406647946266528,False
CMR,1969,1972,Services,0.13963743775046547,0.13967858643132974,2445.558391155225,2657.338377448904,29.572414652878035,0.10934596884202859,False
CMR,1972,1975,Agriculture,0.7938307063545398,0.7937634542956026,98.79652194337869,153.55634342745444,43.47002776855235,-0.010326980258365025,False
CMR,1972,1975,Manufacturing,0.06649070721413047,0.06648507397089672,2329.79719706921,3342.8058818746513,67.35566386676997,-0.018830838615835045,False
CMR,1972,1975,Services,0.13967858643132974,0.13975147173350067,2657.338377448904,3224.112400548383,79.16619437253307,0.23499040654698536,False
CMR,1975,1978,Agriculture,0.7937634542956026,0.7923846157105763,153.55634342745444,195.36771253536818,33.18833677192606,-0.2693805403120917,False
CMR,1975,1978,Manufacturing,0.06648507397089672,0.0669590865773551,3342.8058818746513,4121.208578140286,51.75216084036615,1.9535048198829086,False
CMR,1975,1978,Services,0.13975147173350067,0.14065629771206867,3224.112400548383,3944.8862759257536,100.72920987104634,3.5694355849540025,False
CMR,1978,1981,Agriculture,0.7923846157105763,0.7903071338147358,195.36771253536818,295.3785229420884,79.2470275710323,-0.6136435338322815,False
CMR,1978,1981,Manufacturing,0.0669590865773551,0.06767588948028669,4121.208578140286,6133.2757264696065,134.72617838443497,4.396349845213289,False
CMR,1978,1981,Services,0.14065629771206867,0.1420169767049775,3944.8862759257536,4741.989688894282,112.11761496180738,6.452325754268787,False
CMR,1981,1984,Agriculture,0.7903071338147358,0.7882082709149284,295.3785229420884,335.41007483012703,31.63722103479168,-0.7039797622825875,False
CMR,1981,1984,Manufacturing,0.06767588948028669,0.06839878660090662,6133.2757264696065,7875.277184674713,117.89149815998702,5.693015200885185,False
CMR,1981,1984,Services,0.1420169767049775,0.14339294248416498,4741.989688894282,6579.474160217642,260.9539893596875,9.053131289507702,False
CMR,1984,1987,Agriculture,0.7882082709149284,0.7820188256901699,335.41007483012703,291.8938609086603,-34.29983973180342,-1.806661063537431,False
CMR,1984,1987,Manufacturing,0.06839878660090662,0.07055714178612722,7875.277184674713,7624.513658850335,-17.151920890152574,16.456408590364934,False
CMR,1984,1987,Services,0.14339294248416498,0.14742403252370287,6579.474160217642,4834.988990529698,-250.14686160154216,19.49027596099961,False
CMR,1987,1990,Agriculture,0.7820188256901699,0.7649751610021525,291.8938609086603,276.77742062933856,-11.82134087585078,-4.717301550420806,False
CMR,1987,1990,Manufacturing,0.07055714178612722,0.07565586897453658,7624.513658850335,8004.558400561376,26.81487072597807,40.813059548152786,False
CMR,1987,1990,Services,0.14742403252370287,0.15936897002331102,4834.988990529698,4053.929488446133,-115.14694143811464,48.423934367307496,False
CMR,1990,1993,Agriculture,0.7649751610021525,0.7433619531367959,276.77742062933856,332.8064930707724,42.86084871168709,-7.19301591367896,False
CMR,1990,1993,Manufacturing,0.07565586897453658,0.08077981421933106,8004.558400561376,8776.993156344392,58.439222674897955,44.97283234704455,False
CMR,1990,1993,Services,0.15936897002331102,0.17585823264387307,4053.929488446133,3170.965582150251,-140.717048314134,52.286884244838916,False
CMR,1993,1996,Agriculture,0.7433619531367959,0.7165411404743669,332.8064930707724,471.93520566135163,103.42299152874092,-12.657685739848,False
CMR,1993,1996,Manufacturing,0.08077981421933106,0.08577155043335782,8776.993156344392,7337.492349846156,-116.28260771750472,36.626826282871406,False
CMR,1993,1996,Services,0.17585823264387307,0.1976873090922753,3170.965582150251,3428.6711456483768,45.31964493927379,74.8447245547893,False
CMR,1996,1999,Agriculture,0.7165411404743669,0.6839667708765701,471.93520566135163,570.0628916263366,70.31252401346089,-18.569439325825073,False
CMR,1996,1999,Manufacturing,0.08577155043335782,0.09042924830898161,7337.492349846156,8024.470485103407,58.923179774831404,37.375559131471896,False
CMR,1996,1999,Services,0.1976873090922753,0.22560398081444824,3428.6711456483768,3025.104708353021,-79.7799630288753,84.45085506829099,False
CMR,1999,2002,Agriculture,0.6839667708765701,0.6588752368581232,570.0628916263366,551.1620568513597,-12.927542927912564,-13.829501499163046,False
CMR,1999,2002,Manufacturing,0.09042924830898161,0.0932313505195601,8024.470485103407,7086.859878503928,-84.78742236131916,19.858105731615836,False
CMR,1999,2002,Services,0.22560398081444824,0.24789341262231668,3025.104708353021,2945.133964814777,-18.041718090919222,65.64536267377618,False
CMR,2002,2005,Agriculture,0.6588752368581232,0.6595434778900586,551.1620568513597,484.7414174526397,-43.76291451609961,0.3239241050203866,False
CMR,2002,2005,Manufacturing,0.0932313505195601,0.09300702009452767,7086.859878503928,5467.191594798482,-151.00386148355673,-1.2264574141948215,False
CMR,2002,2005,Services,0.24789341262231668,0.24744950201541374,2945.133964814777,2811.6553592650953,-33.08846704177866,-1.248123636933262,False
CMR,2005,2008,Agriculture,0.6595434778900586,0.6588752373996876,484.7414174526397,428.4747901447185,-37.11028706381011,-0.2863242038779453,False
CMR,2005,2008,Manufacturing,0.09300702009452767,0.09323134804353604,5467.191594798482,3971.348674881214,-139.12389251100228,0.8908845030332039,False
CMR,2005,2008,Services,0.24744950201541374,0.24789341455677635,2811.6553592650953,2368.523216100206,-109.65282815317491,1.0514171601353899,False
CMR,2008,2011,Agriculture,0.6588752373996876,0.6588752384266597,428.4747901447185,411.34032549450893,-11.289474464123382,4.224350683136039e-07,False
CMR,2008,2011,Manufacturing,0.09323134804353604,0.09323135012435325,3971.348674881214,3531.9208125529335,-40.96845197275494,7.349281621640223e-06,False
CMR,2008,2011,Services,0.24789341455677635,0.24789341144898702,2368.523216100206,2287.3147913750918,-20.131033695885485,-7.108492506270675e-06,False
CMR,2011,2014,Agriculture,0.6588752384266597,0.6588752373160564,411.34032549450893,420.88091089972477,6.286055483591494,-4.6743176518293407e-07,False
CMR,2011,2014,Manufacturing,0.09323135012435325,0.0932313493547604,3531.9208125529335,3924.7751390582685,36.626339262285875,-3.0204788761735784e-06,False
CMR,2011,2014,Services,0.24789341144898702,0.2478934133291833,2287.3147913750918,2475.2447315496006,46.586593983263036,4.653945927560052e-06,False
CMR,2014,2017,Agriculture,0.6588752373160564,0.6540091831094359,420.88091089972477,445.5182133147381,16.232908475519352,-2.167915776026209,False
CMR,2014,2017,Manufacturing,0.0932313493547604,0.0936198049346878,3924.7751390582685,4192.544488775444,24.964497789978992,1.6286173007586633,False
CMR,2014,2017,Services,0.2478934133291833,0.2523710119558763,2475.2447315496006,2583.497500624841,26.835148428397197,11.567864860862592,False
DZA,1999,2002,Agriculture,0.22020795731242815,0.21673876429947903,398.39579442177484,386.3257425630832,-2.657921464457557,-1.34023856682223,False
DZA,1999,2002,Manufacturing,0.2318455391745847,0.2308917213043187,3110.897599428116,3068.298410134458,-9.876432010188259,-2.926597854894984,False
DZA,1999,2002,Services,0.5479465035129872,0.5523695143962023,694.6192758239049,721.3888368916591,14.668287387653324,3.1907106766016633,False
DZA,2002,2005,Agriculture,0.21673876429947903,0.1865622173199556,386.3257425630832,472.3429892347534,18.643271752061274,-14.253680405091067,False
DZA,2002,2005,Manufacturing,0.2308917213043187,0.2491315800173516,3068.298410134458,2734.8918348496613,-76.98081806168467,49.88404066308515,False
DZA,2002,2005,Services,0.5523695143962023,0.5643062026626928,721.3888368916591,675.7673048582781,-25.199943495289492,8.066423658779733,False
DZA,2005,2008,Agriculture,0.1865622173199556,0.14398843089134025,472.3429892347534,587.1770834787375,21.423703246086415,-24.99835174780101,False
DZA,2005,2008,Manufacturing,0.2491315800173516,0.2748539804395187,2734.8918348496613,2302.7516650662274,-107.65976328711349,59.23230040164549,False
DZA,2005,2008,Services,0.5643062026626928,0.581157588669141,675.7673048582781,736.1447507433791,34.07136721389357,12.405059351397275,False
DZA,2008,2011,Agriculture,0.14398843089134025,0.1077000399747411,587.1770834787375,1028.6549566913086,63.56770623712417,-37.32823318671157,False
DZA,2008,2011,Manufacturing,0.2748539804395187,0.29683975871456136,2302.7516650662274,1965.879741880062,-92.59058898603332,43.22139612037315,False
DZA,2008,2011,Services,0.581157588669141,0.5954602013106975,736.1447507433791,830.9990750148494,55.12531036844847,11.88545787542916,False
DZA,2011,2014,Agriculture,0.1077000399747411,0.09146170352899835,1028.6549566913086,1408.882736953516,40.950547133746824,-22.877911895250083,False
DZA,2011,2014,Manufacturing,0.29683975871456136,0.2988868660626997,1965.879741880062,1956.9339631699215,-2.655462793831975,4.006053895826637,False
DZA,2011,2014,Services,0.5954602013106975,0.609651430408302,830.9990750148494,950.8389344074636,71.35986679897177,13.493573153098462,False
DZA,2014,2017,Agriculture,0.09146170352899835,0.09386400728512656,1408.882736953516,1470.3892746905851,5.625492719602957,3.532321677559827,False
DZA,2014,2017,Manufacturing,0.2988868660626997,0.29406021395816623,1956.9339631699215,2148.8675172075814,57.36641845859198,-10.371835924293606,False
DZA,2014,2017,Services,0.609651430408302,0.6120757787567073,950.8389344074636,1033.6705755512276,50.49842850636285,2.5059775526326855,False
EGY,1960,1963,Agriculture,0.6225084907155941,0.5728253936163654,5.081820153370259,6.289445473766723,0.7517570155499387,-0.3124791301734565,False
EGY,1960,1963,Manufacturing,0.10043264032153938,0.14695619329215776,38.266271720249875,34.63816734581827,-0.3643801016862933,1.6114906133183198,False
EGY,1960,1963,Services,0.2770588689628665,0.2802184130914768,9.792315362862745,10.95511373412332,0.3221636015733182,0.03461316527690743,False
EGY,1963,1966,Agriculture,0.5728253936163654,0.5933345368793439,6.289445473766723,5.8929687605072685,-0.2271119293325701,0.1208597405535003,False
EGY,1963,1966,Manufacturing,0.14695619329215776,0.14457601141112403,34.63816734581827,35.06813564673943,0.06318650473967072,-0.08346854106800215,False
EGY,1963,1966,Services,0.2802184130914768,0.262089451709532,10.95511373412332,12.877694293790796,0.5387424734705437,-0.23345922254062437,False
EGY,1966,1969,Agriculture,0.5933345368793439,0.5991789914708966,5.8929687605072685,6.323144583054279,0.25523817244762115,0.03695533139148313,False
EGY,1966,1969,Manufacturing,0.14457601141112403,0.14160881301195583,35.06813564673943,38.54069624438049,0.5020489605903741,-0.11435789219915375,False
EGY,1966,1969,Services,0.262089451709532,0.25921219551714775,12.877694293790796,14.683746582653644,0.47334725414680906,-0.04224890078234156,False
EGY,1969,1972,Agriculture,0.5991789914708966,0.5825024387621317,6.323144583054279,6.476406720332222,0.09183145284487228,-0.10800413803501946,False
EGY,1969,1972,Manufacturing,0.14160881301195583,0.14656282915769864,38.54069624438049,30.216760493542264,-1.1787426612639846,0.14969431935705194,False
EGY,1969,1972,Services,0.25921219551714775,0.2709347320801696,14.683746582653644,14.481185561673879,-0.05250628697435986,0.16975622722262626,False
EGY,1972,1975,Agriculture,0.5825024387621317,0.5359094818490683,6.476406720332222,7.409113143329056,0.5433037660447599,-0.3452124894511426,False
EGY,1972,1975,Manufacturing,0.14656282915769864,0.1639509645636723,30.216760493542264,40.32389661358309,1.4813304644351484,0.7011573744134659,False
EGY,1972,1975,Services,0.2709347320801696,0.3001395535872594,14.481185561673879,16.40808343818261,0.5220635599177412,0.4791951480855596,False
EGY,1975,1978,Agriculture,0.5359094818490683,0.5134598102899234,7.409113143329056,7.388666636466595,-0.010957476898284935,-0.16587313924868693,False
EGY,1975,1978,Manufacturing,0.1639509645636723,0.16655200043145638,40.32389661358309,71.04835684091569,5.037304889969366,0.18479932449034328,False
EGY,1975,1978,Services,0.3001395535872594,0.3199881892786204,16.40808343818261,19.070964353101136,0.7992358890596788,0.378532623727636,False
EGY,1978,1981,Agriculture,0.5134598102899234,0.4917113778299079,7.388666636466595,8.239487219927907,0.43686217537480754,-0.1791959313077626,False
EGY,1978,1981,Manufacturing,0.16655200043145638,0.18924792573355836,71.04835684091569,54.34044511411857,-2.782736121130248,1.2333066831930082,False
EGY,1978,1981,Services,0.3199881892786204,0.31904069643653377,19.070964353101136,22.84703201742274,1.2082970544998197,-0.021647399299431803,False
EGY,1981,1984,Agriculture,0.4917113778299079,0.4699226430737792,8.239487219927907,9.225726362892319,0.4849450078568182,-0.20101690465368513,False
EGY,1981,1984,Manufacturing,0.18924792573355836,0.19249501292539214,54.34044511411857,71.41481566849028,3.231289210620992,0.23189013326432517,False
EGY,1981,1984,Services,0.31904069643653377,0.3375823440008287,22.84703201742274,29.610197015393346,2.1577248710677304,0.5490218373687613,False
EGY,1984,1987,Agriculture,0.4699226430737792,0.44746087235164267,9.225726362892319,10.106613912134085,0.41394900539047463,-0.22701244447151092,False
EGY,1984,1987,Manufacturing,0.19249501292539214,0.18627623070753238,71.41481566849028,79.13172091167775,1.4854657745313982,-0.4921029388741832,False
EGY,1984,1987,Services,0.3375823440008287,0.3662628969408249,29.610197015393346,30.98355141261127,0.46362019655667175,0.8886253865584921,False
EGY,1987,1990,Agriculture,0.44746087235164267,0.41767324165420355,10.106613912134085,11.059832792514971,0.4265281517572874,-0.3294462147988627,False
EGY,1987,1990,Manufacturing,0.18627623070753238,0.19255497815609493,79.13172091167775,77.35662422279312,-0.3306583203468503,0.48570270696827417,False
EGY,1987,1990,Services,0.3662628969408249,0.3897717801897015,30.98355141261127,31.373050177019316,0.14265894580696276,0.7375453737726934,False
EGY,1990,1993,Agriculture,0.41767324165420355,0.42131042308235744,11.059832792514971,11.52655094396825,0.19493568325634839,0.04192415702407101,False
EGY,1990,1993,Manufacturing,0.19255497815609493,0.1858196607366326,77.35662422279312,78.04272582165217,0.1321122783811669,-0.5256425306888954,False
EGY,1990,1993,Services,0.3897717801897015,0.3928699161810099,31.373050177019316,32.399698119298726,0.40015839609033976,0.1003786708509273,False
EGY,1993,1996,Agriculture,0.42131042308235744,0.3902930899133119,11.52655094396825,14.902246026282699,1.422215523326934,-0.46222792996429535,False
EGY,1993,1996,Manufacturing,0.1858196607366326,0.19593703158236958,78.04272582165217,72.9383032657343,-0.9485020675970727,0.7379438629982616,False
EGY,1993,1996,Services,0.3928699161810099,0.41376987850431857,32.399698119298726,37.54090272525301,2.0198246226106824,0.784603452540783,False
EGY,1996,1999,Agriculture,0.3902930899133119,0.37042776101133934,14.902246026282699,15.585236231474891,0.2665663575649877,-0.30960584375318817,False
EGY,1996,1999,Manufacturing,0.19593703158236958,0.2041290743706739,72.9383032657343,55.79595652925078,-3.3588205339023025,0.45708286330199027,False
EGY,1996,1999,Services,0.41376987850431857,0.42544316461798665,37.54090272525301,40.7658129690341,1.3343707197566337,0.4758709984438159,False
EGY,1999,2002,Agriculture,0.37042776101133934,0.367184882236001,15.585236231474891,15.56393980913957,-0.007888786043224478,-0.05047197006770238,False
EGY,1999,2002,Manufacturing,0.2041290743706739,0.19228033541259543,55.79595652925078,68.70289685712667,2.6346817820868287,-0.8140426905238841,False
EGY,1999,2002,Services,0.42544316461798665,0.4405347823514037,40.7658129690341,41.22037976417449,0.19339233585478233,0.6220822142272011,False
EGY,2002,2005,Agriculture,0.367184882236001,0.3493004787134796,15.56393980913957,16.750123824166298,0.4355488378678157,-0.2995659735235895,False
EGY,2002,2005,Manufacturing,0.19228033541259543,0.1932460913622869,68.70289685712667,71.61039540299907,0.5590547956119786,0.06915816542020554,False
EGY,2002,2005,Services,0.4405347823514037,0.45745342992423343,41.22037976417449,39.931588231991135,-0.5677574971267256,0.6755884683204133,False
EGY,2005,2008,Agriculture,0.3493004787134796,0.3169210475888427,16.750123824166298,19.771193226832,1.0552609885777757,-0.6401799893400938,False
EGY,2005,2008,Manufacturing,0.1932460913622869,0.215831057234895,71.61039540299907,73.34675896136123,0.33554547083739905,1.6565340480087565,False
EGY,2005,2008,Services,0.45745342992423343,0.4672478951762623,39.931588231991135,46.668894248207906,3.0820037455675346,0.45709686306468245,False
EGY,2008,2011,Agriculture,0.3169210475888427,0.29239122446433496,19.771193226832,22.45445788911335,0.8503830477283274,-0.550803880376658,False
EGY,2008,2011,Manufacturing,0.215831057234895,0.21715543097626425,73.34675896136123,75.70788157807642,0.5096035906268618,0.10026553037669594,False
EGY,2008,2011,Services,0.4672478951762623,0.49045334455940076,46.668894248207906,47.95133142120194,0.5992160697772598,1.1127321941487982,False
EGY,2011,2014,Agriculture,0.29239122446433496,0.2755275393777525,22.45445788911335,24.509555016517297,0.6008923654747774,-0.4133214174108156,False
EGY,2011,2014,Manufacturing,0.21715543097626425,0.22621257911452095,75.70788157807642,70.38543651734493,-1.155797851010637,0.6374913253134556,False
EGY,2011,2014,Services,0.49045334455940076,0.49825988150772665,47.95133142120194,48.93125775382019,0.4806081472544477,0.38198367158325514,False
EGY,2014,2017,Agriculture,0.2755275393777525,0.2504001618706175,24.509555016517297,28.776655241348823,1.175703625226085,-0.7230818796420472,False
EGY,2014,2017,Manufacturing,0.22621257911452095,0.2509096167061576,70.38543651734493,64.1863556078189,-1.4023100806834738,1.5852128373164602,False
EGY,2014,2017,Services,0.49825988150772665,0.49869022142322494,48.93125775382019,54.06897712490582,2.559919445057078,0.02326803904701095,False
ETH,1963,1966,Agriculture,0.9473627805590408,0.930923627955615,6.686325055785059,6.645675208117206,-0.03851015271591904,-0.10924926889904203,False
ETH,1963,1966,Manufacturing,0.0067536316005892645,0.008393806753716532,50.48296637216691,51.297035310650834,0.005497921708003164,0.08413612274562159,False
ETH,1963,1966,Services,0.045883587840370034,0.060682565290668594,19.37447034996034,18.04027061731214,-0.06121787062956197,0.26697755806288603,False
ETH,1966,1969,Agriculture,0.930923627955615,0.9208873169015722,6.645675208117206,6.663247723802965,0.016358670054494043,-0.06687442678622917,False
ETH,1966,1969,Manufacturing,0.008393806753716532,0.009524776460454432,51.297035310650834,60.16669476498329,0.07445020743094147,0.06804670913374189,False
ETH,1966,1969,Services,0.060682565290668594,0.06958790663797346,18.04027061731214,20.713907527437968,0.16224314636225207,0.18446441716834278,False
ETH,1969,1972,Agriculture,0.9208873169015722,0.9037209405955597,6.663247723802965,6.710998501169945,0.04397308524944199,-0.11520352566016898,False
ETH,1969,1972,Manufacturing,0.009524776460454432,0.010045103743612624,60.16669476498329,58.44946994713803,-0.016356182522320715,0.03041285389963074,False
ETH,1969,1972,Services,0.06958790663797346,0.08623395566082769,20.713907527437968,18.511758496231025,-0.15324294118653245,0.3081476394274999,False
ETH,1972,1975,Agriculture,0.9037209405955597,0.887470151124612,6.710998501169945,6.114592864293553,-0.5389842631344264,-0.0993669613381937,False
ETH,1972,1975,Manufacturing,0.010045103743612624,0.008878707129634024,58.44946994713803,59.23140818375294,0.007854650707894314,-0.0690873139467138,False
ETH,1972,1975,Services,0.08623395566082769,0.10365114174575392,18.511758496231025,15.912938865733382,-0.22410649678682226,0.27715861738253333,False
ETH,1975,1978,Agriculture,0.887470151124612,0.8744311704782357,6.114592864293553,5.734788851340338,-0.3370647247733242,-0.07477580084368135,False
ETH,1975,1978,Manufacturing,0.008878707129634024,0.007468204999209562,59.23140818375294,57.5503260204983,-0.014925836188389592,-0.08117485745853516,False
ETH,1975,1978,Services,0.10365114174575392,0.11810062452255463,15.912938865733382,12.263661249001082,-0.3782517915215267,0.17720356199795936,False
ETH,1978,1981,Agriculture,0.8744311704782357,0.8508130570136078,5.734788851340338,5.797225178185215,0.054596270363327766,-0.13691952203837635,False
ETH,1978,1981,Manufacturing,0.007468204999209562,0.008368881113414202,57.5503260204983,58.92201827343223,0.010244078940738224,0.053069654459609684,False
ETH,1978,1981,Services,0.11810062452255463,0.14081806187297802,12.263661249001082,11.224592012108447,-0.12271472579919443,0.25499396581913647,False
ETH,1981,1984,Agriculture,0.8508130570136078,0.8444938684963876,5.797225178185215,4.6810144856708,-0.9496866315694659,-0.029580212986792018,False
ETH,1981,1984,Manufacturing,0.008368881113414202,0.008346320319746617,58.92201827343223,61.032189329274956,0.017659770695315505,-0.001376934630538717,False
ETH,1981,1984,Services,0.14081806187297802,0.14715981118386565,11.224592012108447,10.564596215835028,-0.09293932887553573,0.06699802077157783,False
ETH,1984,1987,Agriculture,0.8444938684963876,0.8552982901368156,4.6810144856708,4.670859764248363,-0.0085755999775365,0.05046593831624917,False
ETH,1984,1987,Manufacturing,0.008346320319746617,0.00930591320760053,61.032189329274956,54.03745404628526,-0.05838030122366549,0.05185395658054796,False
ETH,1984,1987,Services,0.14715981118386565,0.13539579665558388,10.564596215835028,11.940026140402752,0.20240800799602485,-0.14046264098376207,False
ETH,1987,1990,Agriculture,0.8552982901368156,0.8640956181019879,4.670859764248363,4.304533174954453,-0.3133185054547331,0.037868390077038704,False
ETH,1987,1990,Manufacturing,0.00930591320760053,0.009680499646863511,54.03745404628526,45.10147744198295,-0.08315742270478621,0.01689440184049208,False
ETH,1987,1990,Services,0.13539579665558388,0.12622388225114864,11.940026140402752,12.525256825147045,0.07923777478824634,-0.11488058349381697,False
ETH,1990,1993,Agriculture,0.8640956181019879,0.8485551828728933,4.304533174954453,4.3304832709018966,0.02242336419751224,-0.06729759478212839,False
ETH,1990,1993,Manufacturing,0.009680499646863511,0.011564786526013178,45.10147744198295,37.138670405429544,-0.07708395070539754,0.06997990935401494,False
ETH,1990,1993,Services,0.12622388225114864,0.1398800306010937,12.525256825147045,11.873930175832507,-0.08221297829011334,0.16215215197805785,False
ETH,1993,1996,Agriculture,0.8485551828728933,0.824872500666689,4.3304832709018966,4.160418729985803,-0.14430914761725014,-0.09852987462699382,False
ETH,1993,1996,Manufacturing,0.011564786526013178,0.013943634846006983,37.138670405429544,34.25895831494925,-0.033303255582783776,0.08149686543225482,False
ETH,1993,1996,Services,0.1398800306010937,0.16118386448730396,11.873930175832507,12.001123911095965,0.017791863580919824,0.2556699502498145,False
ETH,1996,1999,Agriculture,0.824872500666689,0.8219847313654172,4.160418729985803,3.71093164320318,-0.37076953729176754,-0.010716314478360559,False
ETH,1996,1999,Manufacturing,0.013943634846006983,0.016514382643496202,34.25895831494925,32.18673794416511,-0.02889428417067121,0.08274398567832512,False
ETH,1996,1999,Services,0.16118386448730396,0.16150088599108664,12.001123911095965,12.992305368862297,0.15976245777093692,0.00411884018564055,False
ETH,1999,2002,Agriculture,0.8219847313654172,0.8269930661029763,3.71093164320318,3.831430048981071,0.09904784970330063,0.019189084208839767,False
ETH,1999,2002,Manufacturing,0.016514382643496202,0.01993987916035211,32.18673794416511,29.996392149179066,-0.036172208579972415,0.10275253682525683,False
ETH,1999,2002,Services,0.16150088599108664,0.1530670547366716,12.992305368862297,15.317380771821002,0.3755017375739136,-0.12918420468916003,False
ETH,2002,2005,Agriculture,0.8269930661029763,0.821280351553044,3.831430048981071,4.266999385656739,0.36021282123785014,-0.024376149474993326,False
ETH,2002,2005,Manufacturing,0.01993987916035211,0.025438206346859532,29.996392149179066,28.563338278955044,-0.02857492100254191,0.15705057939658662,False
ETH,2002,2005,Services,0.1530670547366716,0.1532814421000964,15.317380771821002,17.90608076115955,0.39624468296490484,0.0038388374436565424,False
ETH,2005,2008,Agriculture,0.821280351553044,0.7903439142069694,4.266999385656739,5.241998186266708,0.8007473577287522,-0.16216874845767698,False
ETH,2005,2008,Manufacturing,0.025438206346859532,0.03352601005420328,28.563338278955044,26.06654610399416,-0.06351391455187917,0.21082110821753075,False
ETH,2005,2008,Services,0.1532814421000964,0.17613007573882725,17.90608076115955,21.44085242594295,0.5418148982725579,0.4898941819824641,False
ETH,2008,2011,Agriculture,0.7903439142069694,0.7595381644326162,5.241998186266708,6.085183042332633,0.666406019543183,-0.18745862613323602,False
ETH,2008,2011,Manufacturing,0.03352601005420328,0.04875257296795283,26.06654610399416,23.10660884203852,-0.09923488640413576,0.3518342332567011,False
ETH,2008,2011,Services,0.17613007573882725,0.19170926259943089,21.44085242594295,25.342901727930137,0.6872682390956413,0.39482180160933844,False
ETH,2011,2014,Agriculture,0.7595381644326162,0.7060917521743542,6.085183042332633,6.8840732284287816,0.6067875855306998,-0.36792901578266984,False
ETH,2011,2014,Manufacturing,0.04875257296795283,0.07934078714179155,23.10660884203852,23.02825868645504,-0.0038197716771340125,0.7043933087518486,False
ETH,2011,2014,Services,0.19170926259943089,0.21456746068385432,25.342901727930137,27.322320021392674,0.3794728214155268,0.6245390031750021,False
ETH,2014,2017,Agriculture,0.7060917521743542,0.6707496383363769,6.8840732284287816,7.621517526996861,0.5207033369069228,-0.2693605400572619,False
ETH,2014,2017,Manufacturing,0.07934078714179155,0.10859108040679166,23.02825868645504,27.88446715114624,0.3852954021132308,0.8156288417092898,False
ETH,2014,2017,Services,0.21456746068385432,0.22065928125683146,27.322320021392674,31.18313599459452,0.8284054795375836,0.18996206938181473,False
GHA,1960,1963,Agriculture,0.6805647784747937,0.6662820572208261,1.7540071741390628,1.8897545029858758,0.09238485078517623,-0.026990836804577284,False
GHA,1960,1963,Manufacturing,0.13754784981389104,0.13449969646524731,6.622641297711188,7.143752966926967,0.07167778961355806,-0.021775254528021964,False
GHA,1960,1963,Services,0.18188737171131528,0.19921824631392668,6.089669699455611,5.86448449100206,-0.04095834571388106,0.10163664532251605,False
GHA,1963,1966,Agriculture,0.6662820572208261,0.6879935404123422,1.8897545029858758,1.8249909768020798,-0.043150775458614433,0.03962326091750683,False
GHA,1963,1966,Manufacturing,0.13449969646524731,0.11157230607499963,7.143752966926967,7.684844741356152,0.07277667942056738,-0.17619343547351451,False
GHA,1963,1966,Services,0.19921824631392668,0.20043415351265825,5.86448449100206,5.520465415211587,-0.06853487697751601,0.0067123736387044615,False
GHA,1966,1969,Agriculture,0.6879935404123422,0.6527723317566473,1.8249909768020798,1.8274799757702074,0.0017124152121647726,-0.06436605354070672,False
GHA,1966,1969,Manufacturing,0.11157230607499963,0.13399879539305187,7.684844741356152,6.52696338945708,-0.12918749259261755,0.14637687473297728,False
GHA,1966,1969,Services,0.20043415351265825,0.21322887285030093,5.520465415211587,5.023888678448847,-0.09953093788711788,0.06427924562431356,False
GHA,1969,1972,Agriculture,0.6527723317566473,0.6473727796082359,1.8274799757702074,1.9518318947991773,0.0811734921429545,-0.01053901810090073,False
GHA,1969,1972,Manufacturing,0.13399879539305187,0.12704074734689827,6.52696338945708,6.347056916238305,-0.02410725069472822,-0.04416312697485765,False
GHA,1969,1972,Services,0.21322887285030093,0.22558647304486582,5.023888678448847,4.711162639425416,-0.06668222081190546,0.058218664349590346,False
GHA,1972,1975,Agriculture,0.6473727796082359,0.612536492129876,1.9518318947991773,1.5082265312730727,-0.2871780372350163,-0.052541013025918286,False
GHA,1972,1975,Manufacturing,0.12704074734689827,0.1581080114179806,6.347056916238305,4.775408263783153,-0.19966341937464807,0.14835886957817995,False
GHA,1972,1975,Services,0.22558647304486582,0.22935549645214345,4.711162639425416,4.302631102393505,-0.09215918856662668,0.01621671733780191,False
GHA,1975,1978,Agriculture,0.612536492129876,0.606297873785187,1.5082265312730727,1.4971625799948935,-0.006777073905031723,-0.009340225936538181,False
GHA,1975,1978,Manufacturing,0.1581080114179806,0.16411615805848304,4.775408263783153,3.805230732362094,-0.15339284021538904,0.022862384240977987,False
GHA,1975,1978,Services,0.22935549645214345,0.22958596815633006,4.302631102393505,4.320383642656513,0.004071642685308938,0.000995726180862991,False
GHA,1978,1981,Agriculture,0.606297873785187,0.6537642345688933,1.4971625799948935,1.3645820520536522,-0.08038329219609218,0.06477174400174904,False
GHA,1978,1981,Manufacturing,0.16411615805848304,0.13021376113100575,3.805230732362094,3.276324310508166,-0.08680208992712593,-0.1110752472379912,False
GHA,1978,1981,Services,0.22958596815633006,0.216022004300101,4.320383642656513,4.203090624714215,-0.026928831082260372,-0.05701056931807889,False
GHA,1981,1984,Agriculture,0.6537642345688933,0.6809708335272417,1.3645820520536522,1.108763031149543,-0.16724532638953862,0.030165671128328405,False
GHA,1981,1984,Manufacturing,0.13021376113100575,0.11251044451641465,3.276324310508166,2.6343683579193833,-0.08359149906702301,-0.04663705711970728,False
GHA,1981,1984,Services,0.216022004300101,0.20651872195634366,4.203090624714215,4.116358870358596,-0.018735967412364874,-0.039118920573247715,False
GHA,1984,1987,Agriculture,0.6809708335272417,0.6311622854404781,1.108763031149543,1.117812965672365,0.006162741455372976,-0.05567664085269983,False
GHA,1984,1987,Manufacturing,0.11251044451641465,0.1366596117245964,2.6343683579193833,2.5975440321513075,-0.004143121261183472,0.06272852516303655,False
GHA,1984,1987,Services,0.20651872195634366,0.23217810283492546,4.116358870358596,4.18194345523662,0.013544444649046972,0.10730607993060884,False
GHA,1987,1990,Agriculture,0.6311622854404781,0.6114089697030669,1.117812965672365,1.1708661908016906,0.033485194822613376,-0.023128489553165783,False
GHA,1987,1990,Manufacturing,0.1366596117245964,0.14068340374760852,2.5975440321513075,2.909313316548669,0.04260626935339871,0.011706471715571464,False
GHA,1987,1990,Services,0.23217810283492546,0.24790762654932452,4.18194345523662,4.621272484354464,0.10200258050089074,0.07269041513335342,False
GHA,1990,1993,Agriculture,0.6114089697030669,0.6309315875619207,1.1708661908016906,1.439294770733302,0.1641196414948438,0.028098801795272826,False
GHA,1990,1993,Manufacturing,0.14068340374760852,0.1345372911615053,2.909313316548669,3.161856231857444,0.035528596917982505,-0.019433124382067884,False
GHA,1990,1993,Services,0.24790762654932452,0.2345311212765739,4.621272484354464,5.074754982453309,0.11242176978534324,-0.06788248678070413,False
GHA,1993,1996,Agriculture,0.6309315875619207,0.6323141935804529,1.439294770733302,1.52555314766782,0.05442313469981,0.0021092389635563305,False
GHA,1993,1996,Manufacturing,0.1345372911615053,0.12933738438151415,3.161856231857444,3.4891790432323706,0.044037124377750966,-0.018143405763507068,False
GHA,1993,1996,Services,0.2345311212765739,0.2383484220380329,5.074754982453309,5.490418188022993,0.09748595767567289,0.020958577529868374,False
GHA,1996,1999,Agriculture,0.6323141935804529,0.6209058706088234,1.52555314766782,1.6617737399111583,0.08613421393339821,-0.018958051530679174,False
GHA,1996,1999,Manufacturing,0.12933738438151415,0.13268635177161903,3.4891790432323706,3.7157464081790588,0.029303630368416603,0.01244391355089098,False
GHA,1996,1999,Services,0.2383484220380329,0.2464077776195575,5.490418188022993,5.9325512403307314,0.10538171534840857,0.04781253995144032,False
GHA,1999,2002,Agriculture,0.6209058706088234,0.5985309065781379,1.6617737399111583,1.823023335615085,0.10012082060586734,-0.040790081561487834,False
GHA,1999,2002,Manufacturing,0.13268635177161903,0.13511297175736786,3.7157464081790588,3.917927311280216,0.026826646430383766,0.009507320716263768,False
GHA,1999,2002,Services,0.2464077776195575,0.26635612166449424,5.9325512403307314,6.090176758229492,0.0388401535615654,0.12148894126763936,False
GHA,2002,2005,Agriculture,0.5985309065781379,0.5629285475295025,1.823023335615085,2.1231921746073423,0.17966032732854295,-0.07559065012962358,False
GHA,2002,2005,Manufacturing,0.13511297175736786,0.13917767474640347,3.917927311280216,4.1631824242243205,0.03313714714856686,0.0169221000436451,False
GHA,2002,2005,Services,0.26635612166449424,0.297893777724094,6.090176758229492,5.977971805240237,-0.02988647610976481,0.18853121872765116,False
GHA,2005,2008,Agriculture,0.5629285475295025,0.5252865560124375,2.1231921746073423,2.3257900057141887,0.11404810279760448,-0.08754736766556814,False
GHA,2005,2008,Manufacturing,0.13917767474640347,0.1389801579577651,4.1631824242243205,5.284903642368389,0.1561185508549946,-0.001043857195703764,False
GHA,2005,2008,Services,0.297893777724094,0.3357332860297976,5.977971805240237,6.203539639442031,0.06719525426341443,0.23473888971142823,False
GHA,2008,2011,Agriculture,0.5252865560124375,0.48441540963490115,2.3257900057141887,2.719505231148012,0.20681331481779353,-0.1111492963767261,False
GHA,2008,2011,Manufacturing,0.1389801579577651,0.1352713325538113,5.284903642368389,8.145343276322118,0.39754435215554107,-0.030209656067147858,False
GHA,2008,2011,Services,0.3357332860297976,0.3803132578112876,6.203539639442031,6.554877738085425,0.11795589436500785,0.29221626459496547,False
GHA,2011,2014,Agriculture,0.48441540963490115,0.40440237172135535,2.719505231148012,3.3668018510792734,0.3135604572992889,-0.2693880441578021,False
GHA,2011,2014,Manufacturing,0.1352713325538113,0.15770862202084238,8.145343276322118,7.968502901942375,-0.02392143309166266,0.17879160622975823,False
GHA,2011,2014,Services,0.3803132578112876,0.4378890062578023,6.554877738085425,7.602808703425754,0.3985420393899079,0.4377374013954137,False
GHA,2014,2017,Agriculture,0.40440237172135535,0.3426895008118155,3.3668018510792734,4.141877227651165,0.3134423205484954,-0.2556071346731992,False
GHA,2014,2017,Manufacturing,0.15770862202084238,0.18132335674159153,7.968502901942375,7.928022543574763,-0.0063841015370659105,0.187218149226637,False
GHA,2014,2017,Services,0.4378890062578023,0.475987142446593,7.602808703425754,7.18011211070552,-0.18509419093482224,0.2735488890444444,False
KEN,1969,1972,Agriculture,0.8694710187096236,0.8711891087369139,69.87832381769485,72.69582924698298,2.4497393158230483,0.124897979254839,False
KEN,1969,1972,Manufacturing,0.014240164382760752,0.015613719901603245,1827.8168822035193,1978.8708033548785,2.151032667855936,2.718088913024372,False
KEN,1969,1972,Services,0.11628881690761562,0.11319717136148294,610.8425797892542,704.8144599408598,10.92787876541447,-2.1790364859260727,False
KEN,1972,1975,Agriculture,0.8711891087369139,0.861878563463105,72.69582924698298,68.19217757590772,-3.923532285385569,-0.6349063566401065,False
KEN,1972,1975,Manufacturing,0.015613719901603245,0.01476074609775677,1978.8708033548785,2137.9471919646758,2.4837741747119635,-1.8236129487530002,False
KEN,1972,1975,Services,0.11319717136148294,0.12336069043913826,704.8144599408598,646.927811195378,-6.552604897584276,6.575063150950025,False
KEN,1975,1978,Agriculture,0.861878563463105,0.8606309361967245,68.19217757590772,66.81494322086832,-1.1870087674733987,-0.0833601449640204,False
KEN,1975,1978,Manufacturing,0.01476074609775677,0.015685823743428362,2137.9471919646758,2561.6819799454697,6.254641618171297,2.3697547349672985,False
KEN,1975,1978,Services,0.12336069043913826,0.12368324005984717,646.927811195378,676.028223843749,3.5898469963668704,0.2180526471893168,False
KEN,1978,1981,Agriculture,0.8606309361967245,0.847507913999096,66.81494322086832,62.816732400810324,-3.4409839211783826,-0.8243453736783238,False
KEN,1978,1981,Manufacturing,0.015685823743428362,0.016480106836631824,2561.6819799454697,2052.3812548879973,-7.98880140565178,1.6301717315652418,False
KEN,1978,1981,Services,0.12368324005984717,0.1360119791642722,676.028223843749,665.7564182135826,-1.2704502016039532,8.20793718725175,False
KEN,1981,1984,Agriculture,0.847507913999096,0.8339392734222294,62.816732400810324,61.30810231468735,-1.278575937286355,-0.8318676047577545,False
KEN,1981,1984,Manufacturing,0.016480106836631824,0.016379281751308906,2052.3812548879973,2058.4039058095877,0.0992539306275491,-0.20753874943227874,False
KEN,1981,1984,Services,0.1360119791642722,0.14968144482646167,665.7564182135826,616.7612822690057,-6.663925409244474,8.430797169744116,False
KEN,1984,1987,Agriculture,0.8339392734222294,0.817523489201774,61.30810231468735,64.58111611275515,2.7294947486615935,-1.0601496668231654,False
KEN,1984,1987,Manufacturing,0.016379281751308906,0.01939909211171752,2058.4039058095877,1843.1081241835461,-3.5263902671212106,5.565837008762759,False
KEN,1984,1987,Services,0.14968144482646167,0.16307741868650846,616.7612822690057,597.2990313271522,-2.9131378405518022,8.001402210289799,False
KEN,1987,1990,Agriculture,0.817523489201774,0.7983510822211832,64.58111611275515,68.21262049547232,2.9688401340104735,-1.3078001213517811,False
KEN,1987,1990,Manufacturing,0.01939909211171752,0.02335155404716267,1843.1081241835461,1634.025479477181,-4.0560134836202835,6.458423509181067,False
KEN,1987,1990,Services,0.16307741868650846,0.17829736373165406,597.2990313271522,582.3355860392757,-2.4402000322037045,8.863115617350429,False
KEN,1990,1993,Agriculture,0.7983510822211832,0.7752763805241721,68.21262049547232,59.22175182857315,-7.177869730327483,-1.3665242574187464,False
KEN,1990,1993,Manufacturing,0.02335155404716267,0.02812544887659856,1634.025479477181,1267.273456449832,-8.564229687629387,6.0498302012272,False
KEN,1990,1993,Services,0.17829736373165406,0.19659817059922932,582.3355860392757,524.3556622362265,-10.337667563445839,9.59613170450471,False
KEN,1993,1996,Agriculture,0.7752763805241721,0.7232769352718629,59.22175182857315,63.29963267419221,3.1614847022003976,-3.2915457837329445,False
KEN,1993,1996,Manufacturing,0.02812544887659856,0.03682528401728144,1267.273456449832,933.0906541386662,-9.399041321841139,8.117734862318345,False
KEN,1993,1996,Services,0.19659817059922932,0.2398977807108557,524.3556622362265,426.57098854442864,-19.22428796045005,18.470357488904806,False
KEN,1996,1999,Agriculture,0.7232769352718629,0.6863814908057481,63.29963267419221,67.91042888157145,3.334882550036384,-2.5055854574700587,False
KEN,1996,1999,Manufacturing,0.03682528401728144,0.04644177541052336,933.0906541386662,679.8482934641182,-9.325721857047053,6.537755262807902,False
KEN,1996,1999,Services,0.2398977807108557,0.2671767337837286,426.57098854442864,374.99343579735006,-12.373340438521252,10.229428337751278,False
KEN,1999,2002,Agriculture,0.6863814908057481,0.6723241474849562,67.91042888157145,67.59758366620501,-0.2147311653146603,-0.9502424412517981,False
KEN,1999,2002,Manufacturing,0.04644177541052336,0.04995898059725597,679.8482934641182,599.7871659184946,-3.7181809045871197,2.1095745309041782,False
KEN,1999,2002,Services,0.2671767337837286,0.2777168719177879,374.99343579735006,350.51834482267634,-6.539174865672939,3.6945117729528367,False
KEN,2002,2005,Agriculture,0.6723241474849562,0.6534572306196131,67.59758366620501,72.28863966810427,3.153910227281104,-1.3638637549268615,False
KEN,2002,2005,Manufacturing,0.04995898059725597,0.056165452636652395,599.7871659184946,571.4772567150892,-1.414334204603007,3.5468576149531756,False
KEN,2002,2005,Services,0.2777168719177879,0.2903773167437344,350.51834482267634,348.990511344577,-0.42430513434902645,4.418375113656882,False
KEN,2005,2008,Agriculture,0.6534572306196131,0.6362764545518155,72.28863966810427,73.43090393942713,0.7464208473743654,-1.261599917039259,False
KEN,2005,2008,Manufacturing,0.056165452636652395,0.05810202528435999,571.4772567150892,569.43133968125,-0.11490985626261291,1.1027451571742004,False
KEN,2005,2008,Services,0.2903773167437344,0.3056215201638246,348.990511344577,359.46149533087254,3.0405362336071136,5.479704156513623,False
KEN,2008,2011,Agriculture,0.6362764545518155,0.6095456740070776,73.43090393942713,93.89703435246038,13.022116897599883,-2.5099410190773317,False
KEN,2008,2011,Manufacturing,0.05810202528435999,0.063167197251304,569.43133968125,632.082971238836,3.640186680865263,3.2016089467016298,False
KEN,2008,2011,Services,0.3056215201638246,0.3272871287416184,359.46149533087254,366.33960265077525,2.1020976149585957,7.936970437576214,False
KEN,2011,2014,Agriculture,0.6095456740070776,0.5837441278534975,93.89703435246038,97.38226616466028,2.124407974038296,-2.5126130349877043,False
KEN,2011,2014,Manufacturing,0.063167197251304,0.06974090418607895,632.082971238836,580.5605250126034,-3.2545285236421346,3.816434749331937,False
KEN,2011,2014,Services,0.3272871287416184,0.3465149679604235,366.33960265077525,357.0061423455644,-3.054721424516328,6.864456705146362,False
KEN,2014,2017,Agriculture,0.5837441278534975,0.5783432454300461,97.38226616466028,99.70658679580467,1.3568085196792719,-0.538503552127791,False
KEN,2014,2017,Manufacturing,0.06974090418607895,0.07220282808468162,580.5605250126034,593.7682635476126,0.9211196276848583,1.4618122782596756,False
KEN,2014,2017,Services,0.3465149679604235,0.34945392648527235,357.0061423455644,384.3068117029875,9.460090567685578,1.1294617804119664,False
LSO,1972,1975,Agriculture,0.729808455844434,0.7434798880340051,2.8256086982978106,2.7628835364988906,-0.04577735347506205,0.03777257491692703,False
LSO,1972,1975,Manufacturing,0.05891652647219828,0.05663215432007434,18.9474814891495,21.162844517323947,0.1305214944949692,-0.04834381267510359,False
LSO,1972,1975,Services,0.21127501768336784,0.1998879576459205,48.94856468947802,41.754519488279534,-1.5199220270981575,-0.4754612202478047,False
LSO,1975,1978,Agriculture,0.7434798880340051,0.7359355699019289,2.7628835364988906,2.759274413731307,-0.0026833101911440545,-0.020816843990887117,False
LSO,1975,1978,Manufacturing,0.05663215432007434,0.05639110542671844,21.162844517323947,22.47820418137168,0.07449165148075236,-0.005418346242547537,False
LSO,1975,1978,Services,0.1998879576459205,0.20767332467135277,41.754519488279534,39.95610756268154,-0.3594808868138506,0.3110729622831263,False
LSO,1978,1981,Agriculture,0.7359355699019289,0.7146569463829134,2.759274413731307,2.812543365777223,0.03920251658198969,-0.05984705141127806,False
LSO,1978,1981,Manufacturing,0.05639110542671844,0.057864480284229684,22.47820418137168,23.236168079778498,0.04274242210470536,0.03423558583365092,False
LSO,1978,1981,Services,0.20767332467135277,0.22747857333285684,39.95610756268154,37.56099013490537,-0.49740199920457606,0.7439047495941021,False
LSO,1981,1984,Agriculture,0.7146569463829134,0.6842518403680924,2.812543365777223,2.791403785641076,-0.01510754778791565,-0.08487292803258972,False
LSO,1981,1984,Manufacturing,0.057864480284229684,0.06110502011979759,23.236168079778498,17.770146398693424,-0.31628850379831924,0.057584867288839624,False
LSO,1981,1984,Services,0.22747857333285684,0.25464313951211,37.56099013490537,34.244304373588484,-0.7544749451777647,0.9302316724188322,False
LSO,1984,1987,Agriculture,0.6842518403680924,0.6633794790035784,2.791403785641076,2.977121318291205,0.1270775635044719,-0.062139551981372276,False
LSO,1984,1987,Manufacturing,0.06110502011979759,0.06355485690050139,17.770146398693424,18.789438630935113,0.06228387235908181,0.04603105784684164,False
LSO,1984,1987,Services,0.25464313951211,0.2730656640959201,34.244304373588484,33.36239872378403,-0.224571223419673,0.6146196106637862,False
LSO,1987,1990,Agriculture,0.6633794790035784,0.6662079390278197,2.977121318291205,3.2335527157204047,0.17011132682674215,0.009145974592692084,False
LSO,1987,1990,Manufacturing,0.06355485690050139,0.06394914238378015,18.789438630935113,40.0905881311676,1.3537915083034624,0.015807136916227076,False
LSO,1987,1990,Services,0.2730656640959201,0.2698429185884003,33.36239872378403,42.599727067505235,2.5223971986502955,-0.13728807902837106,False
LSO,1990,1993,Agriculture,0.6662079390278197,0.6660014540878723,3.2335527157204047,3.2622337212841535,0.019107513605870485,-0.0006736021340339373,False
LSO,1990,1993,Manufacturing,0.06394914238378015,0.06521684615953034,40.0905881311676,64.43266197941183,1.5566547464378615,0.08168152887293642,False
LSO,1990,1993,Services,0.2698429185884003,0.26878169975259736,42.599727067505235,53.697322183487955,2.994607455409154,-0.0569846097332974,False
LSO,1993,1996,Agriculture,0.6660014540878723,0.6639307576601386,3.2622337212841535,3.328143858187628,0.043896247016844726,-0.006891575598132673,False
LSO,1993,1996,Manufacturing,0.06521684615953034,0.06716924719677186,64.43266197941183,80.6602432191285,1.0583116692518828,0.15748114252517992,False
LSO,1993,1996,Services,0.26878169975259736,0.2688999951430895,53.697322183487955,67.40490921481313,3.6843485417862407,0.007973690056652832,False
LSO,1996,1999,Agriculture,0.6639307576601386,0.6889026282758381,3.328143858187628,3.524357777702051,0.13027245624667633,0.08800980642820982,False
LSO,1996,1999,Manufacturing,0.06716924719677186,0.06960865925006296,80.6602432191285,64.2614362757777,-1.1014955173100691,0.1567601222129298,False
LSO,1996,1999,Services,0.2688999951430895,0.24148871247409884,67.40490921481313,68.82066834465373,0.3806976231379205,-1.88646279346416,False
LSO,1999,2002,Agriculture,0.6889026282758381,0.706776471311732,3.524357777702051,2.2738191160807735,-0.861499370751447,0.04064188597284275,False
LSO,1999,2002,Manufacturing,0.06960865925006296,0.0730674641528594,64.2614362757777,78.14411890562478,0.9663549246577935,0.27028526159548333,False
LSO,1999,2002,Services,0.24148871247409884,0.22015606453540856,68.82066834465373,71.77236963617403,0.7128025444973739,-1.5310946931740443,False
LSO,2002,2005,Agriculture,0.706776471311732,0.718650029569654,2.2738191160807735,2.025399484502324,-0.1755771506115769,0.024048698774803357,False
LSO,2002,2005,Manufacturing,0.0730674641528594,0.07761522598333999,78.14411890562478,72.04694451394629,-0.4455050712977006,0.32765234426327744,False
LSO,2002,2005,Services,0.22015606453540856,0.20373474444700612,71.77236963617403,73.23234843840652,0.32142318740462333,-1.202571834532492,False
LSO,2005,2008,Agriculture,0.718650029569654,0.7099749678383453,2.025399484502324,2.0427407863286504,0.012462327070265622,-0.01772090242246293,False
LSO,2005,2008,Manufacturing,0.07761522598333999,0.08375719921788574,72.04694451394629,83.27393753080365,0.8713856001167642,0.511466295449431,False
LSO,2005,2008,Services,0.20373474444700612,0.2062678329437689,73.23234843840652,75.58909420468733,0.48015099641978437,0.1914738650106121,False
LSO,2008,2011,Agriculture,0.7099749678383453,0.6903713897525529,2.0427407863286504,2.1154978338276917,0.05165568245814483,-0.04147132697576603,False
LSO,2008,2011,Manufacturing,0.08375719921788574,0.08842511457397555,83.27393753080365,80.03134279172454,-0.2715906535439172,0.3735795339859781,False
LSO,2008,2011,Services,0.2062678329437689,0.22120349567347167,75.58909420468733,82.08614776147137,1.3401331576774498,1.2260110177458814,False
LSO,2011,2014,Agriculture,0.6903713897525529,0.6809953833463038,2.1154978338276917,2.496586127410435,0.26309245485914723,-0.023408007524352684,False
LSO,2011,2014,Manufacturing,0.08842511457397555,0.09048427733878087,80.03134279172454,67.88135415998815,-1.0743641368337908,0.13977875691081026,False
LSO,2011,2014,Services,0.22120349567347167,0.22852033931491536,82.08614776147137,90.98170237255442,1.9677277759258418,0.6656988904923474,False
LSO,2014,2017,Agriculture,0.6809953833463038,0.6714688209900556,2.496586127410435,2.784608384787223,0.1961418275745736,-0.026527745415407256,False
LSO,2014,2017,Manufacturing,0.09048427733878087,0.09314298567272335,67.88135415998815,65.75623323712904,-0.19229003096242972,0.1748266453162205,False
LSO,2014,2017,Services,0.22852033931491536,0.23538819333722102,90.98170237255442,84.29687316548991,-1.5276194386606385,0.5789386194374003,False
MAR,1972,1975,Agriculture,0.6230155430480361,0.6115480587501972,23.216773446603682,19.89808944293097,-2.0675917167529847,-0.22818102824380362,False
MAR,1972,1975,Manufacturing,0.14058378377114344,0.14736775894419643,136.65299523797657,158.49483312715975,3.0706082149772964,1.0752250129918277,False
MAR,1972,1975,Services,0.23640067318082053,0.24108418230560635,101.16065865916288,121.92557126133741,4.908839317694963,0.5710395255471978,False
MAR,1975,1978,Agriculture,0.6115480587501972,0.588836439324374,19.89808944293097,23.374580484811684,2.126041347924601,-0.5308745762093176,False
MAR,1975,1978,Manufacturing,0.14736775894419643,0.15962835661889208,158.49483312715975,161.85850314004304,0.49569651162640677,1.9844819872285293,False
MAR,1975,1978,Services,0.24108418230560635,0.25153520405673385,121.92557126133741,137.68859241026888,3.8002150643561237,1.4389864741618488,False
MAR,1978,1981,Agriculture,0.588836439324374,0.5570754531086166,23.374580484811684,17.197464935731887,-3.6373107252153734,-0.5462084467697518,False
MAR,1978,1981,Manufacturing,0.15962835661889208,0.17790766510471773,161.85850314004304,140.14546998692515,-3.4660157994437295,2.561762278782025,False
MAR,1978,1981,Services,0.25153520405673385,0.26501688178666566,137.68859241026888,137.45077134937165,-0.05982036908177429,1.8530670030627727,False
MAR,1981,1984,Agriculture,0.5570754531086166,0.5248300762827051,17.197464935731887,20.914503901446118,2.0706711660476387,-0.6743960594291274,False
MAR,1981,1984,Manufacturing,0.17790766510471773,0.19888875810348317,140.14546998692515,119.18816148278619,-3.7284658228506076,2.50069790042221,False
MAR,1981,1984,Services,0.26501688178666566,0.2762811656138117,137.45077134937165,141.62348924846276,1.105840686192533,1.595287179485453,False
MAR,1984,1987,Agriculture,0.5248300762827051,0.44938396369284184,20.914503901446118,25.147479204808565,2.22159275136652,-1.897279547437231,False
MAR,1984,1987,Manufacturing,0.19888875810348317,0.2512138650485963,119.18816148278619,83.44970206119342,-7.107977810892312,4.366514584889772,False
MAR,1984,1987,Services,0.2762811656138117,0.2994021712585619,141.62348924846276,128.29897525085138,-3.6813122584976212,2.966401330990597,False
MAR,1987,1990,Agriculture,0.44938396369284184,0.43566723872903257,25.147479204808565,31.89538302419803,3.0323997649753034,-0.43750019655827543,False
MAR,1987,1990,Manufacturing,0.2512138650485963,0.23244299656814432,83.44970206119342,97.9636477997751,3.646104406094708,-1.8388627487148947,False
MAR,1987,1990,Services,0.2994021712585619,0.3318897647028231,128.29897525085138,129.4055598931513,0.3313138445859713,4.204075219235695,False
MAR,1990,1993,Agriculture,0.43566723872903257,0.41488324065654764,31.89538302419803,22.76284657473024,-3.978746937531875,-0.4731029593334636,False
MAR,1990,1993,Manufacturing,0.23244299656814432,0.23700776410273514,97.9636477997751,89.24120247132612,-2.0274713295464935,0.40736534378895495,False
MAR,1990,1993,Services,0.3318897647028231,0.3481089952407172,129.4055598931513,129.04907456637653,-0.11831383122328391,2.093076691093946,False
MAR,1993,1996,Agriculture,0.41488324065654764,0.4055690293607448,22.76284657473024,34.304780006444666,4.788554745591829,-0.31952196943605843,False
MAR,1993,1996,Manufacturing,0.23700776410273514,0.2312956378897523,89.24120247132612,91.76544335259359,0.5982646873259218,-0.5241757944203416,False
MAR,1993,1996,Services,0.3481089952407172,0.36313533274950294,129.04907456637653,120.86673712678507,-2.848345264816687,1.816184385652756,False
MAR,1996,1999,Agriculture,0.4055690293607448,0.39324880997971035,34.304780006444666,26.126409542959586,-3.3168937706282287,-0.321883097208014,False
MAR,1996,1999,Manufacturing,0.2312956378897523,0.2348667538949839,91.76544335259359,91.53465372075371,-0.053380635114746874,0.3268808669355163,False
MAR,1996,1999,Services,0.36313533274950294,0.37188443612530575,120.86673712678507,120.41124190505711,-0.16540640890799055,1.0534904030361443,False
MAR,1999,2002,Agriculture,0.39324880997971035,0.38447343647484183,26.126409542959586,27.07323003963407,0.37233603358163897,-0.23757770558101507,False
MAR,1999,2002,Manufacturing,0.2348667538949839,0.23575725112555132,91.53465372075371,92.99084392945066,0.3420106673703124,0.08280808898730266,False
MAR,1999,2002,Services,0.37188443612530575,0.3797693123996069,120.41124190505711,122.95439711321642,0.9457598405654578,0.9694802086189985,False
MAR,2002,2005,Agriculture,0.38447343647484183,0.3902625730342278,27.07323003963407,28.470057256334933,0.5370429601665696,0.16481704931045993,False
MAR,2002,2005,Manufacturing,0.23575725112555132,0.23205402651403204,92.99084392945066,102.23144289010946,2.1785382097185453,-0.37858599538178156,False
MAR,2002,2005,Services,0.3797693123996069,0.37768340045174015,122.95439711321642,138.73687763925633,5.9937017773343655,-0.2893929106774487,False
MAR,2005,2008,Agriculture,0.3902625730342278,0.381183380792603,28.470057256334933,30.68103939180436,0.8628635771210109,-0.2785590548110547,False
MAR,2005,2008,Manufacturing,0.23205402651403204,0.23410195134700656,102.23144289010946,106.54871770851709,1.001841005179126,0.21820376491686513,False
MAR,2005,2008,Services,0.37768340045174015,0.38471466786039044,138.73687763925633,148.2309291458849,3.585745657087438,1.0422513010574104,False
MAR,2008,2011,Agriculture,0.381183380792603,0.364970893077389,30.68103939180436,38.91320571554068,3.1379649905288227,-0.6308798696227983,False
MAR,2008,2011,Manufacturing,0.23410195134700656,0.23341143086393584,106.54871770851709,104.88484318593312,-0.38951627253347565,-0.0724251325835475,False
MAR,2008,2011,Services,0.38471466786039044,0.40161767605867515,148.2309291458849,146.00694969294733,-0.8555975165652047,2.4679566676664333,False
MAR,2011,2014,Agriculture,0.364970893077389,0.3614650234335648,38.91320571554068,40.83857296214261,0.7027030034942597,-0.14317471324507594,False
MAR,2011,2014,Manufacturing,0.23341143086393584,0.2344284617065114,104.88484318593312,107.19307145384643,0.5387668627742292,0.1090186597789684,False
MAR,2011,2014,Services,0.40161767605867515,0.4041065148599238,146.00694969294733,158.8935620738981,5.175491316706397,0.39546046255813194,False
MAR,2014,2017,Agriculture,0.3614650234335648,0.35721744291167457,40.83857296214261,45.736241763235626,1.7703359679569273,-0.19426836965798194,False
MAR,2014,2017,Manufacturing,0.2344284617065114,0.23465866972028404,107.19307145384643,114.11174611349115,1.6219342575083335,0.026269438420913595,False
MAR,2014,2017,Services,0.4041065148599238,0.4081238873680414,158.8935620738981,170.3297541221272,4.621439711878642,0.6842780715246587,False
MOZ,1972,1975,Agriculture,0.8461928101177859,0.8612952676389158,12.742942602143728,10.430849344881404,-1.956476690617191,0.15753145914037736,False
MOZ,1972,1975,Manufacturing,0.031163002732425508,0.024588498021888387,41.877425133056576,43.75717449263224,0.05857863442873146,-0.2876817498216054,False
MOZ,1972,1975,Services,0.1226441871497885,0.11411623433919572,89.05442585379319,73.42045418627623,-1.9174157470854412,-0.6261261686328528,False
MOZ,1975,1978,Agriculture,0.8612952676389158,0.8742112778639091,10.430849344881404,8.17102055611893,-1.946379841435301,0.10553698505146193,False
MOZ,1975,1978,Manufacturing,0.024588498021888387,0.019655685940123128,43.75717449263224,49.852052161517214,0.14986388750502994,-0.24591080520312403,False
MOZ,1975,1978,Services,0.11411623433919572,0.10613303619596776,73.42045418627623,61.53406528067056,-1.356429941798913,-0.4912386356939178,False
MOZ,1978,1981,Agriculture,0.8742112778639091,0.8801583305814553,8.17102055611893,4.137395424531587,-3.52624058070895,0.02460530870302401,False
MOZ,1978,1981,Manufacturing,0.019655685940123128,0.017002138425182202,49.852052161517214,57.62566830079575,0.15279575745273138,-0.15291244891638664,False
MOZ,1978,1981,Services,0.10613303619596776,0.10283953099336256,61.53406528067056,53.76841780965817,-0.8241917441260838,-0.1770865637919592,False
MOZ,1981,1984,Agriculture,0.8801583305814553,0.8742868294557578,4.137395424531587,3.1028291421120167,-0.9105821320102718,-0.018218264800757916,False
MOZ,1981,1984,Manufacturing,0.017002138425182202,0.016909011993556034,57.62566830079575,63.80732176490037,0.10510132789321383,-0.0059421481875878805,False
MOZ,1981,1984,Services,0.10283953099336256,0.10880415855068634,53.76841780965817,40.59908553599579,-1.3543279545191917,0.24215842439014595,False
MOZ,1984,1987,Agriculture,0.8742868294557578,0.8668231535972734,3.1028291421120167,3.471171347277034,0.32203673870846505,-0.025907697785334357,False
MOZ,1984,1987,Manufacturing,0.016909011993556034,0.017006540244972,63.80732176490037,71.85765824628552,0.1361232361159032,0.007008151759606398,False
MOZ,1984,1987,Services,0.10880415855068634,0.11617030615775466,40.59908553599579,45.02364909832799,0.4814109153535818,0.3316508450671322,False
MOZ,1987,1990,Agriculture,0.8668231535972734,0.8576453261440602,3.471171347277034,4.60883388806307,0.9861522313336385,-0.04229908218516439,False
MOZ,1987,1990,Manufacturing,0.017006540244972,0.017285670902794297,71.85765824628552,81.28026620427651,0.16024596145016723,0.022687814173571005,False
MOZ,1987,1990,Services,0.11617030615775466,0.1250690029531454,45.02364909832799,43.489965405973976,-0.178168504089921,0.3870040157897952,False
MOZ,1990,1993,Agriculture,0.8576453261440602,0.8533483152852073,4.60883388806307,6.615347757810774,1.72087724223235,-0.028426221150401235,False
MOZ,1990,1993,Manufacturing,0.017285670902794297,0.016520767200853177,81.28026620427651,75.76508178264183,-0.09533366288059508,-0.057952991533414495,False
MOZ,1990,1993,Services,0.1250690029531454,0.13013091751393954,43.489965405973976,66.8538903173616,2.922102793739407,0.33840868084318665,False
MOZ,1993,1996,Agriculture,0.8533483152852073,0.8386189996652482,6.615347757810774,7.278721509357912,0.5660888732871782,-0.1072105864211174,False
MOZ,1993,1996,Manufacturing,0.016520767200853177,0.022218974830211725,75.76508178264183,64.08009534110522,-0.19304494074575207,0.3651416881627089,False
MOZ,1993,1996,Services,0.13013091751393954,0.13916202550454007,66.8538903173616,61.178931785452455,-0.7384875606108968,0.5525135397040043,False
MOZ,1996,1999,Agriculture,0.8386189996652482,0.8200354980657159,7.278721509357912,8.52477487274609,1.0449640251341112,-0.15842016748333032,False
MOZ,1996,1999,Manufacturing,0.022218974830211725,0.02899671271926745,64.08009534110522,75.50963134413372,0.253952572772289,0.5117844893497648,False
MOZ,1996,1999,Services,0.13916202550454007,0.15096778921501672,61.178931785452455,65.78330885534666,0.6407544392331369,0.7766222004395287,False
MOZ,1999,2002,Agriculture,0.8200354980657159,0.8054731086540381,8.52477487274609,8.599391728715576,0.0611884706490354,-0.12522769105711698,False
MOZ,1999,2002,Manufacturing,0.02899671271926745,0.03121497689156826,75.50963134413372,106.85574368204296,0.908934214328239,0.23703426781443454,False
MOZ,1999,2002,Services,0.15096778921501672,0.16331191445439353,65.78330885534666,70.64481391019281,0.7339306703877516,0.8720484304198888,False
MOZ,2002,2005,Agriculture,0.8054731086540381,0.7934344393324931,8.599391728715576,9.614365201092614,0.8175338379969165,-0.11574416339252308,False
MOZ,2002,2005,Manufacturing,0.03121497689156826,0.037271068075258186,106.85574368204296,113.51920503308027,0.20799979209048794,0.6874826567803266,False
MOZ,2002,2005,Services,0.16331191445439353,0.1692944925922486,70.64481391019281,76.7308210601869,0.9939174790486619,0.45904813257434407,False
MOZ,2005,2008,Agriculture,0.7934344393324931,0.7777486665166035,9.614365201092614,11.754159599390045,1.6977865686999316,-0.18437307711774104,False
MOZ,2005,2008,Manufacturing,0.037271068075258186,0.04578763427408574,113.51920503308027,98.40673410415654,-0.5632579327772765,0.8380874654084703,False
MOZ,2005,2008,Services,0.1692944925922486,0.1764636992093107,76.7308210601869,91.37336806273873,2.4789025650551637,0.655074554938638,False
MOZ,2008,2011,Agriculture,0.7777486665166035,0.7573536622692137,11.754159599390045,13.041955557360241,1.0015815890567923,-0.26599073898663,False
MOZ,2008,2011,Manufacturing,0.04578763427408574,0.055789091496576744,98.40673410415654,87.31505196359187,-0.5078618853365836,0.8732777570934431,False
MOZ,2008,2011,Services,0.1764636992093107,0.18685724623420955,91.37336806273873,104.21429287526715,2.2659570936873883,1.0831561536656689,False
MOZ,2011,2014,Agriculture,0.7573536622692137,0.7298280548048566,13.041955557360241,13.574413132228853,0.40325869432972755,-0.37364396743674655,False
MOZ,2011,2014,Manufacturing,0.055789091496576744,0.069772954597564,87.31505196359187,75.82248036833283,-0.6411601282588654,1.06029118544806,False
MOZ,2011,2014,Services,0.18685724623420955,0.20039899059757954,104.21429287526715,116.0286037216132,2.2075895909031757,1.5712296904368463,False
MOZ,2014,2017,Agriculture,0.7298280548048566,0.7192139246132998,13.574413132228853,14.12602188515619,0.4025795431622906,-0.149935435377828,False
MOZ,2014,2017,Manufacturing,0.069772954597564,0.07617896327720478,75.82248036833283,79.50521197594966,0.25695506525326295,0.5093110779946135,False
MOZ,2014,2017,Services,0.20039899059757954,0.20460711210949536,116.0286037216132,116.21431524710933,0.0372164022517614,0.48904395998392797,False
MUS,1972,1975,Agriculture,0.3228006577357828,0.2798441447574373,43.06627136299886,133.4577839173585,29.178439706279566,-5.7328810269072425,False
MUS,1972,1975,Manufacturing,0.2155068347456914,0.2953033802893365,166.21171066471865,190.94495596906677,5.330183408528797,15.236747875314943,False
MUS,1972,1975,Services,0.4616925075185259,0.42485247495322614,201.61285984002447,311.5014886069804,50.7347565631883,-11.475724984420514,False
MUS,1975,1978,Agriculture,0.2798441447574373,0.2291270203543927,133.4577839173585,161.08351187790825,7.730898214421664,-8.169692511191185,False
MUS,1975,1978,Manufacturing,0.2953033802893365,0.3390026476011414,190.94495596906677,175.84431198532795,-4.459271212943906,7.684267594707264,False
MUS,1975,1978,Services,0.42485247495322614,0.4318703320444658,311.5014886069804,334.8243220283551,9.908763501992858,2.3497492426661974,False
MUS,1978,1981,Agriculture,0.2291270203543927,0.2243900185919862,161.08351187790825,124.11354557030324,-8.470818222663825,-0.5879260841050447,False
MUS,1978,1981,Manufacturing,0.3390026476011414,0.31594104025608793,175.84431198532795,164.21241573413351,-3.9432436257767045,-3.7870022528432674,False
MUS,1978,1981,Services,0.4318703320444658,0.45966894115192586,334.8243220283551,304.03459954369,-13.297167673009273,8.451738987858196,False
MUS,1981,1984,Agriculture,0.2243900185919862,0.23028525589276502,124.11354557030324,123.61778276102663,-0.11124422599079448,0.7287561639723767,False
MUS,1981,1984,Manufacturing,0.31594104025608793,0.31303350799788104,164.21241573413351,182.38918029491654,5.742785903823783,-0.5303024252553824,False
MUS,1981,1984,Services,0.45966894115192586,0.45668123610935396,304.03459954369,327.5081682932411,10.790070492163107,-0.9784978058932021,False
MUS,1984,1987,Agriculture,0.23028525589276502,0.21269386922743136,123.61778276102663,139.90406115552602,3.7504897876181027,-2.461106435837346,False
MUS,1984,1987,Manufacturing,0.31303350799788104,0.36812659466780856,182.38918029491654,201.28635975386794,5.915450377301056,11.089486863394056,False
MUS,1984,1987,Services,0.45668123610935396,0.41917953610476005,327.5081682932411,367.6882102729559,18.349471238221895,-13.788932956882437,False
MUS,1987,1990,Agriculture,0.21269386922743136,0.1640555081906023,139.90406115552602,142.18537418526947,0.48522129521508733,-6.915663563779771,False
MUS,1987,1990,Manufacturing,0.36812659466780856,0.4078842537789122,201.28635975386794,186.87322608623916,-5.305857815556126,7.429642019728894,False
MUS,1987,1990,Services,0.41917953610476005,0.4280602380304855,367.6882102729559,352.40894097885774,-6.404757014719782,3.129638760793802,False
MUS,1990,1993,Agriculture,0.1640555081906023,0.14858920646144858,142.18537418526947,152.02368950814832,1.6140298200342802,-2.3512442519122034,False
MUS,1990,1993,Manufacturing,0.4078842537789122,0.40262754160046477,186.87322608623916,212.6531098748858,10.515208661639218,-1.1178561924640296,False
MUS,1990,1993,Services,0.4280602380304855,0.44878325193808666,352.40894097885774,401.2405825082801,20.90288409650388,8.314914171613085,False
MUS,1993,1996,Agriculture,0.14858920646144858,0.13662782417474417,152.02368950814832,164.40802853194427,1.8401791080953902,-1.9665472802739903,False
MUS,1993,1996,Manufacturing,0.40262754160046477,0.37834300071916865,212.6531098748858,243.0784312432511,12.250072344948999,-5.903048100888057,False
MUS,1993,1996,Services,0.44878325193808666,0.4850291751060871,401.2405825082801,407.9810491619447,3.0250085444118375,14.787649761924067,False
MUS,1996,1999,Agriculture,0.13662782417474417,0.11198196047997434,164.40802853194427,149.90678751820167,-1.9812730075412128,-3.6945822520944214,False
MUS,1996,1999,Manufacturing,0.37834300071916865,0.37806704420394993,243.0784312432511,271.5471437651452,10.770938122144798,-0.07493520351102696,False
MUS,1996,1999,Services,0.4850291751060871,0.5099509953160757,407.9810491619447,458.92659102619723,24.71007414575102,11.43728599113784,False
MUS,1999,2002,Agriculture,0.11198196047997434,0.10799106696114992,149.90678751820167,178.06476298144858,3.153185295521403,-0.7106375085136702,False
MUS,1999,2002,Manufacturing,0.37806704420394993,0.356384131211673,271.5471437651452,298.42499157365137,10.161628475525532,-6.470723127012457,False
MUS,1999,2002,Services,0.5099509953160757,0.5356248018271772,458.92659102619723,496.6033059798139,19.2132782908369,12.749697190499084,False
MUS,2002,2005,Agriculture,0.10799106696114992,0.10021508081659228,178.06476298144858,205.28600495062105,2.9396509642585684,-1.5963011301676209,False
MUS,2002,2005,Manufacturing,0.356384131211673,0.3166253747624369,298.42499157365137,330.98729907966566,11.604689670778242,-13.159643411898895,False
MUS,2002,2005,Services,0.5356248018271772,0.5831595444209708,496.6033059798139,541.3112274202484,23.946671561637746,25.731089858552,False
MUS,2005,2008,Agriculture,0.10021508081659228,0.09144130581481758,205.28600495062105,218.95165476637015,1.369504200696546,-1.9210325551863834,False
MUS,2005,2008,Manufacturing,0.3166253747624369,0.3102987361826582,330.98729907966566,377.45630882074283,14.71326762410789,-2.3880296455661827,False
MUS,2005,2008,Services,0.5831595444209708,0.5982599580025242,541.3112274202484,601.4943458809053,35.09635994334996,9.082813389767564,False
MUS,2008,2011,Agriculture,0.09144130581481758,0.07725987450726221,218.95165476637015,286.8429695609461,6.208070478300866,-4.0678438688837515,False
MUS,2008,2011,Manufacturing,0.3102987361826582,0.26851348407664577,377.45630882074283,448.5492174611019,22.060039702652592,-18.74274213356673,False
MUS,2008,2011,Services,0.5982599580025242,0.654226641416092,601.4943458809053,612.904363472568,6.826156645196202,34.30222447326351,False
MUS,2011,2014,Agriculture,0.07725987450726221,0.0745798467038495,286.8429695609461,298.15557723789146,0.874010649470692,-0.7990652367401158,False
MUS,2011,2014,Manufacturing,0.26851348407664577,0.2604074190879802,448.5492174611019,442.9847436562317,-1.494136248398928,-3.5908631210647686,False
MUS,2011,2014,Services,0.654226641416092,0.6650127342081703,612.904363472568,659.650728969551,30.582717697500275,7.115053973027681,False
MUS,2014,2017,Agriculture,0.0745798467038495,0.07170546232738499,298.15557723789146,314.45186570055796,1.2153746953873785,-0.9038555299197989,False
MUS,2014,2017,Manufacturing,0.2604074190879802,0.25605918351254653,442.9847436562317,448.9765625,1.5603140807484361,-1.9522558615984225,False
MUS,2014,2017,Services,0.6650127342081703,0.6722353541600685,659.650728969551,725.8461521634034,44.02079937021074,5.242510900623944,False
MWI,1966,1969,Agriculture,0.8439415983012524,0.8612486892711053,62.82218275621907,44.92254712780169,-15.106247101256605,0.77747860973837,False
MWI,1966,1969,Manufacturing,0.05700908698044814,0.05229806071863641,291.89946756395153,318.8894538340179,1.5386744748713146,-1.5022965916268582,False
MWI,1966,1969,Services,0.09904931471829954,0.08645325001025829,606.8742297506165,687.7117244542624,8.006898453940297,-8.662461381704526,False
MWI,1969,1972,Agriculture,0.8612486892711053,0.8627928657501002,44.92254712780169,53.589114967500855,7.464070192420018,0.08275105086296579,False
MWI,1969,1972,Manufacturing,0.05229806071863641,0.05969239139841523,318.8894538340179,332.8170758246459,0.728387620532078,2.460959514524453,False
MWI,1969,1972,Services,0.08645325001025829,0.07751474285148463,687.7117244542624,824.9004988304877,11.860415409748722,-7.373379014072277,False
MWI,1972,1975,Agriculture,0.8627928657501002,0.8504794186705439,53.589114967500855,48.42154827568963,-4.458539674982571,-0.596236172202884,False
MWI,1972,1975,Manufacturing,0.05969239139841523,0.062496413674332105,332.8170758246459,360.0409274957676,1.625056809324999,1.0095627809399053,False
MWI,1972,1975,Services,0.07751474285148463,0.08702416765512404,824.9004988304877,976.0230055090848,11.714222244263224,9.281417377510772,False
MWI,1975,1978,Agriculture,0.8504794186705439,0.853486487369727,48.42154827568963,56.4458112302422,6.82447049284745,0.16973643215045933,False
MWI,1975,1978,Manufacturing,0.062496413674332105,0.06466533570466332,360.0409274957676,355.77982533130813,-0.266303603578652,0.7716587011084654,False
MWI,1975,1978,Services,0.08702416765512404,0.08184817692560972,976.0230055090848,1128.9149099998922,13.305290729519236,-5.84325310856993,False
MWI,1978,1981,Agriculture,0.853486487369727,0.8842174709300242,56.4458112302422,40.592598632186125,-13.530502733840382,1.247450481235456,False
MWI,1978,1981,Manufacturing,0.06466533570466332,0.046442949088245124,355.77982533130813,429.0838863190313,4.740231712286233,-7.818932467380622,False
MWI,1978,1981,Services,0.08184817692560972,0.06933957998173065,1128.9149099998922,1257.5169332264481,10.525841150038524,-15.729772467832529,False
MWI,1981,1984,Agriculture,0.8842174709300242,0.8745702318426474,40.592598632186125,43.16955938903035,2.27859372310272,-0.4164670607226902,False
MWI,1981,1984,Manufacturing,0.046442949088245124,0.04901690685736769,429.0838863190313,352.2460743619715,-3.56857458877388,0.9066665197469217,False
MWI,1981,1984,Services,0.06933957998173065,0.07641286129998488,1257.5169332264481,1090.403773414471,-11.587556310782322,7.712732639846496,False
MWI,1984,1987,Agriculture,0.8745702318426474,0.8709188663272914,43.16955938903035,39.753801557737894,-2.987320118431779,-0.14515566011222747,False
MWI,1984,1987,Manufacturing,0.04901690685736769,0.044549034899310246,352.2460743619715,387.9890112247389,1.7520082070110414,-1.7334852232854459,False
MWI,1984,1987,Services,0.07641286129998488,0.08453209877339836,1090.403773414471,955.3020556553328,-10.32350882051874,7.756324248705704,False
MWI,1987,1990,Agriculture,0.8709188663272914,0.8609538471598062,39.753801557737894,36.72950227293758,-2.6339193045527276,-0.3660101941620167,False
MWI,1987,1990,Manufacturing,0.044549034899310246,0.04676452749495415,387.9890112247389,394.930285524767,0.3092270710376377,0.8749651233756532,False
MWI,1987,1990,Services,0.08453209877339836,0.09228162534523973,955.3020556553328,850.8967381052875,-8.825600615608451,6.594046881840074,False
MWI,1990,1993,Agriculture,0.8609538471598062,0.8536489203151493,36.72950227293758,46.23550062275756,8.184225850372282,-0.33774694967533203,False
MWI,1990,1993,Manufacturing,0.04676452749495415,0.04290322105222003,394.930285524767,397.5668248599188,0.12329651623023624,-1.5351273422489502,False
MWI,1990,1993,Services,0.09228162534523973,0.10344785863263073,850.8967381052875,733.4701965687891,-10.836312111658373,8.19009932423563,False
MWI,1993,1996,Agriculture,0.8536489203151493,0.8425106738128042,46.23550062275756,53.198665037657065,5.9440977847558285,-0.5925398447851109,False
MWI,1993,1996,Manufacturing,0.04290322105222003,0.043966795853293966,397.5668248599188,403.5047250694699,0.25475504527639276,0.4291574576981539,False
MWI,1993,1996,Services,0.10344785863263073,0.11352253033390187,733.4701965687891,634.9400847241058,-10.192729081166098,6.396812903572652,False
MWI,1996,1999,Agriculture,0.8425106738128042,0.8251253208508326,53.198665037657065,65.21181070609491,10.121203451726938,-1.1337303464147406,False
MWI,1996,1999,Manufacturing,0.043966795853293966,0.04601245064859876,403.5047250694699,387.1908220934601,-0.7172700417166671,0.7920587619134924,False
MWI,1996,1999,Services,0.11352253033390187,0.12886222850056867,634.9400847241058,542.6110786116633,-10.481422397098761,8.323490167792421,False
MWI,1999,2002,Agriculture,0.8251253208508326,0.8085252776328429,65.21181070609491,66.23756119875942,0.8463727043727067,-1.0995463785536435,False
MWI,1999,2002,Manufacturing,0.04601245064859876,0.04613701788286683,387.1908220934601,332.0945279693374,-2.5351155143068786,0.041368096864700325,False
MWI,1999,2002,Services,0.12886222850056867,0.14533770448429031,542.6110786116633,476.89604569180904,-8.468185588040651,7.857089347527222,False
MWI,2002,2005,Agriculture,0.8085252776328429,0.7541879752998177,66.23756119875942,65.15214907484791,-0.8775831388316074,-3.540192021926335,False
MWI,2002,2005,Manufacturing,0.04613701788286683,0.057918550777683084,332.0945279693374,309.6985569975854,-1.0332833132278874,3.6487237367441785,False
MWI,2002,2005,Services,0.14533770448429031,0.18789347392249914,476.89604569180904,406.8730376501495,-10.176983249859797,17.31479518086342,False
MWI,2005,2008,Agriculture,0.7541879752998177,0.6918205732695819,65.15214907484791,73.628299056748,6.392610393186818,-4.5920057280746365,False
MWI,2005,2008,Manufacturing,0.057918550777683084,0.08184935263237976,309.6985569975854,295.0222168084943,-0.8500323544724234,7.06011821317744,False
MWI,2005,2008,Services,0.18789347392249914,0.22633007409803832,406.8730376501495,369.903311169001,-6.946370338507609,14.217825675010948,False
MWI,2008,2011,Agriculture,0.6918205732695819,0.6279027916596601,73.628299056748,81.09169232147768,5.16332900694162,-5.183201080183181,False
MWI,2008,2011,Manufacturing,0.08184935263237976,0.09562478444514318,295.0222168084943,243.62229893252743,-4.2070500035053735,3.3560023670136974,False
MWI,2008,2011,Services,0.22633007409803832,0.2764724238951967,369.903311169001,308.7778058290923,-13.834540152861566,15.482844749481401,False
MWI,2011,2014,Agriculture,0.6279027916596601,0.5618787024851939,81.09169232147768,84.04703168551565,1.8556658369811247,-5.549128714853674,False
MWI,2011,2014,Manufacturing,0.09562478444514318,0.12541420401992523,243.62229893252743,166.41276480853998,-7.383145057716226,4.957339673481123,False
MWI,2011,2014,Services,0.2764724238951967,0.31270709349488085,308.7778058290923,255.63884418544103,-14.691457528894153,9.262989055904589,False
MWI,2014,2017,Agriculture,0.5618787024851939,0.5311779011613937,84.04703168551565,77.21564468583396,-3.838410863555366,-2.3705821665889335,False
MWI,2014,2017,Manufacturing,0.12541420401992523,0.14064590920898074,166.41276480853998,138.52800087079743,-3.4971454735354977,2.1100176696932107,False
MWI,2014,2017,Services,0.31270709349488085,0.3281761896296256,255.63884418544103,238.3676804863501,-5.400815401617017,3.6873325648594655,False
NAM,1966,1969,Agriculture,0.5933724578077945,0.5713621390174314,14.16129298004864,11.423718479580089,-1.624401309774969,-0.2514396855069196,False
NAM,1966,1969,Manufacturing,0.1464307980062323,0.14722170702564263,179.78555843519803,135.54167039392124,-6.478667832782558,0.10720112962049586,False
NAM,1966,1969,Services,0.26019674418597316,0.2814161539569261,140.908086385403,116.95734198631223,-6.231905713473854,2.4817657653290377,False
NAM,1969,1972,Agriculture,0.5713621390174314,0.559119404818785,11.423718479580089,12.82959986093354,0.8032673932548889,-0.15706938097240028,False
NAM,1969,1972,Manufacturing,0.14722170702564263,0.1406889299894515,135.54167039392124,133.3929098915198,-0.3163441891528181,-0.8714261385300323,False
NAM,1969,1972,Services,0.2814161539569261,0.3001916651917634,116.95734198631223,120.90475078758944,1.1108646029511513,2.2700485067575875,False
NAM,1972,1975,Agriculture,0.559119404818785,0.5509598166642218,12.82959986093354,15.208900327183095,1.3303130605745088,-0.12409836295361541,False
NAM,1972,1975,Manufacturing,0.1406889299894515,0.13149309328634434,133.3929098915198,182.96771975005493,6.97462695342782,-1.6825412727613815,False
NAM,1972,1975,Services,0.3001916651917634,0.31754709004943404,120.90475078758944,122.49915529714667,0.4786269447132436,2.1260248848877583,False
NAM,1975,1978,Agriculture,0.5509598166642218,0.5415130292146757,15.208900327183095,15.071495881342212,-0.07570432828934162,-0.14237721813774903,False
NAM,1975,1978,Manufacturing,0.13149309328634434,0.12323855079469395,182.96771975005493,226.49782836386473,5.723908632720394,-1.8696359484960585,False
NAM,1975,1978,Services,0.31754709004943404,0.3352484199906303,122.49915529714667,114.38172390327907,-2.5776667177985795,2.0247086340547593,False
NAM,1978,1981,Agriculture,0.5415130292146757,0.531278853373679,15.071495881342212,16.01473954208186,0.5107787320146661,-0.16389766052142918,False
NAM,1978,1981,Manufacturing,0.12323855079469395,0.12276706474334645,226.49782836386473,223.3796269211173,-0.3842826268901159,-0.10532037824851592,False
NAM,1978,1981,Services,0.3352484199906303,0.34595408188297466,114.38172390327907,135.41654170087648,7.051889431435323,1.449723710080132,False
NAM,1981,1984,Agriculture,0.531278853373679,0.5140028283630547,16.01473954208186,14.890775042369198,-0.5971385706400635,-0.2572534020595505,False
NAM,1981,1984,Manufacturing,0.12276706474334645,0.1343393530286366,223.3796269211173,164.74874638562767,-7.197941106659868,1.906519987814635,False
NAM,1981,1984,Services,0.34595408188297466,0.35165781860830886,135.41654170087648,137.74313192716716,0.8048933856542932,0.7856505602355366,False
NAM,1984,1987,Agriculture,0.5140028283630547,0.5093730562028937,14.890775042369198,15.236391280687238,0.1776477240236724,-0.07054102017264431,False
NAM,1984,1987,Manufacturing,0.1343393530286366,0.1341856960160947,164.74874638562767,154.7007171707843,-1.3498457439348992,-0.023770850038549913,False
NAM,1984,1987,Services,0.35165781860830886,0.35644124778101155,137.74313192716716,127.85025244099438,-3.478908419862405,0.611562627263656,False
NAM,1987,1990,Agriculture,0.5093730562028937,0.5297963564625446,15.236391280687238,15.576106171626623,0.17304161223542738,0.31811549321933186,False
NAM,1987,1990,Manufacturing,0.1341856960160947,0.12988458910927372,154.7007171707843,145.07800167423036,-1.2912307764699484,-0.6239959950288176,False
NAM,1987,1990,Services,0.35644124778101155,0.34031905442818167,127.85025244099438,130.87302371816213,1.0774403657902742,-2.109960193053701,False
NAM,1990,1993,Agriculture,0.5297963564625446,0.49068703458374535,15.576106171626623,19.269691886282647,1.9568482539068655,-0.753624582485915,False
NAM,1990,1993,Manufacturing,0.12988458910927372,0.12621190818243877,145.07800167423036,163.63501806683547,2.4102704492475713,-0.6009792098163597,False
NAM,1990,1993,Services,0.34031905442818167,0.3831010572338158,130.87302371816213,134.8233016404076,1.3443548472271025,5.768010869044779,False
NAM,1993,1996,Agriculture,0.49068703458374535,0.411607429925842,19.269691886282647,28.598293141746176,4.577423686857602,-2.2615417155401167,False
NAM,1993,1996,Manufacturing,0.12621190818243877,0.12325755670618646,163.63501806683547,181.91832752035728,2.3075713740190094,-0.5374506794671187,False
NAM,1993,1996,Services,0.3831010572338158,0.46513501336797153,134.8233016404076,118.65107677175271,-6.195596445004698,9.733417227164303,False
NAM,1996,1999,Agriculture,0.411607429925842,0.3374611123535755,28.598293141746176,36.05001805302849,3.0671853392472856,-2.67297608704579,False
NAM,1996,1999,Manufacturing,0.12325755670618646,0.11630305550144875,181.91832752035728,211.84582221193008,3.688789874020629,-1.4732820257915196,False
NAM,1996,1999,Services,0.46513501336797153,0.5462358321449757,118.65107677175271,108.23014095279933,-4.847142121455654,8.7775530476226,False
NAM,1999,2002,Agriculture,0.3374611123535755,0.30939865161921004,36.05001805302849,41.83269066910753,1.9514271333985933,-1.1739282393146868,False
NAM,1999,2002,Manufacturing,0.11630305550144875,0.12274514526908756,211.84582221193008,222.6816203894558,1.260236436843269,1.4345349881521432,False
NAM,1999,2002,Services,0.5462358321449757,0.5678562031117025,108.23014095279933,105.84057038165473,-1.3052690693983169,2.2883123949813275,False
NAM,2002,2005,Agriculture,0.30939865161921004,0.30354884800236287,41.83269066910753,45.53268503356402,1.1447732673615152,-0.2663572655941059,False
NAM,2002,2005,Manufacturing,0.12274514526908756,0.13027326838826483,222.6816203894558,245.7657828105466,2.833468869792003,1.8501550714787771,False
NAM,2002,2005,Services,0.5678562031117025,0.5661778836093724,105.84057038165473,121.50027928780159,8.892462841279068,-0.203916288267272,False
NAM,2005,2008,Agriculture,0.30354884800236287,0.3139949966204862,45.53268503356402,30.946016650965518,-4.427766383730265,0.32326668907490463,False
NAM,2005,2008,Manufacturing,0.13027326838826483,0.12687702687223404,245.7657828105466,302.3358493209168,7.369567457247449,-1.0268055632481288,False
NAM,2005,2008,Services,0.5661778836093724,0.5591279765072799,121.50027928780159,134.44020136681976,7.3262976967687,-0.9477909304226916,False
NAM,2008,2011,Agriculture,0.3139949966204862,0.2943888304418693,30.946016650965518,37.17395036407928,1.9555400252017683,-0.7288386483537939,False
NAM,2008,2011,Manufacturing,0.12687702687223404,0.12576567598920677,302.3358493209168,274.5616390214834,-3.523909226516288,-0.30513431997194107,False
NAM,2008,2011,Services,0.5591279765072799,0.5798454935689239,134.44020136681976,141.3145165814633,3.8436219558368445,2.9276859083344458,False
NAM,2011,2014,Agriculture,0.2943888304418693,0.2932083725866009,37.17395036407928,30.759320396893177,-1.888395413757284,-0.036310081385231154,False
NAM,2011,2014,Manufacturing,0.12576567598920677,0.1406620537309554,274.5616390214834,253.00742157428795,-2.710780727664893,3.7688941232364335,False
NAM,2011,2014,Services,0.5798454935689239,0.5661295736824438,141.3145165814633,149.8992850751461,4.97783932439446,-2.056006585131351,False
NAM,2014,2017,Agriculture,0.2932083725866009,0.19904800440480963,30.759320396893177,48.35130309287039,5.158116616859122,-4.5527765012940575,False
NAM,2014,2017,Manufacturing,0.1406620537309554,0.17916534650316357,253.00742157428795,188.24194728913403,-9.110044623809129,7.247934808484108,False
NAM,2014,2017,Services,0.5661295736824438,0.6217866490920269,149.8992850751461,149.25134559724432,-0.36681770039656364,8.306893396887574,False
NGA,1960,1963,Agriculture,0.7692963465397996,0.7103171608091763,224.9422170507887,234.80217534656347,7.5852298939743115,-13.848441109719353,False
NGA,1960,1963,Manufacturing,0.09629114122960768,0.13051244301318202,490.74421100888696,486.6749894744264,-0.391829985469302,16.65465168532221,False
NGA,1960,1963,Services,0.1344125122305926,0.15917039617764173,585.2858710994213,511.63821362659223,-9.899166660821137,12.667079515842692,False
NGA,1963,1966,Agriculture,0.7103171608091763,0.6353155989484351,234.80217534656347,205.37657477747868,-20.901509051337193,-15.403563877920195,False
NGA,1963,1966,Manufacturing,0.13051244301318202,0.16240053357538806,486.6749894744264,706.1093829503016,28.638918773652314,22.516479950342642,False
NGA,1963,1966,Services,0.15917039617764173,0.20228386747617688,511.63821362659223,397.4360456875324,-18.17760431520573,17.134847548752735,False
NGA,1966,1969,Agriculture,0.6353155989484351,0.6305103467780887,205.37657477747868,193.6011050824199,-7.4811395822154125,-0.9303021303787677,False
NGA,1966,1969,Manufacturing,0.16240053357538806,0.15594635053371514,706.1093829503016,870.7037172198995,26.730207708868495,-5.6196811660022465,False
NGA,1966,1969,Services,0.20228386747617688,0.21354330268819613,397.4360456875324,412.1723274785051,2.980912072896725,4.640827617431409,False
NGA,1969,1972,Agriculture,0.6305103467780887,0.5972169277750295,193.6011050824199,227.60596406392142,21.440415428566524,-7.577780729175361,False
NGA,1969,1972,Manufacturing,0.15594635053371514,0.1579909093190314,870.7037172198995,2056.3503179631125,184.8972604086089,4.204329108279363,False
NGA,1969,1972,Services,0.21354330268819613,0.244792162905939,412.1723274785051,496.0677489974446,17.915305391572698,15.5015517469515,False
NGA,1972,1975,Agriculture,0.5972169277750295,0.5497334211938667,227.60596406392142,220.56450414301116,-4.205279061017026,-10.47317608404559,False
NGA,1972,1975,Manufacturing,0.1579909093190314,0.1570331980789963,2056.3503179631125,2205.277353197929,23.529117718936117,-2.1120189085525185,False
NGA,1972,1975,Services,0.244792162905939,0.29323338072713695,496.0677489974446,604.0402423396179,26.43082017957769,29.260444951942628,False
NGA,1975,1978,Agriculture,0.5497334211938667,0.4857004329711122,220.56450414301116,223.09174894289953,1.3893109300370399,-14.285231332654387,False
NGA,1975,1978,Manufacturing,0.1570331980789963,0.17010524307744596,2205.277353197929,2323.7862965642366,18.60983837777391,30.37663903546839,False
NGA,1975,1978,Services,0.29323338072713695,0.3441943239514417,604.0402423396179,521.3689396792624,-24.24198556821237,26.569452933910874,False
NGA,1978,1981,Agriculture,0.4857004329711122,0.4091721926643978,223.09174894289953,205.99118916422682,-8.30574928854972,-15.764143225425814,False
NGA,1978,1981,Manufacturing,0.17010524307744596,0.16412271473527226,2323.7862965642366,2051.5595525418266,-46.30719646411371,-12.273513168738658,False
NGA,1978,1981,Services,0.3441943239514417,0.4267050926003299,521.3689396792624,467.35496768997484,-18.591302572784954,38.561817615976125,False
NGA,1981,1984,Agriculture,0.4091721926643978,0.3977598308660023,205.99118916422682,229.37075672403313,9.56626892199137,-2.6176620617064232,False
NGA,1981,1984,Manufacturing,0.16412271473527226,0.10407032520420496,2051.5595525418266,2820.2548372628253,126.16035693261335,-169.363042064184,False
NGA,1981,1984,Services,0.4267050926003299,0.49816984392979263,467.35496768997484,438.5224340711389,-12.30298892772752,31.338896703284654,False
NGA,1984,1987,Agriculture,0.3977598308660023,0.4501342770615733,229.37075672403313,247.43800449263927,7.186425416654934,12.959428453039182,False
NGA,1984,1987,Manufacturing,0.10407032520420496,0.10757467098298086,2820.2548372628253,2967.452022824275,15.318858970523776,10.398977969904244,False
NGA,1984,1987,Services,0.49816984392979263,0.4422910519554459,438.5224340711389,522.3214419439131,41.74613867345139,-29.186691198124755,False
NGA,1987,1990,Agriculture,0.4501342770615733,0.4864753394263799,247.43800449263927,252.44726662001307,2.2548405863173246,9.174201860062857,False
NGA,1987,1990,Manufacturing,0.10757467098298086,0.1152274320513752,2967.452022824275,3416.801062317044,48.338575079953095,26.147962148148295,False
NGA,1987,1990,Services,0.4422910519554459,0.3982972285222449,522.3214419439131,613.0918275706405,40.14692934524673,-26.972253610481246,False
NGA,1990,1993,Agriculture,0.4864753394263799,0.4968496448458773,252.44726662001307,247.49807285978352,-2.4076607143945905,2.567620598584417,False
NGA,1990,1993,Manufacturing,0.1152274320513752,0.11907775338743455,3416.801062317044,2970.2139832080575,-51.45908231305286,11.436278272207813,False
NGA,1990,1993,Services,0.3982972285222449,0.3840726017666882,613.0918275706405,647.513769222769,13.710163960397232,-9.210641686277562,False
NGA,1993,1996,Agriculture,0.4968496448458773,0.4962841321112272,247.49807285978352,253.27380217472864,2.8696690588564073,-0.14322956048306146,False
NGA,1993,1996,Manufacturing,0.11907775338743455,0.11937774889191931,2970.2139832080575,2643.6133169017708,-38.89087359859182,0.7930721106665681,False
NGA,1993,1996,Services,0.3840726017666882,0.3843381189968536,647.513769222769,636.9455707607174,-4.058955479306897,0.1691200237144925,False
NGA,1996,1999,Agriculture,0.4962841321112272,0.48150600313991143,253.27380217472864,274.79403782606954,10.680151473054806,-4.0609417315422744,False
NGA,1996,1999,Manufacturing,0.11937774889191931,0.11701370433303665,2643.6133169017708,2446.661911517198,-23.511615415910136,-5.784017779347675,False
NGA,1996,1999,Services,0.3843381189968536,0.40148029252705186,636.9455707607174,635.5604775790569,-0.5323441080747725,10.894887995595871,False
NGA,1999,2002,Agriculture,0.48150600313991143,0.4833051849495008,274.79403782606954,422.33300562404037,71.04089869178904,0.7598538613079822,False
NGA,1999,2002,Manufacturing,0.11701370433303665,0.1189724130173246,2446.661911517198,2546.699488447266,11.705767449088397,4.988242404293338,False
NGA,1999,2002,Services,0.40148029252705186,0.39772240203317466,635.5604775790569,741.187776851263,42.40727901064779,-2.785302500807339,False
NGA,2002,2005,Agriculture,0.4833051849495008,0.44911740210516726,422.33300562404037,514.3910155482747,44.49211351251506,-17.58588833664062,False
NGA,2002,2005,Manufacturing,0.1189724130173246,0.11590434951014954,2546.699488447266,2813.6913704125136,31.764668453442212,-8.632583814016023,False
NGA,2002,2005,Services,0.39772240203317466,0.43497824838468324,741.187776851263,859.1755287997246,46.926372115436514,32.009311489938675,False
NGA,2005,2008,Agriculture,0.44911740210516726,0.42215912791290683,514.3910155482747,617.838796058627,46.460198436355,-16.655867670764543,False
NGA,2005,2008,Manufacturing,0.11590434951014954,0.11350057043167026,2813.6913704125136,2489.002131789715,-37.632894995521205,-5.9830112506864275,False
NGA,2005,2008,Services,0.43497824838468324,0.4643403016554229,859.1755287997246,1063.3346879504172,88.80479343905806,31.221689752225476,False
NGA,2008,2011,Agriculture,0.42215912791290683,0.4018478599527596,617.838796058627,693.0825204762972,31.76482508108272,-14.077384791888285,False
NGA,2008,2011,Manufacturing,0.11350057043167026,0.11551159955325248,2489.002131789715,2637.8387501032366,16.893041079705498,5.3047705444956375,False
NGA,2008,2011,Services,0.4643403016554229,0.48264054049398797,1063.3346879504172,1262.2818652076576,92.37919230112188,23.10005961488954,False
NGA,2011,2014,Agriculture,0.4018478599527596,0.376975901153132,693.0825204762972,786.765174541332,37.64617405072895,-19.56839100617384,False
NGA,2011,2014,Manufacturing,0.11551159955325248,0.11547423195157451,2637.8387501032366,2732.0080077967136,10.877641584915954,-0.102088587016366,False
NGA,2011,2014,Services,0.48264054049398797,0.5075498668952935,1262.2818652076576,1345.873966310938,40.34493685751532,33.524813921858794,False
NGA,2014,2017,Agriculture,0.376975901153132,0.3680831794548346,786.765174541332,841.1182794856592,20.489810716858475,-7.479830774816708,False
NGA,2014,2017,Manufacturing,0.11547423195157451,0.11272798433802086,2732.0080077967136,2375.7416664934767,-41.13958213218879,-6.524374882027671,False
NGA,2014,2017,Services,0.5075498668952935,0.5191888362071446,1345.873966310938,1249.2490530290956,-49.04196187496832,14.53997139106476,False
RWA,1972,1975,Agriculture,0.9302390509578388,0.9300846176057586,183.34520724601887,234.03606135809582,47.15461202146072,-0.036142973463179906,False
RWA,1972,1975,Manufacturing,0.025275815778044396,0.025758269744808337,287.52504521228565,693.097987486261,10.251186973476434,0.33438787341885057,False
RWA,1972,1975,Services,0.04448513326411701,0.044157112649433124,1469.795143853325,1794.406483429994,14.440378700111662,-0.588602317687456,False
RWA,1975,1978,Agriculture,0.9300846176057586,0.9297140134130452,234.03606135809582,214.72221957817914,-17.963507146371935,-0.07957695484439993,False
RWA,1975,1978,Manufacturing,0.025758269744808337,0.02643538187214444,693.097987486261,881.977128314414,4.865199858619207,0.5971974096147609,False
RWA,1975,1978,Services,0.044157112649433124,0.043850604714810525,1794.406483429994,2077.4511242314275,12.49843408868723,-0.6367552533675713,False
RWA,1978,1981,Agriculture,0.9297140134130452,0.9236675079276637,214.72221957817914,227.4903503984686,11.870710148714107,-1.3755216515556856,False
RWA,1978,1981,Manufacturing,0.02643538187214444,0.026511851421347443,881.977128314414,680.2755099268697,-5.332059306304283,0.052020361577949814,False
RWA,1978,1981,Services,0.043850604714810525,0.049820640650988866,2077.4511242314275,2485.2693766020216,17.883076980187763,14.837147489397614,False
RWA,1981,1984,Agriculture,0.9236675079276637,0.9161351270879073,227.4903503984686,213.82740290117403,-12.620020665772582,-1.610629432627671,False
RWA,1981,1984,Manufacturing,0.026511851421347443,0.02679513364557678,680.2755099268697,967.9469194779167,7.626701668186946,0.27420215628563804,False
RWA,1981,1984,Services,0.049820640650988866,0.05706973926651596,2485.2693766020216,1939.5481029498376,-27.188183470225418,14.059975467841875,False
RWA,1984,1987,Agriculture,0.9161351270879073,0.9067974568493907,213.82740290117403,158.17036474623714,-50.98936772340961,-1.4769427075062562,False
RWA,1984,1987,Manufacturing,0.02679513364557678,0.027225896325932343,967.9469194779167,641.7535877652969,-8.740393917535608,0.27644349559357945,False
RWA,1984,1987,Services,0.05706973926651596,0.06597664682467692,1939.5481029498376,1732.22009360844,-11.832155435759343,15.428724244159302,False
RWA,1987,1990,Agriculture,0.9067974568493907,0.8980808504814795,158.17036474623714,164.58765930808462,5.819186388536724,-1.4346458392044614,False
RWA,1987,1990,Manufacturing,0.027225896325932343,0.0273354442157078,641.7535877652969,644.41830003668,0.07254918003911623,0.07059466490170509,False
RWA,1987,1990,Services,0.06597664682467692,0.07458370530281269,1732.22009360844,1503.9238604151917,-15.062219948795029,12.944360613257249,False
RWA,1990,1993,Agriculture,0.8980808504814795,0.8939130587753763,164.58765930808462,148.2946363918678,-14.63245187751023,-0.6180611556136093,False
RWA,1990,1993,Manufacturing,0.0273354442157078,0.02665108343134402,644.41830003668,679.9024959829676,0.9699762588289903,-0.46529860544179596,False
RWA,1990,1993,Services,0.07458370530281269,0.07943585779327966,1503.9238604151917,1514.3503798002341,0.777648449148067,7.347858966787309,False
RWA,1993,1996,Agriculture,0.8939130587753763,0.8891081183119377,148.2946363918678,188.2557147258323,35.72172976547661,-0.9045575011597056,False
RWA,1993,1996,Manufacturing,0.02665108343134402,0.025983445428805776,679.9024959829676,702.1684159285245,0.5934108901446639,-0.46879431865596166,False
RWA,1993,1996,Services,0.07943585779327966,0.08490843625925658,1514.3503798002341,1876.0202856137512,28.72955920631139,10.266668216785677,False
RWA,1996,1999,Agriculture,0.8891081183119377,0.8835151097949863,188.2557147258323,162.34667361370276,-23.03593879047212,-0.9080063282201746,False
RWA,1996,1999,Manufacturing,0.025983445428805776,0.02532805216673111,702.1684159285245,1036.7719240837696,8.69415199443878,-0.679493333352692,False
RWA,1996,1999,Services,0.08490843625925658,0.09115683803828259,1876.0202856137512,1950.036917680573,6.284636485970584,12.18461414560169,False
RWA,1999,2002,Agriculture,0.8835151097949863,0.8770885807246374,162.34667361370276,199.13340761707877,32.501635331991714,-1.2797366329287954,False
RWA,1999,2002,Manufacturing,0.02532805216673111,0.02697828042330372,1036.7719240837696,1238.638586832886,5.112889364833534,2.0440363956727956,False
RWA,1999,2002,Services,0.09115683803828259,0.095933138852059,1950.036917680573,2076.2883143449467,11.508678117841285,9.916977565440208,False
RWA,2002,2005,Agriculture,0.8770885807246374,0.7959592342762077,199.13340761707877,213.7606482057264,12.829385687814753,-17.342261685323262,False
RWA,2002,2005,Manufacturing,0.02697828042330372,0.03737394940450555,1238.638586832886,1186.990713537639,-1.3933708090264298,12.339562541697864,False
RWA,2002,2005,Services,0.095933138852059,0.16666681631928654,2076.2883143449467,1393.1063639747053,-65.53978890608884,98.5395362269289,False
RWA,2005,2008,Agriculture,0.7959592342762077,0.7776556363738701,213.7606482057264,226.42599451610363,10.081099351050854,-4.144410358259659,False
RWA,2005,2008,Manufacturing,0.03737394940450555,0.048657665845603965,1186.990713537639,1217.1437766019378,1.1269390533559664,13.733905243223901,False
RWA,2005,2008,Services,0.16666681631928654,0.17368669778052584,1393.1063639747053,1771.572070827535,63.077674447189516,12.436225937251534,False
RWA,2008,2011,Agriculture,0.7776556363738701,0.7704379895227601,226.42599451610363,250.34235182113218,18.59869005978684,-1.806882687321276,False
RWA,2008,2011,Manufacturing,0.048657665845603965,0.0611522005094303,1217.1437766019378,1154.1602901786425,-3.0646294361758364,14.42069575324891,False
RWA,2008,2011,Services,0.17368669778052584,0.16840980996780966,1771.572070827535,2128.866108267317,62.05722149958729,-11.23378762162033,False
RWA,2011,2014,Agriculture,0.7704379895227601,0.6845259000946153,250.34235182113218,305.93809524809575,42.83307279189302,-26.283780998430675,False
RWA,2011,2014,Manufacturing,0.0611522005094303,0.07751387846567306,1154.1602901786425,1122.1455040928786,-1.9577746179831559,18.360183358013376,False
RWA,2011,2014,Services,0.16840980996780966,0.23796022143971163,2128.866108267317,1744.4818515520622,-64.73407962803384,121.32943058071133,False
RWA,2014,2017,Agriculture,0.6845259000946153,0.6708003752710066,305.93809524809575,332.3779091224072,18.098737390647127,-4.562061242478784,False
RWA,2014,2017,Manufacturing,0.07751387846567306,0.08387498412965688,1122.1455040928786,1140.4846220872043,1.421536163379805,7.25474318924536,False
RWA,2014,2017,Services,0.23796022143971163,0.24532464059933654,1744.4818515520622,1973.3791464971303,54.46845099207939,14.532791195667713,False
SEN,1972,1975,Agriculture,0.7196588520467316,0.719580789887951,664.1060020968783,617.2898166018358,-33.691682310569156,-0.04818697567721357,False
SEN,1972,1975,Manufacturing,0.07007700101886098,0.07160120335787946,4406.174945579928,4148.566017197147,-18.05246113674786,6.32325402698448,False
SEN,1972,1975,Services,0.21026414693440737,0.20881800675416945,4871.08989439249,4357.320695190864,-108.02724239130353,-6.301296535497737,False
SEN,1975,1978,Agriculture,0.719580789887951,0.7126143322785429,617.2898166018358,443.7496863285664,-124.87614401929714,-3.091363378996131,False
SEN,1975,1978,Manufacturing,0.07160120335787946,0.06970801535706125,4148.566017197147,3814.4915469678376,-23.92013407956461,-7.221549625942004,False
SEN,1975,1978,Services,0.20881800675416945,0.21767765236439585,4357.320695190864,3858.056519413243,-104.2553500296461,34.18101350622487,False
SEN,1978,1981,Agriculture,0.7126143322785429,0.6964574328815402,443.7496863285664,472.24358543598964,20.305160886448597,-7.629992100769139,False
SEN,1978,1981,Manufacturing,0.06970801535706125,0.07180719468682283,3814.4915469678376,3459.0158470792526,-24.779505546895585,7.261094567506481,False
SEN,1978,1981,Services,0.21767765236439585,0.23173537243163703,3858.056519413243,3450.9860241876177,-88.61014974752618,48.51299548399113,False
SEN,1981,1984,Agriculture,0.6964574328815402,0.6866037969256203,472.24358543598964,379.2674033564129,-64.75395309026868,-3.737162922621094,False
SEN,1981,1984,Manufacturing,0.07180719468682283,0.07254765887282523,3459.0158470792526,3300.3310679563797,-11.394708828311613,2.4437769577727657,False
SEN,1981,1984,Services,0.23173537243163703,0.2408485442015544,3450.9860241876177,3084.524353161101,-84.92213181724992,28.10980025885042,False
SEN,1984,1987,Agriculture,0.6866037969256203,0.6693909324604396,379.2674033564129,434.15535429286956,37.6862755184383,-7.473057270275705,False
SEN,1984,1987,Manufacturing,0.07254765887282523,0.07625419858920897,3300.3310679563797,3071.5587929731455,-16.596892965043843,11.384854657362661,False
SEN,1984,1987,Services,0.2408485442015544,0.25435486895035153,3084.524353161101,2736.6327354473874,-83.78918966627158,36.961850443141415,False
SEN,1987,1990,Agriculture,0.6693909324604396,0.6581082437774071,434.15535429286956,329.07369454412463,-70.34071020370301,-3.71283604931669,False
SEN,1987,1990,Manufacturing,0.07625419858920897,0.07494614389368959,3071.5587929731455,2906.2403298527074,-12.606226917248705,-3.801521309771629,False
SEN,1987,1990,Services,0.25435486895035153,0.26694561232890335,2736.6327354473874,2395.016602101372,-86.89172682855157,30.155039424429518,False
SEN,1990,1993,Agriculture,0.6581082437774071,0.6517367176419702,329.07369454412463,342.9921292388373,9.159836613067897,-2.185383315694403,False
SEN,1990,1993,Manufacturing,0.07494614389368959,0.08095142593961037,2906.2403298527074,2724.7877861261854,-13.599168452003918,16.363119170967817,False
SEN,1990,1993,Services,0.26694561232890335,0.2673118564184194,2395.016602101372,2308.7277859069613,-23.03442087615314,0.8455579058899629,False
SEN,1993,1996,Agriculture,0.6517367176419702,0.6334502102690783,342.9921292388373,355.5511733421432,8.185190180609323,-6.501789152761445,False
SEN,1993,1996,Manufacturing,0.08095142593961037,0.09329374943592043,2724.7877861261854,2566.751492668698,-12.793263305594316,31.679677257153802,False
SEN,1993,1996,Services,0.2673118564184194,0.2732560402950013,2308.7277859069613,2299.399203753387,-2.4936406132236533,13.668051672776038,False
SEN,1996,1999,Agriculture,0.6334502102690783,0.5926093002003981,355.5511733421432,397.88209279676425,26.814529829413114,-16.24986676985091,False
SEN,1996,1999,Manufacturing,0.09329374943592043,0.10561713550236936,2566.751492668698,2373.570118236593,-18.022614741955554,29.250420922816346,False
SEN,1996,1999,Services,0.2732560402950013,0.3017735642972325,2299.399203753387,2252.633120725632,-12.779114668271603,64.23951908851426,False
SEN,1999,2002,Agriculture,0.5926093002003981,0.5637586226506204,397.88209279676425,315.2557045165746,-48.965166136809565,-9.095340676735713,False
SEN,1999,2002,Manufacturing,0.10561713550236936,0.11932641052315517,2373.570118236593,2219.5145881843678,-16.270903792415194,30.42793590206566,False
SEN,1999,2002,Services,0.3017735642972325,0.3169149668262245,2252.633120725632,2257.7645452918214,1.5485282812613108,34.18572179595003,False
SEN,2002,2005,Agriculture,0.5637586226506204,0.5287270637795617,315.2557045165746,413.10690155256276,55.164456065723144,-14.471778741779248,False
SEN,2002,2005,Manufacturing,0.11932641052315517,0.13154558724946538,2219.5145881843678,2056.417116496401,-19.461835861927007,25.127724169478793,False
SEN,2002,2005,Services,0.3169149668262245,0.33972734897097295,2257.7645452918214,2296.266153410127,12.20173585956916,52.3833009976434,False
SEN,2005,2008,Agriculture,0.5287270637795617,0.5166377803054563,413.10690155256276,392.6146915795956,-10.83478600936117,-4.746430302604205,False
SEN,2005,2008,Manufacturing,0.13154558724946538,0.13230445842306154,2056.417116496401,1898.5891689881153,-20.761570039355234,1.4407845908469683,False
SEN,2005,2008,Services,0.33972734897097295,0.35105776127148225,2296.266153410127,2311.2306523659536,5.083849558941815,26.187196212881325,False
SEN,2008,2011,Agriculture,0.5166377803054563,0.5061008783778377,392.6146915795956,367.76761768766715,-12.836937102611573,-3.8751313197288733,False
SEN,2008,2011,Manufacturing,0.13230445842306154,0.14293352756120406,1898.5891689881153,1870.4866530478535,-3.7180881518017928,19.881531957218428,False
SEN,2008,2011,Services,0.35105776127148225,0.3509655940609582,2311.2306523659536,2267.628662309091,-15.306817016343626,-0.20900100830946744,False
SEN,2011,2014,Agriculture,0.5061008783778377,0.48805673154573836,367.76761768766715,383.13909526053874,7.779518301595541,-6.913418091998849,False
SEN,2011,2014,Manufacturing,0.14293352756120406,0.1492511540339908,1870.4866530478535,1752.8542276271703,-16.813617520958495,11.073878271393578,False
SEN,2011,2014,Services,0.3509655940609582,0.36269211442027083,2267.628662309091,2233.29226452426,-12.050894246466493,26.188747208239196,False
SEN,2014,2017,Agriculture,0.48805673154573836,0.46863031792588106,383.13909526053874,491.66967319183675,52.96907913791935,-9.551378435764688,False
SEN,2014,2017,Manufacturing,0.1492511540339908,0.15501780302232557,1752.8542276271703,1883.1502069075216,19.446825273581382,10.859466235545653,False
SEN,2014,2017,Services,0.36269211442027083,0.37635187905179335,2233.29226452426,2338.0888948206743,38.00891142632586,31.937743990827023,False
SLE,2002,2005,Agriculture,0.6850408986831347,0.6814482721398833,2655.126394074364,2925.5320847948396,185.23895738018854,-10.510344220967314,False
SLE,2002,2005,Manufacturing,0.05805459228760236,0.056928837820688125,5226.046737579322,6917.578069426661,98.20116181210228,-7.787494411885022,False
SLE,2002,2005,Services,0.256904509029263,0.26162289003942857,6184.404390626088,5743.102476277209,-113.37245163947266,27.098145663501324,False
SLE,2005,2008,Agriculture,0.6814482721398833,0.6606770212530113,2925.5320847948396,3673.5407769409317,509.72923080856833,-76.30403712099492,False
SLE,2005,2008,Manufacturing,0.056928837820688125,0.050071067678085036,6917.578069426661,6855.377690407297,-3.5409952895787016,-47.01260444154248,False
SLE,2005,2008,Services,0.26162289003942857,0.2892519110689037,5743.102476277209,5470.83377172131,-71.23172535320555,151.15378132765076,False
SLE,2008,2011,Agriculture,0.6606770212530113,0.631380189188599,3673.5407769409317,4178.613092949611,333.689673257974,-122.42012604629947,False
SLE,2008,2011,Manufacturing,0.050071067678085036,0.046944046255877676,6855.377690407297,8369.276466408777,75.80252807094018,-26.170906798836164,False
SLE,2008,2011,Services,0.2892519110689037,0.3216757645555233,5470.83377172131,5644.278724252782,50.16928398498361,183.00926639281658,False
SLE,2011,2014,Agriculture,0.631380189188599,0.5764932739552704,4178.613092949611,4851.129039036562,424.61324527272865,-266.2635083515384,False
SLE,2011,2014,Manufacturing,0.046944046255877676,0.055970499556674595,8369.276466408777,39908.40334113573,1480.574230877177,360.2313390681294,False
SLE,2011,2014,Services,0.3216757645555233,0.3675362264880549,5644.278724252782,5503.274150959369,-45.357753919984006,252.38269470435714,False
SLE,2014,2017,Agriculture,0.5764932739552704,0.5924423462195972,4851.129039036562,4851.94443367166,0.4700695227529891,77.3840123951277,False
SLE,2014,2017,Manufacturing,0.055970499556674595,0.05030291628062915,39908.40334113573,9948.00740595739,-1676.8983274076948,-56.38116040398036,False
SLE,2014,2017,Services,0.3675362264880549,0.35725473749977366,5503.274150959369,4647.985503471944,-314.34956205560036,-47.78821177163763,False
SWZ,1993,1996,Agriculture,0.16200732177276897,0.1586546601723878,52.09328202341876,65.61962698215028,2.1913669201386887,-0.22000040361439124,False
SWZ,1993,1996,Manufacturing,0.25147614234418014,0.25068054945808554,155.06273684749817,160.58422677129133,1.3885229860277637,-0.1277596684382411,False
SWZ,1993,1996,Services,0.5865165358830509,0.5906647903695267,80.62728786255451,85.05599793172826,2.5975116882021725,0.35283392502197,False
SWZ,1996,1999,Agriculture,0.1586546601723878,0.15512547033012938,65.61962698215028,76.28200194956878,1.6916354770863566,-0.26921366642755495,False
SWZ,1996,1999,Manufacturing,0.25068054945808554,0.25059413828770455,160.58422677129133,166.20792977580356,1.409752959160214,-0.014362221738529505,False
SWZ,1996,1999,Services,0.5906647903695267,0.5942803913821662,85.05599793172826,85.68787972538475,0.373230327188431,0.3098131847060301,False
SWZ,1999,2002,Agriculture,0.15512547033012938,0.1537160316593108,76.28200194956878,89.05821576681014,1.981916177437863,-0.1255220932558472,False
SWZ,1999,2002,Manufacturing,0.25059413828770455,0.2503956124517793,166.20792977580356,164.58645464451104,-0.4063321632811935,-0.03267466349027034,False
SWZ,1999,2002,Services,0.5942803913821662,0.5958883558889099,85.68787972538475,86.61527261693062,0.5511314105529233,0.13927428410995568,False
SWZ,2002,2005,Agriculture,0.1537160316593108,0.14737191960928417,89.05821576681014,102.8464261780474,2.119468988098985,-0.6524692516183251,False
SWZ,2002,2005,Manufacturing,0.2503956124517793,0.2485562154746563,164.58645464451104,171.39653892182847,1.7052152234671307,-0.31526627558215836,False
SWZ,2002,2005,Services,0.5958883558889099,0.6040718649160595,86.61527261693062,101.53275229745701,8.889152440835087,0.8308941949775831,False
SWZ,2005,2008,Agriculture,0.14737191960928417,0.14231600680925807,102.8464261780474,98.39475570966157,-0.6560512223939806,-0.4974753048479188,False
SWZ,2005,2008,Manufacturing,0.2485562154746563,0.24634186662610613,171.39653892182847,181.58713396300413,2.532935736869424,-0.40209726100250537,False
SWZ,2005,2008,Services,0.6040718649160595,0.6113421265646358,101.53275229745701,104.10556646201722,1.5541646504683417,0.756874707252121,False
SWZ,2008,2011,Agriculture,0.14231600680925807,0.13823318230100726,98.39475570966157,91.51892231287356,-0.9785411525166066,-0.3736556989877025,False
SWZ,2008,2011,Manufacturing,0.24634186662610613,0.24139892620410006,181.58713396300413,178.26945765780977,-0.8172825738827836,-0.8811753082658884,False
SWZ,2008,2011,Services,0.6113421265646358,0.6203678914948927,104.10556646201722,99.17841322672783,-3.0121763367716445,0.8951610439403235,False
SWZ,2011,2014,Agriculture,0.13823318230100726,0.13333035289258474,91.51892231287356,93.07227185230079,0.21472445006083005,-0.45631747154615543,False
SWZ,2011,2014,Manufacturing,0.24139892620410006,0.23774060622693707,178.26945765780977,177.62284100648696,-0.15609256529501533,-0.6498011876544755,False
SWZ,2011,2014,Services,0.6203678914948927,0.6289290408804782,99.17841322672783,94.29291723210575,-3.030804849090441,0.8072557504267064,False
SWZ,2014,2017,Agriculture,0.13333035289258474,0.13108640921379885,93.07227185230079,76.68469480647174,-2.184961430574808,-0.17207613617060719,False
SWZ,2014,2017,Manufacturing,0.23774060622693707,0.23665811536482725,177.62284100648696,167.37174400916464,-2.437102014634543,-0.18117838346530465,False
SWZ,2014,2017,Services,0.6289290408804782,0.632255475421374,94.29291723210575,91.49614408179792,-1.758971854983376,0.30435593403246797,False
TZA,1960,1963,Agriculture,0.90939621118968,0.9028758367150221,464.7380608538506,446.8994977439916,-16.22232170517374,-2.913952077827318,False
TZA,1960,1963,Manufacturing,0.014077908274278761,0.015254231804152979,13638.488875465418,13989.411703220798,4.9402593804907555,16.456074155596376,False
TZA,1960,1963,Services,0.07652588053604124,0.08186993148082497,5668.18693174152,5389.679696331733,-21.31301142539251,28.802722873263264,False
TZA,1963,1966,Agriculture,0.9028758367150221,0.9085645565886881,446.8994977439916,502.0263591995686,49.77271116217719,2.8558873266827347,False
TZA,1963,1966,Manufacturing,0.015254231804152979,0.021689544791613516,13989.411703220798,12809.84473128674,-17.99338801840494,82.43536016660249,False
TZA,1963,1966,Services,0.08186993148082497,0.0697458986196984,5389.679696331733,7676.918408612656,187.25607665472953,-93.0752110582073,False
TZA,1966,1969,Agriculture,0.9085645565886881,0.9079096925972886,502.0263591995686,476.6219219247855,-23.081571287948453,-0.3121225341801507,False
TZA,1966,1969,Manufacturing,0.021689544791613516,0.02574513559710379,12809.84473128674,11588.1714321994,-26.497537741273092,46.99688151287294,False
TZA,1966,1969,Services,0.0697458986196984,0.06634517180560774,7676.918408612656,8665.425734486405,68.94433173521969,-29.468745650779194,False
TZA,1969,1972,Agriculture,0.9079096925972886,0.8922733474169926,476.6219219247855,484.07664053957143,6.768211285949568,-7.569189445194805,False
TZA,1969,1972,Manufacturing,0.02574513559710379,0.030098377438692883,11588.1714321994,11339.808935946714,-6.3941261432605945,49.36493073558914,False
TZA,1969,1972,Services,0.06634517180560774,0.07762827514431452,8665.425734486405,8132.309954583466,-35.3696580099411,91.75769359995903,False
TZA,1972,1975,Agriculture,0.8922733474169926,0.8773540264763993,484.07664053957143,470.5385267931129,-12.079698070264547,-7.020115296140429,False
TZA,1972,1975,Manufacturing,0.030098377438692883,0.028426464552382857,11339.808935946714,10778.935118777315,-16.88139184464498,-18.02144052578349,False
TZA,1972,1975,Services,0.07762827514431452,0.09421950897121795,8132.309954583466,7311.469969766127,-63.72039219085531,121.30630788677237,False
TZA,1975,1978,Agriculture,0.8773540264763993,0.8688784472511301,470.5385267931129,443.2625608171313,-23.930678575060718,-3.7569069518013047,False
TZA,1975,1978,Manufacturing,0.028426464552382857,0.02730469984281806,10778.935118777315,9909.533855849992,-24.71400418240046,-11.116165367730085,False
TZA,1975,1978,Services,0.09421950897121795,0.10381685290605176,7311.469969766127,6568.762763764367,-69.97750825887104,63.042675470176164,False
TZA,1978,1981,Agriculture,0.8688784472511301,0.8612532158495232,443.2625608171313,434.83420572013705,-7.323216089557526,-3.31571143994997,False
TZA,1978,1981,Manufacturing,0.02730469984281806,0.025582267672856797,9909.533855849992,9583.157035763788,-8.911621108107212,-16.50633796819017,False
TZA,1978,1981,Services,0.10381685290605176,0.11316451647762012,6568.762763764367,6256.369238372305,-32.43171267443071,58.48243481981364,False
TZA,1981,1984,Agriculture,0.8612532158495232,0.8640687595012063,434.83420572013705,433.1629300410657,-1.439391553171302,1.2195891378215853,False
TZA,1981,1984,Manufacturing,0.025582267672856797,0.021626823611779585,9583.157035763788,8754.427402324882,-21.200783311062604,-34.627647876657555,False
TZA,1981,1984,Services,0.11316451647762012,0.114304416887014,6256.369238372305,5658.104383404589,-67.70235303797512,6.449675503036192,False
TZA,1984,1987,Agriculture,0.8640687595012063,0.8546263059417433,433.1629300410657,466.85209984302713,29.109759159406323,-4.40822927190559,False
TZA,1984,1987,Manufacturing,0.021626823611779585,0.022528401955065554,8754.427402324882,9159.541208704264,8.76132483326353,8.258043988203154,False
TZA,1984,1987,Services,0.114304416887014,0.12284529210319114,5658.104383404589,4975.526022906826,-78.02172147639075,42.49534689648937,False
TZA,1987,1990,Agriculture,0.8546263059417433,0.8429380983646496,466.85209984302713,502.0539206690295,30.08440209494951,-5.868110439673328,False
TZA,1987,1990,Manufacturing,0.022528401955065554,0.026137888331707586,9159.541208704264,9606.913574147406,10.07858447229157,34.676023667462474,False
TZA,1987,1990,Services,0.12284529210319114,0.130924013303643,4975.526022906826,4711.301833960035,-32.45869767189736,38.06129400774066,False
TZA,1990,1993,Agriculture,0.8429380983646496,0.8430090834696985,502.0539206690295,519.4591808424245,14.671556912103595,0.03687386452070564,False
TZA,1990,1993,Manufacturing,0.026137888331707586,0.02539238031432155,9606.913574147406,8718.195477951618,-23.22921435673325,-6.499484625951615,False
TZA,1990,1993,Services,0.130924013303643,0.13159853621598003,4711.301833960035,4584.159837361077,-16.645940454173715,3.0921208441152035,False
TZA,1993,1996,Agriculture,0.8430090834696985,0.840866603759931,519.4591808424245,546.7495396043729,23.00602032746935,-1.1713997949270594,False
TZA,1993,1996,Manufacturing,0.02539238031432155,0.02487663525747356,8718.195477951618,8534.922776914857,-4.653730125958405,-4.401844232773154,False
TZA,1993,1996,Services,0.13159853621598003,0.13425676098259542,4584.159837361077,4385.557798965329,-26.135737542390235,11.657798356632947,False
TZA,1996,1999,Agriculture,0.840866603759931,0.8272708833282126,546.7495396043729,561.249997735066,12.192950981319001,-7.630598061508552,False
TZA,1996,1999,Manufacturing,0.02487663525747356,0.028460247655407136,8534.922776914857,8943.439281870435,10.162516090437805,32.049819890677036,False
TZA,1996,1999,Services,0.13425676098259542,0.14426886901638017,4385.557798965329,4408.59777799794,3.0932729580252616,44.13935723081875,False
TZA,1999,2002,Agriculture,0.8272708833282126,0.8074750956630443,561.249997735066,603.1606222752746,34.67143938421541,-11.940039606552128,False
TZA,1999,2002,Manufacturing,0.028460247655407136,0.033305517206502364,8943.439281870435,8711.262364029306,-6.607812581627638,42.208414284033026,False
TZA,1999,2002,Services,0.14426886901638017,0.15921938713045322,4408.59777799794,4398.720786323944,-1.424942418091693,65.76315479468578,False
TZA,2002,2005,Agriculture,0.8074750956630443,0.7465171431370504,603.1606222752746,673.9066059865324,57.12561996502411,-41.079966894680716,False
TZA,2002,2005,Manufacturing,0.033305517206502364,0.04827072693499332,8711.262364029306,7706.42355548134,-33.4666762278556,115.32824476436122,False
TZA,2002,2005,Services,0.15921938713045322,0.20521212992795626,4398.720786323944,3869.218842818603,-84.30697492930418,177.95598706500834,False
TZA,2005,2008,Agriculture,0.7465171431370504,0.7139144661459189,673.9066059865324,736.6116813717675,46.81041373677908,-24.01551271565802,False
TZA,2005,2008,Manufacturing,0.04827072693499332,0.05553496599152144,7706.42355548134,7805.300115026199,4.772843406061473,56.69956594349675,False
TZA,2005,2008,Services,0.20521212992795626,0.23055056786255962,3869.218842818603,3776.107209700277,-19.10763655328214,95.68065816739873,False
TZA,2008,2011,Agriculture,0.7139144661459189,0.6999788246569432,736.6116813717675,777.0307434285255,28.85575311036914,-10.82842186633223,False
TZA,2008,2011,Manufacturing,0.05553496599152144,0.057433403500380516,7805.300115026199,9008.69149048835,66.8302991107808,17.102437831282657,False
TZA,2008,2011,Services,0.23055056786255962,0.24258777184267635,3776.107209700277,4131.614728473105,81.96246033248507,49.73308925388538,False
TZA,2011,2014,Agriculture,0.6999788246569432,0.6805033108533536,777.0307434285255,837.3920781422785,42.25165612765714,-16.30864097687651,False
TZA,2011,2014,Manufacturing,0.057433403500380516,0.060952918919352436,9008.69149048835,9568.676519691404,32.161846136391326,33.67710455020847,False
TZA,2011,2014,Services,0.24258777184267635,0.25854377022729397,4131.614728473105,4371.437336271526,58.17803206331899,69.75064707600559,False
TZA,2014,2017,Agriculture,0.6805033108533536,0.669238219033451,837.3920781422785,900.9153851041589,43.227820703913494,-10.148894535161206,False
TZA,2014,2017,Manufacturing,0.060952918919352436,0.06689801687408711,9568.676519691404,10832.522882300724,77.03512486664437,64.40040963218262,False
TZA,2014,2017,Services,0.25854377022729397,0.2638637640924618,4371.437336271526,4602.879031801307,59.83780855006705,24.487288211292682,False
UGA,1990,1993,Agriculture,0.9066351904109444,0.8900102160636754,1042.5335133069782,1085.4786159239316,38.93554128833906,-18.04605414424449,False
UGA,1990,1993,Manufacturing,0.021897084719351995,0.02538594014969479,8749.171681995269,8709.110970632619,-0.8772127906254581,30.384829103349624,False
UGA,1990,1993,Services,0.07146772486970361,0.08460384378663001,10125.994621474527,11038.735636493288,65.2315237386548,145.00614401348903,False
UGA,1993,1996,Agriculture,0.8900102160636754,0.8643973842655864,1085.4786159239316,1132.222232718011,41.6022964824962,-28.999417604663115,False
UGA,1993,1996,Manufacturing,0.02538594014969479,0.03157843377512686,8709.110970632619,9309.183614655041,15.233408226622325,57.64706019172803,False
UGA,1993,1996,Services,0.08460384378663001,0.10402418195928667,11038.735636493288,10715.75505550689,-27.32539861988817,208.10358695329907,False
UGA,1996,1999,Agriculture,0.8643973842655864,0.8290132422701658,1132.222232718011,1262.6691200259593,112.7579481745783,-44.67846343623134,False
UGA,1996,1999,Manufacturing,0.03157843377512686,0.03974820907611953,9309.183614655041,8935.170045131039,-11.810762736212515,72.99833154488108,False
UGA,1996,1999,Services,0.10402418195928667,0.1312385486537146,10715.75505550689,9286.955299701402,-148.6297257812945,252.7386070008347,False
UGA,1999,2002,Agriculture,0.8290132422701658,0.7804207605220799,1262.6691200259593,1315.9419967039912,44.163920219913955,-63.94488745637847,False
UGA,1999,2002,Manufacturing,0.03974820907611953,0.05017076608370407,8935.170045131039,7442.114223767048,-59.34629494989327,77.56585975416785,False
UGA,1999,2002,Services,0.1312385486537146,0.16940847339421605,9286.955299701402,7717.528712888821,-205.96926747183605,294.5774901536254,False
UGA,2002,2005,Agriculture,0.7804207605220799,0.7538438734304717,1315.9419967039912,1297.5821300333403,-14.328421110193396,-34.48569376198457,False
UGA,2002,2005,Manufacturing,0.05017076608370407,0.05941565474038034,7442.114223767048,7487.443269370466,2.2741929437666086,69.2205793485101,False
UGA,2002,2005,Services,0.16940847339421605,0.18674047182914796,7717.528712888821,7689.005257680306,-4.832115002802803,133.2658270922983,False
UGA,2005,2008,Agriculture,0.7538438734304717,0.7440683504482835,1297.5821300333403,1218.6378581521337,-59.511655700077,-11.912822389330788,False
UGA,2005,2008,Manufacturing,0.05941565474038034,0.06704082677229974,7487.443269370466,7506.3687651071,1.1244707204784292,57.237353168968006,False
UGA,2005,2008,Services,0.18674047182914796,0.18889082277941682,7689.005257680306,8893.492982861873,224.92660611282292,19.12413108690646,False
UGA,2008,2011,Agriculture,0.7440683504482835,0.6848536938964332,1218.6378581521337,1324.584351949622,78.83143287567641,-78.43480747465195,False
UGA,2008,2011,Manufacturing,0.06704082677229974,0.07907282328499042,7506.3687651071,7314.025779302003,-12.89483279222646,88.00233267029147,False
UGA,2008,2011,Services,0.18889082277941682,0.23607348281857624,8893.492982861873,8109.428919197081,-148.10250609741567,382.6244278062038,False
UGA,2011,2014,Agriculture,0.6848536938964332,0.7168466858972307,1324.584351949622,1166.6381314835196,-108.17005252319068,37.32424440837749,False
UGA,2011,2014,Manufacturing,0.07907282328499042,0.06908404621767858,7314.025779302003,8108.890494820869,62.852197185697506,-80.99789941600966,False
UGA,2011,2014,Services,0.23607348281857624,0.21406926788509079,8109.428919197081,9078.283620409153,228.72090366028482,-199.76050401062344,False
UGA,2014,2017,Agriculture,0.7168466858972307,0.7106996857143181,1166.6381314835196,1122.127401154153,-31.907369523471836,-6.897717340145805,False
UGA,2014,2017,Manufacturing,0.06908404621767858,0.07148021174261687,8108.890494820869,8097.265346345008,-0.8031122945937813,19.402388069189435,False
UGA,2014,2017,Services,0.21406926788509079,0.217820102543065,9078.283620409153,9346.808612625004,57.48294849249692,35.05833368568572,False
ZAF,1960,1963,Agriculture,0.3146294023876621,0.28143178376648015,16.391487133571374,19.80429958538269,1.0737711421745664,-0.657455584695167,False
ZAF,1960,1963,Manufacturing,0.27022089923417525,0.2798618396645684,213.65238599922063,237.83969941988016,6.535917582589455,2.2929983740896773,False
ZAF,1960,1963,Services,0.4151496983781625,0.43870637656895145,146.68548193274276,152.1633735921668,2.2741450701581445,3.584463624135465,False
ZAF,1963,1966,Agriculture,0.28143178376648015,0.24416675612335118,19.80429958538269,20.495137703067314,0.19442380375386129,-0.7637518730545383,False
ZAF,1963,1966,Manufacturing,0.2798618396645684,0.304580046267886,237.83969941988016,245.86883650289295,2.247049074970964,6.07743669799582,False
ZAF,1963,1966,Services,0.43870637656895145,0.4512531976087628,152.1633735921668,160.27066193998365,3.5567190948704104,2.010887313293081,False
ZAF,1966,1969,Agriculture,0.24416675612335118,0.21264677704629661,20.495137703067314,25.46711450992073,1.2139914484499363,-0.802722916505654,False
ZAF,1966,1969,Manufacturing,0.304580046267886,0.31163145305198653,245.86883650289295,251.79851392040783,1.8060614221803213,1.7755337492847991,False
ZAF,1966,1969,Services,0.4512531976087628,0.47572176990171683,160.27066193998365,172.62675583495073,5.575726880058005,4.223930254845613,False
ZAF,1969,1972,Agriculture,0.21264677704629661,0.19391661580721287,25.46711450992073,29.299809836828253,0.8150103086672869,-0.5487901625182853,False
ZAF,1969,1972,Manufacturing,0.31163145305198653,0.315659663946231,251.79851392040783,248.66555599314586,-0.9763282312233875,1.001677301674953,False
ZAF,1969,1972,Services,0.47572176990171683,0.49042372024655617,172.62675583495073,183.5595649139044,5.200975285037404,2.6986836086845365,False
ZAF,1972,1975,Agriculture,0.19391661580721287,0.17880696467123133,29.299809836828253,31.95074074257811,0.5140595499817617,-0.4827645461565468,False
ZAF,1972,1975,Manufacturing,0.315659663946231,0.3237102358436223,248.66555599314586,235.73367291752038,-4.082073865843891,1.8977908824586172,False
ZAF,1972,1975,Services,0.49042372024655617,0.4974827994851463,183.5595649139044,207.2238327198298,11.60551825429274,1.4628094552936217,False
ZAF,1975,1978,Agriculture,0.17880696467123133,0.15862981802809384,31.95074074257811,39.28185364538367,1.3108540458127622,-0.7925957214171715,False
ZAF,1975,1978,Manufacturing,0.3237102358436223,0.31748104045242714,235.73367291752038,243.93995447822036,2.656457339413359,-1.5195496401640856,False
ZAF,1975,1978,Services,0.4974827994851463,0.5238891415194791,207.2238327198298,199.25765963248315,-3.963034088676441,5.261665913216015,False
ZAF,1978,1981,Agriculture,0.15862981802809384,0.14180585562683987,39.28185364538367,47.41046752267031,1.2894405401746178,-0.7976319230272778,False
ZAF,1978,1981,Manufacturing,0.31748104045242714,0.34464112557730375,243.93995447822036,239.1239922211111,-1.5289767081666636,6.49462798412571,False
ZAF,1978,1981,Services,0.5238891415194791,0.5135530187958565,199.25765963248315,222.37042060593583,12.108524504527043,-2.298447957486531,False
ZAF,1981,1984,Agriculture,0.14180585562683987,0.1380120299552503,47.41046752267031,35.57866204372376,-1.6778192995523473,-0.13497924142228837,False
ZAF,1981,1984,Manufacturing,0.34464112557730375,0.3360961366377054,239.1239922211111,229.29755015138454,-3.3865960553307346,-1.9593450299205846,False
ZAF,1981,1984,Services,0.5135530187958565,0.5258918334070443,222.37042060593583,223.1952862065828,0.4236122193131104,2.753965258594026,False
ZAF,1984,1987,Agriculture,0.1380120299552503,0.1296675893964008,35.57866204372376,45.364262947766065,1.350530645098811,-0.37853939566365286,False
ZAF,1984,1987,Manufacturing,0.3360961366377054,0.32584225889586593,229.29755015138454,202.80736164465716,-8.903250015915617,-2.079561891449333,False
ZAF,1984,1987,Services,0.5258918334070443,0.5444901517077333,223.1952862065828,205.11449771821702,-9.508539007591661,3.8147847166493545,False
ZAF,1987,1990,Agriculture,0.1296675893964008,0.11403551880941483,45.364262947766065,48.60002127320279,0.41957298192871495,-0.7597189630717259,False
ZAF,1987,1990,Manufacturing,0.32584225889586593,0.30388442502888036,202.80736164465716,194.13304478530688,-2.8264589998291902,-4.262741145487839,False
ZAF,1987,1990,Services,0.5444901517077333,0.5820800561617049,205.11449771821702,176.06051373652116,-15.819608145907635,6.618097889472983,False
ZAF,1990,1993,Agriculture,0.11403551880941483,0.10786986371462734,48.60002127320279,44.599219370296105,-0.4562335206516582,-0.27498340413401107,False
ZAF,1990,1993,Manufacturing,0.30388442502888036,0.27465496214931917,194.13304478530688,189.22713613784566,-1.490829228577964,-5.531007551546831,False
ZAF,1990,1993,Services,0.5820800561617049,0.6174751741360535,176.06051373652116,156.46974786821647,-11.403394096873603,5.538265185212099,False
ZAF,1993,1996,Agriculture,0.10786986371462734,0.1040317398054439,44.599219370296105,45.17547943188415,0.062161094307685114,-0.1733890877163391,False
ZAF,1993,1996,Manufacturing,0.27465496214931917,0.26968272812540817,189.22713613784566,182.6418815642381,-1.8086728456578145,-0.9081381777048286,False
ZAF,1993,1996,Services,0.6174751741360535,0.6262855320691479,156.46974786821647,157.02556209250906,0.34320148493236224,1.3834514066803574,False
ZAF,1996,1999,Agriculture,0.1040317398054439,0.10048353553756068,45.17547943188415,44.029401795555074,-0.11922845045942447,-0.156225311363334,False
ZAF,1996,1999,Manufacturing,0.26968272812540817,0.2641685906852134,182.6418815642381,175.14609236916425,-2.0214848795804743,-0.9657796254366156,False
ZAF,1996,1999,Services,0.6262855320691479,0.6353478737772259,157.02556209250906,154.53362111351848,-1.5606665819120313,1.4004364799173552,False
ZAF,1999,2002,Agriculture,0.10048353553756068,0.10926715710446404,44.029401795555074,42.91702259843131,-0.11177579458542906,0.37696688528286026,False
ZAF,1999,2002,Manufacturing,0.2641685906852134,0.27718499028735594,175.14609236916425,177.8709249183629,0.7198151743750054,2.3152390363401,False
ZAF,1999,2002,Services,0.6353478737772259,0.6135478526081799,154.53362111351848,174.79268078453813,12.871550486708284,-3.810484141297232,False
ZAF,2002,2005,Agriculture,0.10926715710446404,0.07042747641506278,42.91702259843131,63.70620972514829,2.271575375849086,-2.4743288436567887,False
ZAF,2002,2005,Manufacturing,0.27718499028735594,0.27499627247516273,177.8709249183629,180.775144749772,0.8050061457614801,-0.3956657793156315,False
ZAF,2002,2005,Services,0.6135478526081799,0.6545762511097745,174.79268078453813,172.37380071257817,-1.484098673867754,7.072220986870103,False
ZAF,2005,2008,Agriculture,0.07042747641506278,0.05657309261971249,63.70620972514829,78.64006318450367,1.0517536122947548,-1.0895096170487106,False
ZAF,2005,2008,Manufacturing,0.27499627247516273,0.25068734808308896,180.775144749772,184.40246485134054,0.9974995070055741,-4.4826255757832785,False
ZAF,2005,2008,Services,0.6545762511097745,0.6927395592971984,172.37380071257817,162.32050658476118,-6.58064758149036,6.194687517933023,False
ZAF,2008,2011,Agriculture,0.05657309261971249,0.04600427601085061,78.64006318450367,101.16260550779809,1.2741698728871296,-1.0691690252865587,False
ZAF,2008,2011,Manufacturing,0.25068734808308896,0.23534782563352954,184.40246485134054,205.1203372359443,5.1937084860201805,-3.146448017891965,False
ZAF,2008,2011,Services,0.6927395592971984,0.7186478983556199,162.32050658476118,175.5581415931296,9.1702334418343,4.5484198568611705,False
ZAF,2011,2014,Agriculture,0.04600427601085061,0.04649517749801812,101.16260550779809,106.00751359925889,0.22288648908676584,0.05203924607680619,False
ZAF,2011,2014,Manufacturing,0.23534782563352954,0.22653534912812495,205.1203372359443,204.93665126497027,-0.04323009386812381,-1.8059994243688449,False
ZAF,2011,2014,Services,0.7186478983556199,0.726969473373857,175.5581415931296,174.95759520857126,-0.4315813971279083,1.4559227535384764,False
ZAF,2014,2017,Agriculture,0.04649517749801812,0.05137912786857313,106.00751359925889,91.65353821205647,-0.6673906334301595,0.44763133191345084,False
ZAF,2014,2017,Manufacturing,0.22653534912812495,0.22080995259603153,204.93665126497027,199.1125928853328,-1.3193550983737576,-1.139998548801813,False
ZAF,2014,2017,Services,0.726969473373857,0.7278109195353953,174.95759520857126,169.15434656841813,-4.218784607789671,0.14233427562752518,False
ZMB,1966,1969,Agriculture,0.6309386035068162,0.6404707255339575,2.8141272367968755,2.8280574920548704,0.008789135798972824,0.026957389114038114,False
ZMB,1966,1969,Manufacturing,0.12817310649629696,0.12273889648519191,221.66174004803614,204.8159967780053,-2.1591712461589383,-1.1130131401254946,False
ZMB,1966,1969,Services,0.24088828999688688,0.23679037798085062,23.38706842693493,26.751337127398642,0.8104129343447523,-0.10962462585940395,False
ZMB,1969,1972,Agriculture,0.6404707255339575,0.6197946043316335,2.8280574920548704,3.2664855917567275,0.2808003631105226,-0.06753825200080707,False
ZMB,1969,1972,Manufacturing,0.12273889648519191,0.11519091210962903,204.8159967780053,181.7640911820779,-2.829365454724952,-1.3719525202807106,False
ZMB,1969,1972,Services,0.23679037798085062,0.26501448355873747,26.751337127398642,29.51638420570398,0.6547365428067673,0.8330735440992609,False
ZMB,1972,1975,Agriculture,0.6197946043316335,0.6445189302755321,3.2664855917567275,2.771024299491028,-0.3070842356014589,0.06851170797907952,False
ZMB,1972,1975,Manufacturing,0.11519091210962903,0.11190509471795546,181.7640911820779,162.81638360269355,-2.182603718455814,-0.5349849048911274,False
ZMB,1972,1975,Services,0.26501448355873747,0.2435759750065124,29.51638420570398,35.118400710538694,1.4846155109162955,-0.7528861339733506,False
ZMB,1975,1978,Agriculture,0.6445189302755321,0.6741654170461714,2.771024299491028,2.257786360626301,-0.3307915673339128,0.0669354334712375,False
ZMB,1975,1978,Manufacturing,0.11190509471795546,0.10118058676303003,162.81638360269355,160.01399142030468,-0.31360196260708456,-1.7160713238864262,False
ZMB,1975,1978,Services,0.2435759750065124,0.22465399619079862,35.118400710538694,40.82527580218038,1.390057664687003,-0.7724950038745295,False
ZMB,1978,1981,Agriculture,0.6741654170461714,0.674834021221303,2.257786360626301,1.800140816625517,-0.30852879903061053,0.001203581665820616,False
ZMB,1978,1981,Manufacturing,0.10118058676303003,0.09380833848160014,160.01399142030468,143.77350571264316,-1.6432218732177957,-1.0599339804051842,False
ZMB,1978,1981,Services,0.22465399619079862,0.23135764029709685,40.82527580218038,43.36716658457907,0.5710459221464211,0.290718050681567,False
ZMB,1981,1984,Agriculture,0.674834021221303,0.7083635097101103,1.800140816625517,1.886052861904285,0.05797637098681756,0.06323838772250183,False
ZMB,1981,1984,Manufacturing,0.09380833848160014,0.09007311594276549,143.77350571264316,135.4393315721787,-0.7818150287332886,-0.5058960439331018,False
ZMB,1981,1984,Services,0.23135764029709685,0.20156337434712426,43.36716658457907,49.26435250731862,1.3643590194782806,-1.4677952204562499,False
ZMB,1984,1987,Agriculture,0.7083635097101103,0.7321894357500164,1.886052861904285,2.069441411885638,0.1299057569054392,0.04930635802350602,False
ZMB,1984,1987,Manufacturing,0.09007311594276549,0.08431400456282903,135.4393315721787,126.98954946913608,-0.7610982030584629,-0.7313469594807049,False
ZMB,1984,1987,Services,0.20156337434712426,0.18349655968715453,49.26435250731862,52.90981209916564,0.7347911363787761,-0.9559117688894497,False
ZMB,1987,1990,Agriculture,0.7321894357500164,0.7530171641912573,2.069441411885638,2.0120496330745157,-0.042021654144405333,0.041906423367974455,False
ZMB,1987,1990,Manufacturing,0.08431400456282903,0.08047244157741687,126.98954946913608,111.75079500617304,-1.2848404133220974,-0.42929771768609654,False
ZMB,1987,1990,Services,0.18349655968715453,0.16651039423132583,52.90981209916564,57.2383730574867,0.7942760442480464,-0.972260475176917,False
ZMB,1990,1993,Agriculture,0.7530171641912573,0.7519552338478281,2.0120496330745157,2.6198027939274118,0.45764856171372087,-0.0027820480806720164,False
ZMB,1990,1993,Manufacturing,0.08047244157741687,0.0651677548487628,111.75079500617304,107.58821788238185,-0.33497274440577773,-1.6466039703840316,False
ZMB,1990,1993,Services,0.16651039423132583,0.18287701130340908,57.2383730574867,53.62077038195396,-0.6023684476752551,0.8775906159515439,False
ZMB,1993,1996,Agriculture,0.7519552338478281,0.745948772347638,2.6198027939274118,3.5337756163168494,0.6872666473904091,-0.021225487189717805,False
ZMB,1993,1996,Manufacturing,0.0651677548487628,0.056951391829412085,107.58821788238185,96.86014089360174,-0.6991246912034761,-0.7958380796872897,False
ZMB,1993,1996,Services,0.18287701130340908,0.1970998358229499,53.62077038195396,51.80734832227007,-0.3316332065066616,0.7368468240103748,False
ZMB,1996,1999,Agriculture,0.745948772347638,0.7242323533906172,3.5337756163168494,3.6058191465213416,0.05374078291163091,-0.07830547926910467,False
ZMB,1996,1999,Manufacturing,0.056951391829412085,0.052290463178439,96.86014089360174,80.65840594826821,-0.9227113551879681,-0.37594307522610104,False
ZMB,1996,1999,Services,0.1970998358229499,0.2234771834309438,51.80734832227007,48.19611109997536,-0.7117742636320133,1.2712855758375434,False
ZMB,1999,2002,Agriculture,0.7242323533906172,0.7292199235696719,3.6058191465213416,3.2832755977135295,-0.23359647342404316,0.016375567460774034,False
ZMB,1999,2002,Manufacturing,0.052290463178439,0.05894527790397621,80.65840594826821,85.32084385428242,0.243801037646194,0.5677944080767394,False
ZMB,1999,2002,Services,0.2234771834309438,0.2118347985263519,48.19611109997536,54.164964385415914,1.33390252054279,-0.6306093637185245,False
ZMB,2002,2005,Agriculture,0.7292199235696719,0.7369817286459376,3.2832755977135295,3.2835171805811143,0.00017616704023592985,0.025486020320240037,False
ZMB,2002,2005,Manufacturing,0.05894527790397621,0.06704379209187517,85.32084385428242,93.11341544341617,0.45933529790811883,0.7540803160522355,False
ZMB,2002,2005,Services,0.2118347985263519,0.19597447926218722,54.164964385415914,62.968367445149205,1.8648671135048716,-0.9986984112232996,False
ZMB,2005,2008,Agriculture,0.7369817286459376,0.7300069901967525,3.2835171805811143,3.1211977759761576,-0.11962643539854038,-0.021769538135611798,False
ZMB,2005,2008,Manufacturing,0.06704379209187517,0.06723115096182809,93.11341544341617,102.04805053509828,0.5990118175035074,0.019119607429155274,False
ZMB,2005,2008,Services,0.19597447926218722,0.2027618588414194,62.968367445149205,67.14909680182089,0.8193162586098722,0.45576640839656346,False
ZMB,2008,2011,Agriculture,0.7300069901967525,0.7138307476209632,3.1211977759761576,3.5703552603809308,0.32788810331467333,-0.05775493277366735,False
ZMB,2008,2011,Manufacturing,0.06723115096182809,0.07193312042155083,102.04805053509828,109.65804785098975,0.5116288783638054,0.5156087920081678,False
ZMB,2008,2011,Services,0.2027618588414194,0.21423613195748595,67.14909680182089,68.12140998238948,0.19714802786810018,0.7816436631894793,False
ZMB,2011,2014,Agriculture,0.7138307476209632,0.6816148682487433,3.5703552603809308,3.3035656440829664,-0.19044263125948582,-0.10642727228798686,False
ZMB,2011,2014,Manufacturing,0.07193312042155083,0.06859743746557286,109.65804785098975,109.41550158399625,-0.017447109831441064,-0.3649754237535168,False
ZMB,2011,2014,Services,0.21423613195748595,0.24978769428568384,68.12140998238948,65.20903908643814,-0.623935075574173,2.318283217443398,False
ZMB,2014,2017,Agriculture,0.6816148682487433,0.6773966881390276,3.3035656440829664,3.1625577699449505,-0.09611306355261905,-0.013340238281008445,False
ZMB,2014,2017,Manufacturing,0.06859743746557286,0.0704772084789693,109.41550158399625,115.92677597200033,0.4466567376522962,0.21791579314866902,False
ZMB,2014,2017,Services,0.24978769428568384,0.2521261033820031,65.20903908643814,63.45580580990321,-0.43793609769059444,0.1483856335201452,False
