iso3,year,country_exists,depth_score,agreement_type,reciprocal,fta_or_deeper,nonreciprocal_only,n_northern_reporting,n_northern_with_agreement,trade_total_northern,gdp_total_northern,trade_reciprocal_northern,gdp_reciprocal_northern,n_reciprocal_partners,n_partners_trade_available,reciprocal_trade_share,reciprocal_gdp_share,gdp_african,gdpcap_african,gdp_ppp_african,gdpcap_ppp_african,pop_african,pop_pwt_african,gdp_ppp_pwt_african,wto_african,gatt_african
AGO,1950,True,0.0,0_none,0.0,0.0,0.0,28.0,0.0,109650.0,439149675.856,0.0,0.0,0.0,14.0,0.0,0.0,,,,,4117.617,,,0.0,0.0
AGO,1951,True,0.0,0_none,0.0,0.0,0.0,28.0,0.0,152450.0,508704606.91200006,0.0,0.0,0.0,15.0,0.0,0.0,,,,,4173.095,,,0.0,0.0
AGO,1952,True,0.0,0_none,0.0,0.0,0.0,28.0,0.0,154550.0,564177641.312,0.0,0.0,0.0,19.0,0.0,0.0,,,,,4232.095,,,0.0,0.0
AGO,1953,True,0.0,0_none,0.0,0.0,0.0,28.0,0.0,179100.0,594802213.104,0.0,0.0,0.0,18.0,0.0,0.0,,,,,4293.84,,,0.0,0.0
AGO,1954,True,0.0,0_none,0.0,0.0,0.0,28.0,0.0,183750.0,608996152.944,0.0,0.0,0.0,17.0,0.0,0.0,,,,,4357.527,,,0.0,0.0
AGO,1955,True,0.0,0_none,0.0,0.0,0.0,28.0,0.0,171200.0,707212135.52,0.0,0.0,0.0,20.0,0.0,0.0,,,,,4423.223,,,0.0,0.0
AGO,1956,True,0.0,0_none,0.0,0.0,0.0,28.0,0.0,192800.0,759962809.184,0.0,0.0,0.0,19.0,0.0,0.0,,,,,4490.992,,,0.0,0.0
AGO,1957,True,0.0,0_none,0.0,0.0,0.0,28.0,0.0,206600.0,810041068.576,0.0,0.0,0.0,20.0,0.0,0.0,,,,,4561.361,,,0.0,0.0
AGO,1958,True,0.0,0_none,0.0,0.0,0.0,28.0,0.0,211100.0,830159736.224,0.0,0.0,0.0,20.0,0.0,0.0,,,,,4635.885,,,0.0,0.0
AGO,1959,True,0.0,0_none,0.0,0.0,0.0,28.0,0.0,209605.0,885219863.3280001,0.0,0.0,0.0,19.0,0.0,0.0,,,,,4714.676,,,0.0,0.0
AGO,1960,True,0.0,0_none,0.0,0.0,0.0,29.0,0.0,211250.0,1004764122.1600001,0.0,0.0,0.0,19.0,0.0,0.0,,,,,4965.988,,,0.0,0.0
AGO,1961,True,0.0,0_none,0.0,0.0,0.0,29.0,0.0,202050.0,1068562561.6,0.0,0.0,0.0,19.0,0.0,0.0,,,,,5056.688,,,0.0,0.0
AGO,1962,True,0.0,0_none,0.0,0.0,0.0,29.0,0.0,233250.0,1154279277.792,0.0,0.0,0.0,19.0,0.0,0.0,,,,,5150.076,,,0.0,0.0
AGO,1963,True,0.0,0_none,0.0,0.0,0.0,29.0,0.0,258350.0,1241588382.56,0.0,0.0,0.0,20.0,0.0,0.0,,,,,5245.015,,,0.0,0.0
AGO,1964,True,0.0,0_none,0.0,0.0,0.0,30.0,0.0,337500.0,1356808025.408,0.0,0.0,0.0,19.0,0.0,0.0,,,,,5339.893,,,0.0,0.0
AGO,1965,True,0.0,0_none,0.0,0.0,0.0,31.0,0.0,351950.0,1474823991.328,0.0,0.0,0.0,19.0,0.0,0.0,,,,,5433.841,,,0.0,0.0
AGO,1966,True,0.0,0_none,0.0,0.0,0.0,31.0,0.0,385900.0,1613314560.144,0.0,0.0,0.0,21.0,0.0,0.0,,,,,5526.653,,,0.0,0.0
AGO,1967,True,0.0,0_none,0.0,0.0,0.0,31.0,0.0,460905.0,1724081100.72,0.0,0.0,0.0,20.0,0.0,0.0,,,,,5619.643,,,0.0,0.0
AGO,1968,True,0.0,0_none,0.0,0.0,0.0,31.0,0.0,512260.0,1867705725.52,0.0,0.0,0.0,21.0,0.0,0.0,,,,,5715.372,,,0.0,0.0
AGO,1969,True,0.0,0_none,0.0,0.0,0.0,31.0,0.0,578952.5,2054570607.7919998,0.0,0.0,0.0,25.0,0.0,0.0,,,,,5817.283,,,0.0,0.0
AGO,1970,True,0.0,0_none,0.0,0.0,0.0,31.0,0.0,724104.0,2273816559.2320004,0.0,0.0,0.0,26.0,0.0,0.0,,,,,5928.087,6776.381,26946298.0,0.0,0.0
AGO,1971,True,0.0,0_none,0.0,0.0,0.0,31.0,0.0,776009.5,2523239156.608,0.0,0.0,0.0,25.0,0.0,0.0,,,,,6049.214,6927.269,28665626.0,0.0,0.0
AGO,1972,True,1.0,1_nonreciprocal,0.0,0.0,1.0,31.0,8.0,778090.5,2927304446.368,0.0,0.0,0.0,27.0,0.0,0.0,,,,,6180.863,7094.834,28764284.0,0.0,0.0
AGO,1973,True,1.0,1_nonreciprocal,0.0,0.0,1.0,31.0,10.0,1141168.008,3532604577.152,0.0,0.0,0.0,26.0,0.0,0.0,,,,,6323.057,7277.96,31044562.0,0.0,0.0
AGO,1974,True,1.0,1_nonreciprocal,0.0,0.0,1.0,31.0,10.0,1746720.0,3948556657.12,0.0,0.0,0.0,24.0,0.0,0.0,,,,,6475.333,7474.338,32450828.0,0.0,0.0
AGO,1975,True,1.0,1_nonreciprocal,0.0,0.0,1.0,31.0,10.0,1208696.0,4429510582.784,0.0,0.0,0.0,23.0,0.0,0.0,4053100.032,0.611,,,6637.628,7682.479,31176414.0,0.0,0.0
AGO,1976,True,1.0,1_nonreciprocal,0.0,0.0,1.0,31.0,11.0,673519.0,4806278232.896,0.0,0.0,0.0,23.0,0.0,0.0,3845100.032,0.565,,,6808.733,7900.997,29343226.0,0.0,0.0
AGO,1977,True,1.0,1_nonreciprocal,0.0,0.0,1.0,31.0,15.0,1040970.0,5430826885.312,0.0,0.0,0.0,22.0,0.0,0.0,4165399.808,0.596,,,6989.55,8130.988,29523966.0,0.0,0.0
AGO,1978,True,1.0,1_nonreciprocal,0.0,0.0,1.0,31.0,15.0,1061510.0,6534032980.16,0.0,0.0,0.0,20.0,0.0,0.0,4664600.064,0.649,,,7184.444,8376.147,27811554.0,0.0,0.0
AGO,1979,True,1.0,1_nonreciprocal,0.0,0.0,1.0,31.0,15.0,1378908.0,7510149364.864,0.0,0.0,0.0,22.0,0.0,0.0,5175200.256,0.699,,,7399.204,8641.521,27741820.0,0.0,0.0
AGO,1980,True,1.0,1_nonreciprocal,0.0,0.0,1.0,31.0,15.0,2155130.0,8340612450.304,0.0,0.0,0.0,22.0,0.0,0.0,5954599.936,0.78,,,7637.141,8929.9,28645414.0,0.0,0.0
AGO,1981,True,1.0,1_nonreciprocal,0.0,0.0,1.0,31.0,16.0,2401370.8175,8455798984.639999,0.0,0.0,0.0,23.0,0.0,0.0,6359499.776,0.805,,,7901.87,9244.507,28357640.0,0.0,0.0
AGO,1982,True,1.0,1_nonreciprocal,0.0,0.0,1.0,31.0,16.0,1820612.0605000001,8413404846.592001,0.0,0.0,0.0,23.0,0.0,0.0,6964499.968,0.85,,,8190.093,9582.156,28917638.0,0.0,0.0
AGO,1983,True,1.0,1_nonreciprocal,0.0,0.0,1.0,31.0,16.0,1867713.0285,8740008512.064,0.0,0.0,0.0,22.0,0.0,0.0,6707799.552,0.79,,,8489.864,9931.563,29172244.0,0.0,0.0
AGO,1984,True,1.0,1_nonreciprocal,0.0,0.0,1.0,31.0,16.0,2448472.4675000003,9461506897.664,0.0,0.0,0.0,21.0,0.0,0.0,4113999.872,0.468,,,8784.753,10277.321,32110170.0,0.0,0.0
AGO,1985,True,1.0,1_nonreciprocal,0.0,0.0,1.0,31.0,17.0,2800935.341,10013658187.84,0.0,0.0,0.0,25.0,0.0,0.0,6804278.272,0.751,,,9063.646,10609.042,32760680.0,0.0,0.0
AGO,1986,True,1.0,1_nonreciprocal,0.0,0.0,1.0,31.0,19.0,2036015.244,11908986258.239998,0.0,0.0,0.0,25.0,0.0,0.0,6355849.216,0.682,,,9320.678,10921.037,28397872.0,0.0,0.0
AGO,1987,True,1.0,1_nonreciprocal,0.0,0.0,1.0,31.0,19.0,2677152.8959999997,13601061168.384003,0.0,0.0,0.0,25.0,0.0,0.0,7383121.408,0.772,,,9561.022,11218.269,32269600.0,0.0,0.0
AGO,1988,True,1.0,1_nonreciprocal,0.0,0.0,1.0,31.0,19.0,3050342.4894999997,15340574223.36,0.0,0.0,0.0,25.0,0.0,0.0,7975234.048,0.814,,,9798.055,11513.969,30670846.0,0.0,0.0
AGO,1989,True,1.0,1_nonreciprocal,0.0,0.0,1.0,31.0,19.0,3502995.947,16164941408.576,0.0,0.0,0.0,25.0,0.0,0.0,9283054.592,0.924,,,10051.133,11827.237,32336064.0,0.0,0.0
AGO,1990,True,1.0,1_nonreciprocal,0.0,0.0,1.0,31.0,19.0,4589482.3035,18322889058.559998,0.0,0.0,0.0,25.0,0.0,0.0,10260193.28,0.993,34569336.017,2.84,10333.844,12171.441,33830600.0,0.0,0.0
AGO,1991,True,1.0,1_nonreciprocal,0.0,0.0,1.0,34.0,19.0,4421645.271,19393791276.544,0.0,0.0,0.0,24.0,0.0,0.0,12193746.944,1.145,35291341.121,2.811,10652.727,12553.446,31355708.0,0.0,0.0
AGO,1992,True,1.0,1_nonreciprocal,0.0,0.0,1.0,34.0,19.0,5340875.009,20844117865.92,0.0,0.0,0.0,25.0,0.0,0.0,5779394.048,0.525,33605213.16,2.591,11002.758,12968.345,36164008.0,0.0,0.0
AGO,1993,True,1.0,1_nonreciprocal,0.0,0.0,1.0,36.0,20.0,3859307.148,21072670525.888,0.0,0.0,0.0,29.0,0.0,0.0,5285600.256,0.465,25906791.102,1.933,11372.156,13403.734,31365696.0,0.0,0.0
AGO,1994,True,1.0,1_nonreciprocal,0.0,0.0,1.0,36.0,20.0,3686442.5549999997,22587045957.952,0.0,0.0,0.0,29.0,0.0,0.0,4059352.064,0.346,27384156.308,1.978,11743.432,13841.301,33521874.0,0.0,1.0
AGO,1995,True,1.0,1_nonreciprocal,0.0,0.0,1.0,36.0,21.0,4558643.4135,24960546077.760002,0.0,0.0,0.0,31.0,0.0,0.0,5039552.512,0.416,30862652.597,2.163,12104.952,14268.994,33295988.0,0.0,1.0
AGO,1996,True,1.0,1_nonreciprocal,0.0,0.0,1.0,36.0,21.0,5297541.442,25115816761.408,0.0,0.0,0.0,31.0,0.0,0.0,7526446.592,0.604,34945786.283,2.38,12451.945,14682.284,43772456.0,1.0,1.0
AGO,1997,True,1.0,1_nonreciprocal,0.0,0.0,1.0,36.0,21.0,5715139.444499999,24683023210.688,0.0,0.0,0.0,33.0,0.0,0.0,7648377.344,0.598,38351851.583,2.542,12791.388,15088.98,40734228.0,1.0,1.0
AGO,1998,True,1.0,1_nonreciprocal,0.0,0.0,1.0,36.0,21.0,5008834.106000001,24755038679.936,0.0,0.0,0.0,33.0,0.0,0.0,6445041.664,0.491,41406142.195,2.671,13137.542,15504.318,42079972.0,1.0,1.0
AGO,1999,True,1.0,1_nonreciprocal,0.0,0.0,1.0,36.0,21.0,5757402.183,26015395041.984,0.0,0.0,0.0,32.0,0.0,0.0,6152923.136,0.455,43401794.411,2.721,13510.616,15949.767,44278480.0,1.0,1.0
AGO,2000,True,1.0,1_nonreciprocal,0.0,0.0,1.0,36.0,23.0,12844400.425,26479956300.608,0.0,0.0,0.0,36.0,0.0,0.0,9129594.88,0.656,45726453.705,2.781,13924.93,16440.924,36798776.0,1.0,1.0
AGO,2001,True,1.0,1_nonreciprocal,0.0,0.0,1.0,36.0,23.0,13237637.0955,26213172625.856,0.0,0.0,0.0,36.0,0.0,0.0,8936079.36,0.621,48742596.951,2.87,14385.283,16983.268,37047272.0,1.0,1.0
AGO,2002,True,1.0,1_nonreciprocal,0.0,0.0,1.0,36.0,23.0,13473850.140999999,27332669775.68,0.0,0.0,0.0,35.0,0.0,0.0,12497345.536,0.84,46055962.673,2.621,14886.574,17572.648,42365440.0,1.0,1.0
AGO,2003,True,1.0,1_nonreciprocal,0.0,0.0,1.0,36.0,24.0,14321228.421,30659992696.192,0.0,0.0,0.0,35.0,0.0,0.0,14188949.504,0.92,49439320.644,2.716,15421.075,18203.369,44380368.0,1.0,1.0
AGO,2004,True,1.0,1_nonreciprocal,0.0,0.0,1.0,36.0,31.0,15416374.754,34051005386.304,0.0,0.0,0.0,35.0,0.0,0.0,19640862.72,1.229,56325455.002,2.986,15976.715,18865.717,52764268.0,1.0,1.0
AGO,2005,True,1.0,1_nonreciprocal,0.0,0.0,1.0,36.0,31.0,20040137.077,35810110801.536,0.0,0.0,0.0,35.0,0.0,0.0,28233699.328,1.707,68754610.654,3.516,16544.376,19552.541,66810616.0,1.0,1.0
AGO,2006,True,1.0,1_nonreciprocal,0.0,0.0,1.0,36.0,31.0,23892505.966,37668340994.816,0.0,0.0,0.0,35.0,0.0,0.0,41789493.248,2.441,85561283.21,4.223,17122.41,20262.4,84281656.0,1.0,1.0
AGO,2007,True,1.0,1_nonreciprocal,0.0,0.0,1.0,36.0,31.0,29024434.504499998,41090276041.472,0.0,0.0,0.0,36.0,0.0,0.0,60448886.784,3.413,107683724.422,5.128,17712.824,20997.686,92073624.0,1.0,1.0
AGO,2008,True,1.0,1_nonreciprocal,0.0,0.0,1.0,36.0,31.0,42937200.1355,43356354594.304,0.0,0.0,0.0,36.0,0.0,0.0,84178083.84,4.596,124966743.631,5.743,18314.442,21759.42,110301296.0,1.0,1.0
AGO,2009,True,1.0,1_nonreciprocal,0.0,0.0,1.0,36.0,31.0,29169581.9395,40865587641.088,0.0,0.0,0.0,36.0,0.0,0.0,75492417.536,3.989,128953968.329,5.719,18926.649,22549.547,89814960.0,1.0,1.0
AGO,2010,True,1.0,1_nonreciprocal,0.0,0.0,1.0,36.0,31.0,30354570.813999996,42666123500.352005,0.0,0.0,0.0,36.0,0.0,0.0,82470895.616,4.219,134976922.759,5.776,19549.124,23369.131,126388792.0,1.0,1.0
AGO,2011,True,1.0,1_nonreciprocal,0.0,0.0,1.0,36.0,31.0,39017951.14750001,45767108476.736,0.0,0.0,0.0,36.0,0.0,0.0,104115871.744,5.159,143162097.316,5.911,20180.49,24218.564,165386624.0,1.0,1.0
AGO,2012,True,1.0,1_nonreciprocal,0.0,0.0,1.0,36.0,31.0,35205936.252,45700867909.632,0.0,0.0,0.0,36.0,0.0,0.0,115341557.76,5.54,153315808.793,6.109,20820.524,25096.15,173114960.0,1.0,1.0
AGO,2013,True,1.0,1_nonreciprocal,0.0,0.0,1.0,36.0,31.0,37508531.248500004,46150748830.01601,0.0,0.0,0.0,36.0,0.0,0.0,124178243.584,5.783,166406882.655,6.401,21471.619,25998.34,175260960.0,1.0,1.0
AGO,2014,True,1.0,1_nonreciprocal,0.0,0.0,1.0,36.0,31.0,34921225.4365,47358762874.11201,0.0,0.0,0.0,36.0,0.0,0.0,126776877.056,4.709,177524262.453,6.594,26920.465,26920.465,171307712.0,1.0,1.0
AGO,2015,True,1.0,1_nonreciprocal,0.0,0.0,1.0,36.0,32.0,23021758.949,44849923518.08,0.0,0.0,0.0,36.0,0.0,0.0,102962241.536,3.696,184829836.45,6.634,27859.304,27859.305,145570400.0,1.0,1.0
AGO,2016,True,1.0,1_nonreciprocal,0.0,0.0,1.0,36.0,32.0,14801410.427,45883796063.871994,0.0,0.0,0.0,36.0,0.0,0.0,89633153.024,3.111,187260629.535,6.499,28813.463,28813.463,144175024.0,1.0,1.0
AGO,2017,True,1.0,1_nonreciprocal,0.0,0.0,1.0,36.0,32.0,13188517.879999999,48443791181.825,0.0,0.0,0.0,36.0,0.0,0.0,68972763.787,2.313,217987313.632,7.311,29816.769,29784.193,146037392.0,1.0,1.0
BFA,1950,False,,,,,,0.0,0.0,,439149675.856,0.0,0.0,0.0,0.0,,0.0,,,,,4376.162,,,0.0,0.0
BFA,1951,False,,,,,,0.0,0.0,,508704606.91200006,0.0,0.0,0.0,0.0,,0.0,,,,,4422.822,,,0.0,0.0
BFA,1952,False,,,,,,0.0,0.0,,564177641.312,0.0,0.0,0.0,0.0,,0.0,,,,,4469.979,,,0.0,0.0
BFA,1953,False,,,,,,0.0,0.0,,594802213.104,0.0,0.0,0.0,0.0,,0.0,,,,,4517.639,,,0.0,0.0
BFA,1954,False,,,,,,0.0,0.0,,608996152.944,0.0,0.0,0.0,0.0,,0.0,,,,,4565.808,,,0.0,0.0
BFA,1955,False,,,,,,0.0,0.0,,707212135.52,0.0,0.0,0.0,0.0,,0.0,,,,,4614.49,,,0.0,0.0
BFA,1956,False,,,,,,0.0,0.0,,759962809.184,0.0,0.0,0.0,0.0,,0.0,,,,,4663.691,,,0.0,0.0
BFA,1957,False,,,,,,0.0,0.0,,810041068.576,0.0,0.0,0.0,0.0,,0.0,,,,,4713.416,,,0.0,0.0
BFA,1958,False,,,,,,0.0,0.0,,830159736.224,0.0,0.0,0.0,0.0,,0.0,,,,,4763.672,,,0.0,0.0
BFA,1959,False,,,,,,0.0,0.0,,885219863.3280001,0.0,0.0,0.0,0.0,,0.0,,,,,4814.463,5105.688,3026258.5,0.0,0.0
BFA,1960,True,0.0,0_none,0.0,0.0,0.0,29.0,0.0,6100.0,1004764122.1600001,0.0,0.0,0.0,1.0,0.0,0.0,330442.816,0.068,,,4829.291,5160.126,3402543.75,0.0,0.0
BFA,1961,True,0.0,0_none,0.0,0.0,0.0,29.0,0.0,13850.0,1068562561.6,0.0,0.0,0.0,6.0,0.0,0.0,350247.232,0.072,,,4894.578,5186.523,3352265.25,0.0,0.0
BFA,1962,True,0.0,0_none,0.0,0.0,0.0,29.0,0.0,20950.0,1154279277.792,0.0,0.0,0.0,9.0,0.0,0.0,379567.104,0.077,,,4960.325,5217.218,3625817.0,0.0,0.0
BFA,1963,True,0.0,0_none,0.0,0.0,0.0,29.0,0.0,22750.0,1241588382.56,0.0,0.0,0.0,10.0,0.0,0.0,394040.672,0.078,,,5027.818,5252.281,3494167.5,0.0,1.0
BFA,1964,True,1.0,1_nonreciprocal,0.0,0.0,1.0,30.0,6.0,23500.0,1356808025.408,0.0,0.0,0.0,9.0,0.0,0.0,410321.632,0.08,,,5098.892,5291.801,3660346.0,0.0,1.0
BFA,1965,True,1.0,1_nonreciprocal,0.0,0.0,1.0,31.0,6.0,22100.0,1474823991.328,0.0,0.0,0.0,10.0,0.0,0.0,422916.8,0.082,,,5174.869,5335.873,3659973.5,0.0,1.0
BFA,1966,True,1.0,1_nonreciprocal,0.0,0.0,1.0,31.0,6.0,22300.0,1613314560.144,0.0,0.0,0.0,12.0,0.0,0.0,433889.76,0.083,,,5256.363,5384.607,3691384.0,0.0,1.0
BFA,1967,True,1.0,1_nonreciprocal,0.0,0.0,1.0,31.0,6.0,23200.0,1724081100.72,0.0,0.0,0.0,13.0,0.0,0.0,450753.92,0.084,,,5343.02,5438.121,4034576.75,0.0,1.0
BFA,1968,True,1.0,1_nonreciprocal,0.0,0.0,1.0,31.0,6.0,27250.0,1867705725.52,0.0,0.0,0.0,13.0,0.0,0.0,460442.688,0.085,,,5434.04,5496.552,4187110.0,0.0,1.0
BFA,1969,True,1.0,1_nonreciprocal,0.0,0.0,1.0,31.0,6.0,37695.0,2054570607.7919998,0.0,0.0,0.0,17.0,0.0,0.0,478298.656,0.087,,,5528.172,5560.045,4248878.0,0.0,1.0
BFA,1970,True,1.0,1_nonreciprocal,0.0,0.0,1.0,31.0,6.0,40492.5,2273816559.2320004,0.0,0.0,0.0,17.0,0.0,0.0,458404.256,0.081,,,5624.597,5624.6,4082151.25,0.0,1.0
BFA,1971,True,1.0,1_nonreciprocal,0.0,0.0,1.0,31.0,6.0,39272.5,2523239156.608,0.0,0.0,0.0,18.0,0.0,0.0,482411.168,0.084,,,5723.379,5723.381,4033985.25,0.0,1.0
BFA,1972,True,1.0,1_nonreciprocal,0.0,0.0,1.0,31.0,12.0,44944.0,2927304446.368,0.0,0.0,0.0,17.0,0.0,0.0,578595.52,0.099,,,5825.171,5825.173,4732943.0,0.0,1.0
BFA,1973,True,1.0,1_nonreciprocal,0.0,0.0,1.0,31.0,13.0,69160.5,3532604577.152,0.0,0.0,0.0,24.0,0.0,0.0,674773.568,0.114,,,5930.487,5930.483,4482218.5,0.0,1.0
BFA,1974,True,1.0,1_nonreciprocal,0.0,0.0,1.0,31.0,15.0,118516.5,3948556657.12,0.0,0.0,0.0,25.0,0.0,0.0,751133.44,0.124,,,6040.044,6040.041,4783854.5,0.0,1.0
BFA,1975,True,1.0,1_nonreciprocal,0.0,0.0,1.0,31.0,15.0,112142.5,4429510582.784,0.0,0.0,0.0,20.0,0.0,0.0,939972.672,0.153,,,6154.548,6154.545,4813758.5,0.0,1.0
BFA,1976,True,1.0,1_nonreciprocal,0.0,0.0,1.0,31.0,16.0,143919.5,4806278232.896,0.0,0.0,0.0,21.0,0.0,0.0,976547.2,0.156,,,6274.037,6274.037,4831178.0,0.0,1.0
BFA,1977,True,1.0,1_nonreciprocal,0.0,0.0,1.0,31.0,16.0,178601.5,5430826885.312,0.0,0.0,0.0,22.0,0.0,0.0,1131224.832,0.177,,,6398.937,6398.935,5218893.5,0.0,1.0
BFA,1978,True,1.0,1_nonreciprocal,0.0,0.0,1.0,31.0,16.0,180473.0,6534032980.16,0.0,0.0,0.0,22.0,0.0,0.0,1475583.616,0.226,,,6530.82,6530.819,5751132.0,0.0,1.0
BFA,1979,True,1.0,1_nonreciprocal,0.0,0.0,1.0,31.0,16.0,213834.5,7510149364.864,0.0,0.0,0.0,22.0,0.0,0.0,1748480.64,0.262,,,6671.659,6671.656,6150144.5,0.0,1.0
BFA,1980,True,1.0,1_nonreciprocal,0.0,0.0,1.0,31.0,16.0,277939.5,8340612450.304,0.0,0.0,0.0,22.0,0.0,0.0,1928719.872,0.283,,,6822.84,6822.843,6147407.5,0.0,1.0
BFA,1981,True,1.0,1_nonreciprocal,0.0,0.0,1.0,31.0,17.0,246240.0,8455798984.639999,0.0,0.0,0.0,21.0,0.0,0.0,1775842.304,0.254,,,6985.158,6985.16,6519947.0,0.0,1.0
BFA,1982,True,1.0,1_nonreciprocal,0.0,0.0,1.0,31.0,17.0,233004.5,8413404846.592001,0.0,0.0,0.0,22.0,0.0,0.0,1754450.048,0.245,,,7158.256,7158.255,6503043.0,0.0,1.0
BFA,1983,True,1.0,1_nonreciprocal,0.0,0.0,1.0,31.0,17.0,205372.0,8740008512.064,0.0,0.0,0.0,20.0,0.0,0.0,1600278.656,0.218,,,7340.907,7340.905,6088387.0,0.0,1.0
BFA,1984,True,1.0,1_nonreciprocal,0.0,0.0,1.0,31.0,17.0,199775.64349999998,9461506897.664,0.0,0.0,0.0,21.0,0.0,0.0,1459880.192,0.194,,,7531.244,7531.242,6127880.0,0.0,1.0
BFA,1985,True,1.0,1_nonreciprocal,0.0,0.0,1.0,31.0,17.0,227299.5785,10013658187.84,0.0,0.0,0.0,20.0,0.0,0.0,1552493.184,0.201,,,7727.912,7727.907,6815650.5,0.0,1.0
BFA,1986,True,1.0,1_nonreciprocal,0.0,0.0,1.0,31.0,19.0,318101.1275,11908986258.239998,0.0,0.0,0.0,23.0,0.0,0.0,2036303.36,0.257,,,7930.69,7930.694,7334405.0,0.0,1.0
BFA,1987,True,1.0,1_nonreciprocal,0.0,0.0,1.0,31.0,19.0,354268.3949999999,13601061168.384003,0.0,0.0,0.0,22.0,0.0,0.0,2369835.008,0.291,,,8140.076,8140.073,7272636.5,0.0,1.0
BFA,1988,True,1.0,1_nonreciprocal,0.0,0.0,1.0,31.0,19.0,387715.9585,15340574223.36,0.0,0.0,0.0,23.0,0.0,0.0,2616040.448,0.313,,,8356.306,8356.305,7733354.5,0.0,1.0
BFA,1989,True,1.0,1_nonreciprocal,0.0,0.0,1.0,31.0,19.0,317102.944,16164941408.576,0.0,0.0,0.0,24.0,0.0,0.0,2615587.84,0.305,,,8579.825,8579.822,7797835.5,0.0,1.0
BFA,1990,True,1.0,1_nonreciprocal,0.0,0.0,1.0,31.0,19.0,400715.35199999996,18322889058.559998,0.0,0.0,0.0,23.0,0.0,0.0,3101300.736,0.352,4676769.223,0.531,8811.033,8811.034,7828164.5,0.0,1.0
BFA,1991,True,1.0,1_nonreciprocal,0.0,0.0,1.0,34.0,19.0,374738.3340000001,19393791276.544,0.0,0.0,0.0,21.0,0.0,0.0,3135045.632,0.346,5270737.301,0.582,9050.09,9050.084,8441721.0,0.0,1.0
BFA,1992,True,1.0,1_nonreciprocal,0.0,0.0,1.0,34.0,19.0,332031.86199999996,20844117865.92,0.0,0.0,0.0,28.0,0.0,0.0,2240264.704,0.241,5403431.597,0.581,9297.116,9297.113,8430671.0,0.0,1.0
BFA,1993,True,1.0,1_nonreciprocal,0.0,0.0,1.0,36.0,20.0,277767.38,21072670525.888,0.0,0.0,0.0,30.0,0.0,0.0,2332017.92,0.244,5723476.948,0.599,9552.473,9552.476,8696629.0,0.0,1.0
BFA,1994,True,1.0,1_nonreciprocal,0.0,0.0,1.0,36.0,20.0,251553.675,22587045957.952,0.0,0.0,0.0,29.0,0.0,0.0,1895290.624,0.193,5922146.002,0.603,9816.586,9816.589,8176389.0,0.0,1.0
BFA,1995,True,1.0,1_nonreciprocal,0.0,0.0,1.0,36.0,21.0,335919.0445,24960546077.760002,0.0,0.0,0.0,32.0,0.0,0.0,2379517.952,0.236,6391255.507,0.633,10089.876,10089.878,8567465.0,1.0,1.0
BFA,1996,True,1.0,1_nonreciprocal,0.0,0.0,1.0,36.0,21.0,371489.175,25115816761.408,0.0,0.0,0.0,32.0,0.0,0.0,2586550.528,0.249,7224763.254,0.697,10372.562,10372.744,9427763.0,1.0,1.0
BFA,1997,True,1.0,1_nonreciprocal,0.0,0.0,1.0,36.0,21.0,414033.9069999999,24683023210.688,0.0,0.0,0.0,33.0,0.0,0.0,2447668.992,0.23,7812602.594,0.733,10664.982,10665.547,9961410.0,1.0,1.0
BFA,1998,True,1.0,1_nonreciprocal,0.0,0.0,1.0,36.0,21.0,460914.73749999993,24755038679.936,0.0,0.0,0.0,33.0,0.0,0.0,2804902.4,0.256,8474508.42,0.773,10967.836,10968.725,10871033.0,1.0,1.0
BFA,1999,True,1.0,1_nonreciprocal,0.0,0.0,1.0,36.0,21.0,393947.78649999993,26015395041.984,0.0,0.0,0.0,31.0,0.0,0.0,3014665.472,0.267,9241265.723,0.819,11281.942,11282.7,11630472.0,1.0,1.0
BFA,2000,True,1.0,1_nonreciprocal,0.0,0.0,1.0,36.0,23.0,359993.8185000001,26479956300.608,0.0,0.0,0.0,31.0,0.0,0.0,2610959.104,0.225,9623593.674,0.829,11607.944,11607.941,11796858.0,1.0,1.0
BFA,2001,True,1.0,1_nonreciprocal,0.0,0.0,1.0,36.0,23.0,370763.01450000005,26213172625.856,0.0,0.0,0.0,32.0,0.0,0.0,2812845.568,0.235,10493856.526,0.879,11946.08,11944.587,12598142.0,1.0,1.0
BFA,2002,True,1.0,1_nonreciprocal,0.0,0.0,1.0,36.0,23.0,397787.1655,27332669775.68,0.0,0.0,0.0,36.0,0.0,0.0,3205592.32,0.261,11118760.746,0.904,12296.399,12293.101,13266878.0,1.0,1.0
BFA,2003,True,1.0,1_nonreciprocal,0.0,0.0,1.0,36.0,24.0,423564.699,30659992696.192,0.0,0.0,0.0,33.0,0.0,0.0,4205691.136,0.332,12225308.844,0.966,12659.086,12654.621,14350150.0,1.0,1.0
BFA,2004,True,1.0,1_nonreciprocal,0.0,0.0,1.0,36.0,31.0,524766.005,34051005386.304,0.0,0.0,0.0,32.0,0.0,0.0,4838551.04,0.371,13124032.993,1.007,13034.258,13030.569,15047606.0,1.0,1.0
BFA,2005,True,1.0,1_nonreciprocal,0.0,0.0,1.0,36.0,31.0,604888.098,35810110801.536,0.0,0.0,0.0,34.0,0.0,0.0,5462709.248,0.407,14719680.121,1.097,13421.929,13421.931,16481358.0,1.0,1.0
BFA,2006,True,1.0,1_nonreciprocal,0.0,0.0,1.0,36.0,31.0,667863.432,37668340994.816,0.0,0.0,0.0,36.0,0.0,0.0,5844669.952,0.423,16120631.407,1.166,13822.257,13829.177,17030714.0,1.0,1.0
BFA,2007,True,1.0,1_nonreciprocal,0.0,0.0,1.0,36.0,31.0,814381.6795,41090276041.472,0.0,0.0,0.0,35.0,0.0,0.0,6755824.128,0.475,17485539.511,1.227,14235.075,14252.021,17338116.0,1.0,1.0
BFA,2008,True,1.0,1_nonreciprocal,0.0,0.0,1.0,36.0,32.0,1047687.86,43356354594.304,0.0,0.0,0.0,32.0,0.0,0.0,8350710.272,0.57,19129040.395,1.302,14659.646,14689.726,18233768.0,1.0,1.0
BFA,2009,True,1.0,1_nonreciprocal,0.0,0.0,1.0,36.0,32.0,1185588.6685,40865587641.088,0.0,0.0,0.0,36.0,0.0,0.0,8348156.416,0.553,19845220.899,1.311,15094.967,15141.099,18727918.0,1.0,1.0
BFA,2010,True,1.0,1_nonreciprocal,0.0,0.0,1.0,36.0,32.0,1873612.753,42666123500.352005,0.0,0.0,0.0,36.0,0.0,0.0,9209288.704,0.593,21784264.435,1.396,15540.284,15605.217,20548550.0,1.0,1.0
BFA,2011,True,1.0,1_nonreciprocal,0.0,0.0,1.0,36.0,32.0,2164868.188,45767108476.736,0.0,0.0,0.0,36.0,0.0,0.0,10395757.568,0.65,23684080.409,1.473,15995.313,16081.903,22324938.0,1.0,1.0
BFA,2012,True,1.0,1_nonreciprocal,0.0,0.0,1.0,36.0,32.0,2921990.2310000006,45700867909.632,0.0,0.0,0.0,36.0,0.0,0.0,10726305.792,0.652,25676761.315,1.549,16460.14,16571.217,23986254.0,1.0,1.0
BFA,2013,True,1.0,1_nonreciprocal,0.0,0.0,1.0,36.0,32.0,3202497.418,46150748830.01601,0.0,0.0,0.0,35.0,0.0,0.0,11582556.16,0.684,26825829.038,1.571,16934.839,17072.723,24812114.0,1.0,1.0
BFA,2014,True,1.0,1_nonreciprocal,0.0,0.0,1.0,36.0,32.0,2696064.011,47358762874.11201,0.0,0.0,0.0,36.0,0.0,0.0,12400688.128,0.705,28449124.214,1.618,17585.978,17585.979,26555442.0,1.0,1.0
BFA,2015,True,1.0,1_nonreciprocal,0.0,0.0,1.0,36.0,32.0,2449096.6149999993,44849923518.08,0.0,0.0,0.0,36.0,0.0,0.0,11148759.04,0.616,29904854.082,1.651,18110.624,18110.625,27603188.0,1.0,1.0
BFA,2016,True,1.0,1_nonreciprocal,0.0,0.0,1.0,36.0,32.0,2832716.4494999996,45883796063.871994,0.0,0.0,0.0,36.0,0.0,0.0,12115155.968,0.65,32074131.886,1.72,18646.433,18646.434,29277648.0,1.0,1.0
BFA,2017,True,1.0,1_nonreciprocal,0.0,0.0,1.0,36.0,32.0,3179776.8609999996,48443791181.825,0.0,0.0,0.0,36.0,0.0,0.0,14106956.83,0.735,39238401.912,2.044,19193.235,19193.383,31398372.0,1.0,1.0
BWA,1950,False,,,,,,0.0,0.0,,439149675.856,0.0,0.0,0.0,0.0,,0.0,,,,,430.413,,,0.0,0.0
BWA,1951,False,,,,,,0.0,0.0,,508704606.91200006,0.0,0.0,0.0,0.0,,0.0,,,,,436.32,,,0.0,0.0
BWA,1952,False,,,,,,0.0,0.0,,564177641.312,0.0,0.0,0.0,0.0,,0.0,,,,,442.308,,,0.0,0.0
BWA,1953,False,,,,,,0.0,0.0,,594802213.104,0.0,0.0,0.0,0.0,,0.0,,,,,448.377,,,0.0,0.0
BWA,1954,False,,,,,,0.0,0.0,,608996152.944,0.0,0.0,0.0,0.0,,0.0,,,,,454.64,,,0.0,0.0
BWA,1955,False,,,,,,0.0,0.0,,707212135.52,0.0,0.0,0.0,0.0,,0.0,,,,,461.1,,,0.0,0.0
BWA,1956,False,,,,,,0.0,0.0,,759962809.184,0.0,0.0,0.0,0.0,,0.0,,,,,467.765,,,0.0,0.0
BWA,1957,False,,,,,,0.0,0.0,,810041068.576,0.0,0.0,0.0,0.0,,0.0,,,,,474.639,,,0.0,0.0
BWA,1958,False,,,,,,0.0,0.0,,830159736.224,0.0,0.0,0.0,0.0,,0.0,,,,,481.731,,,0.0,0.0
BWA,1959,False,,,,,,0.0,0.0,,885219863.3280001,0.0,0.0,0.0,0.0,,0.0,,,,,489.08,,,0.0,0.0
BWA,1960,False,,,,,,0.0,0.0,,1004764122.1600001,0.0,0.0,0.0,0.0,,0.0,30411.45,0.058,,,524.173,591.61,232406.5,0.0,0.0
BWA,1961,False,,,,,,0.0,0.0,,1068562561.6,0.0,0.0,0.0,0.0,,0.0,32902.654,0.061,,,536.728,601.008,251325.797,0.0,0.0
BWA,1962,False,,,,,,0.0,0.0,,1154279277.792,0.0,0.0,0.0,0.0,,0.0,35644.984,0.065,,,550.152,610.75,271173.031,0.0,0.0
BWA,1963,False,,,,,,0.0,0.0,,1241588382.56,0.0,0.0,0.0,0.0,,0.0,38091.776,0.067,,,564.484,620.842,285083.938,0.0,0.0
BWA,1964,False,,,,,,0.0,0.0,,1356808025.408,0.0,0.0,0.0,0.0,,0.0,41616.42,0.072,,,579.729,631.239,305830.375,0.0,0.0
BWA,1965,False,,,,,,0.0,0.0,,1474823991.328,0.0,0.0,0.0,0.0,,0.0,45788.672,0.077,,,595.904,640.927,289871.875,0.0,0.0
BWA,1966,True,1.0,1_nonreciprocal,0.0,0.0,1.0,31.0,1.0,,1613314560.144,0.0,0.0,0.0,0.0,,0.0,51465.624,0.084,,,613.097,650.295,310538.969,0.0,0.0
BWA,1967,True,1.0,1_nonreciprocal,0.0,0.0,1.0,31.0,1.0,,1724081100.72,0.0,0.0,0.0,0.0,,0.0,58642.384,0.093,,,631.398,659.319,360625.531,0.0,0.0
BWA,1968,True,1.0,1_nonreciprocal,0.0,0.0,1.0,31.0,1.0,,1867705725.52,0.0,0.0,0.0,0.0,,0.0,66248.428,0.102,,,650.835,669.324,427376.281,0.0,0.0
BWA,1969,True,1.0,1_nonreciprocal,0.0,0.0,1.0,31.0,1.0,410.0,2054570607.7919998,0.0,0.0,0.0,3.0,0.0,0.0,77361.536,0.115,,,671.416,681.155,428508.531,0.0,0.0
BWA,1970,True,1.0,1_nonreciprocal,0.0,0.0,1.0,31.0,1.0,9690.0,2273816559.2320004,0.0,0.0,0.0,5.0,0.0,0.0,96243.296,0.139,,,693.176,695.597,530244.062,0.0,0.0
BWA,1971,True,1.0,1_nonreciprocal,0.0,0.0,1.0,31.0,1.0,13780.0,2523239156.608,0.0,0.0,0.0,8.0,0.0,0.0,126954.48,0.177,,,716.052,718.639,667519.875,0.0,0.0
BWA,1972,True,1.0,1_nonreciprocal,0.0,0.0,1.0,31.0,14.0,19140.0,2927304446.368,0.0,0.0,0.0,10.0,0.0,0.0,165253.184,0.223,,,740.118,742.835,833020.438,0.0,0.0
BWA,1973,True,1.0,1_nonreciprocal,0.0,0.0,1.0,31.0,15.0,40520.0,3532604577.152,0.0,0.0,0.0,11.0,0.0,0.0,244124.112,0.319,,,765.685,768.512,1017515.062,0.0,0.0
BWA,1974,True,1.0,1_nonreciprocal,0.0,0.0,1.0,31.0,17.0,24751.0,3948556657.12,0.0,0.0,0.0,15.0,0.0,0.0,306044.192,0.386,,,793.164,796.095,1139155.875,0.0,0.0
BWA,1975,True,1.0,1_nonreciprocal,0.0,0.0,1.0,31.0,17.0,57840.0,4429510582.784,0.0,0.0,0.0,13.0,0.0,0.0,355168.704,0.432,,,822.806,825.84,1260973.75,0.0,0.0
BWA,1976,True,1.0,1_nonreciprocal,0.0,0.0,1.0,31.0,19.0,111700.0,4806278232.896,0.0,0.0,0.0,11.0,0.0,0.0,372025.088,0.435,,,854.746,857.855,1392235.75,0.0,0.0
BWA,1977,True,1.0,1_nonreciprocal,0.0,0.0,1.0,31.0,19.0,134965.0,5430826885.312,0.0,0.0,0.0,16.0,0.0,0.0,451624.96,0.508,,,888.776,891.926,1511306.625,0.0,0.0
BWA,1978,True,1.0,1_nonreciprocal,0.0,0.0,1.0,31.0,19.0,102660.0,6534032980.16,0.0,0.0,0.0,15.0,0.0,0.0,590407.36,0.639,,,924.373,927.585,1590521.5,0.0,0.0
BWA,1979,True,1.0,1_nonreciprocal,0.0,0.0,1.0,31.0,19.0,146810.0,7510149364.864,0.0,0.0,0.0,16.0,0.0,0.0,819870.592,0.853,,,960.807,964.166,1828700.0,0.0,0.0
BWA,1980,True,1.0,1_nonreciprocal,0.0,0.0,1.0,31.0,19.0,122795.0,8340612450.304,0.0,0.0,0.0,17.0,0.0,0.0,1060889.728,1.064,,,997.534,1001.158,2219276.75,0.0,0.0
BWA,1981,True,1.0,1_nonreciprocal,0.0,0.0,1.0,31.0,20.0,194402.0,8455798984.639999,0.0,0.0,0.0,19.0,0.0,0.0,1073812.352,1.038,,,1034.324,1038.397,2450271.5,0.0,0.0
BWA,1982,True,1.0,1_nonreciprocal,0.0,0.0,1.0,31.0,20.0,98886.0,8413404846.592001,0.0,0.0,0.0,18.0,0.0,0.0,1014945.856,0.947,,,1071.254,1075.889,2475770.5,0.0,0.0
BWA,1983,True,1.0,1_nonreciprocal,0.0,0.0,1.0,31.0,20.0,133010.0,8740008512.064,0.0,0.0,0.0,20.0,0.0,0.0,1172230.528,1.058,,,1108.461,1113.539,2682168.25,0.0,0.0
BWA,1984,True,1.0,1_nonreciprocal,0.0,0.0,1.0,31.0,20.0,166076.0,9461506897.664,0.0,0.0,0.0,19.0,0.0,0.0,1240821.888,1.083,,,1146.205,1151.292,3115332.5,0.0,0.0
BWA,1985,True,1.0,1_nonreciprocal,0.0,0.0,1.0,31.0,20.0,127677.0,10013658187.84,0.0,0.0,0.0,20.0,0.0,0.0,1114783.488,0.941,,,1184.657,1189.114,3840507.25,0.0,0.0
BWA,1986,True,1.0,1_nonreciprocal,0.0,0.0,1.0,31.0,22.0,115873.0,11908986258.239998,0.0,0.0,0.0,21.0,0.0,0.0,1392601.984,1.138,,,1223.738,1226.81,4833169.0,0.0,0.0
BWA,1987,True,1.0,1_nonreciprocal,0.0,0.0,1.0,31.0,22.0,141660.0,13601061168.384003,0.0,0.0,0.0,22.0,0.0,0.0,1965227.136,1.556,,,1263.269,1264.314,5421920.5,0.0,1.0
BWA,1988,True,1.0,1_nonreciprocal,0.0,0.0,1.0,31.0,22.0,238663.173,15340574223.36,0.0,0.0,0.0,22.0,0.0,0.0,2644555.008,2.029,,,1303.192,1301.818,6352079.0,0.0,1.0
BWA,1989,True,1.0,1_nonreciprocal,0.0,0.0,1.0,31.0,22.0,242078.135,16164941408.576,0.0,0.0,0.0,26.0,0.0,0.0,3083822.336,2.295,,,1343.44,1339.624,8240067.5,0.0,1.0
BWA,1990,True,1.0,1_nonreciprocal,0.0,0.0,1.0,31.0,22.0,407699.869,18322889058.559998,0.0,0.0,0.0,23.0,0.0,0.0,3790636.544,2.739,7223077.601,5.242,1383.912,1377.912,8566813.0,0.0,1.0
BWA,1991,True,1.0,1_nonreciprocal,0.0,0.0,1.0,34.0,22.0,397479.36199999996,19393791276.544,0.0,0.0,0.0,25.0,0.0,0.0,3942877.44,2.768,8020179.34,5.661,1424.513,1416.731,9006428.0,0.0,1.0
BWA,1992,True,1.0,1_nonreciprocal,0.0,0.0,1.0,34.0,22.0,398494.46299999993,20844117865.92,0.0,0.0,0.0,23.0,0.0,0.0,4146464.512,2.83,8442290.761,5.799,1465.072,1455.833,9110082.0,0.0,1.0
BWA,1993,True,1.0,1_nonreciprocal,0.0,0.0,1.0,36.0,23.0,356046.89800000004,21072670525.888,0.0,0.0,0.0,26.0,0.0,0.0,4160129.28,2.764,8808767.042,5.893,1505.303,1494.693,9469377.0,0.0,1.0
BWA,1994,True,1.0,1_nonreciprocal,0.0,0.0,1.0,36.0,23.0,372118.43700000003,22587045957.952,0.0,0.0,0.0,24.0,0.0,0.0,4259258.88,2.757,9322604.954,6.083,1544.865,1532.622,9963930.0,0.0,1.0
BWA,1995,True,1.0,1_nonreciprocal,0.0,0.0,1.0,36.0,23.0,573533.942,24960546077.760002,0.0,0.0,0.0,27.0,0.0,0.0,4730599.936,2.988,10186131.61,6.492,1583.453,1569.094,10891588.0,1.0,1.0
BWA,1996,True,1.0,1_nonreciprocal,0.0,0.0,1.0,36.0,23.0,653996.2529999999,25115816761.408,0.0,0.0,0.0,28.0,0.0,0.0,4847757.824,2.991,10976756.698,6.843,1620.989,1604.06,12999692.0,1.0,1.0
BWA,1997,True,1.0,1_nonreciprocal,0.0,0.0,1.0,36.0,23.0,736585.0210000001,24683023210.688,0.0,0.0,0.0,28.0,0.0,0.0,5020264.96,3.029,12060758.331,7.365,1657.349,1637.635,14085881.0,1.0,1.0
BWA,1998,True,1.0,1_nonreciprocal,0.0,0.0,1.0,36.0,23.0,549560.7579999999,24755038679.936,0.0,0.0,0.0,29.0,0.0,0.0,4790481.408,2.831,12279671.326,7.355,1692.148,1669.625,13842117.0,1.0,1.0
BWA,1999,True,1.0,1_nonreciprocal,0.0,0.0,1.0,36.0,23.0,750336.0519999999,26015395041.984,0.0,0.0,0.0,28.0,0.0,0.0,5484262.912,3.179,13672861.747,8.044,1724.924,1699.862,16177796.0,1.0,1.0
BWA,2000,True,1.0,1_nonreciprocal,0.0,0.0,1.0,36.0,23.0,1869790.2225,26479956300.608,0.0,0.0,0.0,31.0,0.0,0.0,5788311.552,3.297,14261949.622,8.252,1755.375,1728.34,17442148.0,1.0,1.0
BWA,2001,True,1.0,1_nonreciprocal,0.0,0.0,1.0,36.0,23.0,2086610.3684999999,26213172625.856,0.0,0.0,0.0,31.0,0.0,0.0,5489647.104,3.078,14623516.441,8.333,1783.349,1754.935,17367220.0,1.0,1.0
BWA,2002,True,1.0,1_nonreciprocal,0.0,0.0,1.0,36.0,23.0,2320860.7194999997,27332669775.68,0.0,0.0,0.0,35.0,0.0,0.0,5438856.704,3.007,15749209.924,8.848,1808.976,1779.953,18213856.0,1.0,1.0
BWA,2003,True,1.0,1_nonreciprocal,0.0,0.0,1.0,36.0,24.0,3033330.4565000003,30659992696.192,0.0,0.0,0.0,35.0,0.0,0.0,7511538.688,4.099,16806327.447,9.314,1832.602,1804.339,18933026.0,1.0,1.0
BWA,2004,True,1.0,1_nonreciprocal,0.0,0.0,1.0,36.0,30.0,3203025.4244999997,34051005386.304,0.0,0.0,0.0,33.0,0.0,0.0,8957492.224,4.83,17735708.187,9.695,1854.739,1829.33,20422094.0,1.0,1.0
BWA,2005,True,1.0,1_nonreciprocal,0.0,0.0,1.0,36.0,30.0,3966908.4784999997,35810110801.536,0.0,0.0,0.0,34.0,0.0,0.0,9931223.04,5.294,19140535.947,10.314,1875.805,1855.852,23779884.0,1.0,1.0
BWA,2006,True,1.0,1_nonreciprocal,0.0,0.0,1.0,36.0,30.0,3685591.8725,37668340994.816,0.0,0.0,0.0,34.0,0.0,0.0,10126990.336,5.341,21378657.594,11.346,1895.944,1884.238,25194084.0,1.0,1.0
BWA,2007,True,2.0,2_reciprocal_pta,1.0,0.0,0.0,36.0,30.0,3445762.9829999995,41090276041.472,2521733.5105000003,16819504731.136,23.0,35.0,0.7318360325249337,0.40933053635756167,10939028.48,5.712,23764167.882,12.413,1915.187,1914.414,25758644.0,1.0,1.0
BWA,2008,True,3.0,3_fta,1.0,1.0,0.0,36.0,31.0,3259124.8875,43356354594.304,2914992.1449999996,33735646679.552002,27.0,35.0,0.8944094643872402,0.7781015492475022,11113041.92,5.747,25743618.755,13.227,1933.719,1946.351,25075528.0,1.0,1.0
BWA,2009,True,3.0,3_fta,1.0,1.0,0.0,36.0,31.0,2601362.5135,40865587641.088,2334114.8374999994,31508715426.304,27.0,36.0,0.8972662692673186,0.7710329704062251,10106836.992,5.178,23954182.456,12.099,1951.715,1979.882,22953556.0,1.0,1.0
BWA,2010,True,3.0,3_fta,1.0,1.0,0.0,36.0,31.0,3691240.0930000013,42666123500.352005,3352658.3805000004,32035219414.016,27.0,36.0,0.9082742644830715,0.7508350134914812,13746712.576,6.98,26323148.819,13.064,1969.341,2014.866,26015036.0,1.0,1.0
BWA,2011,True,3.0,3_fta,1.0,1.0,0.0,36.0,31.0,6060062.535999998,45767108476.736,5516736.213999999,34063520561.152,27.0,36.0,0.9103431163008051,0.7442794988559724,15365213.184,7.734,28491602.187,13.889,1986.701,2051.339,28531400.0,1.0,1.0
BWA,2012,True,3.0,3_fta,1.0,1.0,0.0,36.0,31.0,6915919.067499999,45700867909.632,6465530.7885,33693970422.783997,27.0,34.0,0.9348765833428401,0.737272003004621,14537486.336,7.255,30309452.906,14.507,2003.91,2089.315,28392164.0,1.0,1.0
BWA,2013,True,3.0,3_fta,1.0,1.0,0.0,36.0,31.0,7253046.052499999,46150748830.01601,5870374.381,34978241204.224,27.0,36.0,0.8093667596356408,0.7579127552850126,14784707.584,7.315,34292608.582,16.111,2021.144,2128.507,31791284.0,1.0,1.0
BWA,2014,True,3.0,3_fta,1.0,1.0,0.0,36.0,31.0,5978158.7349999985,47358762874.11201,3485792.8500000006,36201814746.112,27.0,36.0,0.5830880383941497,0.764416394117871,16259444.736,7.498,36354928.554,16.764,2168.573,2168.573,34274968.0,1.0,1.0
BWA,2015,True,3.0,3_fta,1.0,1.0,0.0,36.0,30.0,4201799.1444999995,44849923518.08,2513526.8044999996,34570193790.976,27.0,36.0,0.5982025123190654,0.7707971626092067,14430608.384,6.532,36121418.851,16.35,2209.197,2209.197,33786912.0,1.0,1.0
BWA,2016,True,3.0,3_fta,1.0,1.0,0.0,36.0,30.0,4548154.7465,45883796063.871994,2977674.4560000002,35134148889.6,27.0,36.0,0.6546994598834721,0.7657201867232589,15274861.568,6.788,37657768.014,16.735,2250.26,2250.26,37066412.0,1.0,1.0
BWA,2017,True,3.0,3_fta,1.0,1.0,0.0,36.0,30.0,3990358.1270000003,48443791181.825,2395916.798,37075756175.58,27.0,35.0,0.6004265085352826,0.7653355625372685,16088437.675,7.296,35166622.662,15.948,2205.076,2291.661,36231752.0,1.0,1.0
CMR,1950,False,,,,,,0.0,0.0,96600.0,439149675.856,0.0,0.0,0.0,12.0,0.0,0.0,,,,,4887.591,,,0.0,0.0
CMR,1951,False,,,,,,0.0,0.0,137250.0,508704606.91200006,0.0,0.0,0.0,13.0,0.0,0.0,,,,,4947.09,,,0.0,0.0
CMR,1952,False,,,,,,0.0,0.0,141100.0,564177641.312,0.0,0.0,0.0,16.0,0.0,0.0,,,,,5009.067,,,0.0,0.0
CMR,1953,False,,,,,,0.0,0.0,129200.0,594802213.104,0.0,0.0,0.0,16.0,0.0,0.0,,,,,5073.595,,,0.0,0.0
CMR,1954,False,,,,,,0.0,0.0,162800.0,608996152.944,0.0,0.0,0.0,15.0,0.0,0.0,,,,,5140.805,,,0.0,0.0
CMR,1955,False,,,,,,0.0,0.0,172450.0,707212135.52,0.0,0.0,0.0,18.0,0.0,0.0,,,,,5210.832,,,0.0,0.0
CMR,1956,False,,,,,,0.0,0.0,148850.0,759962809.184,0.0,0.0,0.0,17.0,0.0,0.0,,,,,5283.822,,,0.0,0.0
CMR,1957,False,,,,,,0.0,0.0,165800.0,810041068.576,0.0,0.0,0.0,15.0,0.0,0.0,,,,,5359.923,,,0.0,0.0
CMR,1958,False,,,,,,0.0,0.0,190350.0,830159736.224,0.0,0.0,0.0,16.0,0.0,0.0,,,,,5439.35,,,0.0,0.0
CMR,1959,False,,,,,,0.0,0.0,159300.0,885219863.3280001,0.0,0.0,0.0,16.0,0.0,0.0,,,,,5522.218,,,0.0,0.0
CMR,1960,True,0.0,0_none,0.0,0.0,0.0,29.0,0.0,156000.0,1004764122.1600001,0.0,0.0,0.0,13.0,0.0,0.0,618740.992,0.115,,,5361.367,5442.751,7429670.0,0.0,0.0
CMR,1961,True,0.0,0_none,0.0,0.0,0.0,29.0,0.0,179700.0,1068562561.6,0.0,0.0,0.0,14.0,0.0,0.0,657597.312,0.12,,,5474.509,5530.481,7736127.0,0.0,0.0
CMR,1962,True,0.0,0_none,0.0,0.0,0.0,29.0,0.0,188600.0,1154279277.792,0.0,0.0,0.0,15.0,0.0,0.0,699373.632,0.125,,,5593.768,5622.153,7678674.0,0.0,0.0
CMR,1963,True,0.0,0_none,0.0,0.0,0.0,29.0,0.0,212700.0,1241588382.56,0.0,0.0,0.0,19.0,0.0,0.0,723624.32,0.127,,,5719.135,5717.975,8194818.5,0.0,1.0
CMR,1964,True,1.0,1_nonreciprocal,0.0,0.0,1.0,30.0,6.0,235800.0,1356808025.408,0.0,0.0,0.0,17.0,0.0,0.0,782384.384,0.134,,,5850.454,5818.221,8477243.0,0.0,1.0
CMR,1965,True,1.0,1_nonreciprocal,0.0,0.0,1.0,31.0,6.0,241985.0,1474823991.328,0.0,0.0,0.0,18.0,0.0,0.0,814140.032,0.136,,,5987.671,5923.127,8882055.0,0.0,1.0
CMR,1966,True,1.0,1_nonreciprocal,0.0,0.0,1.0,31.0,6.0,249305.0,1613314560.144,0.0,0.0,0.0,20.0,0.0,0.0,853268.736,0.139,,,6130.99,6032.941,9337292.0,0.0,1.0
CMR,1967,True,1.0,1_nonreciprocal,0.0,0.0,1.0,31.0,6.0,282000.0,1724081100.72,0.0,0.0,0.0,16.0,0.0,0.0,934078.976,0.149,,,6280.743,6147.987,8439427.0,0.0,1.0
CMR,1968,True,1.0,1_nonreciprocal,0.0,0.0,1.0,31.0,6.0,317715.0,1867705725.52,0.0,0.0,0.0,18.0,0.0,0.0,1053076.992,0.164,,,6437.157,6268.548,8976592.0,0.0,1.0
CMR,1969,True,1.0,1_nonreciprocal,0.0,0.0,1.0,31.0,6.0,368852.5,2054570607.7919998,0.0,0.0,0.0,24.0,0.0,0.0,1152418.432,0.175,,,6600.479,6394.989,9652129.0,0.0,1.0
CMR,1970,True,1.0,1_nonreciprocal,0.0,0.0,1.0,31.0,6.0,409746.0,2273816559.2320004,0.0,0.0,0.0,27.0,0.0,0.0,1160002.304,0.171,,,6770.967,6527.635,9980891.0,0.0,1.0
CMR,1971,True,1.0,1_nonreciprocal,0.0,0.0,1.0,31.0,6.0,388617.5,2523239156.608,0.0,0.0,0.0,26.0,0.0,0.0,1233991.04,0.178,,,6948.847,6697.745,9979262.0,0.0,1.0
CMR,1972,True,1.0,1_nonreciprocal,0.0,0.0,1.0,31.0,15.0,456338.49199999997,2927304446.368,0.0,0.0,0.0,25.0,0.0,0.0,1430951.424,0.201,,,7134.374,6875.228,10483371.0,0.0,1.0
CMR,1973,True,1.0,1_nonreciprocal,0.0,0.0,1.0,31.0,16.0,584386.992,3532604577.152,0.0,0.0,0.0,27.0,0.0,0.0,1758727.68,0.24,,,7327.874,7060.603,11059548.0,0.0,1.0
CMR,1974,True,1.0,1_nonreciprocal,0.0,0.0,1.0,31.0,18.0,783552.4839999999,3948556657.12,0.0,0.0,0.0,27.0,0.0,0.0,2255496.448,0.3,,,7529.704,7254.468,11201106.0,0.0,1.0
CMR,1975,True,1.0,1_nonreciprocal,0.0,0.0,1.0,31.0,18.0,838016.9845,4429510582.784,0.0,0.0,0.0,26.0,0.0,0.0,2752770.56,0.356,,,7740.196,7457.362,11509127.0,0.0,1.0
CMR,1976,True,1.0,1_nonreciprocal,0.0,0.0,1.0,31.0,19.0,931353.5,4806278232.896,0.0,0.0,0.0,27.0,0.0,0.0,3076592.64,0.387,,,7959.5,7669.445,11010904.0,0.0,1.0
CMR,1977,True,1.0,1_nonreciprocal,0.0,0.0,1.0,31.0,19.0,1268631.516,5430826885.312,0.0,0.0,0.0,27.0,0.0,0.0,3366368.768,0.411,,,8187.84,7890.969,12722203.0,0.0,1.0
CMR,1978,True,1.0,1_nonreciprocal,0.0,0.0,1.0,31.0,19.0,1601841.5155,6534032980.16,0.0,0.0,0.0,26.0,0.0,0.0,4409920.512,0.523,,,8425.707,8122.529,15457297.0,0.0,1.0
CMR,1979,True,1.0,1_nonreciprocal,0.0,0.0,1.0,31.0,19.0,2130264.062,7510149364.864,0.0,0.0,0.0,26.0,0.0,0.0,5811443.712,0.67,,,8673.666,8364.835,16899640.0,0.0,1.0
CMR,1980,True,1.0,1_nonreciprocal,0.0,0.0,1.0,31.0,19.0,2762962.508,8340612450.304,0.0,0.0,0.0,27.0,0.0,0.0,6740757.504,0.755,,,8932.121,8618.354,19060128.0,0.0,1.0
CMR,1981,True,1.0,1_nonreciprocal,0.0,0.0,1.0,31.0,20.0,2661137.469,8455798984.639999,0.0,0.0,0.0,27.0,0.0,0.0,7636345.856,0.83,,,9201.146,8883.016,21362836.0,0.0,1.0
CMR,1982,True,1.0,1_nonreciprocal,0.0,0.0,1.0,31.0,20.0,2506563.43,8413404846.592001,0.0,0.0,0.0,27.0,0.0,0.0,7322913.792,0.772,,,9480.638,9158.566,23870566.0,0.0,1.0
CMR,1983,True,1.0,1_nonreciprocal,0.0,0.0,1.0,31.0,20.0,2442165.0,8740008512.064,0.0,0.0,0.0,27.0,0.0,0.0,7381853.696,0.756,,,9770.555,9445.003,26986960.0,0.0,1.0
CMR,1984,True,1.0,1_nonreciprocal,0.0,0.0,1.0,31.0,20.0,2554334.0,9461506897.664,0.0,0.0,0.0,28.0,0.0,0.0,7801858.56,0.775,,,10070.779,9742.263,30216756.0,0.0,1.0
CMR,1985,True,1.0,1_nonreciprocal,0.0,0.0,1.0,31.0,20.0,2765815.561,10013658187.84,0.0,0.0,0.0,28.0,0.0,0.0,8148223.488,0.785,,,10381.098,10050.023,31824840.0,0.0,1.0
CMR,1986,True,1.0,1_nonreciprocal,0.0,0.0,1.0,31.0,22.0,2493474.9450000003,11908986258.239998,0.0,0.0,0.0,28.0,0.0,0.0,10621158.4,0.992,,,10701.458,10368.301,30474140.0,0.0,1.0
CMR,1987,True,1.0,1_nonreciprocal,0.0,0.0,1.0,31.0,22.0,2545697.5,13601061168.384003,0.0,0.0,0.0,28.0,0.0,0.0,12302473.216,1.115,,,11031.515,10696.273,30039268.0,0.0,1.0
CMR,1988,True,1.0,1_nonreciprocal,0.0,0.0,1.0,31.0,22.0,2433694.5215,15340574223.36,0.0,0.0,0.0,27.0,0.0,0.0,12493286.4,1.099,,,11370.394,11031.817,29869914.0,0.0,1.0
CMR,1989,True,1.0,1_nonreciprocal,0.0,0.0,1.0,31.0,22.0,2209236.397,16164941408.576,0.0,0.0,0.0,27.0,0.0,0.0,11140057.088,0.951,,,11716.975,11372.16,29020940.0,0.0,1.0
CMR,1990,True,1.0,1_nonreciprocal,0.0,0.0,1.0,31.0,22.0,3002231.727,18322889058.559998,0.0,0.0,0.0,28.0,0.0,0.0,11151579.136,0.924,21596990.912,1.843,12070.359,11715.218,27860416.0,0.0,1.0
CMR,1991,True,1.0,1_nonreciprocal,0.0,0.0,1.0,34.0,22.0,2598491.348,19393791276.544,0.0,0.0,0.0,28.0,0.0,0.0,12434368.512,1.0,21465928.272,1.78,12430.339,12060.729,27072886.0,0.0,1.0
CMR,1992,True,1.0,1_nonreciprocal,0.0,0.0,1.0,34.0,22.0,2509263.28,20844117865.92,0.0,0.0,0.0,28.0,0.0,0.0,11396311.04,0.891,21274641.356,1.714,12796.831,12408.931,26596152.0,0.0,1.0
CMR,1993,True,1.0,1_nonreciprocal,0.0,0.0,1.0,36.0,23.0,1990211.2215,21072670525.888,0.0,0.0,0.0,31.0,0.0,0.0,13532134.4,1.028,20053151.504,1.572,13169.247,12758.881,27975852.0,0.0,1.0
CMR,1994,True,1.0,1_nonreciprocal,0.0,0.0,1.0,36.0,23.0,1950096.3055,22587045957.952,0.0,0.0,0.0,32.0,0.0,0.0,9220471.808,0.681,20902492.167,1.594,13546.948,13109.66,28834620.0,0.0,1.0
CMR,1995,True,1.0,1_nonreciprocal,0.0,0.0,1.0,36.0,23.0,2355227.9420000003,24960546077.760002,0.0,0.0,0.0,33.0,0.0,0.0,8733230.08,0.627,22219380.958,1.651,13929.575,13460.994,30600046.0,1.0,1.0
CMR,1996,True,1.0,1_nonreciprocal,0.0,0.0,1.0,36.0,23.0,2514800.6649999996,25115816761.408,0.0,0.0,0.0,33.0,0.0,0.0,9732328.448,0.68,23736334.326,1.718,14316.949,13812.473,32749608.0,1.0,1.0
CMR,1997,True,1.0,1_nonreciprocal,0.0,0.0,1.0,36.0,23.0,2760825.3225000002,24683023210.688,0.0,0.0,0.0,34.0,0.0,0.0,9840553.984,0.669,25425557.647,1.795,14709.426,14165.424,33899020.0,1.0,1.0
CMR,1998,True,1.0,1_nonreciprocal,0.0,0.0,1.0,36.0,23.0,2719224.277500001,24755038679.936,0.0,0.0,0.0,35.0,0.0,0.0,9629649.92,0.637,26959670.431,1.856,15107.909,14523.57,35422596.0,1.0,1.0
CMR,1999,True,1.0,1_nonreciprocal,0.0,0.0,1.0,36.0,23.0,2493822.6195000005,26015395041.984,0.0,0.0,0.0,35.0,0.0,0.0,10486452.224,0.676,28484176.887,1.913,15513.653,14891.891,37026468.0,1.0,1.0
CMR,2000,True,1.0,1_nonreciprocal,0.0,0.0,1.0,36.0,23.0,2638516.9579999996,26479956300.608,0.0,0.0,0.0,36.0,0.0,0.0,9287367.68,0.583,30348201.789,1.987,15927.713,15274.233,38215724.0,1.0,1.0
CMR,2001,True,1.0,1_nonreciprocal,0.0,0.0,1.0,36.0,23.0,2855673.2284999997,26213172625.856,0.0,0.0,0.0,36.0,0.0,0.0,9633108.992,0.589,32441028.272,2.07,16350.439,15671.928,38552248.0,1.0,1.0
CMR,2002,True,1.0,1_nonreciprocal,0.0,0.0,1.0,36.0,23.0,2796598.3219999997,27332669775.68,0.0,0.0,0.0,36.0,0.0,0.0,10879778.816,0.648,34259579.209,2.13,16782.043,16084.887,39907676.0,1.0,1.0
CMR,2003,True,1.0,1_nonreciprocal,0.0,0.0,1.0,36.0,23.0,3285128.636999999,30659992696.192,0.0,0.0,0.0,36.0,0.0,0.0,13621738.496,0.791,36351273.785,2.201,17223.276,16513.822,42354108.0,1.0,1.0
CMR,2004,True,1.0,1_nonreciprocal,0.0,0.0,1.0,36.0,30.0,3563303.8869999996,34051005386.304,0.0,0.0,0.0,36.0,0.0,0.0,15775356.928,0.893,38733505.757,2.284,17674.959,16959.082,43425172.0,1.0,1.0
CMR,2005,True,1.0,1_nonreciprocal,0.0,0.0,1.0,36.0,30.0,3865089.125,35810110801.536,0.0,0.0,0.0,36.0,0.0,0.0,16587857.92,0.915,40898087.259,2.348,18137.733,17420.795,44825012.0,1.0,1.0
CMR,2006,True,1.0,1_nonreciprocal,0.0,0.0,1.0,36.0,30.0,4947969.1695,37668340994.816,0.0,0.0,0.0,36.0,0.0,0.0,17953067.008,0.965,43513650.64,2.431,18611.937,17899.562,46445352.0,1.0,1.0
CMR,2007,True,1.0,1_nonreciprocal,0.0,0.0,1.0,36.0,30.0,5513972.821,41090276041.472,0.0,0.0,0.0,36.0,0.0,0.0,20431781.888,1.07,46126055.782,2.507,19097.675,18395.389,48696680.0,1.0,1.0
CMR,2008,True,1.0,1_nonreciprocal,0.0,0.0,1.0,36.0,30.0,5256640.973499999,43356354594.304,0.0,0.0,0.0,36.0,0.0,0.0,23322257.408,1.19,48387262.245,2.559,19595.026,18907.008,50907692.0,1.0,1.0
CMR,2009,True,2.0,2_reciprocal_pta,1.0,0.0,0.0,36.0,30.0,4045760.9714999995,40865587641.088,3443425.3125,16158834681.343998,23.0,36.0,0.8511193164294433,0.39541422536885823,23381143.552,1.163,49696600.513,2.557,20103.945,19432.541,51519772.0,1.0,1.0
CMR,2010,True,2.0,2_reciprocal_pta,1.0,0.0,0.0,36.0,30.0,5015620.509500001,42666123500.352005,4254450.9915000005,16055404053.504,23.0,36.0,0.8482402094500009,0.37630332301858965,23622483.968,1.145,51947816.706,2.601,20624.344,19970.496,53753268.0,1.0,1.0
CMR,2011,True,2.0,2_reciprocal_pta,1.0,0.0,0.0,36.0,30.0,5507892.806,45767108476.736,4617468.939,17343868811.263996,23.0,36.0,0.8383367472166452,0.378959243625367,26587310.08,1.257,55215701.705,2.691,21156.273,20520.447,56873328.0,1.0,1.0
CMR,2012,True,2.0,2_reciprocal_pta,1.0,0.0,0.0,36.0,30.0,5415449.5305,45700867909.632,4576289.845,16350456960.0,23.0,36.0,0.8450433928386141,0.35777125704332513,26472054.784,1.22,58813179.767,2.79,21699.631,21082.383,59572516.0,1.0,1.0
CMR,2013,True,2.0,2_reciprocal_pta,1.0,0.0,0.0,36.0,30.0,6202527.033000001,46150748830.01601,5194996.2485,16996796837.888,23.0,36.0,0.8375612425162322,0.36828864685362256,29567504.384,1.329,63086849.399,2.913,22253.96,21655.717,62763772.0,1.0,1.0
CMR,2014,True,2.0,2_reciprocal_pta,1.0,0.0,0.0,36.0,30.0,5897282.4854999995,47358762874.11201,4816101.778000001,17590487070.72,23.0,36.0,0.8166645891292537,0.3714304598175133,32050817.024,1.441,68022404.994,3.059,22239.904,22239.904,66308588.0,1.0,1.0
CMR,2015,True,2.0,2_reciprocal_pta,1.0,0.0,0.0,36.0,30.0,4436682.427499999,44849923518.08,3623881.3259999994,15459393649.663998,23.0,36.0,0.8167998014773393,0.3446916390711786,28415950.848,1.244,72723626.379,3.185,22834.522,22834.521,68676232.0,1.0,1.0
CMR,2016,True,2.0,2_reciprocal_pta,1.0,0.0,0.0,36.0,30.0,3806796.941,45883796063.871994,3161657.558,15514617285.632002,23.0,36.0,0.8305296045471421,0.338128459642595,24204447.744,1.033,77014883.946,3.286,23439.19,23439.189,71503600.0,1.0,1.0
CMR,2017,True,2.0,2_reciprocal_pta,1.0,0.0,0.0,36.0,30.0,4157458.0460000006,48443791181.825,3564590.558000001,16468535362.169998,23.0,36.0,0.8573966396196319,0.3399514150401304,36098550.142,1.469,90037541.682,3.665,24566.071,24053.727,74722432.0,1.0,1.0
DZA,1950,False,,,,,,0.0,0.0,695250.0,439149675.856,0.0,0.0,0.0,20.0,0.0,0.0,,,,,8892.717,,,0.0,0.0
DZA,1951,False,,,,,,0.0,0.0,875460.0,508704606.91200006,0.0,0.0,0.0,22.0,0.0,0.0,,,,,9073.304,,,0.0,0.0
DZA,1952,False,,,,,,0.0,0.0,949850.0,564177641.312,0.0,0.0,0.0,22.0,0.0,0.0,,,,,9279.526,,,0.0,0.0
DZA,1953,False,,,,,,0.0,0.0,863750.0,594802213.104,0.0,0.0,0.0,20.0,0.0,0.0,,,,,9531.71,,,0.0,0.0
DZA,1954,False,,,,,,0.0,0.0,913905.0,608996152.944,0.0,0.0,0.0,21.0,0.0,0.0,,,,,9611.093,,,0.0,0.0
DZA,1955,False,,,,,,0.0,0.0,1069555.0,707212135.52,0.0,0.0,0.0,21.0,0.0,0.0,,,,,9841.85,,,0.0,0.0
DZA,1956,False,,,,,,0.0,0.0,1135160.031,759962809.184,0.0,0.0,0.0,21.0,0.0,0.0,,,,,10057.133,,,0.0,0.0
DZA,1957,False,,,,,,0.0,0.0,1431059.969,810041068.576,0.0,0.0,0.0,23.0,0.0,0.0,,,,,10270.857,,,0.0,0.0
DZA,1958,False,,,,,,0.0,0.0,1555405.031,830159736.224,0.0,0.0,0.0,22.0,0.0,0.0,,,,,10484.925,,,0.0,0.0
DZA,1959,False,,,,,,0.0,0.0,1421055.031,885219863.3280001,0.0,0.0,0.0,22.0,0.0,0.0,,,,,10696.397,,,0.0,0.0
DZA,1960,False,,,,,,0.0,0.0,1659304.9375,1004764122.1600001,0.0,0.0,0.0,23.0,0.0,0.0,2723637.504,0.242,,,11277.757,11393.365,57626628.0,0.0,0.0
DZA,1961,False,,,,,,0.0,0.0,1479359.907,1068562561.6,0.0,0.0,0.0,22.0,0.0,0.0,2434766.848,0.211,,,11560.65,11615.138,51848840.0,0.0,0.0
DZA,1962,True,0.0,0_none,0.0,0.0,0.0,29.0,0.0,1452999.876,1154279277.792,0.0,0.0,0.0,21.0,0.0,0.0,2001460.864,0.169,,,11844.928,11489.085,39993620.0,0.0,0.0
DZA,1963,True,0.0,0_none,0.0,0.0,0.0,29.0,0.0,1357200.0,1241588382.56,0.0,0.0,0.0,19.0,0.0,0.0,2703003.904,0.223,,,12136.371,11773.082,48380944.0,0.0,0.0
DZA,1964,True,0.0,0_none,0.0,0.0,0.0,30.0,0.0,1364499.938,1356808025.408,0.0,0.0,0.0,20.0,0.0,0.0,2909340.16,0.234,,,12443.175,12128.147,51282988.0,0.0,0.0
DZA,1965,True,0.0,0_none,0.0,0.0,0.0,31.0,0.0,1362300.0,1474823991.328,0.0,0.0,0.0,18.0,0.0,0.0,3136284.416,0.246,,,12771.084,12493.921,55881052.0,0.0,0.0
DZA,1966,True,0.0,0_none,0.0,0.0,0.0,31.0,0.0,1270300.031,1613314560.144,0.0,0.0,0.0,18.0,0.0,0.0,3039859.2,0.232,,,13122.912,12886.656,49084648.0,0.0,0.0
DZA,1967,True,0.0,0_none,0.0,0.0,0.0,31.0,0.0,1253760.0,1724081100.72,0.0,0.0,0.0,19.0,0.0,0.0,3370870.528,0.25,,,13496.577,13326.712,57293112.0,0.0,0.0
DZA,1968,True,0.0,0_none,0.0,0.0,0.0,31.0,0.0,1471435.0,1867705725.52,0.0,0.0,0.0,19.0,0.0,0.0,3852147.2,0.277,,,13887.045,13729.597,62147604.0,0.0,0.0
DZA,1969,True,0.0,0_none,0.0,0.0,0.0,31.0,0.0,1657775.0,2054570607.7919998,0.0,0.0,0.0,20.0,0.0,0.0,4257253.376,0.298,,,14286.826,14128.587,67895088.0,0.0,0.0
DZA,1970,True,0.0,0_none,0.0,0.0,0.0,31.0,0.0,1903645.0,2273816559.2320004,0.0,0.0,0.0,20.0,0.0,0.0,4863487.488,0.331,,,14690.855,14550.033,77553784.0,0.0,0.0
DZA,1971,True,1.0,1_nonreciprocal,0.0,0.0,1.0,31.0,1.0,1729604.0,2523239156.608,0.0,0.0,0.0,22.0,0.0,0.0,5077222.4,0.336,,,15098.212,14960.108,75760352.0,0.0,0.0
DZA,1972,True,1.0,1_nonreciprocal,0.0,0.0,1.0,31.0,15.0,2288384.0,2927304446.368,0.0,0.0,0.0,25.0,0.0,0.0,6761786.368,0.436,,,15511.892,15377.094,86014288.0,0.0,0.0
DZA,1973,True,1.0,1_nonreciprocal,0.0,0.0,1.0,31.0,16.0,3626528.531,3532604577.152,0.0,0.0,0.0,25.0,0.0,0.0,8715106.304,0.547,,,15935.594,15804.428,94006480.0,0.0,0.0
DZA,1974,True,1.0,1_nonreciprocal,0.0,0.0,1.0,31.0,18.0,7402598.047,3948556657.12,0.0,0.0,0.0,24.0,0.0,0.0,13209713.664,0.807,,,16374.672,16247.112,136146816.0,0.0,0.0
DZA,1975,True,1.0,1_nonreciprocal,0.0,0.0,1.0,31.0,18.0,9077159.0,4429510582.784,0.0,0.0,0.0,24.0,0.0,0.0,15557934.08,0.924,,,16833.515,16709.1,132639032.0,0.0,0.0
DZA,1976,True,2.0,2_reciprocal_pta,1.0,0.0,0.0,31.0,18.0,9343421.0935,4806278232.896,5282150.0625,1518116519.424,9.0,26.0,0.5653336192002166,0.3158611395057057,17728348.16,1.024,,,17311.457,17190.238,141439824.0,0.0,0.0
DZA,1977,True,2.0,2_reciprocal_pta,1.0,0.0,0.0,31.0,18.0,11546737.108499998,5430826885.312,6073270.0309999995,1726745936.128,9.0,25.0,0.5259728331849897,0.31795267508859265,20971900.928,1.178,,,17808.537,17690.184,154615440.0,0.0,0.0
DZA,1978,True,2.0,2_reciprocal_pta,1.0,0.0,0.0,31.0,18.0,12763409.1555,6534032980.16,6801625.124499999,2139743229.4399998,9.0,25.0,0.532900343602089,0.3274766497103912,26364491.776,1.438,,,18330.536,18212.326,168061824.0,0.0,0.0
DZA,1979,True,2.0,2_reciprocal_pta,1.0,0.0,0.0,31.0,18.0,16268389.6095,7510149364.864,8295245.1095,2601064105.472,9.0,27.0,0.5098995849383859,0.3463398634441277,33243420.672,1.76,,,18884.689,18760.762,194743680.0,0.0,0.0
DZA,1980,True,2.0,2_reciprocal_pta,1.0,0.0,0.0,31.0,18.0,22587842.313,8340612450.304,11616104.875,2985194533.376,9.0,27.0,0.5142635898566802,0.3579107111333527,42345275.392,2.174,,,19475.204,19337.715,215770624.0,0.0,0.0
DZA,1981,True,2.0,2_reciprocal_pta,1.0,0.0,0.0,31.0,19.0,21690560.86,8455798984.639999,12330634.9065,2679046219.776,10.0,27.0,0.5684793024065676,0.31682945924359135,44348669.952,2.206,,,20103.931,19943.664,232733408.0,0.0,0.0
DZA,1982,True,2.0,2_reciprocal_pta,1.0,0.0,0.0,31.0,19.0,20101567.141,8413404846.592001,13130205.125500001,2574006382.08,10.0,27.0,0.6531931084477033,0.3059411057727297,45207089.152,2.177,,,20766.567,20575.701,235259584.0,0.0,0.0
DZA,1983,True,2.0,2_reciprocal_pta,1.0,0.0,0.0,31.0,19.0,20138693.123499997,8740008512.064,12278085.0305,2520324957.6959996,10.0,26.0,0.6096763556207432,0.2883664191192889,48801374.208,2.275,,,21453.278,21228.289,246280944.0,0.0,0.0
DZA,1984,True,2.0,2_reciprocal_pta,1.0,0.0,0.0,31.0,19.0,20059312.094,9461506897.664,12970028.8465,2718849346.048,10.0,25.0,0.6465839299832971,0.2873590195996444,53698281.472,2.424,,,22150.482,21893.852,255273840.0,0.0,0.0
DZA,1985,True,2.0,2_reciprocal_pta,1.0,0.0,0.0,31.0,19.0,19264949.6095,10013658187.84,13507900.094,2845723773.44,10.0,26.0,0.7011645692205153,0.28418423318020586,57937866.752,2.536,,,22847.437,22565.904,270009888.0,0.0,0.0
DZA,1986,True,2.0,2_reciprocal_pta,1.0,0.0,0.0,31.0,21.0,14114166.6095,11908986258.239998,10469070.1095,3831437913.6,12.0,25.0,0.7417419957656906,0.32172662143673003,63696297.984,2.706,,,23539.383,23241.271,231484240.0,0.0,0.0
DZA,1987,True,2.0,2_reciprocal_pta,1.0,0.0,0.0,31.0,21.0,13483139.829,13601061168.384003,9795084.844500002,4531435388.9279995,12.0,26.0,0.7264691287583028,0.3331677824860777,66742267.904,2.755,,,24225.748,23917.896,215715712.0,0.0,0.0
DZA,1988,True,2.0,2_reciprocal_pta,1.0,0.0,0.0,31.0,21.0,13309577.228500001,15340574223.36,9167634.6985,5059366443.008,12.0,26.0,0.6887998424825399,0.3298029375786862,59089063.936,2.373,,,24904.93,24591.492,196686144.0,0.0,0.0
DZA,1989,True,2.0,2_reciprocal_pta,1.0,0.0,0.0,31.0,21.0,15010702.1575,16164941408.576,10499466.601,5255545856.0,12.0,25.0,0.6994653874838233,0.3251200065106188,55631486.976,2.175,,,25576.595,25257.672,200952272.0,0.0,0.0
DZA,1990,True,2.0,2_reciprocal_pta,1.0,0.0,0.0,31.0,21.0,18581442.186499998,18322889058.559998,13138201.1575,6716606121.983999,12.0,25.0,0.7070603576209664,0.3665691638757245,62045097.984,2.365,171441653.48,6.616,26239.708,25912.367,207967536.0,0.0,0.0
DZA,1991,True,2.0,2_reciprocal_pta,1.0,0.0,0.0,34.0,21.0,17497509.061499998,19393791276.544,12879507.491999999,7002888893.4400015,12.0,25.0,0.7360766293494284,0.36108921631582735,45715369.984,1.7,175022332.967,6.591,26893.663,26554.328,213388272.0,0.0,0.0
DZA,1992,True,2.0,2_reciprocal_pta,1.0,0.0,0.0,34.0,21.0,16729319.3515,20844117865.92,12692916.1365,7676577040.384001,12.0,25.0,0.7587228069360703,0.3682850523952926,48003297.28,1.743,182234276.695,6.704,27535.151,27181.094,207465152.0,0.0,0.0
DZA,1993,True,2.0,2_reciprocal_pta,1.0,0.0,0.0,36.0,22.0,15921230.8585,21072670525.888,11396822.436500002,7016676205.568,12.0,30.0,0.7158254621008454,0.3329751773486867,49946456.064,1.774,182652132.992,6.573,28157.56,27786.258,193700160.0,0.0,0.0
DZA,1994,True,2.0,2_reciprocal_pta,1.0,0.0,0.0,36.0,22.0,15568133.513,22587045957.952,10869958.5395,7429952126.976001,12.0,31.0,0.6982184813884824,0.32894749232846054,42542575.616,1.48,184860366.599,6.518,28752.748,28362.254,188369296.0,0.0,0.0
DZA,1995,True,2.0,2_reciprocal_pta,1.0,0.0,0.0,36.0,22.0,16998628.5775,24960546077.760002,12198220.055,8883593895.936,14.0,31.0,0.7176002463602272,0.3559054304445421,41764052.992,1.425,195887152.59,6.777,29315.462,28904.299,193144976.0,0.0,0.0
DZA,1996,True,2.0,2_reciprocal_pta,1.0,0.0,0.0,36.0,22.0,16937313.978,25115816761.408,12147067.3385,9068471576.575998,14.0,32.0,0.7171779040217307,0.36106616251916057,46941495.296,1.573,207641164.439,7.06,29845.207,29411.416,211470416.0,0.0,0.0
DZA,1997,True,2.0,2_reciprocal_pta,1.0,0.0,0.0,36.0,22.0,19172399.713499997,24683023210.688,13719818.412499998,8534789787.648,14.0,35.0,0.7156025650163848,0.34577570643584493,48177860.608,1.588,213518094.862,7.144,30345.467,29886.84,212779760.0,0.0,0.0
DZA,1998,True,2.0,2_reciprocal_pta,1.0,0.0,0.0,36.0,22.0,16795226.724999998,24755038679.936,12409589.373499999,8811419375.616,14.0,35.0,0.7388759661712754,0.35594448021435204,48187781.12,1.564,226842921.991,7.478,30820.435,30335.732,209346048.0,0.0,0.0
DZA,1999,True,2.0,2_reciprocal_pta,1.0,0.0,0.0,36.0,22.0,18074294.1015,26015395041.984,13419689.828499999,8812446595.071999,14.0,35.0,0.7424738002568126,0.3387396801336421,48640614.4,1.555,237684411.606,7.726,31276.295,30765.613,225524928.0,0.0,0.0
DZA,2000,True,2.0,2_reciprocal_pta,1.0,0.0,0.0,36.0,22.0,26099388.411,26479956300.608,19672969.425499998,8171720617.983998,14.0,34.0,0.7537712806024418,0.308600230499488,54790057.984,1.727,252378337.269,8.093,31719.448,31183.66,282210528.0,0.0,0.0
DZA,2001,True,2.0,2_reciprocal_pta,1.0,0.0,0.0,36.0,22.0,24971420.7825,26213172625.856,19182515.901,8232454963.2,14.0,34.0,0.7681787939932969,0.3140579387586117,54744715.264,1.703,265895354.317,8.416,32150.2,31592.154,274117088.0,0.0,0.0
DZA,2002,True,2.0,2_reciprocal_pta,1.0,0.0,0.0,36.0,22.0,26125973.314000003,27332669775.68,19833688.536500003,8965674422.272001,14.0,34.0,0.7591559670571897,0.32802044205171127,56760287.232,1.743,285121071.817,8.911,32572.975,31995.047,280775904.0,0.0,0.0
DZA,2003,True,2.0,2_reciprocal_pta,1.0,0.0,0.0,36.0,23.0,32613815.11,30659992696.192,23625961.1575,10940185608.192,14.0,35.0,0.7244157446105053,0.3568228380416666,67863834.624,2.056,311750062.356,9.621,33003.441,32403.516,309999584.0,0.0,0.0
DZA,2004,True,2.0,2_reciprocal_pta,1.0,0.0,0.0,36.0,29.0,42481200.425,34051005386.304,31499569.2425,12889811434.495998,22.0,35.0,0.7414943299004009,0.3785442247082825,85324996.608,2.55,334101382.416,10.176,33461.346,32831.098,327675168.0,0.0,0.0
DZA,2005,True,3.0,3_fta,1.0,1.0,0.0,36.0,30.0,54586716.45549999,35810110801.536,37403187.202,13722456091.647999,23.0,36.0,0.685206761474501,0.3832006040891502,103198646.272,3.039,365224666.421,10.972,33960.903,33288.438,385867232.0,0.0,0.0
DZA,2006,True,3.0,3_fta,1.0,1.0,0.0,36.0,30.0,65118646.483500004,37668340994.816,41416319.378,14609309695.999998,23.0,35.0,0.6360132099566015,0.3878405395663845,117026652.16,3.391,382786519.765,11.332,34507.214,33777.914,424605504.0,0.0,0.0
DZA,2007,True,3.0,3_fta,1.0,1.0,0.0,36.0,30.0,70956370.64950001,41090276041.472,41655611.7055,16819504731.136,23.0,35.0,0.587059503244104,0.40933053635756167,134977871.872,3.846,406228270.929,11.843,35097.042,34300.074,421390528.0,0.0,0.0
DZA,2008,True,3.0,3_fta,1.0,1.0,0.0,36.0,30.0,96889936.7445,43356354594.304,62608215.10000002,17994009731.584,23.0,35.0,0.6461787178693148,0.41502589182043426,171000168.448,4.787,423972500.308,12.162,35725.376,34860.715,451138880.0,0.0,0.0
DZA,2009,True,3.0,3_fta,1.0,1.0,0.0,36.0,30.0,63803702.0165,40865587641.088,43389580.09550001,16158834681.343998,23.0,35.0,0.6800480022974092,0.39541422536885823,137211797.504,3.771,434165114.775,12.242,36383.301,35465.758,388485696.0,0.0,0.0
DZA,2010,True,3.0,3_fta,1.0,1.0,0.0,36.0,30.0,73250949.481,42666123500.352005,47807164.56299999,16055404053.504,23.0,35.0,0.6526490769297171,0.37630332301858965,161207304.192,4.35,455438685.977,12.61,37062.82,36117.637,447781152.0,0.0,0.0
DZA,2011,True,3.0,3_fta,1.0,1.0,0.0,36.0,30.0,89067302.885,45767108476.736,61459465.49300001,17343868811.263996,23.0,35.0,0.6900339799483309,0.378959243625367,199070859.264,5.272,478284400.072,12.99,37762.962,36819.559,494219424.0,0.0,0.0
DZA,2012,True,3.0,3_fta,1.0,1.0,0.0,36.0,30.0,89426515.07699998,45700867909.632,66569153.895,16350456960.0,23.0,35.0,0.7444006270140481,0.35777125704332513,204331024.384,5.31,503532962.334,13.404,38481.705,37565.844,510024480.0,0.0,0.0
DZA,2013,True,3.0,3_fta,1.0,1.0,0.0,36.0,30.0,86154551.039,46150748830.01601,70331964.359,16996796837.888,23.0,35.0,0.8163464786342219,0.36828864685362256,210183405.568,5.361,525826096.308,13.715,39208.195,38338.562,504805248.0,0.0,0.0
DZA,2014,True,3.0,3_fta,1.0,1.0,0.0,36.0,30.0,83248339.16249998,47358762874.11201,67265218.78150001,17590487070.72,23.0,35.0,0.8080067357283721,0.3714304598175133,213983100.928,5.471,555521133.801,14.203,39113.312,39113.312,504902176.0,0.0,0.0
DZA,2015,True,3.0,3_fta,1.0,1.0,0.0,36.0,29.0,57269226.918500006,44849923518.08,46311994.239,15459393649.663998,23.0,35.0,0.808671545451569,0.3446916390711786,164779474.944,4.133,582629895.329,14.613,39871.529,39871.527,467229632.0,0.0,0.0
DZA,2016,True,3.0,3_fta,1.0,1.0,0.0,36.0,29.0,49680193.321,45883796063.871994,38718753.460499994,15514617285.632002,23.0,36.0,0.779359959618624,0.338128459642595,156079603.712,3.844,612133180.845,15.075,40606.052,40606.051,472745536.0,0.0,0.0
DZA,2017,True,3.0,3_fta,1.0,1.0,0.0,36.0,29.0,46730263.34200001,48443791181.825,37947895.4,16468535362.169998,23.0,35.0,0.8120625197909673,0.3399514150401304,170097014.589,4.11,485801342.039,11.737,41389.175,41318.141,498163264.0,0.0,0.0
EGY,1950,True,1.0,1_nonreciprocal,0.0,0.0,1.0,28.0,1.0,729880.0,439149675.856,0.0,0.0,0.0,24.0,0.0,0.0,2267239.936,0.107,,,21197.691,22127.229,12761535.0,0.0,0.0
EGY,1951,True,1.0,1_nonreciprocal,0.0,0.0,1.0,28.0,1.0,907460.0,508704606.91200006,0.0,0.0,0.0,23.0,0.0,0.0,2471259.904,0.114,,,21704.443,22656.201,13248046.0,0.0,0.0
EGY,1952,True,1.0,1_nonreciprocal,0.0,0.0,1.0,28.0,1.0,705455.0,564177641.312,0.0,0.0,0.0,24.0,0.0,0.0,2149420.032,0.097,,,22223.309,23197.818,12098888.0,0.0,0.0
EGY,1953,True,1.0,1_nonreciprocal,0.0,0.0,1.0,28.0,1.0,629815.0,594802213.104,0.0,0.0,0.0,24.0,0.0,0.0,2241370.112,0.099,,,22754.58,23752.387,12162920.0,0.0,0.0
EGY,1954,True,1.0,1_nonreciprocal,0.0,0.0,1.0,28.0,1.0,580310.0,608996152.944,0.0,0.0,0.0,24.0,0.0,0.0,2494249.984,0.107,,,23298.552,24320.211,12944347.0,0.0,0.0
EGY,1955,True,1.0,1_nonreciprocal,0.0,0.0,1.0,28.0,1.0,613570.0,707212135.52,0.0,0.0,0.0,24.0,0.0,0.0,2747120.128,0.115,,,23855.528,24901.613,13496260.0,0.0,0.0
EGY,1956,True,1.0,1_nonreciprocal,0.0,0.0,1.0,28.0,1.0,538015.0,759962809.184,0.0,0.0,0.0,24.0,0.0,0.0,2902850.048,0.119,,,24425.816,25496.91,13902056.0,0.0,0.0
EGY,1957,True,1.0,1_nonreciprocal,0.0,0.0,1.0,28.0,1.0,401960.0,810041068.576,0.0,0.0,0.0,22.0,0.0,0.0,3051419.904,0.122,,,25009.741,26106.439,14493365.0,0.0,0.0
EGY,1958,True,1.0,1_nonreciprocal,0.0,0.0,1.0,28.0,1.0,472060.0,830159736.224,0.0,0.0,0.0,22.0,0.0,0.0,3588570.112,0.14,,,25607.622,26730.539,14747562.0,0.0,0.0
EGY,1959,True,1.0,1_nonreciprocal,0.0,0.0,1.0,28.0,1.0,476260.0,885219863.3280001,0.0,0.0,0.0,21.0,0.0,0.0,3920000.0,0.15,,,26219.801,27369.561,16270726.0,0.0,0.0
EGY,1960,True,1.0,1_nonreciprocal,0.0,0.0,1.0,29.0,1.0,585610.0,1004764122.1600001,0.0,0.0,0.0,22.0,0.0,0.0,3940000.0,0.141,,,27997.746,28023.855,16990792.0,0.0,0.0
EGY,1961,True,1.0,1_nonreciprocal,0.0,0.0,1.0,29.0,1.0,592570.0,1068562561.6,0.0,0.0,0.0,22.0,0.0,0.0,3400090.112,0.118,,,28785.879,28729.762,17978404.0,0.0,0.0
EGY,1962,True,1.0,1_nonreciprocal,0.0,0.0,1.0,29.0,1.0,661860.0,1154279277.792,0.0,0.0,0.0,22.0,0.0,0.0,3677720.064,0.124,,,29590.639,29408.732,19026470.0,0.0,0.0
EGY,1963,True,1.0,1_nonreciprocal,0.0,0.0,1.0,29.0,1.0,776690.0,1241588382.56,0.0,0.0,0.0,22.0,0.0,0.0,4112069.888,0.135,,,30409.962,30084.475,20575678.0,0.0,0.0
EGY,1964,True,1.0,1_nonreciprocal,0.0,0.0,1.0,30.0,1.0,796020.0,1356808025.408,0.0,0.0,0.0,22.0,0.0,0.0,4570229.76,0.146,,,31241.837,30828.119,23242306.0,0.0,0.0
EGY,1965,True,1.0,1_nonreciprocal,0.0,0.0,1.0,31.0,1.0,730970.0,1474823991.328,0.0,0.0,0.0,23.0,0.0,0.0,5111621.12,0.159,,,32083.954,31592.301,24222958.0,0.0,0.0
EGY,1966,True,1.0,1_nonreciprocal,0.0,0.0,1.0,31.0,1.0,736665.0,1613314560.144,0.0,0.0,0.0,26.0,0.0,0.0,5339520.512,0.162,,,32937.065,32345.162,25228086.0,0.0,0.0
EGY,1967,True,1.0,1_nonreciprocal,0.0,0.0,1.0,31.0,1.0,489690.0,1724081100.72,0.0,0.0,0.0,25.0,0.0,0.0,5579168.768,0.165,,,33798.82,33070.434,26397452.0,0.0,0.0
EGY,1968,True,1.0,1_nonreciprocal,0.0,0.0,1.0,31.0,1.0,505245.0,1867705725.52,0.0,0.0,0.0,21.0,0.0,0.0,6109112.32,0.176,,,34660.4,33755.918,29305470.0,0.0,0.0
EGY,1969,True,1.0,1_nonreciprocal,0.0,0.0,1.0,31.0,1.0,616148.0,2054570607.7919998,0.0,0.0,0.0,24.0,0.0,0.0,6861743.616,0.193,,,35510.567,34411.84,31414490.0,0.0,0.0
EGY,1970,True,1.0,1_nonreciprocal,0.0,0.0,1.0,31.0,1.0,693318.0,2273816559.2320004,0.0,0.0,0.0,27.0,0.0,0.0,7682491.904,0.211,,,36342.27,35046.273,35639044.0,0.0,1.0
EGY,1971,True,1.0,1_nonreciprocal,0.0,0.0,1.0,31.0,1.0,732729.5,2523239156.608,0.0,0.0,0.0,26.0,0.0,0.0,8266003.456,0.222,,,37152.21,35863.379,36333464.0,0.0,1.0
EGY,1972,True,1.0,1_nonreciprocal,0.0,0.0,1.0,31.0,14.0,720367.0,2927304446.368,0.0,0.0,0.0,26.0,0.0,0.0,8763961.344,0.231,,,37945.431,36673.641,38716580.0,0.0,1.0
EGY,1973,True,1.0,1_nonreciprocal,0.0,0.0,1.0,31.0,15.0,1013195.5,3532604577.152,0.0,0.0,0.0,27.0,0.0,0.0,9616724.992,0.248,,,38733.784,37488.066,38825336.0,0.0,1.0
EGY,1974,True,1.0,1_nonreciprocal,0.0,0.0,1.0,31.0,18.0,2217650.5154999997,3948556657.12,0.0,0.0,0.0,26.0,0.0,0.0,9015166.976,0.228,,,39533.997,38322.023,43071264.0,0.0,1.0
EGY,1975,True,1.0,1_nonreciprocal,0.0,0.0,1.0,31.0,18.0,3151554.0,4429510582.784,0.0,0.0,0.0,27.0,0.0,0.0,11437965.312,0.283,,,40359.039,39187.703,44861884.0,0.0,1.0
EGY,1976,True,1.0,1_nonreciprocal,0.0,0.0,1.0,31.0,19.0,3782530.5154999997,4806278232.896,0.0,0.0,0.0,27.0,0.0,0.0,13360477.184,0.324,,,41212.513,40089.031,46119736.0,0.0,1.0
EGY,1977,True,1.0,1_nonreciprocal,0.0,0.0,1.0,31.0,19.0,4646013.5155,5430826885.312,0.0,0.0,0.0,27.0,0.0,0.0,14636028.928,0.348,,,42093.67,41026.477,48851360.0,0.0,1.0
EGY,1978,True,2.0,2_reciprocal_pta,1.0,0.0,0.0,31.0,19.0,6053262.0005,6534032980.16,3219374.9535,2139743229.4399998,9.0,27.0,0.5318413366601478,0.3274766497103912,14849908.736,0.345,,,43005.772,42004.652,50990440.0,0.0,1.0
EGY,1979,True,2.0,2_reciprocal_pta,1.0,0.0,0.0,31.0,19.0,6713169.078,7510149364.864,3654095.0625,2601064105.472,9.0,27.0,0.5443174482935316,0.3463398634441277,18150000.64,0.413,,,43951.351,43027.816,50583144.0,0.0,1.0
EGY,1980,True,2.0,2_reciprocal_pta,1.0,0.0,0.0,31.0,19.0,9463391.061999999,8340612450.304,4937229.9845,2985194533.376,9.0,28.0,0.5217189009894475,0.3579107111333527,22912499.712,0.51,,,44931.973,44099.141,52649724.0,0.0,1.0
EGY,1981,True,2.0,2_reciprocal_pta,1.0,0.0,0.0,31.0,20.0,11388303.531,8455798984.639999,6615760.0155,2679046219.776,10.0,28.0,0.5809258593688953,0.31682945924359135,23405404.16,0.509,,,45945.656,45216.508,60519440.0,0.0,1.0
EGY,1982,True,2.0,2_reciprocal_pta,1.0,0.0,0.0,31.0,20.0,11500772.047,8413404846.592001,5999295.1245,2574006382.08,10.0,28.0,0.5216428166720275,0.3059411057727297,25592367.104,0.545,,,46991.386,46379.621,61269536.0,0.0,1.0
EGY,1983,True,2.0,2_reciprocal_pta,1.0,0.0,0.0,31.0,20.0,11830502.0625,8740008512.064,6116350.078,2520324957.6959996,10.0,28.0,0.5169983527062167,0.2883664191192889,28137369.6,0.585,,,48071.85,47594.555,70399312.0,0.0,1.0
EGY,1984,True,2.0,2_reciprocal_pta,1.0,0.0,0.0,31.0,20.0,12092143.015999999,9461506897.664,6318825.0315000005,2718849346.048,10.0,28.0,0.5225562601384305,0.2873590195996444,30642874.368,0.623,,,49190.418,48868.949,79194696.0,0.0,1.0
EGY,1985,True,2.0,2_reciprocal_pta,1.0,0.0,0.0,31.0,20.0,9262422.015,10013658187.84,5020461.992000001,2845723773.44,10.0,28.0,0.5420247516113635,0.28418423318020586,34689560.576,0.689,,,50346.55,50204.988,85057128.0,0.0,1.0
EGY,1986,True,2.0,2_reciprocal_pta,1.0,0.0,0.0,31.0,22.0,9094675.155499998,11908986258.239998,5120251.100999999,3831437913.6,12.0,28.0,0.562994391053487,0.32172662143673003,35880263.68,0.696,,,51545.01,51607.703,87035184.0,0.0,1.0
EGY,1987,True,2.0,2_reciprocal_pta,1.0,0.0,0.0,31.0,22.0,9153839.4925,13601061168.384003,5125041.4925,4531435388.9279995,12.0,28.0,0.5598788898034636,0.3331677824860777,40507932.672,0.768,,,52776.852,53066.23,89794584.0,0.0,1.0
EGY,1988,True,2.0,2_reciprocal_pta,1.0,0.0,0.0,31.0,22.0,9204060.5555,15340574223.36,5086158.8655,5059366443.008,12.0,28.0,0.5525994570364602,0.3298029375786862,35044634.624,0.649,,,54011.215,54547.293,88979456.0,0.0,1.0
EGY,1989,True,2.0,2_reciprocal_pta,1.0,0.0,0.0,31.0,22.0,9325484.265999999,16164941408.576,5178803.9655,5255545856.0,12.0,28.0,0.5553388776153452,0.3251200065106188,39648444.416,0.718,,,55207.253,56006.574,99501096.0,0.0,1.0
EGY,1990,True,2.0,2_reciprocal_pta,1.0,0.0,0.0,31.0,22.0,10599643.076,18322889058.559998,6098676.1645,6716606121.983999,12.0,28.0,0.5753661817451937,0.3665691638757245,43130417.152,0.766,219273690.234,3.819,56336.613,57412.215,112763640.0,0.0,1.0
EGY,1991,True,2.0,2_reciprocal_pta,1.0,0.0,0.0,34.0,22.0,10487046.451499999,19393791276.544,5945608.1815,7002888893.4400015,12.0,28.0,0.5669478254909016,0.36108921631582735,36970553.344,0.644,229016589.491,3.898,57387.589,58752.391,130652368.0,0.0,1.0
EGY,1992,True,2.0,2_reciprocal_pta,1.0,0.0,0.0,34.0,22.0,10956701.138,20844117865.92,5722421.884000001,7676577040.384001,12.0,30.0,0.5222759854381273,0.3682850523952926,41855483.904,0.717,244618514.813,4.075,58370.712,60035.539,144743104.0,0.0,1.0
EGY,1993,True,2.0,2_reciprocal_pta,1.0,0.0,0.0,36.0,23.0,11192568.3115,21072670525.888,5908943.0945,7016676205.568,12.0,34.0,0.5279345124415058,0.3329751773486867,46578630.656,0.785,257703318.996,4.206,59307.777,61275.602,169492224.0,0.0,1.0
EGY,1994,True,2.0,2_reciprocal_pta,1.0,0.0,0.0,36.0,23.0,11887940.997,22587045957.952,6425253.908,7429952126.976001,12.0,33.0,0.5404850099459154,0.32894749232846054,51897982.976,0.862,273644484.446,4.379,60231.865,62495.746,193446592.0,0.0,1.0
EGY,1995,True,2.0,2_reciprocal_pta,1.0,0.0,0.0,36.0,23.0,13087312.968,24960546077.760002,7420921.108,9124051525.632,15.0,34.0,0.5670316837493696,0.36553893881999583,60159246.336,0.984,292320638.929,4.588,61168.396,63714.387,228289568.0,1.0,1.0
EGY,1996,True,2.0,2_reciprocal_pta,1.0,0.0,0.0,36.0,23.0,14572021.398500003,25115816761.408,8243568.194,9305192065.024,15.0,34.0,0.5657120565887013,0.370491318415812,67629719.552,1.089,312506419.455,4.813,62123.592,64933.457,275517408.0,1.0,1.0
EGY,1997,True,2.0,2_reciprocal_pta,1.0,0.0,0.0,36.0,23.0,15189175.117500002,24683023210.688,8712340.989,8747113254.911999,15.0,36.0,0.5735888171413729,0.3543777105522637,78436573.184,1.243,335308788.634,5.069,63094.07,66151.117,286627328.0,1.0,1.0
EGY,1998,True,2.0,2_reciprocal_pta,1.0,0.0,0.0,36.0,23.0,15232341.381500002,24755038679.936,8967065.763000002,9029102999.552,15.0,36.0,0.5886859766608626,0.36473798794223267,84828807.168,1.324,352628944.674,5.234,64084.442,67378.062,287501120.0,1.0,1.0
EGY,1999,True,2.0,2_reciprocal_pta,1.0,0.0,0.0,36.0,23.0,15583690.905,26015395041.984,9004073.9405,9029171853.312,15.0,36.0,0.5777882784887025,0.3470703342670983,90710704.128,1.393,379884406.117,5.536,65097.778,68626.664,303563968.0,1.0,1.0
EGY,2000,True,2.0,2_reciprocal_pta,1.0,0.0,0.0,36.0,23.0,14888014.11,26479956300.608,8537460.225499999,8368142331.903999,15.0,36.0,0.5734451997708376,0.31601798118193497,99838541.824,1.51,409384965.326,5.856,66136.589,69905.992,317799808.0,1.0,1.0
EGY,2001,True,2.0,2_reciprocal_pta,1.0,0.0,0.0,36.0,23.0,13151102.9505,26213172625.856,7026715.315,8429408583.68,15.0,36.0,0.5343061598291912,0.32157147492194244,97632010.24,1.453,433517053.525,6.086,67204.185,71226.938,333597152.0,1.0,1.0
EGY,2002,True,2.0,2_reciprocal_pta,1.0,0.0,0.0,36.0,23.0,12409837.2055,27332669775.68,6853762.4385,9178645106.688002,15.0,36.0,0.552284637179804,0.33581224161479295,87850680.32,1.286,450606183.93,6.208,68302.917,72590.117,343771200.0,1.0,1.0
EGY,2003,True,2.0,2_reciprocal_pta,1.0,0.0,0.0,36.0,24.0,13030217.551500002,30659992696.192,7722379.1025,11200907083.776,15.0,36.0,0.592651586359049,0.36532647593119494,82923683.84,1.194,474262994.919,6.411,69432.48,73981.938,357473728.0,1.0,1.0
EGY,2004,True,3.0,3_fta,1.0,1.0,0.0,36.0,30.0,16210243.682500001,34051005386.304,9917863.982499998,12908966445.055998,15.0,36.0,0.6118269519419359,0.3791067634745447,78845181.952,1.117,507234344.115,6.729,70591.286,75381.898,375248320.0,1.0,1.0
EGY,2005,True,3.0,3_fta,1.0,1.0,0.0,36.0,30.0,19420342.1365,35810110801.536,11841838.9485,13408335659.008,15.0,36.0,0.6097646923657224,0.3744287677108465,89685721.088,1.249,547005144.174,7.124,71777.679,76778.156,395693728.0,1.0,1.0
EGY,2006,True,3.0,3_fta,1.0,1.0,0.0,36.0,30.0,23156751.584,37668340994.816,14192557.6075,14252095582.208,15.0,36.0,0.6128906965217976,0.378357400560046,107484037.12,1.473,602453659.314,7.708,72990.753,78159.047,440465888.0,1.0,1.0
EGY,2007,True,3.0,3_fta,1.0,1.0,0.0,36.0,30.0,27163656.111,41090276041.472,16206606.257,16376864608.255999,15.0,36.0,0.5966283106653337,0.39855815501767367,130477817.856,1.758,662339380.637,8.327,74229.576,79537.258,499250496.0,1.0,1.0
EGY,2008,True,3.0,3_fta,1.0,1.0,0.0,36.0,31.0,42914726.106,43356354594.304,26395679.292000003,18487249457.151997,18.0,36.0,0.6150727660897168,0.4264023031950381,162818179.072,2.157,723669582.167,8.939,75491.92,80953.883,567148928.0,1.0,1.0
EGY,2009,True,3.0,3_fta,1.0,1.0,0.0,36.0,31.0,36475962.1645,40865587641.088,23138822.4245,16631197895.679998,18.0,36.0,0.6343581101479405,0.4069731736576886,188984082.432,2.462,763245439.18,9.255,76775.024,82465.016,621812160.0,1.0,1.0
EGY,2010,True,3.0,3_fta,1.0,1.0,0.0,36.0,31.0,43450589.503000006,42666123500.352005,26025146.1185,16615323551.744001,18.0,36.0,0.598959563407146,0.38942660332399126,218887815.168,2.804,812316743.803,9.658,78075.706,84107.602,715813248.0,1.0,1.0
EGY,2011,True,3.0,3_fta,1.0,1.0,0.0,36.0,31.0,46531959.868999995,45767108476.736,29367371.985999998,18041018572.799995,18.0,36.0,0.631122610538586,0.3941917934791636,236000739.328,2.973,843842460.027,9.824,79392.464,85897.562,828206528.0,1.0,1.0
EGY,2012,True,3.0,3_fta,1.0,1.0,0.0,36.0,31.0,45473137.992,45700867909.632,28375281.036500003,17060002879.487999,18.0,36.0,0.6240009440626686,0.373297131100926,262831915.008,3.256,878427114.733,10.003,80721.87,87813.258,846654400.0,1.0,1.0
EGY,2013,True,3.0,3_fta,1.0,1.0,0.0,36.0,31.0,43709573.30849999,46150748830.01601,28155389.946,17722328174.592,18.0,36.0,0.644146986914758,0.38400954749114635,271972827.136,3.314,912121545.942,10.156,82056.381,89807.438,875442368.0,1.0,1.0
EGY,2014,True,3.0,3_fta,1.0,1.0,0.0,36.0,31.0,45709966.96,47358762874.11201,29105287.907499995,18309993827.328003,18.0,36.0,0.636738327397382,0.3866231446121009,305529651.2,3.328,955524563.563,10.407,91812.569,91812.57,903043072.0,1.0,1.0
EGY,2015,True,3.0,3_fta,1.0,1.0,0.0,36.0,31.0,41342510.927999996,44849923518.08,26677320.936000004,16097609600.0,18.0,36.0,0.6452757787851798,0.3589216733783436,332698025.984,3.548,1008030438.488,10.749,93778.175,93778.172,939779584.0,1.0,1.0
EGY,2016,True,3.0,3_fta,1.0,1.0,0.0,36.0,31.0,38024992.904,45883796063.871994,25843239.7285,16114277797.888,18.0,36.0,0.6796382524973844,0.35119757256911155,336296935.424,3.514,1065179267.161,11.132,95688.683,95688.68,976628160.0,1.0,1.0
EGY,2017,True,3.0,3_fta,1.0,1.0,0.0,36.0,31.0,38834523.342999995,48443791181.825,26922983.201,17091981745.301998,18.0,36.0,0.6932744600263756,0.3528208946560425,235733695.652,2.444,1062265603.572,11.014,96442.589,97553.156,998582528.0,1.0,1.0
ETH,1950,True,0.0,0_none,0.0,0.0,0.0,28.0,0.0,29360.0,439149675.856,0.0,0.0,0.0,13.0,0.0,0.0,,,,,22979.582,,,0.0,0.0
ETH,1951,True,0.0,0_none,0.0,0.0,0.0,28.0,0.0,51600.0,508704606.91200006,0.0,0.0,0.0,16.0,0.0,0.0,,,,,23351.967,,,0.0,0.0
ETH,1952,True,0.0,0_none,0.0,0.0,0.0,28.0,0.0,67250.0,564177641.312,0.0,0.0,0.0,18.0,0.0,0.0,,,,,23738.462,,,0.0,0.0
ETH,1953,True,0.0,0_none,0.0,0.0,0.0,28.0,0.0,90670.0,594802213.104,0.0,0.0,0.0,19.0,0.0,0.0,,,,,24139.56,,,0.0,0.0
ETH,1954,True,0.0,0_none,0.0,0.0,0.0,28.0,0.0,99170.0,608996152.944,0.0,0.0,0.0,20.0,0.0,0.0,,,,,24555.791,,,0.0,0.0
ETH,1955,True,0.0,0_none,0.0,0.0,0.0,28.0,0.0,103130.0,707212135.52,0.0,0.0,0.0,18.0,0.0,0.0,,,,,24987.692,,,0.0,0.0
ETH,1956,True,0.0,0_none,0.0,0.0,0.0,28.0,0.0,91620.0,759962809.184,0.0,0.0,0.0,20.0,0.0,0.0,,,,,25435.838,,,0.0,0.0
ETH,1957,True,0.0,0_none,0.0,0.0,0.0,28.0,0.0,111940.0,810041068.576,0.0,0.0,0.0,21.0,0.0,0.0,,,,,25900.836,,,0.0,0.0
ETH,1958,True,0.0,0_none,0.0,0.0,0.0,28.0,0.0,107070.0,830159736.224,0.0,0.0,0.0,19.0,0.0,0.0,,,,,26383.304,,,0.0,0.0
ETH,1959,True,0.0,0_none,0.0,0.0,0.0,28.0,0.0,100605.0,885219863.3280001,0.0,0.0,0.0,18.0,0.0,0.0,,,,,26882.186,,,0.0,0.0
ETH,1960,True,0.0,0_none,0.0,0.0,0.0,29.0,0.0,119005.0,1004764122.1600001,0.0,0.0,0.0,21.0,0.0,0.0,,,,,23556.028,,,0.0,0.0
ETH,1961,True,0.0,0_none,0.0,0.0,0.0,29.0,0.0,131560.0,1068562561.6,0.0,0.0,0.0,20.0,0.0,0.0,,,,,24109.352,,,0.0,0.0
ETH,1962,True,0.0,0_none,0.0,0.0,0.0,29.0,0.0,151600.0,1154279277.792,0.0,0.0,0.0,21.0,0.0,0.0,,,,,24694.31,,,0.0,0.0
ETH,1963,True,0.0,0_none,0.0,0.0,0.0,29.0,0.0,158150.0,1241588382.56,0.0,0.0,0.0,21.0,0.0,0.0,,,,,25307.396,,,0.0,0.0
ETH,1964,True,0.0,0_none,0.0,0.0,0.0,30.0,0.0,183550.0,1356808025.408,0.0,0.0,0.0,22.0,0.0,0.0,,,,,25943.205,,,0.0,0.0
ETH,1965,True,0.0,0_none,0.0,0.0,0.0,31.0,0.0,221200.0,1474823991.328,0.0,0.0,0.0,21.0,0.0,0.0,,,,,26598.158,,,0.0,0.0
ETH,1966,True,0.0,0_none,0.0,0.0,0.0,31.0,0.0,225750.0,1613314560.144,0.0,0.0,0.0,22.0,0.0,0.0,,,,,27265.392,,,0.0,0.0
ETH,1967,True,0.0,0_none,0.0,0.0,0.0,31.0,0.0,206780.0,1724081100.72,0.0,0.0,0.0,23.0,0.0,0.0,,,,,27945.977,,,0.0,0.0
ETH,1968,True,0.0,0_none,0.0,0.0,0.0,31.0,0.0,233285.0,1867705725.52,0.0,0.0,0.0,24.0,0.0,0.0,,,,,28653.074,,,0.0,0.0
ETH,1969,True,0.0,0_none,0.0,0.0,0.0,31.0,0.0,211924.0,2054570607.7919998,0.0,0.0,0.0,27.0,0.0,0.0,,,,,29405.101,,,0.0,0.0
ETH,1970,True,0.0,0_none,0.0,0.0,0.0,31.0,0.0,250551.0,2273816559.2320004,0.0,0.0,0.0,28.0,0.0,0.0,,,,,30211.911,,,0.0,0.0
ETH,1971,True,0.0,0_none,0.0,0.0,0.0,31.0,0.0,255859.5,2523239156.608,0.0,0.0,0.0,28.0,0.0,0.0,,,,,31090.013,,,0.0,0.0
ETH,1972,True,1.0,1_nonreciprocal,0.0,0.0,1.0,31.0,15.0,271682.0,2927304446.368,0.0,0.0,0.0,28.0,0.0,0.0,,,,,32027.529,,,0.0,0.0
ETH,1973,True,1.0,1_nonreciprocal,0.0,0.0,1.0,31.0,16.0,352337.5,3532604577.152,0.0,0.0,0.0,27.0,0.0,0.0,,,,,32972.516,,,0.0,0.0
ETH,1974,True,1.0,1_nonreciprocal,0.0,0.0,1.0,31.0,18.0,405354.0,3948556657.12,0.0,0.0,0.0,28.0,0.0,0.0,,,,,33854.012,,,0.0,0.0
ETH,1975,True,1.0,1_nonreciprocal,0.0,0.0,1.0,31.0,18.0,370363.5,4429510582.784,0.0,0.0,0.0,28.0,0.0,0.0,,,,,34626.601,,,0.0,0.0
ETH,1976,True,1.0,1_nonreciprocal,0.0,0.0,1.0,31.0,19.0,485663.5,4806278232.896,0.0,0.0,0.0,28.0,0.0,0.0,,,,,35266.588,,,0.0,0.0
ETH,1977,True,1.0,1_nonreciprocal,0.0,0.0,1.0,31.0,19.0,545066.0,5430826885.312,0.0,0.0,0.0,28.0,0.0,0.0,,,,,35804.541,,,0.0,0.0
ETH,1978,True,1.0,1_nonreciprocal,0.0,0.0,1.0,31.0,19.0,581345.5,6534032980.16,0.0,0.0,0.0,28.0,0.0,0.0,,,,,36316.035,,,0.0,0.0
ETH,1979,True,1.0,1_nonreciprocal,0.0,0.0,1.0,31.0,19.0,705664.0,7510149364.864,0.0,0.0,0.0,28.0,0.0,0.0,,,,,36907.407,,,0.0,0.0
ETH,1980,True,1.0,1_nonreciprocal,0.0,0.0,1.0,31.0,19.0,726151.5,8340612450.304,0.0,0.0,0.0,27.0,0.0,0.0,,,,,37655.854,,,0.0,0.0
ETH,1981,True,1.0,1_nonreciprocal,0.0,0.0,1.0,31.0,20.0,720089.5,8455798984.639999,0.0,0.0,0.0,27.0,0.0,0.0,,,,,38588.17,,,0.0,0.0
ETH,1982,True,1.0,1_nonreciprocal,0.0,0.0,1.0,31.0,20.0,767552.0,8413404846.592001,0.0,0.0,0.0,26.0,0.0,0.0,,,,,39683.962,,,0.0,0.0
ETH,1983,True,1.0,1_nonreciprocal,0.0,0.0,1.0,31.0,20.0,854549.5,8740008512.064,0.0,0.0,0.0,28.0,0.0,0.0,,,,,40915.52,,,0.0,0.0
ETH,1984,True,1.0,1_nonreciprocal,0.0,0.0,1.0,31.0,20.0,963190.0,9461506897.664,0.0,0.0,0.0,27.0,0.0,0.0,,,,,42235.614,,,0.0,0.0
ETH,1985,True,1.0,1_nonreciprocal,0.0,0.0,1.0,31.0,20.0,1012879.508,10013658187.84,0.0,0.0,0.0,27.0,0.0,0.0,,,,,43609.081,,,0.0,0.0
ETH,1986,True,1.0,1_nonreciprocal,0.0,0.0,1.0,31.0,22.0,1158578.945,11908986258.239998,0.0,0.0,0.0,28.0,0.0,0.0,,,,,45028.999,,,0.0,0.0
ETH,1987,True,1.0,1_nonreciprocal,0.0,0.0,1.0,31.0,22.0,1113340.492,13601061168.384003,0.0,0.0,0.0,27.0,0.0,0.0,,,,,46506.121,,,0.0,0.0
ETH,1988,True,1.0,1_nonreciprocal,0.0,0.0,1.0,31.0,22.0,1235053.9255,15340574223.36,0.0,0.0,0.0,26.0,0.0,0.0,,,,,48042.722,,,0.0,0.0
ETH,1989,True,1.0,1_nonreciprocal,0.0,0.0,1.0,31.0,22.0,1022796.8420000001,16164941408.576,0.0,0.0,0.0,26.0,0.0,0.0,,,,,49644.932,,,0.0,0.0
ETH,1990,True,1.0,1_nonreciprocal,0.0,0.0,1.0,31.0,22.0,961924.9175,18322889058.559998,0.0,0.0,0.0,27.0,0.0,0.0,,,,,51315.318,,,0.0,0.0
ETH,1991,True,1.0,1_nonreciprocal,0.0,0.0,1.0,34.0,22.0,700697.97,19393791276.544,0.0,0.0,0.0,27.0,0.0,0.0,,,,,53055.6,,,0.0,0.0
ETH,1992,True,1.0,1_nonreciprocal,0.0,0.0,1.0,34.0,22.0,748383.7105,20844117865.92,0.0,0.0,0.0,27.0,0.0,0.0,10970095.2,0.347,20527952.332,1.111,54857.576,,,0.0,0.0
ETH,1993,True,1.0,1_nonreciprocal,0.0,0.0,1.0,36.0,23.0,810211.252,21072670525.888,0.0,0.0,0.0,31.0,0.0,0.0,9298657.728,0.305,23786069.962,1.28,56702.494,,,0.0,0.0
ETH,1994,True,1.0,1_nonreciprocal,0.0,0.0,1.0,36.0,23.0,975765.2520000001,22587045957.952,0.0,0.0,0.0,32.0,0.0,0.0,6927910.4,0.126,22170170.867,0.4,55199.951,55431.121,28153520.0,0.0,0.0
ETH,1995,True,1.0,1_nonreciprocal,0.0,0.0,1.0,36.0,23.0,1176666.6069999998,24960546077.760002,0.0,0.0,0.0,32.0,0.0,0.0,7663994.88,0.134,24019382.188,0.419,57023.518,57309.879,31372440.0,0.0,0.0
ETH,1996,True,1.0,1_nonreciprocal,0.0,0.0,1.0,36.0,23.0,1113369.4545,25115816761.408,0.0,0.0,0.0,31.0,0.0,0.0,8547962.368,0.145,27497046.129,0.465,58815.117,59155.148,32337566.0,0.0,0.0
ETH,1997,True,1.0,1_nonreciprocal,0.0,0.0,1.0,36.0,23.0,1251401.3375,24683023210.688,0.0,0.0,0.0,35.0,0.0,0.0,8589233.664,0.142,28844139.464,0.473,60584.274,60976.453,35647972.0,0.0,0.0
ETH,1998,True,1.0,1_nonreciprocal,0.0,0.0,1.0,36.0,23.0,1220455.8,24755038679.936,0.0,0.0,0.0,34.0,0.0,0.0,7818206.208,0.125,28148876.686,0.448,62353.943,62794.152,32186686.0,0.0,0.0
ETH,1999,True,1.0,1_nonreciprocal,0.0,0.0,1.0,36.0,23.0,1074660.5145000003,26015395041.984,0.0,0.0,0.0,36.0,0.0,0.0,7700876.288,0.12,30054968.063,0.465,64158.89,64640.055,32993140.0,0.0,0.0
ETH,2000,True,1.0,1_nonreciprocal,0.0,0.0,1.0,36.0,24.0,948146.1294999998,26479956300.608,0.0,0.0,0.0,36.0,0.0,0.0,8242350.08,0.125,32605713.536,0.49,66024.2,66537.328,33311096.0,0.0,0.0
ETH,2001,True,1.0,1_nonreciprocal,0.0,0.0,1.0,36.0,24.0,892002.1614999999,26213172625.856,0.0,0.0,0.0,36.0,0.0,0.0,8231251.968,0.121,36117148.604,0.527,67956.863,68492.258,37149568.0,0.0,0.0
ETH,2002,True,1.0,1_nonreciprocal,0.0,0.0,1.0,36.0,24.0,984553.926,27332669775.68,0.0,0.0,0.0,36.0,0.0,0.0,7850789.376,0.112,37227065.858,0.528,69948.341,70497.195,33862988.0,0.0,0.0
ETH,2003,True,1.0,1_nonreciprocal,0.0,0.0,1.0,36.0,25.0,1285600.465,30659992696.192,0.0,0.0,0.0,36.0,0.0,0.0,8623670.272,0.12,37148739.297,0.512,71989.67,72545.141,33976204.0,0.0,0.0
ETH,2004,True,1.0,1_nonreciprocal,0.0,0.0,1.0,36.0,32.0,1503079.2854999998,34051005386.304,0.0,0.0,0.0,36.0,0.0,0.0,10131098.624,0.137,43350919.345,0.581,74066.147,74624.406,40805428.0,0.0,0.0
ETH,2005,True,1.0,1_nonreciprocal,0.0,0.0,1.0,36.0,32.0,2149373.864,35810110801.536,0.0,0.0,0.0,36.0,0.0,0.0,12401031.168,0.163,50034195.898,0.652,76167.236,76727.078,48426388.0,0.0,0.0
ETH,2006,True,1.0,1_nonreciprocal,0.0,0.0,1.0,36.0,32.0,2018769.6345000002,37668340994.816,0.0,0.0,0.0,36.0,0.0,0.0,15280701.44,0.195,57158998.048,0.725,78290.649,78850.695,50373156.0,0.0,0.0
ETH,2007,True,1.0,1_nonreciprocal,0.0,0.0,1.0,36.0,32.0,2408227.964,41090276041.472,0.0,0.0,0.0,36.0,0.0,0.0,19707617.28,0.245,65402691.97,0.807,80440.704,81000.414,61607356.0,0.0,0.0
ETH,2008,True,1.0,1_nonreciprocal,0.0,0.0,1.0,36.0,32.0,2727686.352,43356354594.304,0.0,0.0,0.0,36.0,0.0,0.0,27066912.768,0.328,73880033.926,0.888,82621.193,83184.891,67427168.0,0.0,0.0
ETH,2009,True,1.0,1_nonreciprocal,0.0,0.0,1.0,36.0,32.0,2450795.2405,40865587641.088,0.0,0.0,0.0,36.0,0.0,0.0,32437389.312,0.382,80993822.423,0.948,84838.036,85416.25,74623952.0,0.0,0.0
ETH,2010,True,1.0,1_nonreciprocal,0.0,0.0,1.0,36.0,32.0,3097139.8890000004,42666123500.352005,0.0,0.0,0.0,36.0,0.0,0.0,29933791.232,0.344,92272352.853,1.052,87095.284,87702.664,85371184.0,0.0,0.0
ETH,2011,True,1.0,1_nonreciprocal,0.0,0.0,1.0,36.0,32.0,3609169.552,45767108476.736,0.0,0.0,0.0,36.0,0.0,0.0,31952762.88,0.357,104704865.663,1.163,89393.066,90046.75,96805272.0,0.0,0.0
ETH,2012,True,1.0,1_nonreciprocal,0.0,0.0,1.0,36.0,32.0,4413425.299999999,45700867909.632,0.0,0.0,0.0,36.0,0.0,0.0,43310723.072,0.472,115855054.609,1.253,91728.851,92444.18,105632680.0,0.0,0.0
ETH,2013,True,1.0,1_nonreciprocal,0.0,0.0,1.0,36.0,32.0,4031815.8844999997,46150748830.01601,0.0,0.0,0.0,36.0,0.0,0.0,47525187.584,0.505,130184218.086,1.372,94100.754,94887.727,117057728.0,0.0,0.0
ETH,2014,True,1.0,1_nonreciprocal,0.0,0.0,1.0,36.0,32.0,5177182.3115,47358762874.11201,0.0,0.0,0.0,36.0,0.0,0.0,55612227.584,0.571,146107687.486,1.501,97366.776,97366.773,130638576.0,0.0,0.0
ETH,2015,True,1.0,1_nonreciprocal,0.0,0.0,1.0,36.0,32.0,5554912.7930000005,44849923518.08,0.0,0.0,0.0,36.0,0.0,0.0,64464424.96,0.645,163027247.316,1.632,99873.032,99873.031,141709056.0,0.0,0.0
ETH,2016,True,1.0,1_nonreciprocal,0.0,0.0,1.0,36.0,32.0,4904228.2405,45883796063.871994,0.0,0.0,0.0,36.0,0.0,0.0,72374255.616,0.707,177661171.828,1.735,102403.198,102403.195,151452880.0,0.0,0.0
ETH,2017,True,1.0,1_nonreciprocal,0.0,0.0,1.0,36.0,32.0,5746605.6075,48443791181.825,0.0,0.0,0.0,36.0,0.0,0.0,81770791.971,0.769,215094143.811,2.022,106399.925,104957.438,155454448.0,0.0,0.0
GHA,1950,False,,,,,,0.0,0.0,292140.0,439149675.856,0.0,0.0,0.0,17.0,0.0,0.0,,,,,5297.454,,,0.0,0.0
GHA,1951,False,,,,,,0.0,0.0,372155.0,508704606.91200006,0.0,0.0,0.0,20.0,0.0,0.0,,,,,5436.555,,,0.0,0.0
GHA,1952,False,,,,,,0.0,0.0,360805.0,564177641.312,0.0,0.0,0.0,20.0,0.0,0.0,,,,,5581.001,,,0.0,0.0
GHA,1953,False,,,,,,0.0,0.0,398230.0,594802213.104,0.0,0.0,0.0,20.0,0.0,0.0,,,,,5731.008,,,0.0,0.0
GHA,1954,False,,,,,,0.0,0.0,428290.0,608996152.944,0.0,0.0,0.0,21.0,0.0,0.0,,,,,5886.798,,,0.0,0.0
GHA,1955,False,,,,,,0.0,0.0,438335.0,707212135.52,0.0,0.0,0.0,22.0,0.0,0.0,,,,,6048.606,5916.496,22640658.0,0.0,0.0
GHA,1956,False,,,,,,0.0,0.0,410665.0,759962809.184,0.0,0.0,0.0,23.0,0.0,0.0,,,,,6216.679,6080.899,22747870.0,0.0,0.0
GHA,1957,True,1.0,1_nonreciprocal,0.0,0.0,1.0,28.0,1.0,421225.0,810041068.576,0.0,0.0,0.0,23.0,0.0,0.0,,,,,6391.288,6251.694,22041948.0,0.0,1.0
GHA,1958,True,1.0,1_nonreciprocal,0.0,0.0,1.0,28.0,1.0,452080.0,830159736.224,0.0,0.0,0.0,22.0,0.0,0.0,,,,,6572.719,6429.162,24370302.0,0.0,1.0
GHA,1959,True,1.0,1_nonreciprocal,0.0,0.0,1.0,28.0,1.0,530540.0,885219863.3280001,0.0,0.0,0.0,23.0,0.0,0.0,,,,,6761.28,6613.604,27536842.0,0.0,1.0
GHA,1960,True,1.0,1_nonreciprocal,0.0,0.0,1.0,29.0,1.0,561540.0,1004764122.1600001,0.0,0.0,0.0,23.0,0.0,0.0,1217230.08,0.183,,,6652.516,6806.305,29529312.0,0.0,1.0
GHA,1961,True,1.0,1_nonreciprocal,0.0,0.0,1.0,29.0,1.0,596535.0,1068562561.6,0.0,0.0,0.0,23.0,0.0,0.0,1302674.304,0.19,,,6866.78,6997.266,27908148.0,0.0,1.0
GHA,1962,True,1.0,1_nonreciprocal,0.0,0.0,1.0,29.0,1.0,522910.0,1154279277.792,0.0,0.0,0.0,22.0,0.0,0.0,1382515.712,0.195,,,7085.698,7194.6,28197888.0,0.0,1.0
GHA,1963,True,1.0,1_nonreciprocal,0.0,0.0,1.0,29.0,1.0,519325.0,1241588382.56,0.0,0.0,0.0,22.0,0.0,0.0,1540797.568,0.211,,,7303.664,7398.635,30778762.0,0.0,1.0
GHA,1964,True,1.0,1_nonreciprocal,0.0,0.0,1.0,30.0,1.0,517175.0,1356808025.408,0.0,0.0,0.0,22.0,0.0,0.0,1731296.256,0.23,,,7513.51,7611.848,33489626.0,0.0,1.0
GHA,1965,True,1.0,1_nonreciprocal,0.0,0.0,1.0,31.0,1.0,530365.0,1474823991.328,0.0,0.0,0.0,21.0,0.0,0.0,2053462.912,0.266,,,7710.761,7834.662,32245854.0,0.0,1.0
GHA,1966,True,1.0,1_nonreciprocal,0.0,0.0,1.0,31.0,1.0,471225.0,1613314560.144,0.0,0.0,0.0,22.0,0.0,0.0,2126300.672,0.269,,,7891.194,8065.389,32212212.0,0.0,1.0
GHA,1967,True,1.0,1_nonreciprocal,0.0,0.0,1.0,31.0,1.0,493095.0,1724081100.72,0.0,0.0,0.0,23.0,0.0,0.0,1747187.584,0.217,,,8057.629,8304.776,30125228.0,0.0,1.0
GHA,1968,True,1.0,1_nonreciprocal,0.0,0.0,1.0,31.0,1.0,560115.0,1867705725.52,0.0,0.0,0.0,23.0,0.0,0.0,1666909.568,0.203,,,8221.194,8553.314,30845288.0,0.0,1.0
GHA,1969,True,1.0,1_nonreciprocal,0.0,0.0,1.0,31.0,1.0,620235.5,2054570607.7919998,0.0,0.0,0.0,26.0,0.0,0.0,1962050.56,0.234,,,8397.508,8812.278,33405366.0,0.0,1.0
GHA,1970,True,1.0,1_nonreciprocal,0.0,0.0,1.0,31.0,1.0,695673.5,2273816559.2320004,0.0,0.0,0.0,27.0,0.0,0.0,2215028.48,0.258,,,8597.133,8596.983,37197196.0,0.0,1.0
GHA,1971,True,1.0,1_nonreciprocal,0.0,0.0,1.0,31.0,1.0,677396.0,2523239156.608,0.0,0.0,0.0,27.0,0.0,0.0,2417108.48,0.274,,,8827.429,8827.273,38100428.0,0.0,1.0
GHA,1972,True,1.0,1_nonreciprocal,0.0,0.0,1.0,31.0,15.0,577781.5,2927304446.368,0.0,0.0,0.0,28.0,0.0,0.0,2112293.248,0.233,,,9083.737,9083.573,32601790.0,0.0,1.0
GHA,1973,True,1.0,1_nonreciprocal,0.0,0.0,1.0,31.0,16.0,837164.0,3532604577.152,0.0,0.0,0.0,28.0,0.0,0.0,2465492.992,0.264,,,9350.286,9350.111,36967608.0,0.0,1.0
GHA,1974,True,1.0,1_nonreciprocal,0.0,0.0,1.0,31.0,18.0,1171054.0,3948556657.12,0.0,0.0,0.0,28.0,0.0,0.0,2894409.984,0.301,,,9604.475,9604.275,41552572.0,0.0,1.0
GHA,1975,True,1.0,1_nonreciprocal,0.0,0.0,1.0,31.0,18.0,1171635.5,4429510582.784,0.0,0.0,0.0,28.0,0.0,0.0,2810106.368,0.286,,,9831.636,9831.406,37635760.0,0.0,1.0
GHA,1976,True,1.0,1_nonreciprocal,0.0,0.0,1.0,31.0,19.0,1318835.992,4806278232.896,0.0,0.0,0.0,28.0,0.0,0.0,2765254.4,0.276,,,10023.738,10023.472,33552204.0,0.0,1.0
GHA,1977,True,1.0,1_nonreciprocal,0.0,0.0,1.0,31.0,19.0,1750838.5,5430826885.312,0.0,0.0,0.0,28.0,0.0,0.0,3189428.48,0.313,,,10190.202,10189.89,39068740.0,0.0,1.0
GHA,1978,True,1.0,1_nonreciprocal,0.0,0.0,1.0,31.0,19.0,1659767.508,6534032980.16,0.0,0.0,0.0,27.0,0.0,0.0,3662478.08,0.354,,,10354.855,10354.499,38830584.0,0.0,1.0
GHA,1979,True,1.0,1_nonreciprocal,0.0,0.0,1.0,31.0,19.0,1494426.008,7510149364.864,0.0,0.0,0.0,28.0,0.0,0.0,4020227.84,0.381,,,10551.189,10550.777,36482800.0,0.0,1.0
GHA,1980,True,1.0,1_nonreciprocal,0.0,0.0,1.0,31.0,19.0,1686036.0159999998,8340612450.304,0.0,0.0,0.0,28.0,0.0,0.0,4445228.032,0.412,,,10802.497,10802.027,36997456.0,0.0,1.0
GHA,1981,True,1.0,1_nonreciprocal,0.0,0.0,1.0,31.0,20.0,1541605.992,8455798984.639999,0.0,0.0,0.0,28.0,0.0,0.0,4222441.728,0.38,,,11118.132,11117.605,34766912.0,0.0,1.0
GHA,1982,True,1.0,1_nonreciprocal,0.0,0.0,1.0,31.0,20.0,1245386.008,8413404846.592001,0.0,0.0,0.0,28.0,0.0,0.0,4035994.368,0.351,,,11488.683,11488.105,29570298.0,0.0,1.0
GHA,1983,True,1.0,1_nonreciprocal,0.0,0.0,1.0,31.0,20.0,969726.492,8740008512.064,0.0,0.0,0.0,28.0,0.0,0.0,4057275.136,0.341,,,11895.742,11895.125,29340696.0,0.0,1.0
GHA,1984,True,1.0,1_nonreciprocal,0.0,0.0,1.0,31.0,20.0,720186.5,9461506897.664,0.0,0.0,0.0,27.0,0.0,0.0,4412279.808,0.358,,,12311.805,12311.158,31802322.0,0.0,1.0
GHA,1985,True,1.0,1_nonreciprocal,0.0,0.0,1.0,31.0,20.0,940573.0,10013658187.84,0.0,0.0,0.0,27.0,0.0,0.0,4504342.016,0.354,,,12716.887,12716.228,34490516.0,0.0,1.0
GHA,1986,True,1.0,1_nonreciprocal,0.0,0.0,1.0,31.0,22.0,1176867.254,11908986258.239998,0.0,0.0,0.0,28.0,0.0,0.0,5727602.688,0.437,,,13104.616,13104.296,35343916.0,0.0,1.0
GHA,1987,True,1.0,1_nonreciprocal,0.0,0.0,1.0,31.0,22.0,1585363.1900000002,13601061168.384003,0.0,0.0,0.0,28.0,0.0,0.0,5074829.824,0.376,,,13480.997,13481.406,36109888.0,0.0,1.0
GHA,1988,True,1.0,1_nonreciprocal,0.0,0.0,1.0,31.0,22.0,1513183.0160000003,15340574223.36,0.0,0.0,0.0,28.0,0.0,0.0,5197840.896,0.375,,,13853.171,13854.214,39700444.0,0.0,1.0
GHA,1989,True,1.0,1_nonreciprocal,0.0,0.0,1.0,31.0,22.0,1696344.2130000002,16164941408.576,0.0,0.0,0.0,28.0,0.0,0.0,5251764.224,0.369,,,14233.006,14233.874,39459284.0,0.0,1.0
GHA,1990,True,1.0,1_nonreciprocal,0.0,0.0,1.0,31.0,22.0,2105092.8925,18322889058.559998,0.0,0.0,0.0,28.0,0.0,0.0,5889175.04,0.403,18149263.621,1.241,14628.693,14628.26,41016388.0,0.0,1.0
GHA,1991,True,1.0,1_nonreciprocal,0.0,0.0,1.0,34.0,22.0,1524825.0435000001,19393791276.544,0.0,0.0,0.0,27.0,0.0,0.0,6603129.856,0.439,19743884.357,1.313,15043.053,15039.514,44880500.0,0.0,1.0
GHA,1992,True,1.0,1_nonreciprocal,0.0,0.0,1.0,34.0,22.0,2122673.2745000003,20844117865.92,0.0,0.0,0.0,27.0,0.0,0.0,6416079.36,0.415,20977364.412,1.357,15471.695,15463.854,42555288.0,0.0,1.0
GHA,1993,True,1.0,1_nonreciprocal,0.0,0.0,1.0,36.0,23.0,2134155.805,21072670525.888,0.0,0.0,0.0,32.0,0.0,0.0,5968905.728,0.375,22518079.717,1.417,15907.265,15896.432,40849168.0,0.0,1.0
GHA,1994,True,1.0,1_nonreciprocal,0.0,0.0,1.0,36.0,23.0,2373620.98,22587045957.952,0.0,0.0,0.0,34.0,0.0,0.0,5446370.304,0.333,23756204.994,1.455,16339.277,16330.174,43067312.0,0.0,1.0
GHA,1995,True,1.0,1_nonreciprocal,0.0,0.0,1.0,36.0,23.0,2658360.0135,24960546077.760002,0.0,0.0,0.0,32.0,0.0,0.0,6464389.632,0.386,25249013.427,1.506,16760.925,16760.467,44364972.0,1.0,1.0
GHA,1996,True,1.0,1_nonreciprocal,0.0,0.0,1.0,36.0,23.0,3193386.7695000004,25115816761.408,0.0,0.0,0.0,34.0,0.0,0.0,6932984.832,0.404,26893237.983,1.565,17169.151,17185.607,45437176.0,1.0,1.0
GHA,1997,True,1.0,1_nonreciprocal,0.0,0.0,1.0,36.0,23.0,3231523.0740000005,24683023210.688,0.0,0.0,0.0,36.0,0.0,0.0,6891433.984,0.392,28501368.103,1.619,17568.46,17608.812,47439936.0,1.0,1.0
GHA,1998,True,1.0,1_nonreciprocal,0.0,0.0,1.0,36.0,23.0,3380683.185499999,24755038679.936,0.0,0.0,0.0,36.0,0.0,0.0,7482072.576,0.416,30164895.559,1.672,17968.83,18036.494,47679872.0,1.0,1.0
GHA,1999,True,1.0,1_nonreciprocal,0.0,0.0,1.0,36.0,23.0,3192704.7355000004,26015395041.984,0.0,0.0,0.0,36.0,0.0,0.0,7718110.72,0.42,31974081.28,1.73,18384.302,18477.611,50260360.0,1.0,1.0
GHA,2000,True,1.0,1_nonreciprocal,0.0,0.0,1.0,36.0,23.0,3000350.3559999997,26479956300.608,0.0,0.0,0.0,35.0,0.0,0.0,4982849.024,0.265,33911619.21,1.791,18825.033,18938.762,57415920.0,1.0,1.0
GHA,2001,True,1.0,1_nonreciprocal,0.0,0.0,1.0,36.0,23.0,3007935.1229999997,26213172625.856,0.0,0.0,0.0,35.0,0.0,0.0,5314871.808,0.275,36071808.657,1.857,19293.392,19421.604,53996020.0,1.0,1.0
GHA,2002,True,1.0,1_nonreciprocal,0.0,0.0,1.0,36.0,23.0,3065578.9795,27332669775.68,0.0,0.0,0.0,35.0,0.0,0.0,6166197.248,0.312,38273705.766,1.921,19786.306,19924.521,55669856.0,1.0,1.0
GHA,2003,True,1.0,1_nonreciprocal,0.0,0.0,1.0,36.0,23.0,3442879.7244999995,30659992696.192,0.0,0.0,0.0,35.0,0.0,0.0,7632720.896,0.376,41066824.046,2.008,20301.685,20446.781,60526072.0,1.0,1.0
GHA,2004,True,1.0,1_nonreciprocal,0.0,0.0,1.0,36.0,30.0,3804137.5829999996,34051005386.304,0.0,0.0,0.0,35.0,0.0,0.0,8881419.264,0.426,44559025.835,2.123,20835.514,20986.535,63962684.0,1.0,1.0
GHA,2005,True,1.0,1_nonreciprocal,0.0,0.0,1.0,36.0,30.0,4063355.511,35810110801.536,0.0,0.0,0.0,35.0,0.0,0.0,10731883.52,0.502,48706349.584,2.261,21384.033,21542.01,66426820.0,1.0,1.0
GHA,2006,True,1.0,1_nonreciprocal,0.0,0.0,1.0,36.0,30.0,4493752.3225,37668340994.816,0.0,0.0,0.0,35.0,0.0,0.0,20410331.136,0.93,53415669.802,2.416,21947.779,22113.424,69020112.0,1.0,1.0
GHA,2007,True,1.0,1_nonreciprocal,0.0,0.0,1.0,36.0,30.0,5343733.902500001,41090276041.472,0.0,0.0,0.0,35.0,0.0,0.0,24757553.152,1.099,57220916.134,2.521,22525.66,22700.213,80701304.0,1.0,1.0
GHA,2008,True,1.0,1_nonreciprocal,0.0,0.0,1.0,36.0,30.0,6027301.778000001,43356354594.304,0.0,0.0,0.0,35.0,0.0,0.0,28528015.36,1.234,63681669.732,2.733,23110.14,23298.639,88979608.0,1.0,1.0
GHA,2009,True,2.0,2_reciprocal_pta,1.0,0.0,0.0,36.0,30.0,5423777.4885,40865587641.088,3491825.069,16158834681.343998,23.0,35.0,0.6437994693557569,0.39541422536885823,25978509.312,1.097,67274583.969,2.814,23691.532,23903.832,86813720.0,1.0,1.0
GHA,2010,True,2.0,2_reciprocal_pta,1.0,0.0,0.0,36.0,30.0,6614417.487,42666123500.352005,4027813.4749999996,16055404053.504,23.0,35.0,0.6089445492239156,0.37630332301858965,32174839.808,1.326,73475667.938,2.998,24262.901,24512.104,95523280.0,1.0,1.0
GHA,2011,True,2.0,2_reciprocal_pta,1.0,0.0,0.0,36.0,30.0,12389152.808,45767108476.736,8442120.671999998,17343868811.263996,23.0,35.0,0.6814122646504691,0.378959243625367,39564771.328,1.594,85526138.706,3.404,24820.705,25121.795,113220320.0,1.0,1.0
GHA,2012,True,2.0,2_reciprocal_pta,1.0,0.0,0.0,36.0,30.0,13587001.6055,45700867909.632,8477388.8305,16350456960.0,23.0,35.0,0.6239337476098011,0.35777125704332513,41740926.976,1.646,95195498.334,3.699,25366.463,25733.049,120685496.0,1.0,1.0
GHA,2013,True,2.0,2_reciprocal_pta,1.0,0.0,0.0,36.0,30.0,12570037.313,46150748830.01601,8103606.5475,16996796837.888,23.0,35.0,0.6446764115106649,0.36828864685362256,48137027.584,1.858,103806530.802,3.94,25904.598,26346.25,128253592.0,1.0,1.0
GHA,2014,True,2.0,2_reciprocal_pta,1.0,0.0,0.0,36.0,30.0,12795006.040500002,47358762874.11201,8339563.8155,17590487070.72,23.0,35.0,0.6517827181247745,0.3714304598175133,38616535.04,1.432,109876698.979,4.075,26962.563,26962.562,136205872.0,1.0,1.0
GHA,2015,True,2.0,2_reciprocal_pta,1.0,0.0,0.0,36.0,30.0,11674650.643999998,44849923518.08,6794506.366999999,15459393649.663998,23.0,35.0,0.5819879818409751,0.3446916390711786,37543362.56,1.361,115407835.009,4.184,27582.821,27582.82,132697152.0,1.0,1.0
GHA,2016,True,2.0,2_reciprocal_pta,1.0,0.0,0.0,36.0,30.0,9903866.513,45883796063.871994,5244651.529000001,15514617285.632002,23.0,35.0,0.5295559589899332,0.338128459642595,42689781.76,1.513,121107641.525,4.294,28206.728,28206.729,136352800.0,1.0,1.0
GHA,2017,True,2.0,2_reciprocal_pta,1.0,0.0,0.0,36.0,30.0,11131803.02,48443791181.825,6094185.4495,16468535362.169998,23.0,35.0,0.5474571763936944,0.3399514150401304,60406382.899,2.074,148982694.254,5.116,29121.464,28833.629,146161168.0,1.0,1.0
KEN,1950,False,,,,,,0.0,0.0,131280.0,439149675.856,0.0,0.0,0.0,19.0,0.0,0.0,,,,,6121.184,6124.074,9409602.0,0.0,0.0
KEN,1951,False,,,,,,0.0,0.0,206450.0,508704606.91200006,0.0,0.0,0.0,19.0,0.0,0.0,,,,,6289.336,6292.306,11144096.0,0.0,0.0
KEN,1952,False,,,,,,0.0,0.0,183790.0,564177641.312,0.0,0.0,0.0,22.0,0.0,0.0,,,,,6464.046,6467.098,10122702.0,0.0,0.0
KEN,1953,False,,,,,,0.0,0.0,159700.0,594802213.104,0.0,0.0,0.0,22.0,0.0,0.0,,,,,6646.268,6649.406,9768559.0,0.0,0.0
KEN,1954,False,,,,,,0.0,0.0,174280.0,608996152.944,0.0,0.0,0.0,21.0,0.0,0.0,,,,,6836.36,6839.588,11091152.0,0.0,0.0
KEN,1955,False,,,,,,0.0,0.0,210720.0,707212135.52,0.0,0.0,0.0,21.0,0.0,0.0,,,,,7033.999,7037.32,11863663.0,0.0,0.0
KEN,1956,False,,,,,,0.0,0.0,231260.0,759962809.184,0.0,0.0,0.0,22.0,0.0,0.0,,,,,7240.247,7243.665,12036443.0,0.0,0.0
KEN,1957,False,,,,,,0.0,0.0,228970.0,810041068.576,0.0,0.0,0.0,22.0,0.0,0.0,,,,,7454.779,7458.299,12489077.0,0.0,0.0
KEN,1958,False,,,,,,0.0,0.0,218445.0,830159736.224,0.0,0.0,0.0,22.0,0.0,0.0,,,,,7678.739,7682.364,12595254.0,0.0,0.0
KEN,1959,False,,,,,,0.0,0.0,238740.0,885219863.3280001,0.0,0.0,0.0,22.0,0.0,0.0,,,,,7912.591,7916.327,12394860.0,0.0,0.0
KEN,1960,False,,,,,,0.0,0.0,280430.0,1004764122.1600001,0.0,0.0,0.0,23.0,0.0,0.0,791265.472,0.098,,,8105.44,8160.678,13553552.0,0.0,0.0
KEN,1961,False,,,,,,0.0,0.0,273110.0,1068562561.6,0.0,0.0,0.0,24.0,0.0,0.0,792959.488,0.095,,,8361.442,8415.938,13704295.0,0.0,0.0
KEN,1962,False,,,,,,0.0,0.0,287595.0,1154279277.792,0.0,0.0,0.0,24.0,0.0,0.0,868111.424,0.101,,,8628.973,8682.654,14622596.0,0.0,0.0
KEN,1963,True,1.0,1_nonreciprocal,0.0,0.0,1.0,29.0,1.0,317715.0,1241588382.56,0.0,0.0,0.0,25.0,0.0,0.0,926589.376,0.104,,,8908.425,8961.406,14933521.0,0.0,0.0
KEN,1964,True,1.0,1_nonreciprocal,0.0,0.0,1.0,30.0,1.0,315935.0,1356808025.408,0.0,0.0,0.0,23.0,0.0,0.0,998759.36,0.109,,,9200.158,9251.884,16114820.0,0.0,1.0
KEN,1965,True,1.0,1_nonreciprocal,0.0,0.0,1.0,31.0,1.0,314360.0,1474823991.328,0.0,0.0,0.0,23.0,0.0,0.0,997919.296,0.105,,,9504.702,9553.688,16747594.0,0.0,1.0
KEN,1966,True,1.0,1_nonreciprocal,0.0,0.0,1.0,31.0,1.0,373390.0,1613314560.144,0.0,0.0,0.0,24.0,0.0,0.0,1164519.68,0.119,,,9822.505,9868.296,18523068.0,0.0,1.0
KEN,1967,True,1.0,1_nonreciprocal,0.0,0.0,1.0,31.0,1.0,367425.0,1724081100.72,0.0,0.0,0.0,26.0,0.0,0.0,1232559.488,0.121,,,10154.489,10196.323,19304028.0,0.0,1.0
KEN,1968,True,1.0,1_nonreciprocal,0.0,0.0,1.0,31.0,1.0,373310.0,1867705725.52,0.0,0.0,0.0,26.0,0.0,0.0,1353295.488,0.129,,,10502.25,10537.361,19325036.0,0.0,1.0
KEN,1969,True,1.0,1_nonreciprocal,0.0,0.0,1.0,31.0,1.0,388652.5,2054570607.7919998,0.0,0.0,0.0,28.0,0.0,0.0,1458379.392,0.134,,,10867.717,10893.074,20486804.0,0.0,1.0
KEN,1970,True,1.0,1_nonreciprocal,0.0,0.0,1.0,31.0,1.0,464193.5,2273816559.2320004,0.0,0.0,0.0,28.0,0.0,0.0,1603447.296,0.142,,,11252.466,11252.492,19634790.0,0.0,1.0
KEN,1971,True,1.0,1_nonreciprocal,0.0,0.0,1.0,31.0,1.0,557022.0,2523239156.608,0.0,0.0,0.0,27.0,0.0,0.0,1778391.296,0.153,,,11657.477,11657.514,21053938.0,0.0,1.0
KEN,1972,True,1.0,1_nonreciprocal,0.0,0.0,1.0,31.0,15.0,563719.5,2927304446.368,0.0,0.0,0.0,27.0,0.0,0.0,2107279.104,0.174,,,12083.159,12083.188,22733606.0,0.0,1.0
KEN,1973,True,1.0,1_nonreciprocal,0.0,0.0,1.0,31.0,16.0,716093.0,3532604577.152,0.0,0.0,0.0,28.0,0.0,0.0,2502142.464,0.2,,,12529.8,12529.852,23131496.0,0.0,1.0
KEN,1974,True,1.0,1_nonreciprocal,0.0,0.0,1.0,31.0,18.0,973915.5,3948556657.12,0.0,0.0,0.0,27.0,0.0,0.0,2973309.184,0.229,,,12997.438,12997.595,25206994.0,0.0,1.0
KEN,1975,True,1.0,1_nonreciprocal,0.0,0.0,1.0,31.0,18.0,876664.0,4429510582.784,0.0,0.0,0.0,27.0,0.0,0.0,3259344.896,0.242,,,13486.241,13486.629,24724736.0,0.0,1.0
KEN,1976,True,1.0,1_nonreciprocal,0.0,0.0,1.0,31.0,19.0,1083502.492,4806278232.896,0.0,0.0,0.0,28.0,0.0,0.0,3474542.336,0.248,,,13995.996,13996.704,25667196.0,0.0,1.0
KEN,1977,True,1.0,1_nonreciprocal,0.0,0.0,1.0,31.0,19.0,1724918.5,5430826885.312,0.0,0.0,0.0,28.0,0.0,0.0,4494379.008,0.309,,,14527.242,14528.293,29970140.0,0.0,1.0
KEN,1978,True,1.0,1_nonreciprocal,0.0,0.0,1.0,31.0,19.0,1918988.9764999999,6534032980.16,0.0,0.0,0.0,27.0,0.0,0.0,5303734.784,0.352,,,15081.677,15082.994,31037618.0,0.0,1.0
KEN,1979,True,1.0,1_nonreciprocal,0.0,0.0,1.0,31.0,19.0,1837784.992,7510149364.864,0.0,0.0,0.0,28.0,0.0,0.0,6234391.04,0.398,,,15661.48,15662.853,30629172.0,0.0,1.0
KEN,1980,True,1.0,1_nonreciprocal,0.0,0.0,1.0,31.0,19.0,2347867.0,8340612450.304,0.0,0.0,0.0,28.0,0.0,0.0,7265315.328,0.447,,,16267.906,16268.989,31789974.0,0.0,1.0
KEN,1981,True,1.0,1_nonreciprocal,0.0,0.0,1.0,31.0,20.0,1826688.516,8455798984.639999,0.0,0.0,0.0,28.0,0.0,0.0,6854491.648,0.406,,,16901.167,16901.676,31852244.0,0.0,1.0
KEN,1982,True,1.0,1_nonreciprocal,0.0,0.0,1.0,31.0,20.0,1487362.5,8413404846.592001,0.0,0.0,0.0,27.0,0.0,0.0,6431579.136,0.366,,,17559.843,17559.43,32962308.0,0.0,1.0
KEN,1983,True,1.0,1_nonreciprocal,0.0,0.0,1.0,31.0,20.0,1372550.492,8740008512.064,0.0,0.0,0.0,26.0,0.0,0.0,5979198.464,0.328,,,18241.425,18239.404,34615044.0,0.0,1.0
KEN,1984,True,1.0,1_nonreciprocal,0.0,0.0,1.0,31.0,20.0,1588479.4679999999,9461506897.664,0.0,0.0,0.0,27.0,0.0,0.0,6191437.312,0.327,,,18942.465,18937.738,37191488.0,0.0,1.0
KEN,1985,True,1.0,1_nonreciprocal,0.0,0.0,1.0,31.0,20.0,1518196.3505000002,10013658187.84,0.0,0.0,0.0,27.0,0.0,0.0,6135034.368,0.312,,,19660.019,19651.225,38277676.0,0.0,1.0
KEN,1986,True,1.0,1_nonreciprocal,0.0,0.0,1.0,31.0,22.0,1896224.05,11908986258.239998,0.0,0.0,0.0,27.0,0.0,0.0,7239126.528,0.355,,,20392.311,20378.625,41732972.0,0.0,1.0
KEN,1987,True,1.0,1_nonreciprocal,0.0,0.0,1.0,31.0,22.0,1852990.007,13601061168.384003,0.0,0.0,0.0,28.0,0.0,0.0,7970820.608,0.377,,,21138.372,21119.318,41881300.0,0.0,1.0
KEN,1988,True,1.0,1_nonreciprocal,0.0,0.0,1.0,31.0,22.0,2189929.852,15340574223.36,0.0,0.0,0.0,28.0,0.0,0.0,8355380.736,0.382,,,21896.891,21871.443,44257784.0,0.0,1.0
KEN,1989,True,1.0,1_nonreciprocal,0.0,0.0,1.0,31.0,22.0,2242193.1195,16164941408.576,0.0,0.0,0.0,28.0,0.0,0.0,8283114.496,0.365,,,22666.719,22633.021,45335056.0,0.0,1.0
KEN,1990,True,1.0,1_nonreciprocal,0.0,0.0,1.0,31.0,22.0,2083398.2719999999,18322889058.559998,0.0,0.0,0.0,27.0,0.0,0.0,8572359.168,0.366,36005634.329,1.539,23446.44,23402.508,47309424.0,0.0,1.0
KEN,1991,True,1.0,1_nonreciprocal,0.0,0.0,1.0,34.0,22.0,1978483.654,19393791276.544,0.0,0.0,0.0,28.0,0.0,0.0,8151489.024,0.336,37739210.362,1.561,24237.057,24179.598,49274432.0,0.0,1.0
KEN,1992,True,1.0,1_nonreciprocal,0.0,0.0,1.0,34.0,22.0,1850373.0225,20844117865.92,0.0,0.0,0.0,28.0,0.0,0.0,8209120.768,0.328,38290894.122,1.534,25036.942,24963.953,48562916.0,0.0,1.0
KEN,1993,True,1.0,1_nonreciprocal,0.0,0.0,1.0,36.0,23.0,1713670.3375,21072670525.888,0.0,0.0,0.0,31.0,0.0,0.0,5751786.496,0.223,39340394.775,1.528,25839.132,25754.113,51130916.0,0.0,1.0
KEN,1994,True,1.0,1_nonreciprocal,0.0,0.0,1.0,36.0,23.0,2157003.739,22587045957.952,0.0,0.0,0.0,33.0,0.0,0.0,7148148.736,0.268,41235400.562,1.553,26634.659,26548.486,58465580.0,0.0,1.0
KEN,1995,True,1.0,1_nonreciprocal,0.0,0.0,1.0,36.0,23.0,2725749.4004999995,24960546077.760002,0.0,0.0,0.0,33.0,0.0,0.0,9046320.128,0.33,43950253.812,1.607,27418.077,27346.457,56283820.0,1.0,1.0
KEN,1996,True,1.0,1_nonreciprocal,0.0,0.0,1.0,36.0,23.0,2580136.755,25115816761.408,0.0,0.0,0.0,33.0,0.0,0.0,12045864.96,0.427,46608407.12,1.656,28186.224,28147.734,59429084.0,1.0,1.0
KEN,1997,True,1.0,1_nonreciprocal,0.0,0.0,1.0,36.0,23.0,2728370.894,24683023210.688,0.0,0.0,0.0,36.0,0.0,0.0,13115764.736,0.453,47631244.242,1.645,28943.647,28954.115,59468072.0,1.0,1.0
KEN,1998,True,1.0,1_nonreciprocal,0.0,0.0,1.0,36.0,23.0,2654157.1644999995,24755038679.936,0.0,0.0,0.0,36.0,0.0,0.0,14093999.104,0.475,49732342.814,1.671,29702.246,29769.803,60068936.0,1.0,1.0
KEN,1999,True,1.0,1_nonreciprocal,0.0,0.0,1.0,36.0,23.0,2667962.5115,26015395041.984,0.0,0.0,0.0,36.0,0.0,0.0,12896010.24,0.423,51657477.004,1.688,30478.598,30600.396,60722572.0,1.0,1.0
KEN,2000,True,1.0,1_nonreciprocal,0.0,0.0,1.0,36.0,23.0,2353048.5005,26479956300.608,0.0,0.0,0.0,36.0,0.0,0.0,12705350.656,0.406,53149789.909,1.69,31285.049,31450.482,59301500.0,1.0,1.0
KEN,2001,True,1.0,1_nonreciprocal,0.0,0.0,1.0,36.0,23.0,2736203.3104999997,26213172625.856,0.0,0.0,0.0,36.0,0.0,0.0,12985992.192,0.404,56415816.705,1.745,32126.35,32321.484,59829428.0,1.0,1.0
KEN,2002,True,1.0,1_nonreciprocal,0.0,0.0,1.0,36.0,23.0,2547991.2995,27332669775.68,0.0,0.0,0.0,36.0,0.0,0.0,13147737.088,0.398,57595121.145,1.734,33000.523,33214.008,60082620.0,1.0,1.0
KEN,2003,True,1.0,1_nonreciprocal,0.0,0.0,1.0,36.0,24.0,2602610.715000001,30659992696.192,0.0,0.0,0.0,36.0,0.0,0.0,14904504.32,0.44,60466241.978,1.772,33905.01,34130.852,60683220.0,1.0,1.0
KEN,2004,True,1.0,1_nonreciprocal,0.0,0.0,1.0,36.0,30.0,3376055.783,34051005386.304,0.0,0.0,0.0,36.0,0.0,0.0,16095322.112,0.462,65300140.077,1.862,34834.606,35074.934,62044168.0,1.0,1.0
KEN,2005,True,1.0,1_nonreciprocal,0.0,0.0,1.0,36.0,30.0,3940545.5615,35810110801.536,0.0,0.0,0.0,36.0,0.0,0.0,18737895.424,0.524,71382429.864,1.98,35785.717,36048.285,66576532.0,1.0,1.0
KEN,2006,True,1.0,1_nonreciprocal,0.0,0.0,1.0,36.0,30.0,4564561.998500001,37668340994.816,0.0,0.0,0.0,36.0,0.0,0.0,25825511.424,0.703,78337657.727,2.114,36757.5,37052.051,73161568.0,1.0,1.0
KEN,2007,True,1.0,1_nonreciprocal,0.0,0.0,1.0,36.0,30.0,5303762.058499999,41090276041.472,0.0,0.0,0.0,36.0,0.0,0.0,31958177.792,0.847,85932013.535,2.256,37752.304,38085.91,78975728.0,1.0,1.0
KEN,2008,True,1.0,1_nonreciprocal,0.0,0.0,1.0,36.0,30.0,6003488.591499999,43356354594.304,0.0,0.0,0.0,36.0,0.0,0.0,35895144.448,0.926,87821187.275,2.243,38773.277,39148.414,82432016.0,1.0,1.0
KEN,2009,True,1.0,1_nonreciprocal,0.0,0.0,1.0,36.0,30.0,5537263.892500001,40865587641.088,0.0,0.0,0.0,36.0,0.0,0.0,37021507.584,0.93,91414381.167,2.272,39824.734,40237.207,89290056.0,1.0,1.0
KEN,2010,True,2.0,2_reciprocal_pta,1.0,0.0,0.0,36.0,30.0,5973093.445,42666123500.352005,3347201.039,16055404053.504,23.0,36.0,0.5603798215817131,0.37630332301858965,40000114.688,0.978,100305570.241,2.426,40909.195,41350.152,97935344.0,1.0,1.0
KEN,2011,True,2.0,2_reciprocal_pta,1.0,0.0,0.0,36.0,30.0,6468348.248000002,45767108476.736,3670018.6535,17343868811.263996,23.0,36.0,0.5673811169079774,0.378959243625367,41954955.264,0.998,108633362.952,2.557,42027.889,42486.84,105262384.0,1.0,1.0
KEN,2012,True,2.0,2_reciprocal_pta,1.0,0.0,0.0,36.0,30.0,6755345.257000001,45700867909.632,3724523.936,16350456960.0,23.0,36.0,0.5513447195227492,0.35777125704332513,50334699.52,1.166,115682916.626,2.65,43178.143,43646.629,112287408.0,1.0,1.0
KEN,2013,True,2.0,2_reciprocal_pta,1.0,0.0,0.0,36.0,30.0,7102261.662500001,46150748830.01601,3660972.0344999996,16996796837.888,23.0,36.0,0.5154656655118696,0.36828864685362256,55243055.104,1.246,124462937.144,2.777,44353.691,44826.852,118175544.0,1.0,1.0
KEN,2014,True,2.0,2_reciprocal_pta,1.0,0.0,0.0,36.0,30.0,8595678.838499999,47358762874.11201,3795396.987,17590487070.72,23.0,36.0,0.4415470910802807,0.3714304598175133,61445345.28,1.335,133471574.845,2.9,46024.25,46024.25,122713592.0,1.0,1.0
KEN,2015,True,2.0,2_reciprocal_pta,1.0,0.0,0.0,36.0,30.0,7491600.177000001,44849923518.08,3635315.1725,15459393649.663998,23.0,36.0,0.4852521606346264,0.3446916390711786,63767539.712,1.35,142615412.041,3.019,47236.259,47236.258,131909360.0,1.0,1.0
KEN,2016,True,2.0,2_reciprocal_pta,1.0,0.0,0.0,36.0,30.0,6044090.517,45883796063.871994,3267041.553500001,15514617285.632002,23.0,36.0,0.5405348487602739,0.338128459642595,70529015.808,1.455,152941817.637,3.156,48461.567,48461.566,141476656.0,1.0,1.0
KEN,2017,True,2.0,2_reciprocal_pta,1.0,0.0,0.0,36.0,30.0,6322781.6085,48443791181.825,3295538.965,16468535362.169998,23.0,36.0,0.521216636767852,0.3399514150401304,82035800.868,1.633,211108856.55,4.204,50221.146,49699.863,146969968.0,1.0,1.0
LSO,1950,False,,,,,,0.0,0.0,,439149675.856,0.0,0.0,0.0,0.0,,0.0,,,,,726.182,,,0.0,0.0
LSO,1951,False,,,,,,0.0,0.0,,508704606.91200006,0.0,0.0,0.0,0.0,,0.0,,,,,737.23,,,0.0,0.0
LSO,1952,False,,,,,,0.0,0.0,,564177641.312,0.0,0.0,0.0,0.0,,0.0,,,,,748.747,,,0.0,0.0
LSO,1953,False,,,,,,0.0,0.0,,594802213.104,0.0,0.0,0.0,0.0,,0.0,,,,,760.747,,,0.0,0.0
LSO,1954,False,,,,,,0.0,0.0,,608996152.944,0.0,0.0,0.0,0.0,,0.0,,,,,773.249,,,0.0,0.0
LSO,1955,False,,,,,,0.0,0.0,,707212135.52,0.0,0.0,0.0,0.0,,0.0,,,,,786.192,,,0.0,0.0
LSO,1956,False,,,,,,0.0,0.0,,759962809.184,0.0,0.0,0.0,0.0,,0.0,,,,,799.548,,,0.0,0.0
LSO,1957,False,,,,,,0.0,0.0,,810041068.576,0.0,0.0,0.0,0.0,,0.0,,,,,813.338,,,0.0,0.0
LSO,1958,False,,,,,,0.0,0.0,,830159736.224,0.0,0.0,0.0,0.0,,0.0,,,,,827.697,,,0.0,0.0
LSO,1959,False,,,,,,0.0,0.0,,885219863.3280001,0.0,0.0,0.0,0.0,,0.0,,,,,842.73,,,0.0,0.0
LSO,1960,False,,,,,,0.0,0.0,2500.0,1004764122.1600001,0.0,0.0,0.0,1.0,0.0,0.0,34579.988,0.041,,,851.412,831.128,650446.25,0.0,0.0
LSO,1961,False,,,,,,0.0,0.0,,1068562561.6,0.0,0.0,0.0,0.0,,0.0,35699.984,0.041,,,866.253,847.324,658121.125,0.0,0.0
LSO,1962,False,,,,,,0.0,0.0,,1154279277.792,0.0,0.0,0.0,0.0,,0.0,41859.984,0.047,,,881.91,864.615,758610.5,0.0,0.0
LSO,1963,False,,,,,,0.0,0.0,,1241588382.56,0.0,0.0,0.0,0.0,,0.0,47039.98,0.052,,,898.342,882.875,837804.125,0.0,0.0
LSO,1964,False,,,,,,0.0,0.0,,1356808025.408,0.0,0.0,0.0,0.0,,0.0,51939.98,0.057,,,915.473,902.062,900856.938,0.0,0.0
LSO,1965,False,,,,,,0.0,0.0,,1474823991.328,0.0,0.0,0.0,0.0,,0.0,54879.98,0.059,,,933.251,922.036,911308.5,0.0,0.0
LSO,1966,True,1.0,1_nonreciprocal,0.0,0.0,1.0,31.0,1.0,,1613314560.144,0.0,0.0,0.0,0.0,,0.0,56699.976,0.06,,,951.736,942.872,941527.875,0.0,0.0
LSO,1967,True,1.0,1_nonreciprocal,0.0,0.0,1.0,31.0,1.0,,1724081100.72,0.0,0.0,0.0,0.0,,0.0,59261.976,0.061,,,970.972,964.554,1042895.875,0.0,0.0
LSO,1968,True,1.0,1_nonreciprocal,0.0,0.0,1.0,31.0,1.0,,1867705725.52,0.0,0.0,0.0,0.0,,0.0,61445.976,0.062,,,990.869,986.833,1052160.125,0.0,0.0
LSO,1969,True,1.0,1_nonreciprocal,0.0,0.0,1.0,31.0,1.0,,2054570607.7919998,0.0,0.0,0.0,0.0,,0.0,65967.972,0.065,,,1011.308,1009.727,1065373.875,0.0,0.0
LSO,1970,True,1.0,1_nonreciprocal,0.0,0.0,1.0,31.0,1.0,360.0,2273816559.2320004,0.0,0.0,0.0,3.0,0.0,0.0,68739.976,0.067,,,1032.24,1033.05,1072428.375,0.0,0.0
LSO,1971,True,1.0,1_nonreciprocal,0.0,0.0,1.0,31.0,1.0,3240.0,2523239156.608,0.0,0.0,0.0,4.0,0.0,0.0,76480.288,0.073,,,1053.524,1054.453,954419.812,0.0,0.0
LSO,1972,True,1.0,1_nonreciprocal,0.0,0.0,1.0,31.0,13.0,2870.0,2927304446.368,0.0,0.0,0.0,5.0,0.0,0.0,80915.36,0.075,,,1075.281,1076.34,1143814.25,0.0,0.0
LSO,1973,True,1.0,1_nonreciprocal,0.0,0.0,1.0,31.0,15.0,2720.0,3532604577.152,0.0,0.0,0.0,5.0,0.0,0.0,121188.696,0.11,,,1098.033,1099.235,1401409.125,0.0,0.0
LSO,1974,True,1.0,1_nonreciprocal,0.0,0.0,1.0,31.0,17.0,7850.0,3948556657.12,0.0,0.0,0.0,7.0,0.0,0.0,150851.312,0.134,,,1122.484,1123.855,1396920.75,0.0,0.0
LSO,1975,True,1.0,1_nonreciprocal,0.0,0.0,1.0,31.0,17.0,3880.0,4429510582.784,0.0,0.0,0.0,8.0,0.0,0.0,149558.944,0.13,,,1149.09,1150.635,1373559.375,0.0,0.0
LSO,1976,True,1.0,1_nonreciprocal,0.0,0.0,1.0,31.0,19.0,8000.0,4806278232.896,0.0,0.0,0.0,9.0,0.0,0.0,147660.0,0.125,,,1177.975,1179.723,1377571.5,0.0,0.0
LSO,1977,True,1.0,1_nonreciprocal,0.0,0.0,1.0,31.0,19.0,9420.0,5430826885.312,0.0,0.0,0.0,10.0,0.0,0.0,193314.992,0.16,,,1208.836,1210.799,1666203.25,0.0,0.0
LSO,1978,True,1.0,1_nonreciprocal,0.0,0.0,1.0,31.0,19.0,11630.0,6534032980.16,0.0,0.0,0.0,7.0,0.0,0.0,266570.0,0.215,,,1241.159,1243.352,2055751.625,0.0,0.0
LSO,1979,True,1.0,1_nonreciprocal,0.0,0.0,1.0,31.0,19.0,17040.0,7510149364.864,0.0,0.0,0.0,14.0,0.0,0.0,290134.72,0.228,,,1274.216,1276.663,1712224.75,0.0,0.0
LSO,1980,True,1.0,1_nonreciprocal,0.0,0.0,1.0,31.0,19.0,15200.0,8340612450.304,0.0,0.0,0.0,13.0,0.0,0.0,431542.688,0.33,,,1307.403,1310.118,1660551.5,0.0,0.0
LSO,1981,True,1.0,1_nonreciprocal,0.0,0.0,1.0,31.0,20.0,23350.0,8455798984.639999,0.0,0.0,0.0,15.0,0.0,0.0,434174.016,0.324,,,1340.694,1343.69,1694957.625,0.0,0.0
LSO,1982,True,1.0,1_nonreciprocal,0.0,0.0,1.0,31.0,20.0,28050.0,8413404846.592001,0.0,0.0,0.0,11.0,0.0,0.0,326943.104,0.238,,,1374.044,1377.346,1691909.125,0.0,0.0
LSO,1983,True,1.0,1_nonreciprocal,0.0,0.0,1.0,31.0,20.0,23070.0,8740008512.064,0.0,0.0,0.0,15.0,0.0,0.0,355443.872,0.253,,,1406.818,1410.439,1592979.625,0.0,0.0
LSO,1984,True,1.0,1_nonreciprocal,0.0,0.0,1.0,31.0,20.0,32080.0,9461506897.664,0.0,0.0,0.0,16.0,0.0,0.0,302993.856,0.211,,,1438.248,1442.212,1605466.375,0.0,0.0
LSO,1985,True,1.0,1_nonreciprocal,0.0,0.0,1.0,31.0,20.0,21960.0,10013658187.84,0.0,0.0,0.0,11.0,0.0,0.0,247680.8,0.169,,,1467.856,1472.192,1689375.625,0.0,0.0
LSO,1986,True,1.0,1_nonreciprocal,0.0,0.0,1.0,31.0,22.0,25000.0,11908986258.239998,0.0,0.0,0.0,14.0,0.0,0.0,290586.784,0.194,,,1495.101,1499.861,1659488.75,0.0,0.0
LSO,1987,True,1.0,1_nonreciprocal,0.0,0.0,1.0,31.0,22.0,40360.0,13601061168.384003,0.0,0.0,0.0,17.0,0.0,0.0,369345.632,0.243,,,1520.244,1525.46,1771717.625,0.0,0.0
LSO,1988,True,1.0,1_nonreciprocal,0.0,0.0,1.0,31.0,22.0,61855.86,15340574223.36,0.0,0.0,0.0,18.0,0.0,0.0,429740.032,0.278,,,1544.58,1550.262,1974670.5,0.0,1.0
LSO,1989,True,1.0,1_nonreciprocal,0.0,0.0,1.0,31.0,22.0,80842.866,16164941408.576,0.0,0.0,0.0,21.0,0.0,0.0,451447.04,0.288,,,1569.936,1576.022,2104047.25,0.0,1.0
LSO,1990,True,1.0,1_nonreciprocal,0.0,0.0,1.0,31.0,22.0,73041.564,18322889058.559998,0.0,0.0,0.0,21.0,0.0,0.0,544578.752,0.341,1430624.981,0.892,1597.534,1603.938,2187152.5,0.0,1.0
LSO,1991,True,1.0,1_nonreciprocal,0.0,0.0,1.0,34.0,22.0,128742.81600000002,19393791276.544,0.0,0.0,0.0,22.0,0.0,0.0,608767.936,0.374,1581226.935,0.967,1627.9,1634.517,2176213.5,0.0,1.0
LSO,1992,True,1.0,1_nonreciprocal,0.0,0.0,1.0,34.0,22.0,136851.36200000002,20844117865.92,0.0,0.0,0.0,21.0,0.0,0.0,720543.424,0.434,1729775.133,1.038,1660.36,1667.121,2342024.75,0.0,1.0
LSO,1993,True,1.0,1_nonreciprocal,0.0,0.0,1.0,36.0,23.0,122877.988,21072670525.888,0.0,0.0,0.0,24.0,0.0,0.0,721599.296,0.426,1833086.537,1.078,1693.459,1700.362,2542358.0,0.0,1.0
LSO,1994,True,1.0,1_nonreciprocal,0.0,0.0,1.0,36.0,23.0,134885.54499999998,22587045957.952,0.0,0.0,0.0,24.0,0.0,0.0,755041.472,0.438,1984046.098,1.145,1725.118,1732.257,2630770.0,0.0,1.0
LSO,1995,True,1.0,1_nonreciprocal,0.0,0.0,1.0,36.0,23.0,138320.071,24960546077.760002,0.0,0.0,0.0,21.0,0.0,0.0,859092.096,0.49,2092082.434,1.188,1753.824,1761.359,2699811.5,1.0,1.0
LSO,1996,True,1.0,1_nonreciprocal,0.0,0.0,1.0,36.0,23.0,128327.436,25115816761.408,0.0,0.0,0.0,23.0,0.0,0.0,815937.472,0.459,2249506.733,1.259,1779.197,1787.273,2953529.75,1.0,1.0
LSO,1997,True,1.0,1_nonreciprocal,0.0,0.0,1.0,36.0,23.0,198616.40600000002,24683023210.688,0.0,0.0,0.0,21.0,0.0,0.0,859816.192,0.477,2372745.846,1.311,1801.679,1810.453,3166365.75,1.0,1.0
LSO,1998,True,1.0,1_nonreciprocal,0.0,0.0,1.0,36.0,23.0,168911.831,24755038679.936,0.0,0.0,0.0,21.0,0.0,0.0,819422.4,0.45,2435376.834,1.33,1821.609,1831.298,2948118.5,1.0,1.0
LSO,1999,True,1.0,1_nonreciprocal,0.0,0.0,1.0,36.0,23.0,161917.58299999998,26015395041.984,0.0,0.0,0.0,23.0,0.0,0.0,801540.672,0.436,2484416.354,1.343,1839.611,1850.527,3113698.0,1.0,1.0
LSO,2000,True,1.0,1_nonreciprocal,0.0,0.0,1.0,36.0,24.0,240135.126,26479956300.608,0.0,0.0,0.0,28.0,0.0,0.0,771258.56,0.415,2639425.432,1.412,1856.225,1868.699,3289740.75,1.0,1.0
LSO,2001,True,1.0,1_nonreciprocal,0.0,0.0,1.0,36.0,24.0,214353.4685,26213172625.856,0.0,0.0,0.0,29.0,0.0,0.0,706393.6,0.377,2795722.918,1.482,1871.5,1885.955,3580572.0,1.0,1.0
LSO,2002,True,1.0,1_nonreciprocal,0.0,0.0,1.0,36.0,24.0,361015.066,27332669775.68,0.0,0.0,0.0,29.0,0.0,0.0,656750.016,0.348,2859187.845,1.503,1885.487,1902.312,3618295.0,1.0,1.0
LSO,2003,True,1.0,1_nonreciprocal,0.0,0.0,1.0,36.0,25.0,514216.4155,30659992696.192,0.0,0.0,0.0,29.0,0.0,0.0,969160.96,0.51,3049173.946,1.59,1898.757,1918.097,3673290.75,1.0,1.0
LSO,2004,True,1.0,1_nonreciprocal,0.0,0.0,1.0,36.0,32.0,432026.956,34051005386.304,0.0,0.0,0.0,30.0,0.0,0.0,1234197.76,0.645,3186040.102,1.648,1912.022,1933.728,3839784.0,1.0,1.0
LSO,2005,True,1.0,1_nonreciprocal,0.0,0.0,1.0,36.0,32.0,377359.76250000007,35810110801.536,0.0,0.0,0.0,26.0,0.0,0.0,1368346.496,0.711,3402540.713,1.745,1925.844,1949.543,4129676.75,1.0,1.0
LSO,2006,True,1.0,1_nonreciprocal,0.0,0.0,1.0,36.0,32.0,397812.2145,37668340994.816,0.0,0.0,0.0,28.0,0.0,0.0,1428842.624,0.736,3655428.476,1.86,1940.413,1965.662,4238920.5,1.0,1.0
LSO,2007,True,1.0,1_nonreciprocal,0.0,0.0,1.0,36.0,32.0,463365.9115,41090276041.472,0.0,0.0,0.0,27.0,0.0,0.0,1597484.672,0.817,3933187.754,1.984,1955.784,1982.287,4392856.5,1.0,1.0
LSO,2008,True,3.0,3_fta,1.0,1.0,0.0,36.0,32.0,453622.62,43356354594.304,398.12600000000003,1023036731.392,3.0,27.0,0.0008776590550092058,0.02359600434503326,1630667.648,0.827,4277404.465,2.139,1972.199,1999.93,4680726.5,1.0,1.0
LSO,2009,True,3.0,3_fta,1.0,1.0,0.0,36.0,32.0,490872.62100000004,40865587641.088,233.426,931180604.4159999,3.0,26.0,0.00047553273499847525,0.022786423936793004,1708772.736,0.859,4402606.546,2.18,1989.873,2019.209,4407235.0,1.0,1.0
LSO,2010,True,3.0,3_fta,1.0,1.0,0.0,36.0,32.0,631456.7935,42666123500.352005,203522.2745,17070819351.551998,26.0,30.0,0.32230593857725276,0.4001024220400796,2175685.632,1.083,4747660.355,2.327,2008.921,2040.551,4668385.0,1.0,1.0
LSO,2011,True,3.0,3_fta,1.0,1.0,0.0,36.0,32.0,725211.3875,45767108476.736,196521.9095,18545620219.904,26.0,33.0,0.2709856917408099,0.40521721465822935,2487353.088,1.226,5166966.18,2.503,2029.516,2064.166,5176389.5,1.0,1.0
LSO,2012,True,3.0,3_fta,1.0,1.0,0.0,36.0,32.0,623584.7670000001,45700867909.632,164556.84350000002,17530770119.679996,26.0,30.0,0.26388849152243643,0.38359818798944906,2328196.352,1.135,5572668.313,2.666,2051.545,2089.928,5288235.0,1.0,1.0
LSO,2013,True,3.0,3_fta,1.0,1.0,0.0,36.0,32.0,519695.5695,46150748830.01601,167015.35650000002,18210141523.968002,26.0,32.0,0.3213715226794906,0.39457954606630996,2334989.568,1.126,5784559.848,2.732,2074.465,2117.361,5549332.5,1.0,1.0
LSO,2014,True,3.0,3_fta,1.0,1.0,0.0,36.0,32.0,814932.9695,47358762874.11201,373950.58400000003,18808711341.056004,26.0,33.0,0.4588728128516342,0.39715377259859796,2520952.32,1.175,6022224.353,2.807,2145.785,2145.785,6063507.0,1.0,1.0
LSO,2015,True,3.0,3_fta,1.0,1.0,0.0,36.0,32.0,626431.9305,44849923518.08,250874.29450000002,16533545740.288,26.0,33.0,0.40048133290357557,0.36864155930216824,2335194.88,1.074,6428733.404,2.956,2174.645,2174.645,6535152.5,1.0,1.0
LSO,2016,True,3.0,3_fta,1.0,1.0,0.0,36.0,32.0,558101.1415,45883796063.871994,139367.39099999997,16565048626.176,26.0,33.0,0.24971708645035975,0.36102175598367714,2199709.44,0.998,6676113.038,3.029,2203.821,2203.821,6549056.0,1.0,1.0
LSO,2017,True,3.0,3_fta,1.0,1.0,0.0,36.0,32.0,819468.798,48443791181.825,349668.7535,17596136119.579998,26.0,31.0,0.42670172964901587,0.36322789134186645,2306185.361,1.103,5580816.901,2.668,2091.532,2233.339,6689327.0,1.0,1.0
MAR,1950,False,,,,,,0.0,0.0,423050.0,439149675.856,0.0,0.0,0.0,19.0,0.0,0.0,,,,,9343.384,9396.67,12052169.0,0.0,0.0
MAR,1951,False,,,,,,0.0,0.0,575255.0,508704606.91200006,0.0,0.0,0.0,19.0,0.0,0.0,,,,,9633.621,9688.563,12560313.0,0.0,0.0
MAR,1952,False,,,,,,0.0,0.0,656765.0,564177641.312,0.0,0.0,0.0,23.0,0.0,0.0,,,,,9939.217,9995.901,13394351.0,0.0,0.0
MAR,1953,False,,,,,,0.0,0.0,619650.0,594802213.104,0.0,0.0,0.0,23.0,0.0,0.0,,,,,10205.766,10263.971,13824842.0,0.0,0.0
MAR,1954,False,,,,,,0.0,0.0,640155.0,608996152.944,0.0,0.0,0.0,23.0,0.0,0.0,,,,,10486.5,10546.306,14667682.0,0.0,0.0
MAR,1955,False,,,,,,0.0,0.0,665710.0,707212135.52,0.0,0.0,0.0,24.0,0.0,0.0,,,,,10781.676,10843.166,14474100.0,0.0,0.0
MAR,1956,True,0.0,0_none,0.0,0.0,0.0,28.0,0.0,681060.0,759962809.184,0.0,0.0,0.0,23.0,0.0,0.0,2008999.936,0.181,,,11088.51,11151.749,14628352.0,0.0,0.0
MAR,1957,True,0.0,0_none,0.0,0.0,0.0,28.0,0.0,674760.0,810041068.576,0.0,0.0,0.0,20.0,0.0,0.0,1719000.064,0.151,,,11406.349,11471.402,14375553.0,0.0,0.0
MAR,1958,True,0.0,0_none,0.0,0.0,0.0,28.0,0.0,664500.0,830159736.224,0.0,0.0,0.0,22.0,0.0,0.0,1664999.936,0.142,,,11734.866,11801.792,15501609.0,0.0,0.0
MAR,1959,True,0.0,0_none,0.0,0.0,0.0,28.0,0.0,587260.0,885219863.3280001,0.0,0.0,0.0,20.0,0.0,0.0,1632000.0,0.135,,,12074.375,12143.237,15827988.0,0.0,0.0
MAR,1960,True,0.0,0_none,0.0,0.0,0.0,29.0,0.0,664905.0,1004764122.1600001,0.0,0.0,0.0,24.0,0.0,0.0,2037154.688,0.165,,,12328.534,12494.286,16733555.0,0.0,0.0
MAR,1961,True,0.0,0_none,0.0,0.0,0.0,29.0,0.0,669580.0,1068562561.6,0.0,0.0,0.0,23.0,0.0,0.0,2025693.44,0.16,,,12687.467,12808.98,21031178.0,0.0,0.0
MAR,1962,True,0.0,0_none,0.0,0.0,0.0,29.0,0.0,624450.0,1154279277.792,0.0,0.0,0.0,22.0,0.0,0.0,2379611.136,0.182,,,13039.318,13131.068,23918242.0,0.0,0.0
MAR,1963,True,0.0,0_none,0.0,0.0,0.0,29.0,0.0,689230.0,1241588382.56,0.0,0.0,0.0,21.0,0.0,0.0,2657252.608,0.198,,,13387.425,13461.698,27840624.0,0.0,0.0
MAR,1964,True,0.0,0_none,0.0,0.0,0.0,30.0,0.0,706830.0,1356808025.408,0.0,0.0,0.0,22.0,0.0,0.0,2798345.216,0.204,,,13737.16,13800.744,29685770.0,0.0,0.0
MAR,1965,True,0.0,0_none,0.0,0.0,0.0,31.0,0.0,731300.0,1474823991.328,0.0,0.0,0.0,23.0,0.0,0.0,2948325.376,0.209,,,14092.269,14146.375,29372512.0,0.0,0.0
MAR,1966,True,0.0,0_none,0.0,0.0,0.0,31.0,0.0,750230.0,1613314560.144,0.0,0.0,0.0,22.0,0.0,0.0,2876395.52,0.199,,,14454.566,14496.845,28587768.0,0.0,0.0
MAR,1967,True,0.0,0_none,0.0,0.0,0.0,31.0,0.0,782375.0,1724081100.72,0.0,0.0,0.0,23.0,0.0,0.0,3046339.328,0.206,,,14822.362,14854.533,29770920.0,0.0,0.0
MAR,1968,True,0.0,0_none,0.0,0.0,0.0,31.0,0.0,794215.0,1867705725.52,0.0,0.0,0.0,23.0,0.0,0.0,3271415.808,0.215,,,15191.876,15223.597,31916050.0,0.0,0.0
MAR,1969,True,0.0,0_none,0.0,0.0,0.0,31.0,0.0,835162.0,2054570607.7919998,0.0,0.0,0.0,26.0,0.0,0.0,3651615.488,0.235,,,15557.664,15605.651,35488736.0,0.0,0.0
MAR,1970,True,0.0,0_none,0.0,0.0,0.0,31.0,0.0,955081.0,2273816559.2320004,0.0,0.0,0.0,26.0,0.0,0.0,3956328.448,0.249,,,15916.387,16000.008,33695532.0,0.0,0.0
MAR,1971,True,0.0,0_none,0.0,0.0,0.0,31.0,0.0,962096.0,2523239156.608,0.0,0.0,0.0,26.0,0.0,0.0,4356633.6,0.268,,,16266.808,16347.198,35614752.0,0.0,0.0
MAR,1972,True,1.0,1_nonreciprocal,0.0,0.0,1.0,31.0,15.0,1094520.5,2927304446.368,0.0,0.0,0.0,27.0,0.0,0.0,5074117.632,0.305,,,16611.971,16695.004,36384320.0,0.0,0.0
MAR,1973,True,1.0,1_nonreciprocal,0.0,0.0,1.0,31.0,16.0,1599595.5155,3532604577.152,0.0,0.0,0.0,27.0,0.0,0.0,6242178.048,0.368,,,16958.092,17049.166,37351972.0,0.0,0.0
MAR,1974,True,1.0,1_nonreciprocal,0.0,0.0,1.0,31.0,18.0,2466116.9845000003,3948556657.12,0.0,0.0,0.0,27.0,0.0,0.0,7675408.384,0.443,,,17313.732,17416.963,41336704.0,0.0,0.0
MAR,1975,True,1.0,1_nonreciprocal,0.0,0.0,1.0,31.0,18.0,2823432.531,4429510582.784,0.0,0.0,0.0,27.0,0.0,0.0,8984823.808,0.508,,,17685.326,17803.697,42896752.0,0.0,0.0
MAR,1976,True,1.0,1_nonreciprocal,0.0,0.0,1.0,31.0,19.0,2890274.5,4806278232.896,0.0,0.0,0.0,27.0,0.0,0.0,9584323.584,0.53,,,18074.081,18210.754,45868648.0,0.0,0.0
MAR,1977,True,1.0,1_nonreciprocal,0.0,0.0,1.0,31.0,19.0,3544984.5,5430826885.312,0.0,0.0,0.0,27.0,0.0,0.0,11049896.96,0.598,,,18478.909,18636.977,46876712.0,0.0,0.0
MAR,1978,True,1.0,1_nonreciprocal,0.0,0.0,1.0,31.0,19.0,3598058.9535,6534032980.16,0.0,0.0,0.0,27.0,0.0,0.0,13236853.76,0.7,,,18900.97,19081.719,49206768.0,0.0,0.0
MAR,1979,True,1.0,1_nonreciprocal,0.0,0.0,1.0,31.0,19.0,4409449.5155,7510149364.864,0.0,0.0,0.0,27.0,0.0,0.0,15912133.632,0.823,,,19340.967,19543.346,52263292.0,0.0,0.0
MAR,1980,True,1.0,1_nonreciprocal,0.0,0.0,1.0,31.0,19.0,4665992.9845,8340612450.304,0.0,0.0,0.0,27.0,0.0,0.0,21079357.44,1.065,,,19798.702,20019.848,52788748.0,0.0,0.0
MAR,1981,True,1.0,1_nonreciprocal,0.0,0.0,1.0,31.0,20.0,4353609.9065000005,8455798984.639999,0.0,0.0,0.0,27.0,0.0,0.0,17108443.136,0.844,,,20274.839,20511.6,52617200.0,0.0,0.0
MAR,1982,True,1.0,1_nonreciprocal,0.0,0.0,1.0,31.0,20.0,4313924.0309999995,8413404846.592001,0.0,0.0,0.0,27.0,0.0,0.0,17091648.512,0.823,,,20767.511,21016.816,58492124.0,0.0,0.0
MAR,1983,True,1.0,1_nonreciprocal,0.0,0.0,1.0,31.0,20.0,3824237.0,8740008512.064,0.0,0.0,0.0,27.0,0.0,0.0,15642990.592,0.735,,,21270.638,21528.502,63071848.0,0.0,0.0
MAR,1984,True,1.0,1_nonreciprocal,0.0,0.0,1.0,31.0,20.0,3971198.938,9461506897.664,0.0,0.0,0.0,27.0,0.0,0.0,14171045.888,0.651,,,21776.104,22037.609,66877728.0,0.0,0.0
MAR,1985,True,1.0,1_nonreciprocal,0.0,0.0,1.0,31.0,20.0,4057684.9690000005,10013658187.84,0.0,0.0,0.0,27.0,0.0,0.0,14294246.4,0.642,,,22277.54,22537.377,73844680.0,0.0,0.0
MAR,1986,True,1.0,1_nonreciprocal,0.0,0.0,1.0,31.0,22.0,4635402.0155,11908986258.239998,0.0,0.0,0.0,27.0,0.0,0.0,18722705.408,0.822,,,22772.287,23023.936,83983008.0,0.0,0.0
MAR,1987,True,1.0,1_nonreciprocal,0.0,0.0,1.0,31.0,22.0,5287791.9535,13601061168.384003,0.0,0.0,0.0,27.0,0.0,0.0,20656951.296,0.888,,,23260.094,23497.766,86175944.0,0.0,1.0
MAR,1988,True,1.0,1_nonreciprocal,0.0,0.0,1.0,31.0,22.0,6234891.402,15340574223.36,0.0,0.0,0.0,27.0,0.0,0.0,24633853.952,1.038,,,23739.981,23961.82,97213680.0,0.0,1.0
MAR,1989,True,1.0,1_nonreciprocal,0.0,0.0,1.0,31.0,22.0,6828464.641000001,16164941408.576,0.0,0.0,0.0,27.0,0.0,0.0,25271642.112,1.044,,,24211.718,24421.189,97967296.0,0.0,1.0
MAR,1990,True,1.0,1_nonreciprocal,0.0,0.0,1.0,31.0,22.0,8599054.136,18322889058.559998,0.0,0.0,0.0,27.0,0.0,0.0,28839383.04,1.169,63455192.137,2.528,24674.974,24879.135,99727816.0,0.0,1.0
MAR,1991,True,1.0,1_nonreciprocal,0.0,0.0,1.0,34.0,22.0,8741599.703,19393791276.544,0.0,0.0,0.0,27.0,0.0,0.0,31014465.536,1.234,70298701.149,2.75,25128.063,25336.863,112055096.0,0.0,1.0
MAR,1992,True,1.0,1_nonreciprocal,0.0,0.0,1.0,34.0,22.0,9093458.8115,20844117865.92,0.0,0.0,0.0,27.0,0.0,0.0,32042164.224,1.253,70392896.349,2.705,25569.662,25791.494,111898448.0,0.0,1.0
MAR,1993,True,1.0,1_nonreciprocal,0.0,0.0,1.0,36.0,23.0,8796653.648,21072670525.888,0.0,0.0,0.0,30.0,0.0,0.0,30137110.528,1.159,71533999.817,2.702,26000.345,26237.418,113263024.0,0.0,1.0
MAR,1994,True,1.0,1_nonreciprocal,0.0,0.0,1.0,36.0,23.0,9317617.687000003,22587045957.952,0.0,0.0,0.0,33.0,0.0,0.0,34085406.72,1.29,80791543.783,3.002,26421.309,26667.047,126629160.0,0.0,1.0
MAR,1995,True,1.0,1_nonreciprocal,0.0,0.0,1.0,36.0,23.0,10945454.621,24960546077.760002,0.0,0.0,0.0,33.0,0.0,0.0,37183959.04,1.386,78018364.844,2.855,26833.094,27075.232,125092456.0,1.0,1.0
MAR,1996,True,1.0,1_nonreciprocal,0.0,0.0,1.0,36.0,23.0,10926231.095000003,25115816761.408,0.0,0.0,0.0,33.0,0.0,0.0,41383907.328,1.519,89271970.321,3.22,27237.15,27460.604,146997984.0,1.0,1.0
MAR,1997,True,1.0,1_nonreciprocal,0.0,0.0,1.0,36.0,23.0,11180811.2815,24683023210.688,0.0,0.0,0.0,36.0,0.0,0.0,37263564.8,1.349,89382747.74,3.181,27632.32,27825.9,136316160.0,1.0,1.0
MAR,1998,True,1.0,1_nonreciprocal,0.0,0.0,1.0,36.0,23.0,12026110.2705,24755038679.936,0.0,0.0,0.0,34.0,0.0,0.0,40021696.512,1.429,96893013.106,3.405,28013.584,28175.262,137995968.0,1.0,1.0
MAR,1999,True,1.0,1_nonreciprocal,0.0,0.0,1.0,36.0,23.0,15376250.622,26015395041.984,0.0,0.0,0.0,36.0,0.0,0.0,39734022.144,1.4,99439557.52,3.451,28374.203,28514.797,131985672.0,1.0,1.0
MAR,2000,True,3.0,3_fta,1.0,1.0,0.0,36.0,24.0,14899817.218,26479956300.608,180337.3985,448896123.90400004,3.0,36.0,0.012103329581932058,0.016952298516206124,37020610.56,1.289,103647760.629,3.554,28710.123,28849.621,125842504.0,1.0,1.0
MAR,2001,True,3.0,3_fta,1.0,1.0,0.0,36.0,24.0,14063461.531500002,26213172625.856,12173252.822,8887107359.744,18.0,36.0,0.865594348499036,0.33903211513504417,37724676.096,1.3,113769672.518,3.854,29021.156,29181.832,129764320.0,1.0,1.0
MAR,2002,True,3.0,3_fta,1.0,1.0,0.0,36.0,24.0,15200119.455000002,27332669775.68,13106784.543499999,9680884886.528,18.0,36.0,0.8622816802395976,0.3541873137889309,40416116.736,1.379,119121958.104,3.987,29311.443,29512.367,130040520.0,1.0,1.0
MAR,2003,True,3.0,3_fta,1.0,1.0,0.0,36.0,25.0,18109485.353,30659992696.192,15979320.6175,11789094915.071999,18.0,36.0,0.8823729833301354,0.38451068895839025,49822650.368,1.684,128739969.048,4.258,29586.937,29843.938,135739568.0,1.0,1.0
MAR,2004,True,3.0,3_fta,1.0,1.0,0.0,36.0,31.0,21096507.3995,34051005386.304,18603886.142,13856989457.407999,26.0,36.0,0.8818467336655414,0.4069480269437671,56948015.104,1.907,138625453.15,4.531,29855.82,30179.285,135615456.0,1.0,1.0
MAR,2005,True,3.0,3_fta,1.0,1.0,0.0,36.0,31.0,24775483.72,35810110801.536,22070000.031000003,14450857954.303999,26.0,36.0,0.89079996501477,0.4035412801259514,59523858.432,1.976,147795791.639,4.774,30125.444,30521.07,133652688.0,1.0,1.0
MAR,2006,True,3.0,3_fta,1.0,1.0,0.0,36.0,31.0,24531348.479,37668340994.816,22759560.824,29251533253.632,27.0,36.0,0.9277745511415024,0.7765548596275492,65637109.76,2.159,163875399.065,5.232,30395.098,30869.346,145601984.0,1.0,1.0
MAR,2007,True,3.0,3_fta,1.0,1.0,0.0,36.0,31.0,31457619.302500002,41090276041.472,29107524.762999997,32189451969.536,27.0,36.0,0.9252933123482349,0.783383687591865,75226316.8,2.453,174178111.265,5.497,30667.086,31225.881,153388608.0,1.0,1.0
MAR,2008,True,3.0,3_fta,1.0,1.0,0.0,36.0,31.0,38335876.9775,43356354594.304,35341773.151999995,33735646679.552002,27.0,36.0,0.9218981262054525,0.7781015492475022,88882970.624,2.871,188114244.456,5.867,30955.151,31596.855,170382064.0,1.0,1.0
MAR,2009,True,3.0,3_fta,1.0,1.0,0.0,36.0,31.0,30525566.167000003,40865587641.088,28267176.999500003,31508715426.304,27.0,36.0,0.9260164691083942,0.7710329704062251,90908401.664,2.907,197586587.974,6.086,31276.564,31989.896,189504768.0,1.0,1.0
MAR,2010,True,3.0,3_fta,1.0,1.0,0.0,36.0,31.0,33296826.8785,42666123500.352005,30905923.259000003,32035219414.016,27.0,36.0,0.9281942502141602,0.7508350134914812,90770669.568,2.869,207631239.182,6.313,31642.361,32409.637,200225040.0,1.0,1.0
MAR,2011,True,3.0,3_fta,1.0,1.0,0.0,36.0,31.0,39645893.219,45767108476.736,37026907.4275,34063520561.152,27.0,36.0,0.9339405527570541,0.7442794988559724,99211337.728,3.095,223034630.237,6.688,32059.425,32858.82,220344112.0,1.0,1.0
MAR,2012,True,3.0,3_fta,1.0,1.0,0.0,36.0,31.0,38626142.0725,45700867909.632,35813820.797000006,33693970422.783997,27.0,36.0,0.9271912460161992,0.737272003004621,95903686.656,2.949,233979960.554,6.916,32521.145,33333.789,226256912.0,1.0,1.0
MAR,2013,True,3.0,3_fta,1.0,1.0,0.0,36.0,31.0,41625138.776,46150748830.01601,39244953.0985,34978241204.224,27.0,36.0,0.9428185527426431,0.7579127552850126,103835705.344,3.146,248542121.546,7.24,33008.148,33824.77,238476912.0,1.0,1.0
MAR,2014,True,3.0,3_fta,1.0,1.0,0.0,36.0,31.0,43883579.546000004,47358762874.11201,41353455.212000005,36201814746.112,27.0,36.0,0.9423446227455567,0.764416394117871,109881401.344,3.202,259446000.239,7.448,34318.081,34318.082,249655440.0,1.0,1.0
MAR,2015,True,3.0,3_fta,1.0,1.0,0.0,36.0,31.0,37724249.5625,44849923518.08,35455178.3585,34570193790.976,27.0,36.0,0.9398511241359302,0.7707971626092067,100593287.168,2.89,274060170.936,7.757,34803.322,34803.32,263655968.0,1.0,1.0
MAR,2016,True,3.0,3_fta,1.0,1.0,0.0,36.0,31.0,43175724.156,45883796063.871994,40374965.29450001,35134148889.6,27.0,36.0,0.9351311665004053,0.7657201867232589,101445001.216,2.876,280718787.737,7.838,35276.787,35276.785,268878400.0,1.0,1.0
MAR,2017,True,3.0,3_fta,1.0,1.0,0.0,36.0,31.0,46986408.4365,48443791181.825,44409631.56650001,37075756175.58,27.0,36.0,0.9451591012008848,0.7653355625372685,109682728.023,3.083,264212938.335,7.312,35581.257,35739.578,280057440.0,1.0,1.0
MOZ,1950,True,0.0,0_none,0.0,0.0,0.0,28.0,0.0,72450.0,439149675.856,0.0,0.0,0.0,16.0,0.0,0.0,,,,,6250.443,,,0.0,0.0
MOZ,1951,True,0.0,0_none,0.0,0.0,0.0,28.0,0.0,86900.0,508704606.91200006,0.0,0.0,0.0,17.0,0.0,0.0,,,,,6345.838,,,0.0,0.0
MOZ,1952,True,0.0,0_none,0.0,0.0,0.0,28.0,0.0,94450.0,564177641.312,0.0,0.0,0.0,18.0,0.0,0.0,,,,,6446.316,,,0.0,0.0
MOZ,1953,True,0.0,0_none,0.0,0.0,0.0,28.0,0.0,105400.0,594802213.104,0.0,0.0,0.0,20.0,0.0,0.0,,,,,6552.276,,,0.0,0.0
MOZ,1954,True,0.0,0_none,0.0,0.0,0.0,28.0,0.0,117670.0,608996152.944,0.0,0.0,0.0,21.0,0.0,0.0,,,,,6663.941,,,0.0,0.0
MOZ,1955,True,0.0,0_none,0.0,0.0,0.0,28.0,0.0,113455.0,707212135.52,0.0,0.0,0.0,20.0,0.0,0.0,,,,,6781.616,,,0.0,0.0
MOZ,1956,True,0.0,0_none,0.0,0.0,0.0,28.0,0.0,115350.0,759962809.184,0.0,0.0,0.0,18.0,0.0,0.0,,,,,6906.364,,,0.0,0.0
MOZ,1957,True,0.0,0_none,0.0,0.0,0.0,28.0,0.0,126890.0,810041068.576,0.0,0.0,0.0,18.0,0.0,0.0,,,,,7038.035,,,0.0,0.0
MOZ,1958,True,0.0,0_none,0.0,0.0,0.0,28.0,0.0,135265.0,830159736.224,0.0,0.0,0.0,22.0,0.0,0.0,,,,,7176.661,,,0.0,0.0
MOZ,1959,True,0.0,0_none,0.0,0.0,0.0,28.0,0.0,140130.0,885219863.3280001,0.0,0.0,0.0,19.0,0.0,0.0,,,,,7321.327,,,0.0,0.0
MOZ,1960,True,0.0,0_none,0.0,0.0,0.0,29.0,0.0,158815.0,1004764122.1600001,0.0,0.0,0.0,20.0,0.0,0.0,,,,,7647.284,7357.516,3664794.25,0.0,0.0
MOZ,1961,True,0.0,0_none,0.0,0.0,0.0,29.0,0.0,161710.0,1068562561.6,0.0,0.0,0.0,21.0,0.0,0.0,,,,,7800.474,7510.543,3755325.5,0.0,0.0
MOZ,1962,True,0.0,0_none,0.0,0.0,0.0,29.0,0.0,156350.0,1154279277.792,0.0,0.0,0.0,22.0,0.0,0.0,,,,,7959.881,7669.368,4090648.75,0.0,0.0
MOZ,1963,True,0.0,0_none,0.0,0.0,0.0,29.0,0.0,171150.0,1241588382.56,0.0,0.0,0.0,22.0,0.0,0.0,,,,,8125.367,7834.854,4192424.25,0.0,0.0
MOZ,1964,True,0.0,0_none,0.0,0.0,0.0,30.0,0.0,181770.0,1356808025.408,0.0,0.0,0.0,21.0,0.0,0.0,,,,,8296.721,8002.473,4344025.0,0.0,0.0
MOZ,1965,True,0.0,0_none,0.0,0.0,0.0,31.0,0.0,205785.0,1474823991.328,0.0,0.0,0.0,21.0,0.0,0.0,,,,,8473.847,8174.002,4398385.5,0.0,0.0
MOZ,1966,True,0.0,0_none,0.0,0.0,0.0,31.0,0.0,232490.0,1613314560.144,0.0,0.0,0.0,22.0,0.0,0.0,,,,,8657.157,8356.099,4511120.5,0.0,0.0
MOZ,1967,True,0.0,0_none,0.0,0.0,0.0,31.0,0.0,261890.0,1724081100.72,0.0,0.0,0.0,24.0,0.0,0.0,,,,,8846.984,8547.64,4991499.5,0.0,0.0
MOZ,1968,True,0.0,0_none,0.0,0.0,0.0,31.0,0.0,313770.0,1867705725.52,0.0,0.0,0.0,23.0,0.0,0.0,,,,,9043.116,8747.245,5330161.0,0.0,0.0
MOZ,1969,True,0.0,0_none,0.0,0.0,0.0,31.0,0.0,332408.5,2054570607.7919998,0.0,0.0,0.0,26.0,0.0,0.0,,,,,9245.227,8953.205,5625822.5,0.0,0.0
MOZ,1970,True,0.0,0_none,0.0,0.0,0.0,31.0,0.0,392204.5,2273816559.2320004,0.0,0.0,0.0,27.0,0.0,0.0,,,,,9453.375,9161.534,5543167.0,0.0,0.0
MOZ,1971,True,0.0,0_none,0.0,0.0,0.0,31.0,0.0,399766.5,2523239156.608,0.0,0.0,0.0,27.0,0.0,0.0,,,,,9665.673,9375.144,5927781.5,0.0,0.0
MOZ,1972,True,1.0,1_nonreciprocal,0.0,0.0,1.0,31.0,8.0,451279.0,2927304446.368,0.0,0.0,0.0,27.0,0.0,0.0,,,,,9882.718,9595.763,6183614.0,0.0,0.0
MOZ,1973,True,1.0,1_nonreciprocal,0.0,0.0,1.0,31.0,10.0,597335.0,3532604577.152,0.0,0.0,0.0,28.0,0.0,0.0,,,,,10109.853,9827.58,6422335.0,0.0,0.0
MOZ,1974,True,1.0,1_nonreciprocal,0.0,0.0,1.0,31.0,11.0,665165.5,3948556657.12,0.0,0.0,0.0,28.0,0.0,0.0,,,,,10354.3,10076.172,6838864.0,0.0,0.0
MOZ,1975,True,1.0,1_nonreciprocal,0.0,0.0,1.0,31.0,11.0,473826.0,4429510582.784,0.0,0.0,0.0,28.0,0.0,0.0,2833999.872,0.267,,,10620.26,10344.494,6969287.5,0.0,0.0
MOZ,1976,True,1.0,1_nonreciprocal,0.0,0.0,1.0,31.0,13.0,458780.0,4806278232.896,0.0,0.0,0.0,23.0,0.0,0.0,2852300.032,0.261,,,10908.161,10632.932,7357804.0,0.0,0.0
MOZ,1977,True,1.0,1_nonreciprocal,0.0,0.0,1.0,31.0,18.0,385672.0,5430826885.312,0.0,0.0,0.0,24.0,0.0,0.0,3043800.064,0.271,,,11213.159,10936.937,7337078.5,0.0,0.0
MOZ,1978,True,1.0,1_nonreciprocal,0.0,0.0,1.0,31.0,18.0,509100.0,6534032980.16,0.0,0.0,0.0,23.0,0.0,0.0,3295300.096,0.286,,,11527.369,11248.046,7427032.0,0.0,0.0
MOZ,1979,True,1.0,1_nonreciprocal,0.0,0.0,1.0,31.0,18.0,515340.0,7510149364.864,0.0,0.0,0.0,23.0,0.0,0.0,3624800.0,0.306,,,11840.048,11554.979,7676803.5,0.0,0.0
MOZ,1980,True,1.0,1_nonreciprocal,0.0,0.0,1.0,31.0,18.0,684111.0,8340612450.304,0.0,0.0,0.0,24.0,0.0,0.0,3526259.712,0.29,,,12142.014,11848.331,7948140.0,0.0,0.0
MOZ,1981,True,1.0,1_nonreciprocal,0.0,0.0,1.0,31.0,19.0,622546.5935,8455798984.639999,0.0,0.0,0.0,24.0,0.0,0.0,3532146.176,0.284,,,12438.624,12133.074,8258638.0,0.0,0.0
MOZ,1982,True,1.0,1_nonreciprocal,0.0,0.0,1.0,31.0,19.0,570046.045,8413404846.592001,0.0,0.0,0.0,24.0,0.0,0.0,3615065.088,0.284,,,12729.259,12409.242,7950418.0,0.0,0.0
MOZ,1983,True,1.0,1_nonreciprocal,0.0,0.0,1.0,31.0,19.0,502606.2755,8740008512.064,0.0,0.0,0.0,25.0,0.0,0.0,3237772.8,0.249,,,12992.559,12657.708,7057151.5,0.0,0.0
MOZ,1984,True,1.0,1_nonreciprocal,0.0,0.0,1.0,31.0,19.0,368633.59050000005,9461506897.664,0.0,0.0,0.0,25.0,0.0,0.0,3372771.584,0.255,,,13200.833,12853.78,7486830.5,0.0,0.0
MOZ,1985,True,1.0,1_nonreciprocal,0.0,0.0,1.0,31.0,19.0,356978.728,10013658187.84,0.0,0.0,0.0,24.0,0.0,0.0,4458235.904,0.334,,,13338.85,12984.404,6988378.5,0.0,0.0
MOZ,1986,True,1.0,1_nonreciprocal,0.0,0.0,1.0,31.0,21.0,340766.66799999995,11908986258.239998,0.0,0.0,0.0,24.0,0.0,0.0,5243440.128,0.392,,,13390.888,13034.385,7187529.5,0.0,0.0
MOZ,1987,True,1.0,1_nonreciprocal,0.0,0.0,1.0,31.0,21.0,592274.0920000001,13601061168.384003,0.0,0.0,0.0,26.0,0.0,0.0,2353864.192,0.176,,,13374.618,13020.86,6336786.5,0.0,0.0
MOZ,1988,True,1.0,1_nonreciprocal,0.0,0.0,1.0,31.0,21.0,664721.5385,15340574223.36,0.0,0.0,0.0,27.0,0.0,0.0,2093393.408,0.157,,,13348.965,13002.553,6124190.5,0.0,0.0
MOZ,1989,True,1.0,1_nonreciprocal,0.0,0.0,1.0,31.0,22.0,628197.4644999999,16164941408.576,0.0,0.0,0.0,27.0,0.0,0.0,2314103.808,0.173,,,13394.656,13059.613,6662603.0,0.0,0.0
MOZ,1990,True,1.0,1_nonreciprocal,0.0,0.0,1.0,31.0,22.0,800002.497,18322889058.559998,0.0,0.0,0.0,27.0,0.0,0.0,2512109.568,0.185,3241159.313,0.245,13567.959,13247.649,6759889.0,0.0,0.0
MOZ,1991,True,1.0,1_nonreciprocal,0.0,0.0,1.0,34.0,22.0,808664.579,19393791276.544,0.0,0.0,0.0,26.0,0.0,0.0,2748955.392,0.198,3513144.741,0.258,13893.546,13591.971,6982355.5,0.0,0.0
MOZ,1992,True,1.0,1_nonreciprocal,0.0,0.0,1.0,34.0,22.0,639661.8595,20844117865.92,0.0,0.0,0.0,25.0,0.0,0.0,1968901.504,0.137,3405254.983,0.242,14350.459,14071.23,6014414.0,0.0,1.0
MOZ,1993,True,1.0,1_nonreciprocal,0.0,0.0,1.0,36.0,23.0,569429.78,21072670525.888,0.0,0.0,0.0,27.0,0.0,0.0,2027650.56,0.136,3791921.568,0.259,14893.218,14636.995,6425449.5,0.0,1.0
MOZ,1994,True,1.0,1_nonreciprocal,0.0,0.0,1.0,36.0,23.0,566150.3915,22587045957.952,0.0,0.0,0.0,29.0,0.0,0.0,2162771.456,0.14,4111127.957,0.27,15453.464,15217.044,7122440.0,0.0,1.0
MOZ,1995,True,1.0,1_nonreciprocal,0.0,0.0,1.0,36.0,23.0,467397.8615,24960546077.760002,0.0,0.0,0.0,29.0,0.0,0.0,2246791.424,0.141,4290769.849,0.272,15981.571,15759.133,6568106.5,1.0,1.0
MOZ,1996,True,1.0,1_nonreciprocal,0.0,0.0,1.0,36.0,23.0,445877.32200000004,25115816761.408,0.0,0.0,0.0,27.0,0.0,0.0,3241719.296,0.197,5541999.144,0.341,16463.427,16248.231,8434741.0,1.0,1.0
MOZ,1997,True,1.0,1_nonreciprocal,0.0,0.0,1.0,36.0,23.0,470360.25649999996,24683023210.688,0.0,0.0,0.0,32.0,0.0,0.0,3810025.472,0.225,6247999.794,0.374,16914.627,16701.352,9833065.0,1.0,1.0
MOZ,1998,True,1.0,1_nonreciprocal,0.0,0.0,1.0,36.0,23.0,419212.03849999997,24755038679.936,0.0,0.0,0.0,33.0,0.0,0.0,4324473.856,0.249,7064822.987,0.412,17350.739,17136.779,10571331.0,1.0,1.0
MOZ,1999,True,1.0,1_nonreciprocal,0.0,0.0,1.0,36.0,23.0,477165.97399999993,26015395041.984,0.0,0.0,0.0,31.0,0.0,0.0,4536279.04,0.255,7734074.558,0.44,17798.101,17584.869,10443290.0,1.0,1.0
MOZ,2000,True,1.0,1_nonreciprocal,0.0,0.0,1.0,36.0,24.0,506769.54799999995,26479956300.608,0.0,0.0,0.0,33.0,0.0,0.0,4310090.752,0.236,8042835.633,0.445,18275.618,18067.686,11404212.0,1.0,1.0
MOZ,2001,True,1.0,1_nonreciprocal,0.0,0.0,1.0,36.0,24.0,844623.4974999999,26213172625.856,0.0,0.0,0.0,34.0,0.0,0.0,4075049.472,0.217,9272566.293,0.499,18785.719,18588.758,12505909.0,1.0,1.0
MOZ,2002,True,1.0,1_nonreciprocal,0.0,0.0,1.0,36.0,24.0,1003269.771,27332669775.68,0.0,0.0,0.0,34.0,0.0,0.0,4201332.992,0.217,10242864.498,0.535,19319.895,19139.658,14467763.0,1.0,1.0
MOZ,2003,True,1.0,1_nonreciprocal,0.0,0.0,1.0,36.0,25.0,1272422.424,30659992696.192,0.0,0.0,0.0,35.0,0.0,0.0,4666196.992,0.235,11126238.702,0.564,19873.461,19716.598,15634324.0,1.0,1.0
MOZ,2004,True,1.0,1_nonreciprocal,0.0,0.0,1.0,36.0,32.0,1698378.9390000002,34051005386.304,0.0,0.0,0.0,35.0,0.0,0.0,5697991.168,0.279,12325168.039,0.607,20438.828,20312.703,17219706.0,1.0,1.0
MOZ,2005,True,1.0,1_nonreciprocal,0.0,0.0,1.0,36.0,32.0,1970562.5034999999,35810110801.536,0.0,0.0,0.0,34.0,0.0,0.0,6578515.456,0.313,13831168.695,0.661,21010.376,20923.07,19131930.0,1.0,1.0
MOZ,2006,True,1.0,1_nonreciprocal,0.0,0.0,1.0,36.0,32.0,2457787.9925000006,37668340994.816,0.0,0.0,0.0,34.0,0.0,0.0,7095910.912,0.329,15660475.302,0.727,21587.317,21547.463,20404484.0,1.0,1.0
MOZ,2007,True,1.0,1_nonreciprocal,0.0,0.0,1.0,36.0,32.0,2748345.348,41090276041.472,0.0,0.0,0.0,34.0,0.0,0.0,9192939.52,0.415,17271159.861,0.778,22171.404,22188.387,21415828.0,1.0,1.0
MOZ,2008,True,1.0,1_nonreciprocal,0.0,0.0,1.0,36.0,32.0,2950115.1985,43356354594.304,0.0,0.0,0.0,35.0,0.0,0.0,11026247.68,0.484,18820849.624,0.824,22762.526,22846.758,22709226.0,1.0,1.0
MOZ,2009,True,1.0,1_nonreciprocal,0.0,0.0,1.0,36.0,32.0,2396602.6685000006,40865587641.088,0.0,0.0,0.0,34.0,0.0,0.0,10726631.424,0.459,20168259.027,0.857,23361.025,23524.062,22872484.0,1.0,1.0
MOZ,2010,True,2.0,2_reciprocal_pta,1.0,0.0,0.0,36.0,32.0,3191574.134,42666123500.352005,2543571.1454999996,16055404053.504,23.0,36.0,0.796964456630729,0.37630332301858965,10165353.472,0.424,21779856.569,0.899,23967.264,24221.404,22735480.0,1.0,1.0
MOZ,2011,True,2.0,2_reciprocal_pta,1.0,0.0,0.0,36.0,32.0,4034059.9995000004,45767108476.736,2932359.9145,17343868811.263996,23.0,36.0,0.7269004216257194,0.378959243625367,13244879.872,0.539,23811739.934,0.955,24581.367,24939.006,23141420.0,1.0,1.0
MOZ,2012,True,2.0,2_reciprocal_pta,1.0,0.0,0.0,36.0,32.0,3778876.7940000007,45700867909.632,2657567.8675000006,16350456960.0,23.0,36.0,0.7032692549594672,0.35777125704332513,14952946.688,0.593,25995950.739,1.012,25203.396,25676.605,24777100.0,1.0,1.0
MOZ,2013,True,2.0,2_reciprocal_pta,1.0,0.0,0.0,36.0,32.0,5083156.1135,46150748830.01601,2915946.021,16996796837.888,23.0,36.0,0.5736487245110853,0.36828864685362256,15630303.232,0.605,28302319.048,1.071,25833.752,26434.371,28043640.0,1.0,1.0
MOZ,2014,True,2.0,2_reciprocal_pta,1.0,0.0,0.0,36.0,32.0,4913708.350000001,47358762874.11201,3218661.968,17590487070.72,23.0,36.0,0.6550372424932382,0.3714304598175133,16961127.424,0.623,30953527.454,1.137,27212.381,27212.381,31246310.0,1.0,1.0
MOZ,2015,True,2.0,2_reciprocal_pta,1.0,0.0,0.0,36.0,32.0,4073301.8025,44849923518.08,2870976.357,15459393649.663998,23.0,36.0,0.7048278021623465,0.3446916390711786,14798399.488,0.528,33349567.734,1.191,28010.691,28010.691,33527708.0,1.0,1.0
MOZ,2016,True,2.0,2_reciprocal_pta,1.0,0.0,0.0,36.0,32.0,3121645.1604999998,45883796063.871994,2050052.0429999998,15514617285.632002,23.0,36.0,0.656721676422582,0.338128459642595,11014858.752,0.382,35088683.802,1.217,28829.475,28829.475,34600468.0,1.0,1.0
MOZ,2017,True,2.0,2_reciprocal_pta,1.0,0.0,0.0,36.0,32.0,3542906.154,48443791181.825,2428176.618,16468535362.169998,23.0,36.0,0.6853629513326364,0.3399514150401304,13219079.498,0.461,36775580.596,1.284,28649.008,29668.834,34225344.0,1.0,1.0
MUS,1950,False,,,,,,0.0,0.0,,439149675.856,0.0,0.0,0.0,0.0,,0.0,,,,,481.27,479.489,2233989.5,0.0,0.0
MUS,1951,False,,,,,,0.0,0.0,52300.0,508704606.91200006,0.0,0.0,0.0,9.0,0.0,0.0,,,,,498.593,496.748,2327482.5,0.0,0.0
MUS,1952,False,,,,,,0.0,0.0,61400.0,564177641.312,0.0,0.0,0.0,13.0,0.0,0.0,,,,,516.556,514.644,2408236.75,0.0,0.0
MUS,1953,False,,,,,,0.0,0.0,78900.0,594802213.104,0.0,0.0,0.0,15.0,0.0,0.0,,,,,536.057,534.073,2414956.75,0.0,0.0
MUS,1954,False,,,,,,0.0,0.0,77200.0,608996152.944,0.0,0.0,0.0,13.0,0.0,0.0,,,,,553.977,551.927,2386437.0,0.0,0.0
MUS,1955,False,,,,,,0.0,0.0,89350.0,707212135.52,0.0,0.0,0.0,13.0,0.0,0.0,,,,,571.669,569.553,2506513.0,0.0,0.0
MUS,1956,False,,,,,,0.0,0.0,88255.0,759962809.184,0.0,0.0,0.0,16.0,0.0,0.0,,,,,591.764,589.574,2634463.75,0.0,0.0
MUS,1957,False,,,,,,0.0,0.0,102805.0,810041068.576,0.0,0.0,0.0,17.0,0.0,0.0,,,,,609.816,607.559,2714428.5,0.0,0.0
MUS,1958,False,,,,,,0.0,0.0,93055.0,830159736.224,0.0,0.0,0.0,18.0,0.0,0.0,,,,,627.66,625.337,2595713.75,0.0,0.0
MUS,1959,False,,,,,,0.0,0.0,87150.0,885219863.3280001,0.0,0.0,0.0,12.0,0.0,0.0,,,,,645.313,642.925,2746879.75,0.0,0.0
MUS,1960,False,,,,,,0.0,0.0,77900.0,1004764122.1600001,0.0,0.0,0.0,20.0,0.0,0.0,,,,,659.351,660.774,2365915.5,0.0,0.0
MUS,1961,False,,,,,,0.0,0.0,84460.0,1068562561.6,0.0,0.0,0.0,12.0,0.0,0.0,,,,,680.757,678.763,2786995.0,0.0,0.0
MUS,1962,False,,,,,,0.0,0.0,85300.0,1154279277.792,0.0,0.0,0.0,12.0,0.0,0.0,,,,,700.349,698.422,3017030.5,0.0,0.0
MUS,1963,False,,,,,,0.0,0.0,138050.0,1241588382.56,0.0,0.0,0.0,14.0,0.0,0.0,,,,,718.861,712.493,3686843.5,0.0,0.0
MUS,1964,False,,,,,,0.0,0.0,125950.0,1356808025.408,0.0,0.0,0.0,15.0,0.0,0.0,,,,,736.381,733.457,3871832.25,0.0,0.0
MUS,1965,False,,,,,,0.0,0.0,108900.0,1474823991.328,0.0,0.0,0.0,17.0,0.0,0.0,,,,,753.0,752.732,3433765.5,0.0,0.0
MUS,1966,False,,,,,,0.0,0.0,112800.0,1613314560.144,0.0,0.0,0.0,18.0,0.0,0.0,,,,,768.813,771.295,3623572.25,0.0,0.0
MUS,1967,False,,,,,,0.0,0.0,103900.0,1724081100.72,0.0,0.0,0.0,19.0,0.0,0.0,,,,,783.917,786.388,3714780.75,0.0,0.0
MUS,1968,True,1.0,1_nonreciprocal,0.0,0.0,1.0,31.0,1.0,108090.0,1867705725.52,0.0,0.0,0.0,17.0,0.0,0.0,203830.0,0.255,,,798.413,801.201,3136548.5,0.0,0.0
MUS,1969,True,1.0,1_nonreciprocal,0.0,0.0,1.0,31.0,1.0,103549.5,2054570607.7919998,0.0,0.0,0.0,27.0,0.0,0.0,218610.0,0.269,,,812.405,813.007,3217881.25,0.0,0.0
MUS,1970,True,1.0,1_nonreciprocal,0.0,0.0,1.0,31.0,1.0,113921.5,2273816559.2320004,0.0,0.0,0.0,27.0,0.0,0.0,221140.0,0.268,,,826.0,826.441,3559384.25,0.0,1.0
MUS,1971,True,1.0,1_nonreciprocal,0.0,0.0,1.0,31.0,1.0,117681.0,2523239156.608,0.0,0.0,0.0,27.0,0.0,0.0,248400.0,0.296,,,839.23,839.598,3654488.75,0.0,1.0
MUS,1972,True,1.0,1_nonreciprocal,0.0,0.0,1.0,31.0,14.0,170577.0,2927304446.368,0.0,0.0,0.0,27.0,0.0,0.0,314429.984,0.369,,,852.053,852.4,3924367.0,0.0,1.0
MUS,1973,True,1.0,1_nonreciprocal,0.0,0.0,1.0,31.0,15.0,219214.5,3532604577.152,0.0,0.0,0.0,27.0,0.0,0.0,398910.016,0.461,,,864.819,865.169,4034849.25,0.0,1.0
MUS,1974,True,1.0,1_nonreciprocal,0.0,0.0,1.0,31.0,17.0,449220.0,3948556657.12,0.0,0.0,0.0,27.0,0.0,0.0,660990.016,0.753,,,878.042,878.355,4358715.5,0.0,1.0
MUS,1975,True,1.0,1_nonreciprocal,0.0,0.0,1.0,31.0,17.0,502797.50800000003,4429510582.784,0.0,0.0,0.0,27.0,0.0,0.0,664360.0,0.745,,,892.0,892.211,4235219.0,0.0,1.0
MUS,1976,True,1.0,1_nonreciprocal,0.0,0.0,1.0,31.0,19.0,448884.00800000003,4806278232.896,0.0,0.0,0.0,28.0,0.0,0.0,706988.608,0.78,,,906.507,906.929,5303646.5,0.0,1.0
MUS,1977,True,1.0,1_nonreciprocal,0.0,0.0,1.0,31.0,19.0,525718.0,5430826885.312,0.0,0.0,0.0,28.0,0.0,0.0,827093.632,0.898,,,921.379,922.32,5395192.5,0.0,1.0
MUS,1978,True,1.0,1_nonreciprocal,0.0,0.0,1.0,31.0,19.0,573355.992,6534032980.16,0.0,0.0,0.0,28.0,0.0,0.0,1019635.008,1.089,,,936.435,937.821,5498947.0,0.0,1.0
MUS,1979,True,1.0,1_nonreciprocal,0.0,0.0,1.0,31.0,19.0,662356.008,7510149364.864,0.0,0.0,0.0,28.0,0.0,0.0,1216227.84,1.278,,,951.419,952.588,5578139.5,0.0,1.0
MUS,1980,True,1.0,1_nonreciprocal,0.0,0.0,1.0,31.0,19.0,766666.0155,8340612450.304,0.0,0.0,0.0,28.0,0.0,0.0,1136544.256,1.177,,,966.0,966.031,5194489.5,0.0,1.0
MUS,1981,True,1.0,1_nonreciprocal,0.0,0.0,1.0,31.0,20.0,586315.0,8455798984.639999,0.0,0.0,0.0,28.0,0.0,0.0,1147187.584,1.172,,,979.133,978.069,5232532.0,0.0,1.0
MUS,1982,True,1.0,1_nonreciprocal,0.0,0.0,1.0,31.0,20.0,599151.0,8413404846.592001,0.0,0.0,0.0,28.0,0.0,0.0,1082934.4,1.093,,,990.754,988.892,5652310.5,0.0,1.0
MUS,1983,True,1.0,1_nonreciprocal,0.0,0.0,1.0,31.0,20.0,576082.0,8740008512.064,0.0,0.0,0.0,28.0,0.0,0.0,1094857.344,1.094,,,1000.804,998.631,5895534.5,0.0,1.0
MUS,1984,True,1.0,1_nonreciprocal,0.0,0.0,1.0,31.0,20.0,621683.5,9461506897.664,0.0,0.0,0.0,28.0,0.0,0.0,1044926.08,1.035,,,1009.233,1007.501,6011249.5,0.0,1.0
MUS,1985,True,1.0,1_nonreciprocal,0.0,0.0,1.0,31.0,20.0,715331.008,10013658187.84,0.0,0.0,0.0,28.0,0.0,0.0,1080643.2,1.064,,,1016.0,1015.762,6364006.0,0.0,1.0
MUS,1986,True,1.0,1_nonreciprocal,0.0,0.0,1.0,31.0,22.0,1095154.508,11908986258.239998,0.0,0.0,0.0,28.0,0.0,0.0,1469050.624,1.434,,,1024.68,1023.279,7537567.0,0.0,1.0
MUS,1987,True,1.0,1_nonreciprocal,0.0,0.0,1.0,31.0,22.0,1512045.508,13601061168.384003,0.0,0.0,0.0,28.0,0.0,0.0,1888752.256,1.829,,,1032.76,1030.178,8525209.0,0.0,1.0
MUS,1988,True,1.0,1_nonreciprocal,0.0,0.0,1.0,31.0,22.0,1850786.476,15340574223.36,0.0,0.0,0.0,28.0,0.0,0.0,2143480.448,2.059,,,1040.841,1037.26,8803756.0,0.0,1.0
MUS,1989,True,1.0,1_nonreciprocal,0.0,0.0,1.0,31.0,22.0,1777366.3925,16164941408.576,0.0,0.0,0.0,28.0,0.0,0.0,2191101.696,2.089,,,1048.921,1045.592,9181293.0,0.0,1.0
MUS,1990,True,1.0,1_nonreciprocal,0.0,0.0,1.0,31.0,22.0,2116556.1785,18322889058.559998,0.0,0.0,0.0,28.0,0.0,0.0,2653486.08,2.506,5054961.012,4.774,1058.775,1055.868,10068774.0,0.0,1.0
MUS,1991,True,1.0,1_nonreciprocal,0.0,0.0,1.0,34.0,22.0,2047689.4679999999,19393791276.544,0.0,0.0,0.0,27.0,0.0,0.0,2856889.088,2.669,5454888.99,5.097,1070.266,1068.439,10768901.0,0.0,1.0
MUS,1992,True,1.0,1_nonreciprocal,0.0,0.0,1.0,34.0,22.0,2202979.2525,20844117865.92,0.0,0.0,0.0,27.0,0.0,0.0,3224265.728,2.973,5942594.765,5.48,1084.441,1082.956,11648767.0,0.0,1.0
MUS,1993,True,1.0,1_nonreciprocal,0.0,0.0,1.0,36.0,23.0,2204234.1399999997,21072670525.888,0.0,0.0,0.0,31.0,0.0,0.0,3263363.84,2.974,6393176.561,5.826,1097.374,1098.592,12222999.0,0.0,1.0
MUS,1994,True,1.0,1_nonreciprocal,0.0,0.0,1.0,36.0,23.0,2451398.3619999997,22587045957.952,0.0,0.0,0.0,30.0,0.0,0.0,3558143.744,3.197,6799290.214,6.11,1112.846,1114.137,12923747.0,0.0,1.0
MUS,1995,True,1.0,1_nonreciprocal,0.0,0.0,1.0,36.0,23.0,2578332.7934999997,24960546077.760002,0.0,0.0,0.0,34.0,0.0,0.0,4040342.016,3.6,7238717.572,6.449,1122.457,1128.673,14246317.0,1.0,1.0
MUS,1996,True,1.0,1_nonreciprocal,0.0,0.0,1.0,36.0,23.0,2822373.9390000002,25115816761.408,0.0,0.0,0.0,31.0,0.0,0.0,4421952.0,3.899,7782736.612,6.863,1133.996,1141.948,15794626.0,1.0,1.0
MUS,1997,True,1.0,1_nonreciprocal,0.0,0.0,1.0,36.0,23.0,2843044.038,24683023210.688,0.0,0.0,0.0,35.0,0.0,0.0,4187375.872,3.647,8366155.646,7.286,1148.284,1154.14,15641155.0,1.0,1.0
MUS,1998,True,1.0,1_nonreciprocal,0.0,0.0,1.0,36.0,23.0,2818441.5175000005,24755038679.936,0.0,0.0,0.0,36.0,0.0,0.0,4169672.96,3.593,8970339.845,7.73,1160.421,1165.283,16332626.0,1.0,1.0
MUS,1999,True,1.0,1_nonreciprocal,0.0,0.0,1.0,36.0,23.0,2819305.4694999997,26015395041.984,0.0,0.0,0.0,36.0,0.0,0.0,4291171.328,3.651,9345394.665,7.952,1175.267,1175.574,16002897.0,1.0,1.0
MUS,2000,True,1.0,1_nonreciprocal,0.0,0.0,1.0,36.0,23.0,2589510.1025,26479956300.608,0.0,0.0,0.0,36.0,0.0,0.0,4582562.304,3.861,10420819.348,8.78,1186.873,1185.145,16533276.0,1.0,1.0
MUS,2001,True,1.0,1_nonreciprocal,0.0,0.0,1.0,36.0,23.0,2550581.2545,26213172625.856,0.0,0.0,0.0,36.0,0.0,0.0,4536544.768,3.781,10932598.321,9.139,1199.881,1193.917,16352759.0,1.0,1.0
MUS,2002,True,1.0,1_nonreciprocal,0.0,0.0,1.0,36.0,23.0,2709518.913,27332669775.68,0.0,0.0,0.0,36.0,0.0,0.0,4767303.168,3.939,11335014.132,9.41,1210.196,1201.812,16695435.0,1.0,1.0
MUS,2003,True,1.0,1_nonreciprocal,0.0,0.0,1.0,36.0,23.0,3122559.102,30659992696.192,0.0,0.0,0.0,36.0,0.0,0.0,5609836.544,4.588,11983811.348,9.876,1222.811,1208.994,16560842.0,1.0,1.0
MUS,2004,True,1.0,1_nonreciprocal,0.0,0.0,1.0,36.0,30.0,2977991.4675000003,34051005386.304,0.0,0.0,0.0,36.0,0.0,0.0,6385691.136,5.177,13020828.218,10.664,1233.386,1215.677,16808116.0,1.0,1.0
MUS,2005,True,1.0,1_nonreciprocal,0.0,0.0,1.0,36.0,30.0,3097811.5999999996,35810110801.536,0.0,0.0,0.0,36.0,0.0,0.0,6283795.968,5.054,13606631.263,11.078,1243.253,1222.003,16025440.0,1.0,1.0
MUS,2006,True,1.0,1_nonreciprocal,0.0,0.0,1.0,36.0,30.0,3237318.2770000002,37668340994.816,0.0,0.0,0.0,36.0,0.0,0.0,6731536.384,5.374,15222124.852,12.336,1252.698,1228.098,16868072.0,1.0,1.0
MUS,2007,True,1.0,1_nonreciprocal,0.0,0.0,1.0,36.0,30.0,3316952.7595,41090276041.472,0.0,0.0,0.0,36.0,0.0,0.0,7792063.488,6.182,16522211.176,13.328,1260.403,1233.911,18316722.0,1.0,1.0
MUS,2008,True,1.0,1_nonreciprocal,0.0,0.0,1.0,36.0,30.0,3350585.1435000002,43356354594.304,0.0,0.0,0.0,36.0,0.0,0.0,9641076.736,7.6,17753817.486,14.27,1268.565,1239.293,18631652.0,1.0,1.0
MUS,2009,True,1.0,1_nonreciprocal,0.0,0.0,1.0,36.0,30.0,2897008.2530000005,40865587641.088,0.0,0.0,0.0,36.0,0.0,0.0,8834661.376,6.929,18481668.54,14.816,1275.032,1244.024,18431892.0,1.0,1.0
MUS,2010,True,2.0,2_reciprocal_pta,1.0,0.0,0.0,36.0,30.0,3102867.9299999997,42666123500.352005,2155114.1015000003,16055404053.504,23.0,36.0,0.6945555370447238,0.37630332301858965,9718234.112,7.587,19526254.956,15.616,1280.924,1247.955,18717290.0,1.0,1.0
MUS,2011,True,2.0,2_reciprocal_pta,1.0,0.0,0.0,36.0,30.0,3630140.2894999995,45767108476.736,2470299.4915000005,17343868811.263996,23.0,36.0,0.6804969765618203,0.378959243625367,11252406.272,8.75,20742028.226,16.562,1286.051,1251.023,20664056.0,1.0,1.0
MUS,2012,True,2.0,2_reciprocal_pta,1.0,0.0,0.0,36.0,30.0,3614424.0544999996,45700867909.632,2457648.6394999996,16350456960.0,23.0,36.0,0.6799558110621244,0.35777125704332513,11442096.128,8.862,21862630.846,17.408,1291.167,1253.371,20874502.0,1.0,1.0
MUS,2013,True,2.0,2_reciprocal_pta,1.0,0.0,0.0,36.0,30.0,3632035.7460000003,46150748830.01601,2491585.7654999997,16996796837.888,23.0,36.0,0.686002545058652,0.36828864685362256,11929250.816,9.203,22962252.089,18.244,1296.303,1255.29,22284388.0,1.0,1.0
MUS,2014,True,2.0,2_reciprocal_pta,1.0,0.0,0.0,36.0,30.0,3636870.256,47358762874.11201,2385618.2830000003,17590487070.72,23.0,36.0,0.6559536401014797,0.3714304598175133,12803445.76,10.154,24248589.909,19.231,1260.934,1257.219,23332536.0,1.0,1.0
MUS,2015,True,2.0,2_reciprocal_pta,1.0,0.0,0.0,36.0,29.0,3106539.4869999993,44849923518.08,1967209.1929999997,15459393649.663998,23.0,36.0,0.6332477669227193,0.3446916390711786,11681761.28,9.252,25359637.204,20.085,1262.605,1259.456,25051468.0,1.0,1.0
MUS,2016,True,2.0,2_reciprocal_pta,1.0,0.0,0.0,36.0,29.0,3153028.323499999,45883796063.871994,2029040.505,15514617285.632002,23.0,36.0,0.643521179266692,0.338128459642595,12164207.616,9.628,26643801.685,21.088,1263.473,1262.132,26431802.0,1.0,1.0
MUS,2017,True,2.0,2_reciprocal_pta,1.0,0.0,0.0,36.0,29.0,3419152.0425,48443791181.825,2310262.088,16468535362.169998,23.0,36.0,0.675682759726237,0.3399514150401304,13259351.418,10.485,27081834.229,21.415,1264.613,1265.138,28208548.0,1.0,1.0
MWI,1950,False,,,,,,0.0,0.0,,439149675.856,0.0,0.0,0.0,0.0,,0.0,,,,,2816.6,,,0.0,0.0
MWI,1951,False,,,,,,0.0,0.0,100.0,508704606.91200006,0.0,0.0,0.0,1.0,0.0,0.0,,,,,2866.038,,,0.0,0.0
MWI,1952,False,,,,,,0.0,0.0,,564177641.312,0.0,0.0,0.0,0.0,,0.0,,,,,2917.802,,,0.0,0.0
MWI,1953,False,,,,,,0.0,0.0,,594802213.104,0.0,0.0,0.0,0.0,,0.0,,,,,2971.986,,,0.0,0.0
MWI,1954,False,,,,,,0.0,0.0,,608996152.944,0.0,0.0,0.0,0.0,,0.0,,,,,3028.691,3092.96,2152836.25,0.0,0.0
MWI,1955,False,,,,,,0.0,0.0,,707212135.52,0.0,0.0,0.0,0.0,,0.0,,,,,3088.155,3153.686,2285509.5,0.0,0.0
MWI,1956,False,,,,,,0.0,0.0,,759962809.184,0.0,0.0,0.0,0.0,,0.0,,,,,3151.911,3218.795,2433600.5,0.0,0.0
MWI,1957,False,,,,,,0.0,0.0,,810041068.576,0.0,0.0,0.0,0.0,,0.0,,,,,3221.238,3289.593,2630519.5,0.0,0.0
MWI,1958,False,,,,,,0.0,0.0,,830159736.224,0.0,0.0,0.0,0.0,,0.0,,,,,3294.697,3364.61,2684617.5,0.0,0.0
MWI,1959,False,,,,,,0.0,0.0,,885219863.3280001,0.0,0.0,0.0,0.0,,0.0,,,,,3370.054,3441.566,2586857.0,0.0,0.0
MWI,1960,False,,,,,,0.0,0.0,,1004764122.1600001,0.0,0.0,0.0,0.0,,0.0,162960.128,0.046,,,3525.127,3523.662,2854851.5,0.0,0.0
MWI,1961,False,,,,,,0.0,0.0,,1068562561.6,0.0,0.0,0.0,0.0,,0.0,174580.144,0.048,,,3607.383,3607.006,2943855.75,0.0,0.0
MWI,1962,False,,,,,,0.0,0.0,,1154279277.792,0.0,0.0,0.0,0.0,,0.0,183120.144,0.05,,,3693.68,3705.607,3010739.75,0.0,0.0
MWI,1963,False,,,,,,0.0,0.0,,1241588382.56,0.0,0.0,0.0,0.0,,0.0,190820.16,0.05,,,3783.766,3805.468,3055915.25,0.0,0.0
MWI,1964,True,1.0,1_nonreciprocal,0.0,0.0,1.0,30.0,1.0,40430.0,1356808025.408,0.0,0.0,0.0,20.0,0.0,0.0,194740.16,0.05,,,3877.229,3897.177,3031510.75,0.0,1.0
MWI,1965,True,1.0,1_nonreciprocal,0.0,0.0,1.0,31.0,1.0,54015.0,1474823991.328,0.0,0.0,0.0,21.0,0.0,0.0,229460.176,0.058,,,3973.96,3997.152,3524225.75,0.0,1.0
MWI,1966,True,1.0,1_nonreciprocal,0.0,0.0,1.0,31.0,1.0,67375.0,1613314560.144,0.0,0.0,0.0,20.0,0.0,0.0,260400.208,0.064,,,4073.777,4108.368,4010191.5,0.0,1.0
MWI,1967,True,1.0,1_nonreciprocal,0.0,0.0,1.0,31.0,1.0,76050.0,1724081100.72,0.0,0.0,0.0,24.0,0.0,0.0,269812.768,0.065,,,4177.347,4239.672,4143206.75,0.0,1.0
MWI,1968,True,1.0,1_nonreciprocal,0.0,0.0,1.0,31.0,1.0,74555.0,1867705725.52,0.0,0.0,0.0,21.0,0.0,0.0,245160.096,0.057,,,4286.43,4363.375,4274816.0,0.0,1.0
MWI,1969,True,1.0,1_nonreciprocal,0.0,0.0,1.0,31.0,1.0,74974.5,2054570607.7919998,0.0,0.0,0.0,24.0,0.0,0.0,265800.112,0.06,,,4403.344,4486.198,4614045.0,0.0,1.0
MWI,1970,True,1.0,1_nonreciprocal,0.0,0.0,1.0,31.0,1.0,82782.0,2273816559.2320004,0.0,0.0,0.0,24.0,0.0,0.0,290520.128,0.064,,,4529.749,4603.723,4850584.0,0.0,1.0
MWI,1971,True,1.0,1_nonreciprocal,0.0,0.0,1.0,31.0,1.0,103238.5,2523239156.608,0.0,0.0,0.0,26.0,0.0,0.0,365389.568,0.078,,,4666.194,4728.703,5494751.0,0.0,1.0
MWI,1972,True,1.0,1_nonreciprocal,0.0,0.0,1.0,31.0,14.0,118752.5,2927304446.368,0.0,0.0,0.0,27.0,0.0,0.0,406084.192,0.084,,,4812.216,4859.61,6024664.5,0.0,1.0
MWI,1973,True,1.0,1_nonreciprocal,0.0,0.0,1.0,31.0,15.0,133303.5,3532604577.152,0.0,0.0,0.0,28.0,0.0,0.0,444302.208,0.089,,,4967.159,4996.94,5776277.5,0.0,1.0
MWI,1974,True,1.0,1_nonreciprocal,0.0,0.0,1.0,31.0,17.0,152846.0,3948556657.12,0.0,0.0,0.0,25.0,0.0,0.0,548618.816,0.107,,,5129.915,5141.202,6188463.0,0.0,1.0
MWI,1975,True,1.0,1_nonreciprocal,0.0,0.0,1.0,31.0,17.0,206608.5,4429510582.784,0.0,0.0,0.0,25.0,0.0,0.0,613196.864,0.116,,,5299.532,5292.808,6500017.5,0.0,1.0
MWI,1976,True,1.0,1_nonreciprocal,0.0,0.0,1.0,31.0,19.0,208791.5,4806278232.896,0.0,0.0,0.0,25.0,0.0,0.0,670309.248,0.122,,,5478.781,5454.705,6638561.5,0.0,1.0
MWI,1977,True,1.0,1_nonreciprocal,0.0,0.0,1.0,31.0,19.0,264730.0,5430826885.312,0.0,0.0,0.0,27.0,0.0,0.0,806265.792,0.142,,,5668.178,5627.533,6712595.5,0.0,1.0
MWI,1978,True,1.0,1_nonreciprocal,0.0,0.0,1.0,31.0,19.0,306096.0,6534032980.16,0.0,0.0,0.0,27.0,0.0,0.0,948983.36,0.162,,,5862.115,5806.845,6881165.0,0.0,1.0
MWI,1979,True,1.0,1_nonreciprocal,0.0,0.0,1.0,31.0,19.0,371400.0,7510149364.864,0.0,0.0,0.0,26.0,0.0,0.0,1058297.664,0.175,,,6052.94,5986.332,6524186.5,0.0,1.0
MWI,1980,True,1.0,1_nonreciprocal,0.0,0.0,1.0,31.0,19.0,411199.5,8340612450.304,0.0,0.0,0.0,27.0,0.0,0.0,1237662.08,0.198,,,6236.824,6163.08,6798643.0,0.0,1.0
MWI,1981,True,1.0,1_nonreciprocal,0.0,0.0,1.0,31.0,20.0,352425.0,8455798984.639999,0.0,0.0,0.0,26.0,0.0,0.0,1237686.912,0.193,,,6403.934,6327.569,7213115.0,0.0,1.0
MWI,1982,True,1.0,1_nonreciprocal,0.0,0.0,1.0,31.0,20.0,308652.0,8413404846.592001,0.0,0.0,0.0,26.0,0.0,0.0,1180094.08,0.18,,,6559.281,6484.452,7626860.0,0.0,1.0
MWI,1983,True,1.0,1_nonreciprocal,0.0,0.0,1.0,31.0,20.0,271069.0,8740008512.064,0.0,0.0,0.0,26.0,0.0,0.0,1223225.088,0.182,,,6731.171,6661.358,8185343.5,0.0,1.0
MWI,1984,True,1.0,1_nonreciprocal,0.0,0.0,1.0,31.0,20.0,321486.0,9461506897.664,0.0,0.0,0.0,26.0,0.0,0.0,1208026.112,0.174,,,6958.278,6895.928,8903417.0,0.0,1.0
MWI,1985,True,1.0,1_nonreciprocal,0.0,0.0,1.0,31.0,20.0,340934.0,10013658187.84,0.0,0.0,0.0,27.0,0.0,0.0,1131350.016,0.156,,,7264.519,7211.105,9918863.0,0.0,1.0
MWI,1986,True,1.0,1_nonreciprocal,0.0,0.0,1.0,31.0,22.0,330280.0,11908986258.239998,0.0,0.0,0.0,27.0,0.0,0.0,1183671.808,0.154,,,7667.832,7625.305,9316743.0,0.0,1.0
MWI,1987,True,1.0,1_nonreciprocal,0.0,0.0,1.0,31.0,22.0,373868.505,13601061168.384003,0.0,0.0,0.0,26.0,0.0,0.0,1183071.36,0.145,,,8150.04,8120.093,8885744.0,0.0,1.0
MWI,1988,True,1.0,1_nonreciprocal,0.0,0.0,1.0,31.0,22.0,424685.5125,15340574223.36,0.0,0.0,0.0,26.0,0.0,0.0,1379923.84,0.159,,,8655.185,8636.936,8411771.0,0.0,1.0
MWI,1989,True,1.0,1_nonreciprocal,0.0,0.0,1.0,31.0,22.0,428801.25149999995,16164941408.576,0.0,0.0,0.0,27.0,0.0,0.0,1590201.728,0.175,,,9105.429,9094.671,9020455.0,0.0,1.0
MWI,1990,True,1.0,1_nonreciprocal,0.0,0.0,1.0,31.0,22.0,553645.6455,18322889058.559998,0.0,0.0,0.0,27.0,0.0,0.0,1880784.256,0.199,4539455.086,0.481,9447.123,9437.554,8905662.0,0.0,1.0
MWI,1991,True,1.0,1_nonreciprocal,0.0,0.0,1.0,34.0,22.0,661133.3005,19393791276.544,0.0,0.0,0.0,26.0,0.0,0.0,2203536.128,0.228,5100047.457,0.529,9657.518,9641.153,9635996.0,0.0,1.0
MWI,1992,True,1.0,1_nonreciprocal,0.0,0.0,1.0,34.0,22.0,687190.3675,20844117865.92,0.0,0.0,0.0,26.0,0.0,0.0,1799529.344,0.184,4833795.068,0.497,9759.434,9729.717,8654451.0,0.0,1.0
MWI,1993,True,1.0,1_nonreciprocal,0.0,0.0,1.0,36.0,23.0,417199.58900000004,21072670525.888,0.0,0.0,0.0,29.0,0.0,0.0,2070647.168,0.211,5428433.841,0.556,9800.635,9755.857,9301320.0,0.0,1.0
MWI,1994,True,1.0,1_nonreciprocal,0.0,0.0,1.0,36.0,23.0,462157.4595,22587045957.952,0.0,0.0,0.0,30.0,0.0,0.0,1181801.856,0.12,4976246.739,0.508,9851.737,9796.977,10157067.0,0.0,1.0
MWI,1995,True,1.0,1_nonreciprocal,0.0,0.0,1.0,36.0,23.0,475502.07850000006,24960546077.760002,0.0,0.0,0.0,30.0,0.0,0.0,1397454.08,0.14,5929864.97,0.598,9964.065,9909.088,10311410.0,1.0,1.0
MWI,1996,True,1.0,1_nonreciprocal,0.0,0.0,1.0,36.0,23.0,449181.2315,25115816761.408,0.0,0.0,0.0,29.0,0.0,0.0,2281039.104,0.225,6479907.674,0.641,10153.315,10109.789,10290695.0,1.0,1.0
MWI,1997,True,1.0,1_nonreciprocal,0.0,0.0,1.0,36.0,23.0,523162.043,24683023210.688,0.0,0.0,0.0,33.0,0.0,0.0,2663238.912,0.256,6840762.725,0.659,10404.259,10381.861,11271522.0,1.0,1.0
MWI,1998,True,1.0,1_nonreciprocal,0.0,0.0,1.0,36.0,23.0,463026.35,24755038679.936,0.0,0.0,0.0,34.0,0.0,0.0,1750585.216,0.164,7184359.413,0.671,10700.18,10704.744,9642001.0,1.0,1.0
MWI,1999,True,1.0,1_nonreciprocal,0.0,0.0,1.0,36.0,23.0,479754.206,26015395041.984,0.0,0.0,0.0,31.0,0.0,0.0,1775920.0,0.161,7516216.227,0.681,11012.707,11044.356,9617829.0,1.0,1.0
MWI,2000,True,1.0,1_nonreciprocal,0.0,0.0,1.0,36.0,24.0,431845.277,26479956300.608,0.0,0.0,0.0,34.0,0.0,0.0,1743506.304,0.154,7808406.247,0.686,11321.496,11376.172,9516243.0,1.0,1.0
MWI,2001,True,1.0,1_nonreciprocal,0.0,0.0,1.0,36.0,24.0,413352.1255000001,26213172625.856,0.0,0.0,0.0,36.0,0.0,0.0,1716502.016,0.148,7589033.957,0.649,11623.166,11695.862,8843911.0,1.0,1.0
MWI,2002,True,1.0,1_nonreciprocal,0.0,0.0,1.0,36.0,24.0,424086.60349999997,27332669775.68,0.0,0.0,0.0,35.0,0.0,0.0,2665158.912,0.223,7836529.182,0.652,11926.778,12013.711,10477745.0,1.0,1.0
MWI,2003,True,1.0,1_nonreciprocal,0.0,0.0,1.0,36.0,25.0,473500.936,30659992696.192,0.0,0.0,0.0,36.0,0.0,0.0,2424656.64,0.198,8448833.988,0.685,12238.739,12336.688,10791999.0,1.0,1.0
MWI,2004,True,1.0,1_nonreciprocal,0.0,0.0,1.0,36.0,32.0,454217.4545,34051005386.304,0.0,0.0,0.0,36.0,0.0,0.0,2625127.168,0.209,9151715.082,0.722,12569.091,12676.038,12195388.0,1.0,1.0
MWI,2005,True,1.0,1_nonreciprocal,0.0,0.0,1.0,36.0,32.0,528972.9434999999,35810110801.536,0.0,0.0,0.0,35.0,0.0,0.0,2754995.968,0.213,9754954.028,0.748,12924.746,13039.711,12917913.0,1.0,1.0
MWI,2006,True,1.0,1_nonreciprocal,0.0,0.0,1.0,36.0,32.0,552546.0939999999,37668340994.816,0.0,0.0,0.0,36.0,0.0,0.0,3116789.76,0.234,10527220.879,0.784,13307.535,13429.262,13351206.0,1.0,1.0
MWI,2007,True,1.0,1_nonreciprocal,0.0,0.0,1.0,36.0,32.0,678320.9475,41090276041.472,0.0,0.0,0.0,36.0,0.0,0.0,3647817.216,0.266,11844894.661,0.856,13713.758,13840.969,15781852.0,1.0,1.0
MWI,2008,True,1.0,1_nonreciprocal,0.0,0.0,1.0,36.0,32.0,826202.4890000001,43356354594.304,0.0,0.0,0.0,35.0,0.0,0.0,4276769.792,0.302,12999915.354,0.911,14138.207,14271.233,16491508.0,1.0,1.0
MWI,2009,True,1.0,1_nonreciprocal,0.0,0.0,1.0,36.0,32.0,892487.772,40865587641.088,0.0,0.0,0.0,35.0,0.0,0.0,5030640.128,0.345,14189510.517,0.964,14573.338,14714.603,14729386.0,1.0,1.0
MWI,2010,True,1.0,1_nonreciprocal,0.0,0.0,1.0,36.0,32.0,1002155.3609999999,42666123500.352005,0.0,0.0,0.0,36.0,0.0,0.0,5398617.088,0.36,15350123.28,1.012,15013.694,15167.095,14551126.0,1.0,1.0
MWI,2011,True,1.0,1_nonreciprocal,0.0,0.0,1.0,36.0,32.0,1093190.842,45767108476.736,0.0,0.0,0.0,36.0,0.0,0.0,5627897.856,0.364,16427533.196,1.051,15457.531,15627.618,16448637.0,1.0,1.0
MWI,2012,True,1.0,1_nonreciprocal,0.0,0.0,1.0,36.0,32.0,1057888.3985,45700867909.632,0.0,0.0,0.0,36.0,0.0,0.0,4240492.8,0.267,17045633.652,1.059,15906.483,16097.306,15611504.0,1.0,1.0
MWI,2013,True,1.0,1_nonreciprocal,0.0,0.0,1.0,36.0,32.0,1161058.0499999998,46150748830.01601,0.0,0.0,0.0,36.0,0.0,0.0,3705386.752,0.226,18221609.779,1.099,16362.568,16577.146,15322549.0,1.0,1.0
MWI,2014,True,1.0,1_nonreciprocal,0.0,0.0,1.0,36.0,32.0,1084021.8745,47358762874.11201,0.0,0.0,0.0,36.0,0.0,0.0,6054750.208,0.355,19605067.594,1.149,17068.838,17068.838,17144948.0,1.0,1.0
MWI,2015,True,1.0,1_nonreciprocal,0.0,0.0,1.0,36.0,32.0,829000.4959999998,44849923518.08,0.0,0.0,0.0,36.0,0.0,0.0,6373201.408,0.363,20370850.617,1.159,17573.606,17573.607,18951076.0,1.0,1.0
MWI,2016,True,1.0,1_nonreciprocal,0.0,0.0,1.0,36.0,32.0,804273.8775,45883796063.871994,0.0,0.0,0.0,36.0,0.0,0.0,5441851.904,0.301,21154727.2,1.169,18091.576,18091.576,18406848.0,1.0,1.0
MWI,2017,True,1.0,1_nonreciprocal,0.0,0.0,1.0,36.0,32.0,939774.109,48443791181.825,0.0,0.0,0.0,36.0,0.0,0.0,8943543.677,0.506,26013119.29,1.472,17670.193,18622.105,18503912.0,1.0,1.0
NAM,1950,True,0.0,0_none,0.0,0.0,0.0,28.0,0.0,,439149675.856,0.0,0.0,0.0,0.0,,0.0,,,,,463.729,,,0.0,0.0
NAM,1951,True,0.0,0_none,0.0,0.0,0.0,28.0,0.0,,508704606.91200006,0.0,0.0,0.0,0.0,,0.0,,,,,474.595,,,0.0,0.0
NAM,1952,True,0.0,0_none,0.0,0.0,0.0,28.0,0.0,,564177641.312,0.0,0.0,0.0,0.0,,0.0,,,,,485.831,,,0.0,0.0
NAM,1953,True,0.0,0_none,0.0,0.0,0.0,28.0,0.0,,594802213.104,0.0,0.0,0.0,0.0,,0.0,,,,,497.453,,,0.0,0.0
NAM,1954,True,0.0,0_none,0.0,0.0,0.0,28.0,0.0,,608996152.944,0.0,0.0,0.0,0.0,,0.0,,,,,509.47,,,0.0,0.0
NAM,1955,True,0.0,0_none,0.0,0.0,0.0,28.0,0.0,,707212135.52,0.0,0.0,0.0,0.0,,0.0,,,,,521.903,,,0.0,0.0
NAM,1956,True,0.0,0_none,0.0,0.0,0.0,28.0,0.0,,759962809.184,0.0,0.0,0.0,0.0,,0.0,,,,,534.767,,,0.0,0.0
NAM,1957,True,0.0,0_none,0.0,0.0,0.0,28.0,0.0,,810041068.576,0.0,0.0,0.0,0.0,,0.0,,,,,548.08,,,0.0,0.0
NAM,1958,True,0.0,0_none,0.0,0.0,0.0,28.0,0.0,,830159736.224,0.0,0.0,0.0,0.0,,0.0,,,,,561.854,,,0.0,0.0
NAM,1959,True,0.0,0_none,0.0,0.0,0.0,28.0,0.0,,885219863.3280001,0.0,0.0,0.0,0.0,,0.0,,,,,576.077,,,0.0,0.0
NAM,1960,True,0.0,0_none,0.0,0.0,0.0,29.0,0.0,,1004764122.1600001,0.0,0.0,0.0,0.0,,0.0,,,,,602.545,602.86,2656163.25,0.0,0.0
NAM,1961,True,0.0,0_none,0.0,0.0,0.0,29.0,0.0,,1068562561.6,0.0,0.0,0.0,0.0,,0.0,,,,,617.282,618.27,2657957.0,0.0,0.0
NAM,1962,True,0.0,0_none,0.0,0.0,0.0,29.0,0.0,,1154279277.792,0.0,0.0,0.0,0.0,,0.0,,,,,632.658,634.151,3018104.5,0.0,0.0
NAM,1963,True,0.0,0_none,0.0,0.0,0.0,29.0,0.0,,1241588382.56,0.0,0.0,0.0,0.0,,0.0,,,,,648.668,650.516,3239565.25,0.0,0.0
NAM,1964,True,0.0,0_none,0.0,0.0,0.0,30.0,0.0,,1356808025.408,0.0,0.0,0.0,0.0,,0.0,,,,,665.297,667.377,3726760.5,0.0,0.0
NAM,1965,True,0.0,0_none,0.0,0.0,0.0,31.0,0.0,,1474823991.328,0.0,0.0,0.0,0.0,,0.0,,,,,682.553,684.758,3949808.5,0.0,0.0
NAM,1966,True,0.0,0_none,0.0,0.0,0.0,31.0,0.0,,1613314560.144,0.0,0.0,0.0,0.0,,0.0,,,,,700.316,702.677,4149060.5,0.0,0.0
NAM,1967,True,0.0,0_none,0.0,0.0,0.0,31.0,0.0,,1724081100.72,0.0,0.0,0.0,0.0,,0.0,,,,,718.622,721.149,4006561.0,0.0,0.0
NAM,1968,True,0.0,0_none,0.0,0.0,0.0,31.0,0.0,,1867705725.52,0.0,0.0,0.0,0.0,,0.0,,,,,737.802,740.196,4135076.0,0.0,0.0
NAM,1969,True,0.0,0_none,0.0,0.0,0.0,31.0,0.0,,2054570607.7919998,0.0,0.0,0.0,0.0,,0.0,,,,,758.305,759.907,4376136.0,0.0,0.0
NAM,1970,True,0.0,0_none,0.0,0.0,0.0,31.0,0.0,,2273816559.2320004,0.0,0.0,0.0,0.0,,0.0,,,,,780.386,780.384,4538491.5,0.0,0.0
NAM,1971,True,0.0,0_none,0.0,0.0,0.0,31.0,0.0,14700.0,2523239156.608,0.0,0.0,0.0,1.0,0.0,0.0,,,,,804.309,804.157,4775284.5,0.0,0.0
NAM,1972,True,0.0,0_none,0.0,0.0,0.0,31.0,0.0,71210.0,2927304446.368,0.0,0.0,0.0,3.0,0.0,0.0,,,,,829.806,829.441,4856694.0,0.0,0.0
NAM,1973,True,0.0,0_none,0.0,0.0,0.0,31.0,0.0,98560.0,3532604577.152,0.0,0.0,0.0,5.0,0.0,0.0,,,,,855.965,855.38,5020466.0,0.0,0.0
NAM,1974,True,0.0,0_none,0.0,0.0,0.0,31.0,0.0,56350.0,3948556657.12,0.0,0.0,0.0,4.0,0.0,0.0,,,,,881.53,880.785,5443062.0,0.0,0.0
NAM,1975,True,0.0,0_none,0.0,0.0,0.0,31.0,0.0,102790.0,4429510582.784,0.0,0.0,0.0,5.0,0.0,0.0,,,,,905.647,904.839,5582245.0,0.0,0.0
NAM,1976,True,0.0,0_none,0.0,0.0,0.0,31.0,0.0,84380.0,4806278232.896,0.0,0.0,0.0,7.0,0.0,0.0,,,,,928.228,927.503,5611754.0,0.0,0.0
NAM,1977,True,0.0,0_none,0.0,0.0,0.0,31.0,0.0,73090.0,5430826885.312,0.0,0.0,0.0,7.0,0.0,0.0,,,,,949.734,949.193,5694706.0,0.0,0.0
NAM,1978,True,0.0,0_none,0.0,0.0,0.0,31.0,0.0,50310.0,6534032980.16,0.0,0.0,0.0,8.0,0.0,0.0,,,,,970.569,970.258,5742805.5,0.0,0.0
NAM,1979,True,0.0,0_none,0.0,0.0,0.0,31.0,0.0,69710.0,7510149364.864,0.0,0.0,0.0,9.0,0.0,0.0,,,,,991.365,991.226,5895420.0,0.0,0.0
NAM,1980,True,0.0,0_none,0.0,0.0,0.0,31.0,0.0,74150.0,8340612450.304,0.0,0.0,0.0,9.0,0.0,0.0,2434779.392,2.404,,,1012.761,1012.672,6869421.0,0.0,0.0
NAM,1981,True,0.0,0_none,0.0,0.0,0.0,31.0,0.0,122350.0,8455798984.639999,0.0,0.0,0.0,8.0,0.0,0.0,2259233.28,2.184,,,1034.446,1034.264,6180527.5,0.0,0.0
NAM,1982,True,0.0,0_none,0.0,0.0,0.0,31.0,0.0,105110.0,8413404846.592001,0.0,0.0,0.0,7.0,0.0,0.0,2128058.624,2.014,,,1056.758,1056.366,6234294.5,0.0,0.0
NAM,1983,True,0.0,0_none,0.0,0.0,0.0,31.0,0.0,101290.0,8740008512.064,0.0,0.0,0.0,10.0,0.0,0.0,2308102.912,2.134,,,1081.74,1081.081,5949442.5,0.0,0.0
NAM,1984,True,0.0,0_none,0.0,0.0,0.0,31.0,0.0,107421.0,9461506897.664,0.0,0.0,0.0,11.0,0.0,0.0,1960596.992,1.763,,,1112.044,1111.132,6136087.0,0.0,0.0
NAM,1985,True,0.0,0_none,0.0,0.0,0.0,31.0,0.0,65640.0,10013658187.84,0.0,0.0,0.0,9.0,0.0,0.0,1615794.944,1.406,,,1149.389,1148.302,6886820.0,0.0,0.0
NAM,1986,True,0.0,0_none,0.0,0.0,0.0,31.0,0.0,58960.0,11908986258.239998,0.0,0.0,0.0,9.0,0.0,0.0,1816728.832,1.521,,,1194.769,1193.592,7014950.0,0.0,0.0
NAM,1987,True,0.0,0_none,0.0,0.0,0.0,31.0,0.0,33770.0,13601061168.384003,0.0,0.0,0.0,7.0,0.0,0.0,2310417.152,1.853,,,1247.186,1245.99,6736382.0,0.0,0.0
NAM,1988,True,0.0,0_none,0.0,0.0,0.0,31.0,0.0,55876.993,15340574223.36,0.0,0.0,0.0,9.0,0.0,0.0,2506590.464,1.922,,,1303.879,1302.741,7113941.5,0.0,0.0
NAM,1989,True,0.0,0_none,0.0,0.0,0.0,31.0,0.0,164798.062,16164941408.576,0.0,0.0,0.0,16.0,0.0,0.0,2547362.816,1.872,,,1360.921,1359.933,7398076.0,0.0,0.0
NAM,1990,True,1.0,1_nonreciprocal,0.0,0.0,1.0,31.0,11.0,708145.199,18322889058.559998,0.0,0.0,0.0,21.0,0.0,0.0,2804357.12,1.981,5229495.146,3.697,1415.447,1414.692,6540486.0,0.0,0.0
NAM,1991,True,1.0,1_nonreciprocal,0.0,0.0,1.0,34.0,16.0,504139.02099999995,19393791276.544,0.0,0.0,0.0,20.0,0.0,0.0,3012725.76,2.055,5844793.311,3.988,1466.152,1465.74,6889523.5,0.0,0.0
NAM,1992,True,1.0,1_nonreciprocal,0.0,0.0,1.0,34.0,16.0,388881.537,20844117865.92,0.0,0.0,0.0,20.0,0.0,0.0,3448309.76,2.278,6407809.266,4.233,1513.689,1513.721,7229926.5,0.0,1.0
NAM,1993,True,1.0,1_nonreciprocal,0.0,0.0,1.0,36.0,16.0,377933.62899999996,21072670525.888,0.0,0.0,0.0,23.0,0.0,0.0,3218435.072,2.064,6456645.807,4.139,1559.48,1559.983,7361378.0,0.0,1.0
NAM,1994,True,1.0,1_nonreciprocal,0.0,0.0,1.0,36.0,16.0,638527.481,22587045957.952,0.0,0.0,0.0,27.0,0.0,0.0,3636647.68,2.265,6708120.955,4.175,1605.828,1606.718,7707603.0,0.0,1.0
NAM,1995,True,1.0,1_nonreciprocal,0.0,0.0,1.0,36.0,17.0,583144.2889999999,24960546077.760002,0.0,0.0,0.0,29.0,0.0,0.0,3942494.464,2.383,7115036.355,4.298,1654.214,1655.359,7831893.5,1.0,1.0
NAM,1996,True,1.0,1_nonreciprocal,0.0,0.0,1.0,36.0,17.0,489921.15900000004,25115816761.408,0.0,0.0,0.0,28.0,0.0,0.0,3945295.616,2.314,7476134.197,4.381,1705.309,1706.489,8454840.0,1.0,1.0
NAM,1997,True,1.0,1_nonreciprocal,0.0,0.0,1.0,36.0,17.0,493297.751,24683023210.688,0.0,0.0,0.0,31.0,0.0,0.0,4102682.88,2.334,7924988.665,4.505,1757.969,1758.994,8668000.0,1.0,1.0
NAM,1998,True,1.0,1_nonreciprocal,0.0,0.0,1.0,36.0,17.0,660201.889,24755038679.936,0.0,0.0,0.0,33.0,0.0,0.0,3826538.496,2.114,8274683.853,4.57,1809.719,1810.566,8987855.0,1.0,1.0
NAM,1999,True,1.0,1_nonreciprocal,0.0,0.0,1.0,36.0,19.0,1082765.872,26015395041.984,0.0,0.0,0.0,31.0,0.0,0.0,3818964.224,2.056,8684376.797,4.674,1857.149,1858.042,9357740.0,1.0,1.0
NAM,2000,True,1.0,1_nonreciprocal,0.0,0.0,1.0,36.0,20.0,908477.231,26479956300.608,0.0,0.0,0.0,36.0,0.0,0.0,3908645.632,2.059,9192166.928,4.84,1897.953,1899.257,9918278.0,1.0,1.0
NAM,2001,True,1.0,1_nonreciprocal,0.0,0.0,1.0,36.0,21.0,1116776.97,26213172625.856,0.0,0.0,0.0,36.0,0.0,0.0,3546791.68,1.836,9512393.899,4.92,1931.282,1933.596,10356101.0,1.0,1.0
NAM,2002,True,1.0,1_nonreciprocal,0.0,0.0,1.0,36.0,22.0,992386.7104999999,27332669775.68,0.0,0.0,0.0,36.0,0.0,0.0,3361236.224,1.716,10120930.066,5.158,1958.303,1962.147,10948707.0,1.0,1.0
NAM,2003,True,1.0,1_nonreciprocal,0.0,0.0,1.0,36.0,23.0,857812.754,30659992696.192,0.0,0.0,0.0,36.0,0.0,0.0,4931279.872,2.489,10760410.351,5.417,1981.237,1986.535,10903692.0,1.0,1.0
NAM,2004,True,1.0,1_nonreciprocal,0.0,0.0,1.0,36.0,29.0,1745046.7775,34051005386.304,0.0,0.0,0.0,36.0,0.0,0.0,6606866.432,3.298,12412848.643,6.178,2003.32,2009.228,12157932.0,1.0,1.0
NAM,2005,True,1.0,1_nonreciprocal,0.0,0.0,1.0,36.0,29.0,1883762.8114999998,35810110801.536,0.0,0.0,0.0,36.0,0.0,0.0,7261301.248,3.582,13136304.637,6.464,2027.026,2032.196,12838180.0,1.0,1.0
NAM,2006,True,1.0,1_nonreciprocal,0.0,0.0,1.0,36.0,29.0,2468286.0794999995,37668340994.816,0.0,0.0,0.0,36.0,0.0,0.0,7978676.224,3.886,14497586.887,7.052,2052.931,2055.734,14544396.0,1.0,1.0
NAM,2007,True,1.0,1_nonreciprocal,0.0,0.0,1.0,36.0,29.0,2646753.2335,41090276041.472,0.0,0.0,0.0,36.0,0.0,0.0,8740924.416,4.201,15868266.167,7.629,2080.7,2079.915,15206157.0,1.0,1.0
NAM,2008,True,3.0,3_fta,1.0,1.0,0.0,36.0,30.0,2761983.1925000004,43356354594.304,136961.2055,1023036731.392,3.0,36.0,0.04958799382701167,0.02359600434503326,8486515.712,4.021,16608267.43,7.885,2110.791,2106.375,16844736.0,1.0,1.0
NAM,2009,True,3.0,3_fta,1.0,1.0,0.0,36.0,30.0,2773950.0585000003,40865587641.088,58062.346999999994,931180604.4159999,3.0,36.0,0.020931287793766885,0.022786423936793004,8875961.344,4.141,16783925.351,7.854,2143.498,2137.04,17102182.0,1.0,1.0
NAM,2010,True,3.0,3_fta,1.0,1.0,0.0,36.0,30.0,3269471.46,42666123500.352005,2493571.743,17070819351.551998,26.0,36.0,0.7626834408886383,0.4001024220400796,11281996.8,5.178,18014918.715,8.29,2178.967,2173.17,18332088.0,1.0,1.0
NAM,2011,True,3.0,3_fta,1.0,1.0,0.0,36.0,30.0,3672634.6465000003,45767108476.736,2730590.114,18545620219.904,26.0,36.0,0.7434962572719388,0.40521721465822935,12412389.376,5.597,19322996.885,8.721,2217.618,2215.621,19889102.0,1.0,1.0
NAM,2012,True,3.0,3_fta,1.0,1.0,0.0,36.0,30.0,3610510.3735,45700867909.632,2818701.9845000003,17530770119.679996,26.0,36.0,0.7806935011704655,0.38359818798944906,13037393.92,5.77,20675021.622,9.132,2259.393,2263.934,22003586.0,1.0,1.0
NAM,2013,True,3.0,3_fta,1.0,1.0,0.0,36.0,30.0,3339180.2825,46150748830.01601,2478744.5485,18210141523.968002,26.0,36.0,0.7423212701304635,0.39457954606630996,13113069.568,5.693,22196845.09,9.582,2303.315,2316.52,23462690.0,1.0,1.0
NAM,2014,True,3.0,3_fta,1.0,1.0,0.0,36.0,30.0,3701042.8949999996,47358762874.11201,2173421.3835,18808711341.056004,26.0,36.0,0.5872456616042545,0.39715377259859796,12853962.752,5.421,24053566.054,10.145,2370.992,2370.992,25545350.0,1.0,1.0
NAM,2015,True,3.0,3_fta,1.0,1.0,0.0,36.0,29.0,2323090.8554999996,44849923518.08,1819564.4895,16533545740.288,26.0,36.0,0.7832515397286838,0.36864155930216824,11491507.2,4.738,25599757.011,10.554,2425.561,2425.561,26922684.0,1.0,1.0
NAM,2016,True,3.0,3_fta,1.0,1.0,0.0,36.0,29.0,2647403.9345,45883796063.871994,2141057.6365,16565048626.176,26.0,36.0,0.8087385565151278,0.36102175598367714,10267157.504,4.14,26247669.891,10.585,2479.713,2479.713,27341702.0,1.0,1.0
NAM,2017,True,3.0,3_fta,1.0,1.0,0.0,36.0,29.0,2586017.1170000006,48443791181.825,2043395.6474999997,17596136119.579998,26.0,36.0,0.7901709675729108,0.36322789134186645,12895153.16,5.367,24438091.227,10.171,2402.623,2533.794,27607458.0,1.0,1.0
NGA,1950,True,1.0,1_nonreciprocal,0.0,0.0,1.0,28.0,1.0,391000.0,439149675.856,0.0,0.0,0.0,16.0,0.0,0.0,,,,,31796.94,32023.33,76060104.0,0.0,0.0
NGA,1951,True,1.0,1_nonreciprocal,0.0,0.0,1.0,28.0,1.0,531250.0,508704606.91200006,0.0,0.0,0.0,21.0,0.0,0.0,,,,,32492.088,32723.428,81690280.0,0.0,0.0
NGA,1952,True,1.0,1_nonreciprocal,0.0,0.0,1.0,28.0,1.0,622900.0,564177641.312,0.0,0.0,0.0,23.0,0.0,0.0,,,,,33207.745,33444.184,90344744.0,0.0,0.0
NGA,1953,True,1.0,1_nonreciprocal,0.0,0.0,1.0,28.0,1.0,595550.0,594802213.104,0.0,0.0,0.0,23.0,0.0,0.0,,,,,33944.603,34186.281,88322512.0,0.0,0.0
NGA,1954,True,1.0,1_nonreciprocal,0.0,0.0,1.0,28.0,1.0,678525.0,608996152.944,0.0,0.0,0.0,23.0,0.0,0.0,,,,,34933.365,35182.086,97534144.0,0.0,0.0
NGA,1955,True,1.0,1_nonreciprocal,0.0,0.0,1.0,28.0,1.0,686150.0,707212135.52,0.0,0.0,0.0,23.0,0.0,0.0,,,,,35953.308,36209.293,104234400.0,0.0,0.0
NGA,1956,True,1.0,1_nonreciprocal,0.0,0.0,1.0,28.0,1.0,730260.0,759962809.184,0.0,0.0,0.0,23.0,0.0,0.0,,,,,37005.207,37268.68,101086544.0,0.0,0.0
NGA,1957,True,1.0,1_nonreciprocal,0.0,0.0,1.0,28.0,1.0,695500.0,810041068.576,0.0,0.0,0.0,17.0,0.0,0.0,,,,,38089.806,38361.0,106187520.0,0.0,0.0
NGA,1958,True,1.0,1_nonreciprocal,0.0,0.0,1.0,28.0,1.0,748100.0,830159736.224,0.0,0.0,0.0,16.0,0.0,0.0,,,,,39207.806,39486.957,117311520.0,0.0,0.0
NGA,1959,True,1.0,1_nonreciprocal,0.0,0.0,1.0,28.0,1.0,846980.0,885219863.3280001,0.0,0.0,0.0,17.0,0.0,0.0,,,,,40359.978,40647.336,130467544.0,0.0,0.0
NGA,1960,True,1.0,1_nonreciprocal,0.0,0.0,1.0,29.0,1.0,931200.0,1004764122.1600001,0.0,0.0,0.0,18.0,0.0,0.0,4196174.336,0.093,,,45211.613,41843.293,151196608.0,0.0,1.0
NGA,1961,True,1.0,1_nonreciprocal,0.0,0.0,1.0,29.0,1.0,954420.0,1068562561.6,0.0,0.0,0.0,22.0,0.0,0.0,4467287.552,0.097,,,46144.154,43076.074,151770480.0,0.0,1.0
NGA,1962,True,1.0,1_nonreciprocal,0.0,0.0,1.0,29.0,1.0,900680.0,1154279277.792,0.0,0.0,0.0,23.0,0.0,0.0,4909399.04,0.104,,,47117.859,44346.723,156546096.0,0.0,1.0
NGA,1963,True,1.0,1_nonreciprocal,0.0,0.0,1.0,29.0,1.0,969630.0,1241588382.56,0.0,0.0,0.0,24.0,0.0,0.0,5165590.016,0.107,,,48128.46,45655.988,166948016.0,0.0,1.0
NGA,1964,True,1.0,1_nonreciprocal,0.0,0.0,1.0,30.0,1.0,1098780.0,1356808025.408,0.0,0.0,0.0,24.0,0.0,0.0,5552930.816,0.113,,,49169.819,47007.734,178142592.0,0.0,1.0
NGA,1965,True,1.0,1_nonreciprocal,0.0,0.0,1.0,31.0,1.0,1295550.0,1474823991.328,0.0,0.0,0.0,23.0,0.0,0.0,5874422.272,0.117,,,50238.571,48406.25,188581152.0,0.0,1.0
NGA,1966,True,1.0,1_nonreciprocal,0.0,0.0,1.0,31.0,1.0,1314030.0,1613314560.144,0.0,0.0,0.0,25.0,0.0,0.0,6366792.704,0.124,,,51336.376,49843.512,175646592.0,0.0,1.0
NGA,1967,True,1.0,1_nonreciprocal,0.0,0.0,1.0,31.0,1.0,1132970.0,1724081100.72,0.0,0.0,0.0,27.0,0.0,0.0,5203136.0,0.099,,,52468.594,51311.359,157976304.0,0.0,1.0
NGA,1968,True,1.0,1_nonreciprocal,0.0,0.0,1.0,31.0,1.0,904695.0,1867705725.52,0.0,0.0,0.0,26.0,0.0,0.0,5200896.0,0.097,,,53640.549,52818.461,170117712.0,0.0,1.0
NGA,1969,True,1.0,1_nonreciprocal,0.0,0.0,1.0,31.0,1.0,1321269.5,2054570607.7919998,0.0,0.0,0.0,26.0,0.0,0.0,6634187.264,0.121,,,54859.203,54374.445,225562256.0,0.0,1.0
NGA,1970,True,1.0,1_nonreciprocal,0.0,0.0,1.0,31.0,1.0,1941808.0,2273816559.2320004,0.0,0.0,0.0,26.0,0.0,0.0,12545849.344,0.224,,,56131.844,55981.398,244586912.0,0.0,1.0
NGA,1971,True,1.0,1_nonreciprocal,0.0,0.0,1.0,31.0,1.0,2867522.0,2523239156.608,0.0,0.0,0.0,27.0,0.0,0.0,9181769.728,0.16,,,57453.735,57295.211,273832800.0,0.0,1.0
NGA,1972,True,1.0,1_nonreciprocal,0.0,0.0,1.0,31.0,15.0,3269497.0,2927304446.368,0.0,0.0,0.0,27.0,0.0,0.0,12274415.616,0.209,,,58829.323,58662.602,295623808.0,0.0,1.0
NGA,1973,True,1.0,1_nonreciprocal,0.0,0.0,1.0,31.0,16.0,4469102.4690000005,3532604577.152,0.0,0.0,0.0,27.0,0.0,0.0,15162870.784,0.252,,,60285.454,60110.434,335807808.0,0.0,1.0
NGA,1974,True,1.0,1_nonreciprocal,0.0,0.0,1.0,31.0,18.0,10759672.5,3948556657.12,0.0,0.0,0.0,27.0,0.0,0.0,24846641.152,0.402,,,61857.025,61673.559,395191456.0,0.0,1.0
NGA,1975,True,1.0,1_nonreciprocal,0.0,0.0,1.0,31.0,18.0,12180342.999,4429510582.784,0.0,0.0,0.0,27.0,0.0,0.0,27778934.784,0.437,,,63565.601,63373.574,387495264.0,0.0,1.0
NGA,1976,True,1.0,1_nonreciprocal,0.0,0.0,1.0,31.0,18.0,15291259.4685,4806278232.896,0.0,0.0,0.0,27.0,0.0,0.0,36308881.408,0.555,,,65426.979,65226.227,398563872.0,0.0,1.0
NGA,1977,True,1.0,1_nonreciprocal,0.0,0.0,1.0,31.0,18.0,18811851.25,5430826885.312,0.0,0.0,0.0,27.0,0.0,0.0,36035407.872,0.534,,,67425.438,67215.805,462277024.0,0.0,1.0
NGA,1978,True,1.0,1_nonreciprocal,0.0,0.0,1.0,31.0,18.0,19282606.8755,6534032980.16,0.0,0.0,0.0,27.0,0.0,0.0,36527861.76,0.525,,,69512.238,69293.547,459230624.0,0.0,1.0
NGA,1979,True,1.0,1_nonreciprocal,0.0,0.0,1.0,31.0,18.0,23451704.5315,7510149364.864,0.0,0.0,0.0,27.0,0.0,0.0,47259910.144,0.66,,,71619.217,71391.289,430965088.0,0.0,1.0
NGA,1980,True,1.0,1_nonreciprocal,0.0,0.0,1.0,31.0,18.0,36134858.968,8340612450.304,0.0,0.0,0.0,27.0,0.0,0.0,64201789.44,0.871,,,73698.097,73460.727,403576032.0,0.0,1.0
NGA,1981,True,1.0,1_nonreciprocal,0.0,0.0,1.0,31.0,19.0,30589696.594,8455798984.639999,0.0,0.0,0.0,27.0,0.0,0.0,61076492.288,0.807,,,75729.576,75482.555,393082592.0,0.0,1.0
NGA,1982,True,1.0,1_nonreciprocal,0.0,0.0,1.0,31.0,19.0,23741411.969,8413404846.592001,0.0,0.0,0.0,27.0,0.0,0.0,51397459.968,0.661,,,77729.805,77472.906,397501408.0,0.0,1.0
NGA,1983,True,1.0,1_nonreciprocal,0.0,0.0,1.0,31.0,19.0,18007018.811499998,8740008512.064,0.0,0.0,0.0,27.0,0.0,0.0,35451564.032,0.445,,,79729.317,79462.281,386887680.0,0.0,1.0
NGA,1984,True,1.0,1_nonreciprocal,0.0,0.0,1.0,31.0,19.0,15383861.094,9461506897.664,0.0,0.0,0.0,27.0,0.0,0.0,28500815.872,0.349,,,81775.215,81497.742,351949184.0,0.0,1.0
NGA,1985,True,1.0,1_nonreciprocal,0.0,0.0,1.0,31.0,19.0,16701893.816499999,10013658187.84,0.0,0.0,0.0,27.0,0.0,0.0,28873977.856,0.344,,,83901.573,83613.297,386585536.0,0.0,1.0
NGA,1986,True,1.0,1_nonreciprocal,0.0,0.0,1.0,31.0,21.0,9401436.7795,11908986258.239998,0.0,0.0,0.0,28.0,0.0,0.0,20721500.16,0.241,,,86118.05,85818.508,121655848.0,0.0,1.0
NGA,1987,True,1.0,1_nonreciprocal,0.0,0.0,1.0,31.0,21.0,10579259.818,13601061168.384003,0.0,0.0,0.0,28.0,0.0,0.0,24093202.432,0.273,,,88412.918,88101.633,94633464.0,0.0,1.0
NGA,1988,True,1.0,1_nonreciprocal,0.0,0.0,1.0,31.0,21.0,10073598.643,15340574223.36,0.0,0.0,0.0,28.0,0.0,0.0,23272161.28,0.256,,,90773.621,90450.281,84738040.0,0.0,1.0
NGA,1989,True,1.0,1_nonreciprocal,0.0,0.0,1.0,31.0,21.0,12018433.4115,16164941408.576,0.0,0.0,0.0,28.0,0.0,0.0,24231168.0,0.26,,,93179.764,92844.352,83952016.0,0.0,1.0
NGA,1990,True,1.0,1_nonreciprocal,0.0,0.0,1.0,31.0,21.0,15237626.713000001,18322889058.559998,0.0,0.0,0.0,28.0,0.0,0.0,30757074.944,0.322,187284409.555,1.966,95617.348,95269.992,80037728.0,0.0,1.0
NGA,1991,True,1.0,1_nonreciprocal,0.0,0.0,1.0,34.0,21.0,14741845.275,19393791276.544,0.0,0.0,0.0,28.0,0.0,0.0,27392886.784,0.279,192322542.311,1.968,98085.373,97726.328,67743000.0,0.0,1.0
NGA,1992,True,1.0,1_nonreciprocal,0.0,0.0,1.0,34.0,21.0,18297268.739,20844117865.92,0.0,0.0,0.0,29.0,0.0,0.0,29300922.368,0.291,197559798.483,1.971,100592.239,100221.562,58301784.0,0.0,1.0
NGA,1993,True,1.0,1_nonreciprocal,0.0,0.0,1.0,36.0,22.0,15793084.3485,21072670525.888,0.0,0.0,0.0,33.0,0.0,0.0,15789003.776,0.153,206488266.304,2.009,103144.753,102761.734,50284416.0,0.0,1.0
NGA,1994,True,1.0,1_nonreciprocal,0.0,0.0,1.0,36.0,22.0,13835085.114500003,22587045957.952,0.0,0.0,0.0,34.0,0.0,0.0,18086400.0,0.171,212801143.654,2.02,105752.792,105355.781,46399792.0,0.0,1.0
NGA,1995,True,1.0,1_nonreciprocal,0.0,0.0,1.0,36.0,22.0,14424392.080500001,24960546077.760002,0.0,0.0,0.0,34.0,0.0,0.0,28546959.36,0.263,216571543.395,2.005,108424.828,108011.469,44728936.0,1.0,1.0
NGA,1996,True,1.0,1_nonreciprocal,0.0,0.0,1.0,36.0,22.0,18107150.674999997,25115816761.408,0.0,0.0,0.0,33.0,0.0,0.0,34987950.08,0.315,231537550.393,2.091,111166.206,110732.906,45912052.0,1.0,1.0
NGA,1997,True,1.0,1_nonreciprocal,0.0,0.0,1.0,36.0,22.0,18489299.1475,24683023210.688,0.0,0.0,0.0,35.0,0.0,0.0,35822342.144,0.314,242099647.0,2.133,113979.485,113522.703,49381904.0,1.0,1.0
NGA,1998,True,1.0,1_nonreciprocal,0.0,0.0,1.0,36.0,22.0,13696389.601000002,24755038679.936,0.0,0.0,0.0,36.0,0.0,0.0,32004614.144,0.274,251372954.483,2.16,116867.371,116385.75,47083784.0,1.0,1.0
NGA,1999,True,1.0,1_nonreciprocal,0.0,0.0,1.0,36.0,22.0,13691402.2035,26015395041.984,0.0,0.0,0.0,35.0,0.0,0.0,35870793.728,0.299,256430117.867,2.149,119831.886,119327.07,60093488.0,1.0,1.0
NGA,2000,True,1.0,1_nonreciprocal,0.0,0.0,1.0,36.0,22.0,23513575.0905,26479956300.608,0.0,0.0,0.0,36.0,0.0,0.0,46385995.776,0.378,276212746.14,2.258,122876.724,122352.016,92191920.0,1.0,1.0
NGA,2001,True,1.0,1_nonreciprocal,0.0,0.0,1.0,36.0,23.0,20734696.2095,26213172625.856,0.0,0.0,0.0,36.0,0.0,0.0,44138012.672,0.35,294968944.732,2.351,126004.99,125463.43,113711560.0,1.0,1.0
NGA,2002,True,1.0,1_nonreciprocal,0.0,0.0,1.0,36.0,23.0,19196141.631,27332669775.68,0.0,0.0,0.0,36.0,0.0,0.0,59116867.584,0.457,310831996.548,2.416,129224.64,128666.719,141282976.0,1.0,1.0
NGA,2003,True,1.0,1_nonreciprocal,0.0,0.0,1.0,36.0,23.0,27151986.409499995,30659992696.192,0.0,0.0,0.0,36.0,0.0,0.0,67655839.744,0.51,349856049.485,2.651,132550.14,131972.531,200864064.0,1.0,1.0
NGA,2004,True,1.0,1_nonreciprocal,0.0,0.0,1.0,36.0,30.0,34410494.629999995,34051005386.304,0.0,0.0,0.0,36.0,0.0,0.0,87845404.672,0.646,480748168.843,3.551,135999.252,135393.609,301400256.0,1.0,1.0
NGA,2005,True,1.0,1_nonreciprocal,0.0,0.0,1.0,36.0,30.0,45083438.960999995,35810110801.536,0.0,0.0,0.0,36.0,0.0,0.0,112248324.096,0.804,513309924.886,3.694,139585.892,138939.484,478641280.0,1.0,1.0
NGA,2006,True,1.0,1_nonreciprocal,0.0,0.0,1.0,36.0,30.0,54541689.332499996,37668340994.816,0.0,0.0,0.0,36.0,0.0,0.0,145429807.104,1.015,572522761.585,4.014,143314.911,142614.094,502421728.0,1.0,1.0
NGA,2007,True,1.0,1_nonreciprocal,0.0,0.0,1.0,36.0,30.0,62792449.05950001,41090276041.472,0.0,0.0,0.0,36.0,0.0,0.0,166451200.0,1.131,627894079.432,4.288,147187.347,146417.016,648842304.0,1.0,1.0
NGA,2008,True,1.0,1_nonreciprocal,0.0,0.0,1.0,36.0,30.0,83904189.641,43356354594.304,0.0,0.0,0.0,36.0,0.0,0.0,208064724.992,1.376,680353840.818,4.525,151208.084,150347.391,671714560.0,1.0,1.0
NGA,2009,True,1.0,1_nonreciprocal,0.0,0.0,1.0,36.0,30.0,52295833.693,40865587641.088,0.0,0.0,0.0,36.0,0.0,0.0,169481273.344,1.091,733057540.457,4.748,155381.027,154402.172,741836224.0,1.0,1.0
NGA,2010,True,1.0,1_nonreciprocal,0.0,0.0,1.0,36.0,30.0,70727479.5435,42666123500.352005,0.0,0.0,0.0,36.0,0.0,0.0,369062412.288,2.311,800182442.772,5.046,159707.779,158578.266,824966144.0,1.0,1.0
NGA,2011,True,1.0,1_nonreciprocal,0.0,0.0,1.0,36.0,30.0,97578879.82100001,45767108476.736,0.0,0.0,0.0,36.0,0.0,0.0,411743813.632,2.508,856618673.551,5.259,164192.932,162877.078,851056768.0,1.0,1.0
NGA,2012,True,1.0,1_nonreciprocal,0.0,0.0,1.0,36.0,30.0,89390828.757,45700867909.632,0.0,0.0,0.0,36.0,0.0,0.0,462979235.84,2.742,909730361.539,5.438,168833.771,167297.281,942161408.0,1.0,1.0
NGA,2013,True,1.0,1_nonreciprocal,0.0,0.0,1.0,36.0,30.0,80999270.5235,46150748830.01601,0.0,0.0,0.0,36.0,0.0,0.0,521803300.864,3.006,974289773.333,5.67,173615.341,171829.297,929390464.0,1.0,1.0
NGA,2014,True,1.0,1_nonreciprocal,0.0,0.0,1.0,36.0,30.0,71641474.917,47358762874.11201,0.0,0.0,0.0,36.0,0.0,0.0,568498913.28,3.222,1054308543.849,5.975,176460.495,176460.5,953683264.0,1.0,1.0
NGA,2015,True,1.0,1_nonreciprocal,0.0,0.0,1.0,36.0,30.0,42593013.45250001,44849923518.08,0.0,0.0,0.0,36.0,0.0,0.0,481066156.032,2.655,1093920550.597,6.038,181181.747,181181.75,892098752.0,1.0,1.0
NGA,2016,True,1.0,1_nonreciprocal,0.0,0.0,1.0,36.0,30.0,31586202.788000006,45883796063.871994,0.0,0.0,0.0,36.0,0.0,0.0,405082669.056,2.178,1091227625.574,5.867,185989.639,185989.641,814932992.0,1.0,1.0
NGA,2017,True,1.0,1_nonreciprocal,0.0,0.0,1.0,36.0,30.0,41898855.714,48443791181.825,0.0,0.0,0.0,36.0,0.0,0.0,375746469.539,1.969,990700126.987,5.19,190873.245,190886.312,825848128.0,1.0,1.0
RWA,1950,False,,,,,,0.0,0.0,,439149675.856,0.0,0.0,0.0,0.0,,0.0,,,,,2439.435,,,0.0,0.0
RWA,1951,False,,,,,,0.0,0.0,,508704606.91200006,0.0,0.0,0.0,0.0,,0.0,,,,,2485.919,,,0.0,0.0
RWA,1952,False,,,,,,0.0,0.0,,564177641.312,0.0,0.0,0.0,0.0,,0.0,,,,,2534.927,,,0.0,0.0
RWA,1953,False,,,,,,0.0,0.0,,594802213.104,0.0,0.0,0.0,0.0,,0.0,,,,,2586.573,,,0.0,0.0
RWA,1954,False,,,,,,0.0,0.0,,608996152.944,0.0,0.0,0.0,0.0,,0.0,,,,,2640.978,,,0.0,0.0
RWA,1955,False,,,,,,0.0,0.0,,707212135.52,0.0,0.0,0.0,0.0,,0.0,,,,,2698.272,,,0.0,0.0
RWA,1956,False,,,,,,0.0,0.0,,759962809.184,0.0,0.0,0.0,0.0,,0.0,,,,,2758.591,,,0.0,0.0
RWA,1957,False,,,,,,0.0,0.0,,810041068.576,0.0,0.0,0.0,0.0,,0.0,,,,,2822.082,,,0.0,0.0
RWA,1958,False,,,,,,0.0,0.0,,830159736.224,0.0,0.0,0.0,0.0,,0.0,,,,,2888.902,,,0.0,0.0
RWA,1959,False,,,,,,0.0,0.0,,885219863.3280001,0.0,0.0,0.0,0.0,,0.0,,,,,2958.761,,,0.0,0.0
RWA,1960,False,,,,,,0.0,0.0,,1004764122.1600001,0.0,0.0,0.0,0.0,,0.0,119000.024,0.041,,,2933.424,3020.036,2676151.75,0.0,0.0
RWA,1961,False,,,,,,0.0,0.0,,1068562561.6,0.0,0.0,0.0,0.0,,0.0,122000.016,0.041,,,2996.091,3034.085,2584284.75,0.0,0.0
RWA,1962,True,0.0,0_none,0.0,0.0,0.0,29.0,0.0,,1154279277.792,0.0,0.0,0.0,0.0,,0.0,125000.008,0.041,,,3050.596,3039.399,2853467.75,0.0,0.0
RWA,1963,True,0.0,0_none,0.0,0.0,0.0,29.0,0.0,,1241588382.56,0.0,0.0,0.0,0.0,,0.0,128000.0,0.041,,,3102.968,3116.859,2542650.0,0.0,0.0
RWA,1964,True,1.0,1_nonreciprocal,0.0,0.0,1.0,30.0,6.0,5200.0,1356808025.408,0.0,0.0,0.0,9.0,0.0,0.0,129999.992,0.041,,,3161.719,3171.635,2241322.25,0.0,0.0
RWA,1965,True,1.0,1_nonreciprocal,0.0,0.0,1.0,31.0,6.0,8250.0,1474823991.328,0.0,0.0,0.0,12.0,0.0,0.0,148799.984,0.046,,,3232.937,3251.968,2371853.0,0.0,0.0
RWA,1966,True,1.0,1_nonreciprocal,0.0,0.0,1.0,31.0,6.0,9750.0,1613314560.144,0.0,0.0,0.0,13.0,0.0,0.0,124525.704,0.038,,,3319.077,3345.167,2543515.25,0.0,1.0
RWA,1967,True,1.0,1_nonreciprocal,0.0,0.0,1.0,31.0,6.0,10150.0,1724081100.72,0.0,0.0,0.0,11.0,0.0,0.0,159560.016,0.047,,,3418.313,3437.684,2755904.5,0.0,1.0
RWA,1968,True,1.0,1_nonreciprocal,0.0,0.0,1.0,31.0,6.0,12100.0,1867705725.52,0.0,0.0,0.0,12.0,0.0,0.0,172200.016,0.049,,,3527.26,3534.161,2944180.0,0.0,1.0
RWA,1969,True,1.0,1_nonreciprocal,0.0,0.0,1.0,31.0,6.0,19530.0,2054570607.7919998,0.0,0.0,0.0,19.0,0.0,0.0,188700.032,0.052,,,3640.591,3642.602,3253408.25,0.0,1.0
RWA,1970,True,1.0,1_nonreciprocal,0.0,0.0,1.0,31.0,6.0,32870.0,2273816559.2320004,0.0,0.0,0.0,21.0,0.0,0.0,219900.0,0.059,,,3754.546,3754.541,3457782.5,0.0,1.0
RWA,1971,True,1.0,1_nonreciprocal,0.0,0.0,1.0,31.0,6.0,28880.0,2523239156.608,0.0,0.0,0.0,18.0,0.0,0.0,222952.512,0.058,,,3868.33,3868.337,3470525.0,0.0,1.0
RWA,1972,True,1.0,1_nonreciprocal,0.0,0.0,1.0,31.0,15.0,28000.0,2927304446.368,0.0,0.0,0.0,15.0,0.0,0.0,246457.84,0.062,,,3983.659,3983.7,3585227.25,0.0,1.0
RWA,1973,True,1.0,1_nonreciprocal,0.0,0.0,1.0,31.0,16.0,34956.0,3532604577.152,0.0,0.0,0.0,20.0,0.0,0.0,290746.144,0.071,,,4102.262,4102.321,3704149.0,0.0,1.0
RWA,1974,True,1.0,1_nonreciprocal,0.0,0.0,1.0,31.0,18.0,54540.0,3948556657.12,0.0,0.0,0.0,20.0,0.0,0.0,308458.4,0.073,,,4226.773,4226.799,3782171.5,0.0,1.0
RWA,1975,True,1.0,1_nonreciprocal,0.0,0.0,1.0,31.0,18.0,76386.5,4429510582.784,0.0,0.0,0.0,19.0,0.0,0.0,571863.488,0.131,,,4359.166,4359.092,3820970.75,0.0,1.0
RWA,1976,True,1.0,1_nonreciprocal,0.0,0.0,1.0,31.0,19.0,116620.0,4806278232.896,0.0,0.0,0.0,21.0,0.0,0.0,637753.856,0.142,,,4499.767,4499.509,4482447.5,0.0,1.0
RWA,1977,True,1.0,1_nonreciprocal,0.0,0.0,1.0,31.0,19.0,128460.5,5430826885.312,0.0,0.0,0.0,24.0,0.0,0.0,746650.624,0.161,,,4648.096,4647.615,4785449.0,0.0,1.0
RWA,1978,True,1.0,1_nonreciprocal,0.0,0.0,1.0,31.0,19.0,128789.0,6534032980.16,0.0,0.0,0.0,22.0,0.0,0.0,905709.056,0.189,,,4804.354,4803.725,4782849.0,0.0,1.0
RWA,1979,True,1.0,1_nonreciprocal,0.0,0.0,1.0,31.0,19.0,165828.0,7510149364.864,0.0,0.0,0.0,23.0,0.0,0.0,1109346.176,0.223,,,4968.6,4968.074,5470970.5,0.0,1.0
RWA,1980,True,1.0,1_nonreciprocal,0.0,0.0,1.0,31.0,19.0,174599.5,8340612450.304,0.0,0.0,0.0,23.0,0.0,0.0,1254765.696,0.244,,,5140.786,5140.716,5414851.5,0.0,1.0
RWA,1981,True,1.0,1_nonreciprocal,0.0,0.0,1.0,31.0,20.0,181659.0,8455798984.639999,0.0,0.0,0.0,23.0,0.0,0.0,1407062.528,0.265,,,5313.633,5315.032,6213733.0,0.0,1.0
RWA,1982,True,1.0,1_nonreciprocal,0.0,0.0,1.0,31.0,20.0,175688.0,8413404846.592001,0.0,0.0,0.0,22.0,0.0,0.0,1407243.136,0.257,,,5485.328,5489.322,6090014.0,0.0,1.0
RWA,1983,True,1.0,1_nonreciprocal,0.0,0.0,1.0,31.0,20.0,186794.0,8740008512.064,0.0,0.0,0.0,22.0,0.0,0.0,1479687.552,0.261,,,5666.907,5673.614,6479920.0,0.0,1.0
RWA,1984,True,1.0,1_nonreciprocal,0.0,0.0,1.0,31.0,20.0,215468.5,9461506897.664,0.0,0.0,0.0,22.0,0.0,0.0,1587413.12,0.27,,,5873.794,5881.906,6268042.0,0.0,1.0
RWA,1985,True,1.0,1_nonreciprocal,0.0,0.0,1.0,31.0,20.0,234108.5,10013658187.84,0.0,0.0,0.0,23.0,0.0,0.0,1715626.368,0.281,,,6112.554,6120.107,6598649.0,0.0,1.0
RWA,1986,True,1.0,1_nonreciprocal,0.0,0.0,1.0,31.0,22.0,329407.0,11908986258.239998,0.0,0.0,0.0,26.0,0.0,0.0,1944710.656,0.304,,,6405.995,6407.672,7012018.5,0.0,1.0
RWA,1987,True,1.0,1_nonreciprocal,0.0,0.0,1.0,31.0,22.0,281330.0,13601061168.384003,0.0,0.0,0.0,26.0,0.0,0.0,2157432.576,0.32,,,6740.876,6732.131,6734276.0,0.0,1.0
RWA,1988,True,1.0,1_nonreciprocal,0.0,0.0,1.0,31.0,22.0,282715.957,15340574223.36,0.0,0.0,0.0,27.0,0.0,0.0,2395492.608,0.34,,,7045.785,7030.179,6855387.5,0.0,1.0
RWA,1989,True,1.0,1_nonreciprocal,0.0,0.0,1.0,31.0,22.0,211057.6095,16164941408.576,0.0,0.0,0.0,23.0,0.0,0.0,2405022.464,0.333,,,7223.798,7216.028,7421763.5,0.0,1.0
RWA,1990,True,1.0,1_nonreciprocal,0.0,0.0,1.0,31.0,22.0,200592.22350000002,18322889058.559998,0.0,0.0,0.0,25.0,0.0,0.0,2550185.728,0.353,4044822.271,0.559,7214.696,7235.798,7218320.0,0.0,1.0
RWA,1991,True,1.0,1_nonreciprocal,0.0,0.0,1.0,34.0,22.0,177416.16800000003,19393791276.544,0.0,0.0,0.0,26.0,0.0,0.0,1911600.256,0.274,4074367.35,0.578,6973.664,7051.759,6356974.5,0.0,1.0
RWA,1992,True,1.0,1_nonreciprocal,0.0,0.0,1.0,34.0,22.0,285230.64050000004,20844117865.92,0.0,0.0,0.0,25.0,0.0,0.0,2029026.944,0.31,4411975.441,0.658,6545.1,6701.851,6684544.0,0.0,1.0
RWA,1993,True,1.0,1_nonreciprocal,0.0,0.0,1.0,36.0,23.0,189191.1085,21072670525.888,0.0,0.0,0.0,28.0,0.0,0.0,1971525.76,0.325,4150682.488,0.659,6066.268,6299.909,6093076.0,0.0,1.0
RWA,1994,True,1.0,1_nonreciprocal,0.0,0.0,1.0,36.0,23.0,139313.3105,22587045957.952,0.0,0.0,0.0,28.0,0.0,0.0,753636.352,0.132,2108991.663,0.351,5728.464,6005.095,2822495.0,0.0,1.0
RWA,1995,True,1.0,1_nonreciprocal,0.0,0.0,1.0,36.0,23.0,165875.75299999997,24960546077.760002,0.0,0.0,0.0,28.0,0.0,0.0,1293535.232,0.228,2911345.21,0.491,5663.838,5928.078,3494444.75,0.0,1.0
RWA,1996,True,1.0,1_nonreciprocal,0.0,0.0,1.0,36.0,23.0,185733.13049999997,25115816761.408,0.0,0.0,0.0,27.0,0.0,0.0,1382334.848,0.233,3342338.678,0.547,5929.575,6115.168,3989843.25,1.0,1.0
RWA,1997,True,1.0,1_nonreciprocal,0.0,0.0,1.0,36.0,23.0,239101.77399999998,24683023210.688,0.0,0.0,0.0,30.0,0.0,0.0,1851558.144,0.286,3870371.208,0.593,6470.628,6522.382,4773655.5,1.0,1.0
RWA,1998,True,1.0,1_nonreciprocal,0.0,0.0,1.0,36.0,23.0,184303.3435,24755038679.936,0.0,0.0,0.0,31.0,0.0,0.0,1989343.488,0.277,4258958.991,0.603,7169.658,7059.813,5143998.5,1.0,1.0
RWA,1999,True,1.0,1_nonreciprocal,0.0,0.0,1.0,36.0,23.0,151226.7075,26015395041.984,0.0,0.0,0.0,30.0,0.0,0.0,1817655.168,0.231,4508781.94,0.594,7853.015,7593.239,5284261.0,1.0,1.0
RWA,2000,True,1.0,1_nonreciprocal,0.0,0.0,1.0,36.0,24.0,145325.7795,26479956300.608,0.0,0.0,0.0,32.0,0.0,0.0,1734938.24,0.207,4996769.287,0.623,8395.577,8025.704,5913498.0,1.0,1.0
RWA,2001,True,1.0,1_nonreciprocal,0.0,0.0,1.0,36.0,24.0,160427.92199999996,26213172625.856,0.0,0.0,0.0,33.0,0.0,0.0,1674685.184,0.191,5545588.852,0.666,8760.003,8329.406,6355401.0,1.0,1.0
RWA,2002,True,1.0,1_nonreciprocal,0.0,0.0,1.0,36.0,24.0,133767.5375,27332669775.68,0.0,0.0,0.0,34.0,0.0,0.0,1677447.04,0.187,6373202.819,0.747,8987.523,8536.205,7182016.5,1.0,1.0
RWA,2003,True,1.0,1_nonreciprocal,0.0,0.0,1.0,36.0,25.0,124148.09199999999,30659992696.192,0.0,0.0,0.0,32.0,0.0,0.0,1845979.392,0.202,6643863.076,0.765,9126.167,8680.346,7286337.5,1.0,1.0
RWA,2004,True,1.0,1_nonreciprocal,0.0,0.0,1.0,36.0,32.0,154301.4395,34051005386.304,0.0,0.0,0.0,32.0,0.0,0.0,2089188.864,0.226,7332756.881,0.832,9254.379,8818.438,8023327.5,1.0,1.0
RWA,2005,True,1.0,1_nonreciprocal,0.0,0.0,1.0,36.0,32.0,226163.69350000002,35810110801.536,0.0,0.0,0.0,35.0,0.0,0.0,2581465.6,0.274,8279290.28,0.921,9429.457,8991.735,9040804.0,1.0,1.0
RWA,2006,True,1.0,1_nonreciprocal,0.0,0.0,1.0,36.0,32.0,248125.04149999996,37668340994.816,0.0,0.0,0.0,35.0,0.0,0.0,3110327.808,0.322,9321468.579,1.012,9660.946,9206.58,10048137.0,1.0,1.0
RWA,2007,True,1.0,1_nonreciprocal,0.0,0.0,1.0,36.0,32.0,284690.6695,41090276041.472,0.0,0.0,0.0,33.0,0.0,0.0,3775447.808,0.38,10305663.0,1.091,9928.143,9447.402,10721822.0,1.0,1.0
RWA,2008,True,1.0,1_nonreciprocal,0.0,0.0,1.0,36.0,32.0,460130.6049999999,43356354594.304,0.0,0.0,0.0,33.0,0.0,0.0,4796573.696,0.469,11680366.618,1.203,10222.961,9708.169,11162490.0,1.0,1.0
RWA,2009,True,1.0,1_nonreciprocal,0.0,0.0,1.0,36.0,32.0,455714.8155,40865587641.088,0.0,0.0,0.0,36.0,0.0,0.0,5308990.464,0.504,12509101.243,1.254,10529.668,9977.445,12323892.0,1.0,1.0
RWA,2010,True,2.0,2_reciprocal_pta,1.0,0.0,0.0,36.0,32.0,436102.8925000001,42666123500.352005,237478.96899999998,16055404053.504,23.0,35.0,0.5445480254410373,0.37630332301858965,5698548.736,0.526,13585074.792,1.326,10836.732,10246.843,13311441.0,1.0,1.0
RWA,2011,True,2.0,2_reciprocal_pta,1.0,0.0,0.0,36.0,32.0,599091.2085000001,45767108476.736,316639.921,17343868811.263996,23.0,35.0,0.52853374662733,0.378959243625367,6406727.168,0.575,14945292.138,1.421,11144.315,10516.071,15042185.0,1.0,1.0
RWA,2012,True,2.0,2_reciprocal_pta,1.0,0.0,0.0,36.0,32.0,582650.4894999999,45700867909.632,342383.1264999999,16350456960.0,23.0,35.0,0.5876303764780412,0.35777125704332513,7219656.704,0.63,16566096.555,1.535,11457.801,10788.853,16199368.0,1.0,1.0
RWA,2013,True,2.0,2_reciprocal_pta,1.0,0.0,0.0,36.0,32.0,597186.4569999999,46150748830.01601,307088.06450000004,16996796837.888,23.0,35.0,0.5142247633053743,0.36828864685362256,7521261.568,0.639,17624831.688,1.593,11776.522,11065.151,16981814.0,1.0,1.0
RWA,2014,True,2.0,2_reciprocal_pta,1.0,0.0,0.0,36.0,32.0,600936.914,47358762874.11201,326110.6485,17590487070.72,23.0,36.0,0.542670355078237,0.3714304598175133,8016288.256,0.707,19307365.033,1.702,11345.357,11345.357,18450540.0,1.0,1.0
RWA,2015,True,2.0,2_reciprocal_pta,1.0,0.0,0.0,36.0,32.0,558569.565,44849923518.08,290596.237,15459393649.663998,23.0,36.0,0.5202507533685622,0.3446916390711786,8261034.496,0.71,21246677.992,1.827,11629.553,11629.553,20459364.0,1.0,1.0
RWA,2016,True,2.0,2_reciprocal_pta,1.0,0.0,0.0,36.0,32.0,666155.8990000001,45883796063.871994,388332.543,15514617285.632002,23.0,36.0,0.5829454390225252,0.338128459642595,8376049.152,0.703,22802984.391,1.913,11917.508,11917.508,21846920.0,1.0,1.0
RWA,2017,True,2.0,2_reciprocal_pta,1.0,0.0,0.0,36.0,32.0,569097.7705,48443791181.825,281228.63300000003,16468535362.169998,23.0,36.0,0.49416576127669093,0.3399514150401304,9252834.12,0.772,23665375.199,1.975,11980.96,12208.407,23335880.0,1.0,1.0
SEN,1950,False,,,,,,0.0,0.0,,439149675.856,0.0,0.0,0.0,0.0,,0.0,,,,,2653.637,,,0.0,0.0
SEN,1951,False,,,,,,0.0,0.0,1600.0,508704606.91200006,0.0,0.0,0.0,1.0,0.0,0.0,,,,,2703.457,,,0.0,0.0
SEN,1952,False,,,,,,0.0,0.0,,564177641.312,0.0,0.0,0.0,0.0,,0.0,,,,,2755.589,,,0.0,0.0
SEN,1953,False,,,,,,0.0,0.0,,594802213.104,0.0,0.0,0.0,0.0,,0.0,,,,,2810.131,,,0.0,0.0
SEN,1954,False,,,,,,0.0,0.0,,608996152.944,0.0,0.0,0.0,0.0,,0.0,,,,,2867.186,,,0.0,0.0
SEN,1955,False,,,,,,0.0,0.0,,707212135.52,0.0,0.0,0.0,0.0,,0.0,,,,,2926.863,,,0.0,0.0
SEN,1956,False,,,,,,0.0,0.0,,759962809.184,0.0,0.0,0.0,0.0,,0.0,,,,,2989.276,,,0.0,0.0
SEN,1957,False,,,,,,0.0,0.0,,810041068.576,0.0,0.0,0.0,0.0,,0.0,,,,,3054.547,,,0.0,0.0
SEN,1958,False,,,,,,0.0,0.0,,830159736.224,0.0,0.0,0.0,0.0,,0.0,,,,,3123.116,,,0.0,0.0
SEN,1959,False,,,,,,0.0,0.0,,885219863.3280001,0.0,0.0,0.0,0.0,,0.0,,,,,3194.821,,,0.0,0.0
SEN,1960,True,0.0,0_none,0.0,0.0,0.0,29.0,0.0,245450.0,1004764122.1600001,0.0,0.0,0.0,16.0,0.0,0.0,792824.704,0.249,,,3177.737,3224.079,8320301.5,0.0,0.0
SEN,1961,True,0.0,0_none,0.0,0.0,0.0,29.0,0.0,248950.0,1068562561.6,0.0,0.0,0.0,17.0,0.0,0.0,836493.12,0.256,,,3265.73,3301.403,8637239.0,0.0,0.0
SEN,1962,True,0.0,0_none,0.0,0.0,0.0,29.0,0.0,258100.0,1154279277.792,0.0,0.0,0.0,17.0,0.0,0.0,857426.112,0.255,,,3356.581,3382.271,8612575.0,0.0,0.0
SEN,1963,True,0.0,0_none,0.0,0.0,0.0,29.0,0.0,252550.0,1241588382.56,0.0,0.0,0.0,18.0,0.0,0.0,886387.328,0.257,,,3450.567,3466.853,8758400.0,0.0,1.0
SEN,1964,True,1.0,1_nonreciprocal,0.0,0.0,1.0,30.0,6.0,264665.0,1356808025.408,0.0,0.0,0.0,22.0,0.0,0.0,939145.92,0.265,,,3548.083,3585.286,9048829.0,0.0,1.0
SEN,1965,True,1.0,1_nonreciprocal,0.0,0.0,1.0,31.0,6.0,257650.0,1474823991.328,0.0,0.0,0.0,20.0,0.0,0.0,955834.752,0.262,,,3649.456,3691.607,8999443.0,0.0,1.0
SEN,1966,True,1.0,1_nonreciprocal,0.0,0.0,1.0,31.0,6.0,267910.0,1613314560.144,0.0,0.0,0.0,19.0,0.0,0.0,984942.848,0.262,,,3754.429,3802.594,9355378.0,0.0,1.0
SEN,1967,True,1.0,1_nonreciprocal,0.0,0.0,1.0,31.0,6.0,252404.0,1724081100.72,0.0,0.0,0.0,20.0,0.0,0.0,984605.248,0.255,,,3862.964,3910.378,9392162.0,0.0,1.0
SEN,1968,True,1.0,1_nonreciprocal,0.0,0.0,1.0,31.0,6.0,250980.0,1867705725.52,0.0,0.0,0.0,20.0,0.0,0.0,1034293.696,0.26,,,3975.826,4016.853,9149159.0,0.0,1.0
SEN,1969,True,1.0,1_nonreciprocal,0.0,0.0,1.0,31.0,6.0,256708.0,2054570607.7919998,0.0,0.0,0.0,20.0,0.0,0.0,983621.12,0.24,,,4094.016,4134.088,8129566.5,0.0,1.0
SEN,1970,True,1.0,1_nonreciprocal,0.0,0.0,1.0,31.0,6.0,255386.5,2273816559.2320004,0.0,0.0,0.0,19.0,0.0,0.0,1024832.768,0.243,,,4218.056,4257.505,9022770.0,0.0,1.0
SEN,1971,True,1.0,1_nonreciprocal,0.0,0.0,1.0,31.0,6.0,251252.0,2523239156.608,0.0,0.0,0.0,26.0,0.0,0.0,1058120.576,0.243,,,4348.862,4388.458,8982156.0,0.0,1.0
SEN,1972,True,1.0,1_nonreciprocal,0.0,0.0,1.0,31.0,15.0,373933.00800000003,2927304446.368,0.0,0.0,0.0,25.0,0.0,0.0,1280328.064,0.285,,,4485.775,4525.114,9310832.0,0.0,1.0
SEN,1973,True,1.0,1_nonreciprocal,0.0,0.0,1.0,31.0,16.0,418560.5,3532604577.152,0.0,0.0,0.0,26.0,0.0,0.0,1471913.6,0.318,,,4625.876,4664.444,8713750.0,0.0,1.0
SEN,1974,True,1.0,1_nonreciprocal,0.0,0.0,1.0,31.0,18.0,637792.492,3948556657.12,0.0,0.0,0.0,26.0,0.0,0.0,1658273.92,0.348,,,4765.169,4802.348,9649597.0,0.0,1.0
SEN,1975,True,1.0,1_nonreciprocal,0.0,0.0,1.0,31.0,18.0,736678.4839999999,4429510582.784,0.0,0.0,0.0,22.0,0.0,0.0,2235746.56,0.456,,,4901.053,4936.209,10098582.0,0.0,1.0
SEN,1976,True,1.0,1_nonreciprocal,0.0,0.0,1.0,31.0,19.0,813146.508,4806278232.896,0.0,0.0,0.0,24.0,0.0,0.0,2266860.8,0.45,,,5032.394,5064.674,10709504.0,0.0,1.0
SEN,1977,True,1.0,1_nonreciprocal,0.0,0.0,1.0,31.0,19.0,968145.5155,5430826885.312,0.0,0.0,0.0,25.0,0.0,0.0,2320786.688,0.45,,,5160.81,5189.539,10860551.0,0.0,1.0
SEN,1978,True,1.0,1_nonreciprocal,0.0,0.0,1.0,31.0,19.0,818377.5,6534032980.16,0.0,0.0,0.0,25.0,0.0,0.0,2591178.752,0.49,,,5289.871,5315.265,10583988.0,0.0,1.0
SEN,1979,True,1.0,1_nonreciprocal,0.0,0.0,1.0,31.0,19.0,1036831.5,7510149364.864,0.0,0.0,0.0,28.0,0.0,0.0,3226678.016,0.595,,,5424.642,5448.11,11304902.0,0.0,1.0
SEN,1980,True,1.0,1_nonreciprocal,0.0,0.0,1.0,31.0,19.0,973560.992,8340612450.304,0.0,0.0,0.0,28.0,0.0,0.0,3503282.944,0.629,,,5568.908,5592.646,10823676.0,0.0,1.0
SEN,1981,True,1.0,1_nonreciprocal,0.0,0.0,1.0,31.0,20.0,874696.5155,8455798984.639999,0.0,0.0,0.0,27.0,0.0,0.0,3176771.584,0.555,,,5723.711,5750.338,11050758.0,0.0,1.0
SEN,1982,True,1.0,1_nonreciprocal,0.0,0.0,1.0,31.0,20.0,936966.0235,8413404846.592001,0.0,0.0,0.0,28.0,0.0,0.0,3109677.824,0.528,,,5888.343,5920.059,12947752.0,0.0,1.0
SEN,1983,True,1.0,1_nonreciprocal,0.0,0.0,1.0,31.0,20.0,975204.2024999999,8740008512.064,0.0,0.0,0.0,27.0,0.0,0.0,2774199.04,0.458,,,6062.681,6100.495,13799285.0,0.0,1.0
SEN,1984,True,1.0,1_nonreciprocal,0.0,0.0,1.0,31.0,20.0,920598.2475,9461506897.664,0.0,0.0,0.0,28.0,0.0,0.0,2705536.0,0.433,,,6246.065,6289.327,14628986.0,0.0,1.0
SEN,1985,True,1.0,1_nonreciprocal,0.0,0.0,1.0,31.0,20.0,814980.2895,10013658187.84,0.0,0.0,0.0,28.0,0.0,0.0,2962200.064,0.46,,,6437.891,6484.738,16277776.0,0.0,1.0
SEN,1986,True,1.0,1_nonreciprocal,0.0,0.0,1.0,31.0,22.0,947365.3219999999,11908986258.239998,0.0,0.0,0.0,28.0,0.0,0.0,4189860.352,0.631,,,6638.009,6686.159,17425748.0,0.0,1.0
SEN,1987,True,1.0,1_nonreciprocal,0.0,0.0,1.0,31.0,22.0,1080044.625,13601061168.384003,0.0,0.0,0.0,28.0,0.0,0.0,5040708.608,0.736,,,6846.349,6893.896,17820186.0,0.0,1.0
SEN,1988,True,1.0,1_nonreciprocal,0.0,0.0,1.0,31.0,22.0,1169957.4215,15340574223.36,0.0,0.0,0.0,28.0,0.0,0.0,4985153.024,0.706,,,7062.329,7107.976,18448660.0,0.0,1.0
SEN,1989,True,1.0,1_nonreciprocal,0.0,0.0,1.0,31.0,22.0,1256087.0895,16164941408.576,0.0,0.0,0.0,28.0,0.0,0.0,4913064.96,0.674,,,7285.204,7328.6,18387836.0,0.0,1.0
SEN,1990,True,1.0,1_nonreciprocal,0.0,0.0,1.0,31.0,22.0,1354544.6955000001,18322889058.559998,0.0,0.0,0.0,28.0,0.0,0.0,5716644.352,0.761,8995270.171,1.191,7514.11,7555.617,18994554.0,0.0,1.0
SEN,1991,True,1.0,1_nonreciprocal,0.0,0.0,1.0,34.0,22.0,1201159.64,19393791276.544,0.0,0.0,0.0,28.0,0.0,0.0,5617235.968,0.725,9532234.683,1.224,7749.606,7789.653,18828104.0,0.0,1.0
SEN,1992,True,1.0,1_nonreciprocal,0.0,0.0,1.0,34.0,22.0,1187634.952,20844117865.92,0.0,0.0,0.0,28.0,0.0,0.0,6004885.504,0.751,9870679.019,1.229,7990.968,8029.725,19127012.0,0.0,1.0
SEN,1993,True,1.0,1_nonreciprocal,0.0,0.0,1.0,36.0,23.0,1044241.9305,21072670525.888,0.0,0.0,0.0,33.0,0.0,0.0,5678828.544,0.69,10236979.015,1.238,8234.586,8272.17,18597054.0,0.0,1.0
SEN,1994,True,1.0,1_nonreciprocal,0.0,0.0,1.0,36.0,23.0,941292.3419999998,22587045957.952,0.0,0.0,0.0,32.0,0.0,0.0,3877197.056,0.457,10453023.849,1.228,8475.766,8512.173,18915172.0,0.0,1.0
SEN,1995,True,1.0,1_nonreciprocal,0.0,0.0,1.0,36.0,23.0,1197090.659,24960546077.760002,0.0,0.0,0.0,33.0,0.0,0.0,4878718.976,0.56,11243378.47,1.285,8711.528,8746.605,19202554.0,1.0,1.0
SEN,1996,True,1.0,1_nonreciprocal,0.0,0.0,1.0,36.0,23.0,1344915.1535,25115816761.408,0.0,0.0,0.0,33.0,0.0,0.0,5065829.888,0.567,11678993.155,1.301,8940.298,8974.077,20435278.0,1.0,1.0
SEN,1997,True,1.0,1_nonreciprocal,0.0,0.0,1.0,36.0,23.0,1327632.352,24683023210.688,0.0,0.0,0.0,35.0,0.0,0.0,4672504.32,0.51,12249979.703,1.332,9164.05,9196.528,20803728.0,1.0,1.0
SEN,1998,True,1.0,1_nonreciprocal,0.0,0.0,1.0,36.0,23.0,1457909.5835000002,24755038679.936,0.0,0.0,0.0,35.0,0.0,0.0,5030344.192,0.536,13113351.465,1.392,9387.783,9418.394,21699746.0,1.0,1.0
SEN,1999,True,1.0,1_nonreciprocal,0.0,0.0,1.0,36.0,23.0,1600750.5539999998,26015395041.984,0.0,0.0,0.0,36.0,0.0,0.0,5144045.056,0.535,14160779.227,1.468,9618.564,9645.957,23701790.0,1.0,1.0
SEN,2000,True,1.0,1_nonreciprocal,0.0,0.0,1.0,36.0,23.0,1436666.2789999999,26479956300.608,0.0,0.0,0.0,36.0,0.0,0.0,4679604.736,0.475,14944531.841,1.512,9861.679,9884.053,23241292.0,1.0,1.0
SEN,2001,True,1.0,1_nonreciprocal,0.0,0.0,1.0,36.0,23.0,1544195.4625,26213172625.856,0.0,0.0,0.0,36.0,0.0,0.0,4877601.792,0.482,15985300.698,1.577,10119.118,10134.497,24319768.0,1.0,1.0
SEN,2002,True,1.0,1_nonreciprocal,0.0,0.0,1.0,36.0,23.0,1664285.0785,27332669775.68,0.0,0.0,0.0,35.0,0.0,0.0,5333862.4,0.513,16336974.171,1.571,10390.05,10396.861,24245858.0,1.0,1.0
SEN,2003,True,1.0,1_nonreciprocal,0.0,0.0,1.0,36.0,24.0,1795255.8225000002,30659992696.192,0.0,0.0,0.0,35.0,0.0,0.0,6858952.704,0.643,17776351.73,1.666,10673.535,10670.99,25559122.0,1.0,1.0
SEN,2004,True,1.0,1_nonreciprocal,0.0,0.0,1.0,36.0,30.0,2026470.42,34051005386.304,0.0,0.0,0.0,36.0,0.0,0.0,8031344.128,0.732,19337457.294,1.765,10967.568,10955.944,26338594.0,1.0,1.0
SEN,2005,True,1.0,1_nonreciprocal,0.0,0.0,1.0,36.0,30.0,2489901.9545,35810110801.536,0.0,0.0,0.0,36.0,0.0,0.0,8707014.656,0.773,21081920.306,1.874,11270.826,11251.266,28197660.0,1.0,1.0
SEN,2006,True,1.0,1_nonreciprocal,0.0,0.0,1.0,36.0,30.0,2625889.098,37668340994.816,0.0,0.0,0.0,36.0,0.0,0.0,9358710.784,0.808,22264502.8,1.927,11582.925,11556.763,28828956.0,1.0,1.0
SEN,2007,True,1.0,1_nonreciprocal,0.0,0.0,1.0,36.0,30.0,3036690.4875,41090276041.472,0.0,0.0,0.0,36.0,0.0,0.0,11284603.904,0.948,23985827.435,2.02,11904.974,11873.557,30568036.0,1.0,1.0
SEN,2008,True,1.0,1_nonreciprocal,0.0,0.0,1.0,36.0,30.0,3609391.801,43356354594.304,0.0,0.0,0.0,36.0,0.0,0.0,13386346.496,1.094,25356946.952,2.078,12238.791,12203.957,31055322.0,1.0,1.0
SEN,2009,True,1.0,1_nonreciprocal,0.0,0.0,1.0,36.0,30.0,2875639.992,40865587641.088,0.0,0.0,0.0,36.0,0.0,0.0,12812994.56,1.018,26168626.151,2.085,12586.827,12550.917,33805948.0,1.0,1.0
SEN,2010,True,1.0,1_nonreciprocal,0.0,0.0,1.0,36.0,30.0,3196568.1875,42666123500.352005,0.0,0.0,0.0,36.0,0.0,0.0,12932427.776,0.999,27595276.081,2.136,12950.564,12916.229,35133752.0,1.0,1.0
SEN,2011,True,1.0,1_nonreciprocal,0.0,0.0,1.0,36.0,30.0,4127564.2445,45767108476.736,0.0,0.0,0.0,36.0,0.0,0.0,14440676.352,1.083,28661034.906,2.155,13330.737,13300.91,35940820.0,1.0,1.0
SEN,2012,True,1.0,1_nonreciprocal,0.0,0.0,1.0,36.0,30.0,4485468.685500002,45700867909.632,0.0,0.0,0.0,36.0,0.0,0.0,14045680.64,1.023,30476564.717,2.224,13726.021,13703.513,36894668.0,1.0,1.0
SEN,2013,True,1.0,1_nonreciprocal,0.0,0.0,1.0,36.0,30.0,4492254.664,46150748830.01601,0.0,0.0,0.0,36.0,0.0,0.0,14791699.456,1.047,32048092.111,2.27,14133.28,14120.32,39021036.0,1.0,1.0
SEN,2014,True,1.0,1_nonreciprocal,0.0,0.0,1.0,36.0,30.0,4479523.0084999995,47358762874.11201,0.0,0.0,0.0,36.0,0.0,0.0,15308965.888,1.052,34028210.937,2.339,14546.111,14546.111,41092704.0,1.0,1.0
SEN,2015,True,1.0,1_nonreciprocal,0.0,0.0,1.0,36.0,30.0,3670535.1845,44849923518.08,0.0,0.0,0.0,36.0,0.0,0.0,13609977.856,0.909,36624866.573,2.445,14976.994,14976.993,44218060.0,1.0,1.0
SEN,2016,True,1.0,1_nonreciprocal,0.0,0.0,1.0,36.0,30.0,3734140.3490000004,45883796063.871994,0.0,0.0,0.0,36.0,0.0,0.0,14765462.528,0.958,39573948.908,2.568,15411.614,15411.614,46360396.0,1.0,1.0
SEN,2017,True,1.0,1_nonreciprocal,0.0,0.0,1.0,36.0,30.0,4330349.449,48443791181.825,0.0,0.0,0.0,36.0,0.0,0.0,20996564.752,1.362,49402166.473,3.204,15419.354,15850.566,48699212.0,1.0,1.0
SLE,1950,False,,,,,,0.0,0.0,,439149675.856,0.0,0.0,0.0,0.0,,0.0,,,,,2087.055,,,0.0,0.0
SLE,1951,False,,,,,,0.0,0.0,,508704606.91200006,0.0,0.0,0.0,0.0,,0.0,,,,,2114.827,,,0.0,0.0
SLE,1952,False,,,,,,0.0,0.0,,564177641.312,0.0,0.0,0.0,0.0,,0.0,,,,,2143.249,,,0.0,0.0
SLE,1953,False,,,,,,0.0,0.0,,594802213.104,0.0,0.0,0.0,0.0,,0.0,,,,,2172.336,,,0.0,0.0
SLE,1954,False,,,,,,0.0,0.0,,608996152.944,0.0,0.0,0.0,0.0,,0.0,,,,,2202.105,,,0.0,0.0
SLE,1955,False,,,,,,0.0,0.0,59810.0,707212135.52,0.0,0.0,0.0,6.0,0.0,0.0,,,,,2232.573,,,0.0,0.0
SLE,1956,False,,,,,,0.0,0.0,71100.0,759962809.184,0.0,0.0,0.0,7.0,0.0,0.0,,,,,2263.758,,,0.0,0.0
SLE,1957,False,,,,,,0.0,0.0,97850.0,810041068.576,0.0,0.0,0.0,17.0,0.0,0.0,,,,,2295.678,,,0.0,0.0
SLE,1958,False,,,,,,0.0,0.0,104700.0,830159736.224,0.0,0.0,0.0,16.0,0.0,0.0,,,,,2328.351,,,0.0,0.0
SLE,1959,False,,,,,,0.0,0.0,112250.0,885219863.3280001,0.0,0.0,0.0,17.0,0.0,0.0,,,,,2361.885,,,0.0,0.0
SLE,1960,False,,,,,,0.0,0.0,128750.0,1004764122.1600001,0.0,0.0,0.0,20.0,0.0,0.0,322009.472,0.149,,,2160.111,,,0.0,0.0
SLE,1961,True,1.0,1_nonreciprocal,0.0,0.0,1.0,29.0,1.0,152100.0,1068562561.6,0.0,0.0,0.0,21.0,0.0,0.0,327834.752,0.15,,,2189.04,2347.03,1930730.375,0.0,1.0
SLE,1962,True,1.0,1_nonreciprocal,0.0,0.0,1.0,29.0,1.0,131350.0,1154279277.792,0.0,0.0,0.0,21.0,0.0,0.0,342721.632,0.154,,,2219.498,2382.031,2030744.5,0.0,1.0
SLE,1963,True,1.0,1_nonreciprocal,0.0,0.0,1.0,29.0,1.0,145250.0,1241588382.56,0.0,0.0,0.0,20.0,0.0,0.0,348546.912,0.155,,,2251.563,2417.958,2132476.0,0.0,1.0
SLE,1964,True,1.0,1_nonreciprocal,0.0,0.0,1.0,30.0,1.0,174150.0,1356808025.408,0.0,0.0,0.0,21.0,0.0,0.0,371848.128,0.163,,,2285.313,2454.658,2518265.0,0.0,1.0
SLE,1965,True,1.0,1_nonreciprocal,0.0,0.0,1.0,31.0,1.0,174050.0,1474823991.328,0.0,0.0,0.0,21.0,0.0,0.0,359379.872,0.155,,,2320.858,2492.146,2562366.25,0.0,1.0
SLE,1966,True,1.0,1_nonreciprocal,0.0,0.0,1.0,31.0,1.0,161050.0,1613314560.144,0.0,0.0,0.0,21.0,0.0,0.0,375479.84,0.159,,,2358.225,2530.442,2531851.25,0.0,1.0
SLE,1967,True,1.0,1_nonreciprocal,0.0,0.0,1.0,31.0,1.0,151310.0,1724081100.72,0.0,0.0,0.0,23.0,0.0,0.0,348795.296,0.145,,,2397.572,2569.566,2332111.0,0.0,1.0
SLE,1968,True,1.0,1_nonreciprocal,0.0,0.0,1.0,31.0,1.0,173800.0,1867705725.52,0.0,0.0,0.0,20.0,0.0,0.0,329860.128,0.135,,,2439.31,2609.538,2517244.0,0.0,1.0
SLE,1969,True,1.0,1_nonreciprocal,0.0,0.0,1.0,31.0,1.0,193996.0,2054570607.7919998,0.0,0.0,0.0,26.0,0.0,0.0,408690.176,0.165,,,2483.952,2650.428,2634100.0,0.0,1.0
SLE,1970,True,1.0,1_nonreciprocal,0.0,0.0,1.0,31.0,1.0,183434.0,2273816559.2320004,0.0,0.0,0.0,26.0,0.0,0.0,434410.368,0.172,,,2531.874,2692.259,3197977.5,0.0,1.0
SLE,1971,True,1.0,1_nonreciprocal,0.0,0.0,1.0,31.0,1.0,188530.0,2523239156.608,0.0,0.0,0.0,24.0,0.0,0.0,419549.376,0.162,,,2583.2,2745.779,3251190.25,0.0,1.0
SLE,1972,True,1.0,1_nonreciprocal,0.0,0.0,1.0,31.0,15.0,207928.0,2927304446.368,0.0,0.0,0.0,25.0,0.0,0.0,465381.088,0.176,,,2637.861,2803.031,3396892.5,0.0,1.0
SLE,1973,True,1.0,1_nonreciprocal,0.0,0.0,1.0,31.0,16.0,287800.5,3532604577.152,0.0,0.0,0.0,25.0,0.0,0.0,575230.272,0.213,,,2695.784,2863.739,3491627.25,0.0,1.0
SLE,1974,True,1.0,1_nonreciprocal,0.0,0.0,1.0,31.0,18.0,315135.0,3948556657.12,0.0,0.0,0.0,26.0,0.0,0.0,648590.656,0.235,,,2756.81,2927.468,3574249.75,0.0,1.0
SLE,1975,True,1.0,1_nonreciprocal,0.0,0.0,1.0,31.0,18.0,260301.0,4429510582.784,0.0,0.0,0.0,27.0,0.0,0.0,679335.936,0.241,,,2820.782,2993.876,3562017.25,0.0,1.0
SLE,1976,True,1.0,1_nonreciprocal,0.0,0.0,1.0,31.0,19.0,227423.5,4806278232.896,0.0,0.0,0.0,27.0,0.0,0.0,594895.68,0.206,,,2887.735,3062.956,3490600.75,0.0,1.0
SLE,1977,True,1.0,1_nonreciprocal,0.0,0.0,1.0,31.0,19.0,259120.0,5430826885.312,0.0,0.0,0.0,27.0,0.0,0.0,691777.728,0.234,,,2957.599,3134.8,3518013.5,0.0,1.0
SLE,1978,True,1.0,1_nonreciprocal,0.0,0.0,1.0,31.0,19.0,361760.0,6534032980.16,0.0,0.0,0.0,22.0,0.0,0.0,960728.32,0.317,,,3029.965,3209.263,3621822.25,0.0,1.0
SLE,1979,True,1.0,1_nonreciprocal,0.0,0.0,1.0,31.0,19.0,422847.0,7510149364.864,0.0,0.0,0.0,22.0,0.0,0.0,1109374.72,0.357,,,3104.305,3286.179,3683328.0,0.0,1.0
SLE,1980,True,1.0,1_nonreciprocal,0.0,0.0,1.0,31.0,19.0,471738.5,8340612450.304,0.0,0.0,0.0,24.0,0.0,0.0,1100685.824,0.346,,,3180.237,3365.441,3628797.75,0.0,1.0
SLE,1981,True,1.0,1_nonreciprocal,0.0,0.0,1.0,31.0,20.0,347800.71499999997,8455798984.639999,0.0,0.0,0.0,27.0,0.0,0.0,1114830.464,0.342,,,3255.883,3445.277,3858151.5,0.0,1.0
SLE,1982,True,1.0,1_nonreciprocal,0.0,0.0,1.0,31.0,20.0,249412.0,8413404846.592001,0.0,0.0,0.0,26.0,0.0,0.0,1295361.92,0.389,,,3330.947,3525.399,4099209.0,0.0,1.0
SLE,1983,True,1.0,1_nonreciprocal,0.0,0.0,1.0,31.0,20.0,174869.0,8740008512.064,0.0,0.0,0.0,28.0,0.0,0.0,995104.32,0.292,,,3408.34,3608.751,4021408.75,0.0,1.0
SLE,1984,True,1.0,1_nonreciprocal,0.0,0.0,1.0,31.0,20.0,195508.0,9461506897.664,0.0,0.0,0.0,27.0,0.0,0.0,1087471.872,0.311,,,3492.174,3699.467,4191936.0,0.0,1.0
SLE,1985,True,1.0,1_nonreciprocal,0.0,0.0,1.0,31.0,20.0,175007.80999999997,10013658187.84,0.0,0.0,0.0,25.0,0.0,0.0,856890.496,0.239,,,3584.397,3799.55,4276272.0,0.0,1.0
SLE,1986,True,1.0,1_nonreciprocal,0.0,0.0,1.0,31.0,22.0,214715.4725,11908986258.239998,0.0,0.0,0.0,25.0,0.0,0.0,490181.472,0.133,,,3688.492,3912.438,4403030.5,0.0,1.0
SLE,1987,True,1.0,1_nonreciprocal,0.0,0.0,1.0,31.0,22.0,216150.5245,13601061168.384003,0.0,0.0,0.0,27.0,0.0,0.0,701307.584,0.185,,,3800.961,4034.668,4738219.5,0.0,1.0
SLE,1988,True,1.0,1_nonreciprocal,0.0,0.0,1.0,31.0,22.0,230998.734,15340574223.36,0.0,0.0,0.0,27.0,0.0,0.0,1055083.968,0.27,,,3908.478,4152.984,4950710.0,0.0,1.0
SLE,1989,True,1.0,1_nonreciprocal,0.0,0.0,1.0,31.0,22.0,286877.3815,16164941408.576,0.0,0.0,0.0,28.0,0.0,0.0,932974.4,0.234,,,3993.016,4249.468,5264789.0,0.0,1.0
SLE,1990,True,1.0,1_nonreciprocal,0.0,0.0,1.0,31.0,22.0,282555.16099999996,18322889058.559998,0.0,0.0,0.0,27.0,0.0,0.0,649644.8,0.161,3485536.986,0.808,4042.678,4312.246,5885105.0,0.0,1.0
SLE,1991,True,1.0,1_nonreciprocal,0.0,0.0,1.0,34.0,22.0,291420.268,19393791276.544,0.0,0.0,0.0,25.0,0.0,0.0,779981.568,0.192,3686260.662,0.85,4053.257,4337.239,6096152.0,0.0,1.0
SLE,1992,True,1.0,1_nonreciprocal,0.0,0.0,1.0,34.0,22.0,297001.306,20844117865.92,0.0,0.0,0.0,26.0,0.0,0.0,679998.016,0.169,3053448.849,0.705,4031.73,4331.332,5737045.0,0.0,1.0
SLE,1993,True,1.0,1_nonreciprocal,0.0,0.0,1.0,36.0,23.0,273850.3145,21072670525.888,0.0,0.0,0.0,30.0,0.0,0.0,768812.352,0.193,3169068.147,0.736,3991.434,4307.299,6350273.5,0.0,1.0
SLE,1994,True,1.0,1_nonreciprocal,0.0,0.0,1.0,36.0,23.0,277819.9975,22587045957.952,0.0,0.0,0.0,33.0,0.0,0.0,911915.968,0.231,3173482.837,0.741,3951.544,4283.621,7129010.5,0.0,1.0
SLE,1995,True,1.0,1_nonreciprocal,0.0,0.0,1.0,36.0,23.0,211658.3455,24960546077.760002,0.0,0.0,0.0,31.0,0.0,0.0,870758.72,0.222,2980505.706,0.697,3927.105,4274.819,6732373.0,1.0,1.0
SLE,1996,True,1.0,1_nonreciprocal,0.0,0.0,1.0,36.0,23.0,263428.81850000005,25115816761.408,0.0,0.0,0.0,31.0,0.0,0.0,941742.144,0.24,3088143.444,0.721,3919.708,4282.35,5731331.0,1.0,1.0
SLE,1997,True,1.0,1_nonreciprocal,0.0,0.0,1.0,36.0,23.0,336070.41049999994,24683023210.688,0.0,0.0,0.0,32.0,0.0,0.0,850218.048,0.216,2956398.154,0.687,3928.313,4305.455,5089203.0,1.0,1.0
SLE,1998,True,1.0,1_nonreciprocal,0.0,0.0,1.0,36.0,23.0,242334.99800000002,24755038679.936,0.0,0.0,0.0,33.0,0.0,0.0,672375.936,0.17,3041827.49,0.699,3961.869,4353.646,4466662.0,1.0,1.0
SLE,1999,True,1.0,1_nonreciprocal,0.0,0.0,1.0,36.0,23.0,201328.47950000002,26015395041.984,0.0,0.0,0.0,32.0,0.0,0.0,669384.768,0.166,3027249.436,0.682,4030.443,4437.803,3286494.5,1.0,1.0
SLE,2000,True,1.0,1_nonreciprocal,0.0,0.0,1.0,36.0,24.0,289334.72949999996,26479956300.608,0.0,0.0,0.0,32.0,0.0,0.0,635873.984,0.154,3302112.539,0.723,4139.757,4564.297,3821286.75,1.0,1.0
SLE,2001,True,1.0,1_nonreciprocal,0.0,0.0,1.0,36.0,24.0,351878.549,26213172625.856,0.0,0.0,0.0,34.0,0.0,0.0,1079478.4,0.251,3136209.794,0.662,4295.667,4739.147,4280883.5,1.0,1.0
SLE,2002,True,1.0,1_nonreciprocal,0.0,0.0,1.0,36.0,24.0,396044.1745,27332669775.68,0.0,0.0,0.0,33.0,0.0,0.0,1239004.288,0.276,4020839.129,0.811,4493.047,4957.216,4998564.0,1.0,1.0
SLE,2003,True,1.0,1_nonreciprocal,0.0,0.0,1.0,36.0,25.0,466339.4895,30659992696.192,0.0,0.0,0.0,35.0,0.0,0.0,1371442.56,0.291,4485790.119,0.863,4712.763,5199.549,5157821.5,1.0,1.0
SLE,2004,True,1.0,1_nonreciprocal,0.0,0.0,1.0,36.0,32.0,382131.824,34051005386.304,0.0,0.0,0.0,36.0,0.0,0.0,1431208.704,0.29,4904929.887,0.902,4928.175,5439.695,5266061.0,1.0,1.0
SLE,2005,True,1.0,1_nonreciprocal,0.0,0.0,1.0,36.0,32.0,385217.3549999999,35810110801.536,0.0,0.0,0.0,36.0,0.0,0.0,1627853.056,0.318,5282095.762,0.933,5119.895,5658.379,5344560.5,1.0,1.0
SLE,2006,True,1.0,1_nonreciprocal,0.0,0.0,1.0,36.0,32.0,345930.87049999996,37668340994.816,0.0,0.0,0.0,34.0,0.0,0.0,1887429.12,0.357,5745222.949,0.982,5280.909,5848.692,5607256.0,1.0,1.0
SLE,2007,True,1.0,1_nonreciprocal,0.0,0.0,1.0,36.0,32.0,409049.75999999995,41090276041.472,0.0,0.0,0.0,35.0,0.0,0.0,2158653.184,0.399,6373412.348,1.06,5416.015,6015.417,5993345.5,1.0,1.0
SLE,2008,True,1.0,1_nonreciprocal,0.0,0.0,1.0,36.0,32.0,468326.63600000006,43356354594.304,0.0,0.0,0.0,36.0,0.0,0.0,2505620.48,0.453,6849328.423,1.111,5532.139,6165.372,6446190.0,1.0,1.0
SLE,2009,True,1.0,1_nonreciprocal,0.0,0.0,1.0,36.0,32.0,394705.804,40865587641.088,0.0,0.0,0.0,36.0,0.0,0.0,2453972.992,0.435,7222223.512,1.145,5641.182,6310.26,6911155.0,1.0,1.0
SLE,2010,True,1.0,1_nonreciprocal,0.0,0.0,1.0,36.0,32.0,462787.95900000003,42666123500.352005,0.0,0.0,0.0,35.0,0.0,0.0,2578159.616,0.448,7702647.247,1.193,5751.976,6458.72,7149301.0,1.0,1.0
SLE,2011,True,1.0,1_nonreciprocal,0.0,0.0,1.0,36.0,32.0,689114.0894999999,45767108476.736,0.0,0.0,0.0,35.0,0.0,0.0,2925391.36,0.499,8239839.598,1.246,5865.491,6611.692,7655438.5,1.0,1.0
SLE,2012,True,1.0,1_nonreciprocal,0.0,0.0,1.0,36.0,32.0,792122.3910000001,45700867909.632,0.0,0.0,0.0,35.0,0.0,0.0,3529350.4,0.59,9665618.312,1.429,5978.727,6766.103,8999900.0,1.0,1.0
SLE,2013,True,1.0,1_nonreciprocal,0.0,0.0,1.0,36.0,32.0,733309.7359999999,46150748830.01601,0.0,0.0,0.0,35.0,0.0,0.0,4136280.832,0.679,11856363.228,1.713,6092.075,6922.079,10375962.0,1.0,1.0
SLE,2014,True,1.0,1_nonreciprocal,0.0,0.0,1.0,36.0,32.0,757605.3605000002,47358762874.11201,0.0,0.0,0.0,35.0,0.0,0.0,5015157.76,0.708,12618573.996,1.782,7079.162,7079.162,9497855.0,1.0,1.0
SLE,2015,True,1.0,1_nonreciprocal,0.0,0.0,1.0,36.0,32.0,675704.3879999999,44849923518.08,0.0,0.0,0.0,36.0,0.0,0.0,4251779.84,0.588,10140867.441,1.401,7237.025,7237.025,9039928.0,1.0,1.0
SLE,2016,True,1.0,1_nonreciprocal,0.0,0.0,1.0,36.0,32.0,606875.013,45883796063.871994,0.0,0.0,0.0,36.0,0.0,0.0,3668876.032,0.496,10897574.492,1.473,7396.19,7396.19,10003766.0,1.0,1.0
SLE,2017,True,1.0,1_nonreciprocal,0.0,0.0,1.0,36.0,32.0,572850.9205,48443791181.825,0.0,0.0,0.0,36.0,0.0,0.0,3719369.107,0.497,12234073.368,1.634,7488.427,7557.212,10475391.0,1.0,1.0
SWZ,1950,False,,,,,,0.0,0.0,,439149675.856,0.0,0.0,0.0,0.0,,0.0,,,,,277.384,,,0.0,0.0
SWZ,1951,False,,,,,,0.0,0.0,,508704606.91200006,0.0,0.0,0.0,0.0,,0.0,,,,,283.699,,,0.0,0.0
SWZ,1952,False,,,,,,0.0,0.0,,564177641.312,0.0,0.0,0.0,0.0,,0.0,,,,,290.243,,,0.0,0.0
SWZ,1953,False,,,,,,0.0,0.0,,594802213.104,0.0,0.0,0.0,0.0,,0.0,,,,,297.025,,,0.0,0.0
SWZ,1954,False,,,,,,0.0,0.0,,608996152.944,0.0,0.0,0.0,0.0,,0.0,,,,,304.057,,,0.0,0.0
SWZ,1955,False,,,,,,0.0,0.0,,707212135.52,0.0,0.0,0.0,0.0,,0.0,,,,,311.346,,,0.0,0.0
SWZ,1956,False,,,,,,0.0,0.0,,759962809.184,0.0,0.0,0.0,0.0,,0.0,,,,,318.904,,,0.0,0.0
SWZ,1957,False,,,,,,0.0,0.0,,810041068.576,0.0,0.0,0.0,0.0,,0.0,,,,,326.741,,,0.0,0.0
SWZ,1958,False,,,,,,0.0,0.0,,830159736.224,0.0,0.0,0.0,0.0,,0.0,,,,,334.837,,,0.0,0.0
SWZ,1959,False,,,,,,0.0,0.0,,885219863.3280001,0.0,0.0,0.0,0.0,,0.0,,,,,343.201,,,0.0,0.0
SWZ,1960,False,,,,,,0.0,0.0,,1004764122.1600001,0.0,0.0,0.0,0.0,,0.0,35076.844,0.1,,,349.233,,,0.0,0.0
SWZ,1961,False,,,,,,0.0,0.0,,1068562561.6,0.0,0.0,0.0,0.0,,0.0,43026.044,0.12,,,357.522,,,0.0,0.0
SWZ,1962,False,,,,,,0.0,0.0,,1154279277.792,0.0,0.0,0.0,0.0,,0.0,45927.96,0.126,,,365.719,,,0.0,0.0
SWZ,1963,False,,,,,,0.0,0.0,,1241588382.56,0.0,0.0,0.0,0.0,,0.0,54129.44,0.145,,,373.991,,,0.0,0.0
SWZ,1964,False,,,,,,0.0,0.0,,1356808025.408,0.0,0.0,0.0,0.0,,0.0,64980.556,0.17,,,382.575,,,0.0,0.0
SWZ,1965,False,,,,,,0.0,0.0,,1474823991.328,0.0,0.0,0.0,0.0,,0.0,70279.968,0.179,,,391.659,,,0.0,0.0
SWZ,1966,False,,,,,,0.0,0.0,,1613314560.144,0.0,0.0,0.0,0.0,,0.0,76859.968,0.192,,,401.295,,,0.0,0.0
SWZ,1967,False,,,,,,0.0,0.0,,1724081100.72,0.0,0.0,0.0,0.0,,0.0,74759.968,0.182,,,411.478,,,0.0,0.0
SWZ,1968,True,1.0,1_nonreciprocal,0.0,0.0,1.0,31.0,1.0,,1867705725.52,0.0,0.0,0.0,0.0,,0.0,79799.968,0.189,,,422.266,,,0.0,0.0
SWZ,1969,True,1.0,1_nonreciprocal,0.0,0.0,1.0,31.0,1.0,29990.0,2054570607.7919998,0.0,0.0,0.0,5.0,0.0,0.0,105419.96,0.243,,,433.709,,,0.0,0.0
SWZ,1970,True,1.0,1_nonreciprocal,0.0,0.0,1.0,31.0,1.0,56020.0,2273816559.2320004,0.0,0.0,0.0,7.0,0.0,0.0,112139.952,0.252,,,445.844,445.729,1014570.125,0.0,0.0
SWZ,1971,True,1.0,1_nonreciprocal,0.0,0.0,1.0,31.0,1.0,61490.0,2523239156.608,0.0,0.0,0.0,9.0,0.0,0.0,136462.08,0.297,,,458.717,458.605,1186299.875,0.0,0.0
SWZ,1972,True,1.0,1_nonreciprocal,0.0,0.0,1.0,31.0,14.0,68510.0,2927304446.368,0.0,0.0,0.0,14.0,0.0,0.0,146740.384,0.311,,,472.337,472.23,1441914.625,0.0,0.0
SWZ,1973,True,1.0,1_nonreciprocal,0.0,0.0,1.0,31.0,15.0,72683.0,3532604577.152,0.0,0.0,0.0,17.0,0.0,0.0,221915.104,0.456,,,486.656,486.561,1412073.375,0.0,0.0
SWZ,1974,True,1.0,1_nonreciprocal,0.0,0.0,1.0,31.0,17.0,110581.0,3948556657.12,0.0,0.0,0.0,16.0,0.0,0.0,264320.944,0.527,,,501.596,501.512,1450426.875,0.0,0.0
SWZ,1975,True,1.0,1_nonreciprocal,0.0,0.0,1.0,31.0,17.0,131230.0,4429510582.784,0.0,0.0,0.0,14.0,0.0,0.0,288299.872,0.558,,,517.1,517.024,1843806.875,0.0,0.0
SWZ,1976,True,1.0,1_nonreciprocal,0.0,0.0,1.0,31.0,19.0,145193.0,4806278232.896,0.0,0.0,0.0,19.0,0.0,0.0,272549.984,0.511,,,533.264,533.214,2098160.25,0.0,0.0
SWZ,1977,True,1.0,1_nonreciprocal,0.0,0.0,1.0,31.0,19.0,131160.0,5430826885.312,0.0,0.0,0.0,19.0,0.0,0.0,304060.0,0.553,,,550.135,550.118,2086405.5,0.0,0.0
SWZ,1978,True,1.0,1_nonreciprocal,0.0,0.0,1.0,31.0,19.0,149540.0,6534032980.16,0.0,0.0,0.0,17.0,0.0,0.0,340629.984,0.6,,,567.56,567.559,1976175.5,0.0,0.0
SWZ,1979,True,1.0,1_nonreciprocal,0.0,0.0,1.0,31.0,19.0,195583.0,7510149364.864,0.0,0.0,0.0,19.0,0.0,0.0,412094.08,0.704,,,585.335,585.344,1973208.75,0.0,0.0
SWZ,1980,True,1.0,1_nonreciprocal,0.0,0.0,1.0,31.0,19.0,208240.0,8340612450.304,0.0,0.0,0.0,16.0,0.0,0.0,542007.488,0.898,,,603.373,603.372,2135619.75,0.0,0.0
SWZ,1981,True,1.0,1_nonreciprocal,0.0,0.0,1.0,31.0,20.0,191210.0,8455798984.639999,0.0,0.0,0.0,18.0,0.0,0.0,571514.432,0.92,,,621.314,621.276,2333784.25,0.0,0.0
SWZ,1982,True,1.0,1_nonreciprocal,0.0,0.0,1.0,31.0,20.0,204540.0,8413404846.592001,0.0,0.0,0.0,18.0,0.0,0.0,537568.128,0.841,,,639.333,639.237,2401593.0,0.0,0.0
SWZ,1983,True,1.0,1_nonreciprocal,0.0,0.0,1.0,31.0,20.0,111480.0,8740008512.064,0.0,0.0,0.0,18.0,0.0,0.0,555336.128,0.843,,,658.496,658.32,2588836.75,0.0,0.0
SWZ,1984,True,1.0,1_nonreciprocal,0.0,0.0,1.0,31.0,20.0,135082.0,9461506897.664,0.0,0.0,0.0,21.0,0.0,0.0,494483.232,0.727,,,680.253,679.976,2578738.0,0.0,0.0
SWZ,1985,True,1.0,1_nonreciprocal,0.0,0.0,1.0,31.0,20.0,133781.0,10013658187.84,0.0,0.0,0.0,18.0,0.0,0.0,361012.32,0.512,,,705.492,705.085,2651870.0,0.0,0.0
SWZ,1986,True,1.0,1_nonreciprocal,0.0,0.0,1.0,31.0,22.0,182158.0,11908986258.239998,0.0,0.0,0.0,20.0,0.0,0.0,449140.384,0.611,,,734.79,734.243,3243288.75,0.0,0.0
SWZ,1987,True,1.0,1_nonreciprocal,0.0,0.0,1.0,31.0,22.0,201222.0,13601061168.384003,0.0,0.0,0.0,21.0,0.0,0.0,584126.016,0.761,,,767.417,766.707,3912854.0,0.0,0.0
SWZ,1988,True,1.0,1_nonreciprocal,0.0,0.0,1.0,31.0,22.0,239815.03000000003,15340574223.36,0.0,0.0,0.0,23.0,0.0,0.0,692026.624,0.864,,,801.35,800.456,4013423.75,0.0,0.0
SWZ,1989,True,1.0,1_nonreciprocal,0.0,0.0,1.0,31.0,22.0,200526.42299999998,16164941408.576,0.0,0.0,0.0,23.0,0.0,0.0,696921.408,0.836,,,833.787,832.682,4150273.0,0.0,0.0
SWZ,1990,True,1.0,1_nonreciprocal,0.0,0.0,1.0,31.0,22.0,296900.258,18322889058.559998,0.0,0.0,0.0,24.0,0.0,0.0,1114694.144,1.292,2994207.666,3.476,862.728,861.373,4842355.5,0.0,0.0
SWZ,1991,True,1.0,1_nonreciprocal,0.0,0.0,1.0,34.0,22.0,278989.381,19393791276.544,0.0,0.0,0.0,23.0,0.0,0.0,1156135.68,1.303,3148334.023,3.555,887.248,885.623,5094708.0,0.0,0.0
SWZ,1992,True,1.0,1_nonreciprocal,0.0,0.0,1.0,34.0,22.0,356689.61699999997,20844117865.92,0.0,0.0,0.0,23.0,0.0,0.0,1284759.808,1.415,3323989.043,3.669,907.947,906.034,5354004.0,0.0,0.0
SWZ,1993,True,1.0,1_nonreciprocal,0.0,0.0,1.0,36.0,23.0,252126.97300000003,21072670525.888,0.0,0.0,0.0,28.0,0.0,0.0,1357189.76,1.465,3508778.839,3.797,926.224,924.025,5916748.0,0.0,1.0
SWZ,1994,True,1.0,1_nonreciprocal,0.0,0.0,1.0,36.0,23.0,251862.972,22587045957.952,0.0,0.0,0.0,28.0,0.0,0.0,1419294.08,1.503,3669477.888,3.896,944.223,941.774,6073488.5,0.0,1.0
SWZ,1995,True,1.0,1_nonreciprocal,0.0,0.0,1.0,36.0,23.0,283369.82300000003,24960546077.760002,0.0,0.0,0.0,28.0,0.0,0.0,1698989.44,1.763,3926780.779,4.087,963.428,960.792,6957517.5,1.0,1.0
SWZ,1996,True,1.0,1_nonreciprocal,0.0,0.0,1.0,36.0,23.0,266174.13800000004,25115816761.408,0.0,0.0,0.0,28.0,0.0,0.0,1602741.76,1.628,4152089.488,4.229,984.506,981.764,7427771.0,1.0,1.0
SWZ,1997,True,1.0,1_nonreciprocal,0.0,0.0,1.0,36.0,23.0,287801.679,24683023210.688,0.0,0.0,0.0,29.0,0.0,0.0,1716714.24,1.705,4354188.859,4.337,1006.76,1003.995,7295899.5,1.0,1.0
SWZ,1998,True,1.0,1_nonreciprocal,0.0,0.0,1.0,36.0,23.0,196534.60400000002,24755038679.936,0.0,0.0,0.0,28.0,0.0,0.0,1576908.8,1.533,4516058.272,4.402,1028.694,1026.009,7035818.0,1.0,1.0
SWZ,1999,True,1.0,1_nonreciprocal,0.0,0.0,1.0,36.0,23.0,274138.52800000005,26015395041.984,0.0,0.0,0.0,30.0,0.0,0.0,1547888.512,1.477,4720471.094,4.514,1048.151,1045.629,6869091.5,1.0,1.0
SWZ,2000,True,1.0,1_nonreciprocal,0.0,0.0,1.0,36.0,23.0,267406.169,26479956300.608,0.0,0.0,0.0,34.0,0.0,0.0,1524490.112,1.433,4912865.547,4.628,1063.715,1061.468,7384344.5,1.0,1.0
SWZ,2001,True,1.0,1_nonreciprocal,0.0,0.0,1.0,36.0,23.0,292889.09650000004,26213172625.856,0.0,0.0,0.0,34.0,0.0,0.0,1349326.976,1.255,5077824.975,4.733,1074.761,1072.927,7216650.0,1.0,1.0
SWZ,2002,True,1.0,1_nonreciprocal,0.0,0.0,1.0,36.0,23.0,395902.54199999996,27332669775.68,0.0,0.0,0.0,34.0,0.0,0.0,1224220.672,1.131,5381604.003,4.979,1082.183,1080.93,7130226.0,1.0,1.0
SWZ,2003,True,1.0,1_nonreciprocal,0.0,0.0,1.0,36.0,23.0,541269.86,30659992696.192,0.0,0.0,0.0,33.0,0.0,0.0,1854020.48,1.704,5701897.889,5.244,1087.929,1087.392,7101905.5,1.0,1.0
SWZ,2004,True,1.0,1_nonreciprocal,0.0,0.0,1.0,36.0,30.0,611910.3835,34051005386.304,0.0,0.0,0.0,35.0,0.0,0.0,2420610.56,2.211,6070997.876,5.544,1094.758,1095.053,7154886.5,1.0,1.0
SWZ,2005,True,1.0,1_nonreciprocal,0.0,0.0,1.0,36.0,30.0,787630.2165,35810110801.536,0.0,0.0,0.0,34.0,0.0,0.0,2584077.824,2.339,6642244.385,6.006,1104.642,1105.873,7711397.5,1.0,1.0
SWZ,2006,True,1.0,1_nonreciprocal,0.0,0.0,1.0,36.0,30.0,419599.5075,37668340994.816,0.0,0.0,0.0,34.0,0.0,0.0,2947922.176,2.636,7256554.265,6.476,1118.253,1120.514,8063012.5,1.0,1.0
SWZ,2007,True,1.0,1_nonreciprocal,0.0,0.0,1.0,36.0,30.0,518712.04300000006,41090276041.472,0.0,0.0,0.0,34.0,0.0,0.0,3053823.232,2.691,7780096.692,6.834,1134.977,1138.434,8158538.0,1.0,1.0
SWZ,2008,True,3.0,3_fta,1.0,1.0,0.0,36.0,31.0,448377.631,43356354594.304,1571.4815,1023036731.392,3.0,35.0,0.0035048169028753357,0.02359600434503326,3019770.624,2.617,7997892.262,6.901,1153.929,1158.897,8024058.0,1.0,1.0
SWZ,2009,True,3.0,3_fta,1.0,1.0,0.0,36.0,31.0,464288.65599999996,40865587641.088,1525.1575,931180604.4159999,3.0,34.0,0.003284933802044046,0.022786423936793004,3144680.704,2.679,8184752.555,6.932,1173.678,1180.675,8395057.0,1.0,1.0
SWZ,2010,True,3.0,3_fta,1.0,1.0,0.0,36.0,31.0,527011.262,42666123500.352005,207078.01249999998,17070819351.551998,26.0,35.0,0.39292900822297794,0.4001024220400796,3891563.52,3.262,8599018.821,7.149,1193.148,1202.843,8672824.0,1.0,1.0
SWZ,2011,True,3.0,3_fta,1.0,1.0,0.0,36.0,31.0,519224.5410000001,45767108476.736,297778.43700000003,18545620219.904,26.0,34.0,0.5735060912692876,0.40521721465822935,4145772.288,3.42,8973785.938,7.324,1212.159,1225.258,8872144.0,1.0,1.0
SWZ,2012,True,3.0,3_fta,1.0,1.0,0.0,36.0,31.0,411808.132,45700867909.632,265008.1205,17530770119.679996,26.0,35.0,0.6435232816140698,0.38359818798944906,4049589.248,3.29,9571895.132,7.669,1230.985,1248.158,9294582.0,1.0,1.0
SWZ,2013,True,3.0,3_fta,1.0,1.0,0.0,36.0,31.0,487813.774,46150748830.01601,354475.16099999996,18210141523.968002,26.0,33.0,0.7266608281544752,0.39457954606630996,3791304.448,3.034,10393434.285,8.174,1249.514,1271.456,9793084.0,1.0,1.0
SWZ,2014,True,3.0,3_fta,1.0,1.0,0.0,36.0,31.0,401207.4125,47358762874.11201,241793.7075,18808711341.056004,26.0,34.0,0.6026651052963784,0.39715377259859796,4486261.76,3.464,11028731.638,8.516,1295.097,1295.097,9968968.0,1.0,1.0
SWZ,2015,True,3.0,3_fta,1.0,1.0,0.0,36.0,31.0,312478.2095,44849923518.08,211509.11849999998,16533545740.288,26.0,36.0,0.6768763775190538,0.36864155930216824,4137638.656,3.137,11310595.017,8.575,1319.011,1319.011,10304308.0,1.0,1.0
SWZ,2016,True,3.0,3_fta,1.0,1.0,0.0,36.0,31.0,311238.52650000004,45883796063.871994,212146.10449999996,16565048626.176,26.0,36.0,0.6816190363245405,0.36102175598367714,3727303.68,2.775,11205076.63,8.343,1343.098,1343.098,10238427.0,1.0,1.0
SWZ,2017,True,3.0,3_fta,1.0,1.0,0.0,36.0,31.0,255396.198,48443791181.825,153436.33150000003,17596136119.579998,26.0,36.0,0.6007776650614041,0.36322789134186645,4402969.226,3.914,9457426.062,8.408,1124.808,1367.254,10450808.0,1.0,1.0
TZA,1950,False,,,,,,0.0,0.0,105800.0,439149675.856,0.0,0.0,0.0,17.0,0.0,0.0,,,,,7934.924,,,0.0,0.0
TZA,1951,False,,,,,,0.0,0.0,148650.0,508704606.91200006,0.0,0.0,0.0,20.0,0.0,0.0,,,,,8124.902,,,0.0,0.0
TZA,1952,False,,,,,,0.0,0.0,189000.0,564177641.312,0.0,0.0,0.0,22.0,0.0,0.0,,,,,8322.925,,,0.0,0.0
TZA,1953,False,,,,,,0.0,0.0,132200.0,594802213.104,0.0,0.0,0.0,19.0,0.0,0.0,,,,,8529.355,,,0.0,0.0
TZA,1954,False,,,,,,0.0,0.0,143300.0,608996152.944,0.0,0.0,0.0,21.0,0.0,0.0,,,,,8745.102,,,0.0,0.0
TZA,1955,False,,,,,,0.0,0.0,175200.0,707212135.52,0.0,0.0,0.0,22.0,0.0,0.0,,,,,8970.611,,,0.0,0.0
TZA,1956,False,,,,,,0.0,0.0,169200.0,759962809.184,0.0,0.0,0.0,22.0,0.0,0.0,,,,,9206.351,,,0.0,0.0
TZA,1957,False,,,,,,0.0,0.0,158300.0,810041068.576,0.0,0.0,0.0,21.0,0.0,0.0,,,,,9452.826,,,0.0,0.0
TZA,1958,False,,,,,,0.0,0.0,155600.0,830159736.224,0.0,0.0,0.0,21.0,0.0,0.0,,,,,9710.558,,,0.0,0.0
TZA,1959,False,,,,,,0.0,0.0,164200.0,885219863.3280001,0.0,0.0,0.0,21.0,0.0,0.0,,,,,9978.909,,,0.0,0.0
TZA,1960,False,,,,,,0.0,0.0,184100.0,1004764122.1600001,0.0,0.0,0.0,23.0,0.0,0.0,,,,,10074.49,10110.041,11605976.0,0.0,0.0
TZA,1961,False,,,,,,0.0,0.0,181700.0,1068562561.6,0.0,0.0,0.0,23.0,0.0,0.0,636419.968,0.061,,,10373.284,10401.472,12062551.0,0.0,1.0
TZA,1962,False,,,,,,0.0,0.0,182000.0,1154279277.792,0.0,0.0,0.0,23.0,0.0,0.0,698440.0,0.065,,,10683.653,10705.534,13334207.0,0.0,1.0
TZA,1963,False,,,,,,0.0,0.0,205500.0,1241588382.56,0.0,0.0,0.0,23.0,0.0,0.0,778380.032,0.071,,,11005.491,11022.128,14544262.0,0.0,1.0
TZA,1964,True,1.0,1_nonreciprocal,0.0,0.0,1.0,30.0,1.0,253700.0,1356808025.408,0.0,0.0,0.0,23.0,0.0,0.0,844190.016,0.074,,,11338.544,11353.68,16679237.0,0.0,1.0
TZA,1965,True,1.0,1_nonreciprocal,0.0,0.0,1.0,31.0,1.0,239300.0,1474823991.328,0.0,0.0,0.0,23.0,0.0,0.0,859590.016,0.074,,,11682.873,11697.311,16643810.0,0.0,1.0
TZA,1966,True,1.0,1_nonreciprocal,0.0,0.0,1.0,31.0,1.0,301100.0,1613314560.144,0.0,0.0,0.0,24.0,0.0,0.0,985870.016,0.082,,,12038.204,12053.024,18094930.0,0.0,1.0
TZA,1967,True,1.0,1_nonreciprocal,0.0,0.0,1.0,31.0,1.0,287000.0,1724081100.72,0.0,0.0,0.0,25.0,0.0,0.0,1028020.032,0.083,,,12405.366,12423.466,19191058.0,0.0,1.0
TZA,1968,True,1.0,1_nonreciprocal,0.0,0.0,1.0,31.0,1.0,310977.5,1867705725.52,0.0,0.0,0.0,26.0,0.0,0.0,1102359.936,0.086,,,12786.833,12798.736,20675564.0,0.0,1.0
TZA,1969,True,1.0,1_nonreciprocal,0.0,0.0,1.0,31.0,1.0,300859.5,2054570607.7919998,0.0,0.0,0.0,27.0,0.0,0.0,1181569.92,0.09,,,13185.844,13194.288,21732160.0,0.0,1.0
TZA,1970,True,1.0,1_nonreciprocal,0.0,0.0,1.0,31.0,1.0,348819.0,2273816559.2320004,0.0,0.0,0.0,26.0,0.0,0.0,1310420.096,0.096,,,13604.627,13605.529,23782008.0,0.0,1.0
TZA,1971,True,1.0,1_nonreciprocal,0.0,0.0,1.0,31.0,1.0,346919.0,2523239156.608,0.0,0.0,0.0,26.0,0.0,0.0,1402000.0,0.1,,,14044.585,14045.824,24950374.0,0.0,1.0
TZA,1972,True,1.0,1_nonreciprocal,0.0,0.0,1.0,31.0,15.0,377931.0,2927304446.368,0.0,0.0,0.0,26.0,0.0,0.0,1596000.0,0.11,,,14504.939,14506.616,26772558.0,0.0,1.0
TZA,1973,True,1.0,1_nonreciprocal,0.0,0.0,1.0,31.0,16.0,456276.5,3532604577.152,0.0,0.0,0.0,27.0,0.0,0.0,1871849.984,0.125,,,14983.047,14985.131,28505034.0,0.0,1.0
TZA,1974,True,1.0,1_nonreciprocal,0.0,0.0,1.0,31.0,18.0,673112.0,3948556657.12,0.0,0.0,0.0,28.0,0.0,0.0,2284850.176,0.148,,,15475.026,15477.294,29744874.0,0.0,1.0
TZA,1975,True,1.0,1_nonreciprocal,0.0,0.0,1.0,31.0,18.0,686313.5,4429510582.784,0.0,0.0,0.0,28.0,0.0,0.0,2715849.984,0.17,,,15978.207,15980.301,32247062.0,0.0,1.0
TZA,1976,True,1.0,1_nonreciprocal,0.0,0.0,1.0,31.0,19.0,713513.0,4806278232.896,0.0,0.0,0.0,28.0,0.0,0.0,2915000.064,0.177,,,16491.793,16493.305,34911056.0,0.0,1.0
TZA,1977,True,1.0,1_nonreciprocal,0.0,0.0,1.0,31.0,19.0,906442.0,5430826885.312,0.0,0.0,0.0,28.0,0.0,0.0,3482679.808,0.205,,,17017.107,17017.67,33833988.0,0.0,1.0
TZA,1978,True,1.0,1_nonreciprocal,0.0,0.0,1.0,31.0,19.0,1211009.508,6534032980.16,0.0,0.0,0.0,27.0,0.0,0.0,4171290.112,0.238,,,17556.181,17555.494,34592664.0,0.0,1.0
TZA,1979,True,1.0,1_nonreciprocal,0.0,0.0,1.0,31.0,19.0,1137254.992,7510149364.864,0.0,0.0,0.0,27.0,0.0,0.0,4415600.128,0.244,,,18112.0,18109.885,35160816.0,0.0,1.0
TZA,1980,True,1.0,1_nonreciprocal,0.0,0.0,1.0,31.0,19.0,1209390.492,8340612450.304,0.0,0.0,0.0,27.0,0.0,0.0,5138220.032,0.275,,,18686.808,18683.156,34461392.0,0.0,1.0
TZA,1981,True,1.0,1_nonreciprocal,0.0,0.0,1.0,31.0,20.0,1069260.508,8455798984.639999,0.0,0.0,0.0,27.0,0.0,0.0,5930189.824,0.308,,,19282.215,19277.107,29937362.0,0.0,1.0
TZA,1982,True,1.0,1_nonreciprocal,0.0,0.0,1.0,31.0,20.0,1016125.0,8413404846.592001,0.0,0.0,0.0,28.0,0.0,0.0,6274350.08,0.315,,,19898.033,19891.549,30933496.0,0.0,1.0
TZA,1983,True,1.0,1_nonreciprocal,0.0,0.0,1.0,31.0,20.0,797380.0,8740008512.064,0.0,0.0,0.0,28.0,0.0,0.0,6329350.144,0.308,,,20532.688,20524.666,32298718.0,0.0,1.0
TZA,1984,True,1.0,1_nonreciprocal,0.0,0.0,1.0,31.0,20.0,853290.5,9461506897.664,0.0,0.0,0.0,28.0,0.0,0.0,5813729.792,0.274,,,21183.697,21173.604,34617860.0,0.0,1.0
TZA,1985,True,1.0,1_nonreciprocal,0.0,0.0,1.0,31.0,20.0,861275.5,10013658187.84,0.0,0.0,0.0,28.0,0.0,0.0,6904459.776,0.316,,,21849.854,21837.0,39671676.0,0.0,1.0
TZA,1986,True,1.0,1_nonreciprocal,0.0,0.0,1.0,31.0,22.0,895754.0,11908986258.239998,0.0,0.0,0.0,27.0,0.0,0.0,4882200.064,0.217,,,22527.517,22511.244,27861116.0,0.0,1.0
TZA,1987,True,1.0,1_nonreciprocal,0.0,0.0,1.0,31.0,22.0,929106.5,13601061168.384003,0.0,0.0,0.0,27.0,0.0,0.0,3523870.208,0.152,,,23218.477,23198.531,21839366.0,0.0,1.0
TZA,1988,True,1.0,1_nonreciprocal,0.0,0.0,1.0,31.0,22.0,964442.148,15340574223.36,0.0,0.0,0.0,26.0,0.0,0.0,5100405.248,0.213,,,23933.17,23909.953,28821628.0,0.0,1.0
TZA,1989,True,1.0,1_nonreciprocal,0.0,0.0,1.0,31.0,22.0,954874.2194999999,16164941408.576,0.0,0.0,0.0,27.0,0.0,0.0,4420167.68,0.179,,,24685.791,24660.576,27467238.0,0.0,1.0
TZA,1990,True,1.0,1_nonreciprocal,0.0,0.0,1.0,31.0,22.0,1020474.9465000001,18322889058.559998,0.0,0.0,0.0,28.0,0.0,0.0,4258742.784,0.167,23560053.608,0.952,25484.814,24779.318,27491310.0,0.0,1.0
TZA,1991,True,1.0,1_nonreciprocal,0.0,0.0,1.0,34.0,22.0,974762.7175,19393791276.544,0.0,0.0,0.0,27.0,0.0,0.0,4956588.032,0.188,24848663.128,0.971,26337.402,25614.014,27713372.0,0.0,1.0
TZA,1992,True,1.0,1_nonreciprocal,0.0,0.0,1.0,34.0,22.0,1053789.3935,20844117865.92,0.0,0.0,0.0,27.0,0.0,0.0,4601413.632,0.169,25563607.033,0.966,27236.099,26497.619,25615516.0,0.0,1.0
TZA,1993,True,1.0,1_nonreciprocal,0.0,0.0,1.0,36.0,23.0,994809.7270000001,21072670525.888,0.0,0.0,0.0,31.0,0.0,0.0,4257702.144,0.151,26487412.251,0.968,28157.055,27405.328,24983030.0,0.0,1.0
TZA,1994,True,1.0,1_nonreciprocal,0.0,0.0,1.0,36.0,23.0,929588.9315000002,22587045957.952,0.0,0.0,0.0,33.0,0.0,0.0,4510846.976,0.155,27475169.324,0.972,29067.333,28303.615,24041556.0,0.0,1.0
TZA,1995,True,1.0,1_nonreciprocal,0.0,0.0,1.0,36.0,23.0,1104325.73,24960546077.760002,0.0,0.0,0.0,30.0,0.0,0.0,5255221.248,0.175,29049508.981,0.998,29944.302,29170.777,24935668.0,1.0,1.0
TZA,1996,True,1.0,1_nonreciprocal,0.0,0.0,1.0,36.0,23.0,1014421.7565,25115816761.408,0.0,0.0,0.0,32.0,0.0,0.0,6496195.584,0.211,30924038.959,1.033,30780.453,29997.854,26895754.0,1.0,1.0
TZA,1997,True,1.0,1_nonreciprocal,0.0,0.0,1.0,36.0,23.0,1097880.956,24683023210.688,0.0,0.0,0.0,35.0,0.0,0.0,7683852.288,0.243,32562121.515,1.059,31586.039,30999.25,29608322.0,1.0,1.0
TZA,1998,True,1.0,1_nonreciprocal,0.0,0.0,1.0,36.0,23.0,1099255.1305,24755038679.936,0.0,0.0,0.0,36.0,0.0,0.0,9345174.528,0.289,34136179.239,1.082,32378.334,31587.713,31757982.0,1.0,1.0
TZA,1999,True,1.0,1_nonreciprocal,0.0,0.0,1.0,36.0,23.0,1105251.788,26015395041.984,0.0,0.0,0.0,35.0,0.0,0.0,9697847.296,0.292,36336180.085,1.123,33183.094,32402.539,34041752.0,1.0,1.0
TZA,2000,True,1.0,1_nonreciprocal,0.0,0.0,1.0,36.0,24.0,1119864.307,26479956300.608,0.0,0.0,0.0,35.0,0.0,0.0,10185786.368,0.299,38996583.323,1.174,34020.512,33262.043,36379316.0,1.0,1.0
TZA,2001,True,1.0,1_nonreciprocal,0.0,0.0,1.0,36.0,24.0,1258406.0645,26213172625.856,0.0,0.0,0.0,36.0,0.0,0.0,10383560.704,0.298,42277527.449,1.239,34895.397,34173.02,39496716.0,1.0,1.0
TZA,2002,True,1.0,1_nonreciprocal,0.0,0.0,1.0,36.0,24.0,1296829.48,27332669775.68,0.0,0.0,0.0,36.0,0.0,0.0,10805600.256,0.302,46001605.856,1.311,35806.496,35123.809,43810684.0,1.0,1.0
TZA,2003,True,1.0,1_nonreciprocal,0.0,0.0,1.0,36.0,25.0,1640135.04,30659992696.192,0.0,0.0,0.0,36.0,0.0,0.0,11659129.856,0.317,50149845.758,1.39,36760.83,36138.074,46837776.0,1.0,1.0
TZA,2004,True,1.0,1_nonreciprocal,0.0,0.0,1.0,36.0,32.0,1872684.424,34051005386.304,0.0,0.0,0.0,36.0,0.0,0.0,12825801.728,0.34,55562656.983,1.495,37765.141,37208.984,49777940.0,1.0,1.0
TZA,2005,True,1.0,1_nonreciprocal,0.0,0.0,1.0,36.0,32.0,1791227.9064999998,35810110801.536,0.0,0.0,0.0,36.0,0.0,0.0,14141916.16,0.364,62037908.172,1.621,38824.383,38337.543,56012764.0,1.0,1.0
TZA,2006,True,1.0,1_nonreciprocal,0.0,0.0,1.0,36.0,32.0,2157288.797,37668340994.816,0.0,0.0,0.0,36.0,0.0,0.0,14331231.232,0.359,66924027.956,1.696,39942.348,39490.949,59666988.0,1.0,1.0
TZA,2007,True,1.0,1_nonreciprocal,0.0,0.0,1.0,36.0,32.0,2800739.6115,41090276041.472,0.0,0.0,0.0,36.0,0.0,0.0,16825546.752,0.409,74520563.189,1.83,41119.694,40774.941,65868140.0,1.0,1.0
TZA,2008,True,1.0,1_nonreciprocal,0.0,0.0,1.0,36.0,32.0,3556709.8510000003,43356354594.304,0.0,0.0,0.0,36.0,0.0,0.0,20715085.824,0.489,80211998.963,1.909,42353.79,42082.715,71612512.0,1.0,1.0
TZA,2009,True,1.0,1_nonreciprocal,0.0,0.0,1.0,36.0,32.0,3196472.6405,40865587641.088,0.0,0.0,0.0,36.0,0.0,0.0,21368166.4,0.49,85171231.203,1.964,43639.751,43436.512,76339688.0,1.0,1.0
TZA,2010,True,2.0,2_reciprocal_pta,1.0,0.0,0.0,36.0,32.0,3897130.0115,42666123500.352005,1551639.7019999998,16055404053.504,23.0,36.0,0.3981493297429859,0.37630332301858965,22915004.416,0.51,91693558.658,2.048,44973.331,44828.938,85057152.0,1.0,1.0
TZA,2011,True,2.0,2_reciprocal_pta,1.0,0.0,0.0,36.0,32.0,4902692.8785,45767108476.736,2151242.4115,17343868811.263996,23.0,36.0,0.4387879201925824,0.378959243625367,23874164.736,0.515,100984255.979,2.186,46354.607,46257.691,94029288.0,1.0,1.0
TZA,2012,True,2.0,2_reciprocal_pta,1.0,0.0,0.0,36.0,32.0,5451933.4785,45700867909.632,2038644.029,16350456960.0,23.0,36.0,0.37393046651055173,0.35777125704332513,28248631.296,0.591,108131684.527,2.269,47783.108,47779.426,97687352.0,1.0,1.0
TZA,2013,True,2.0,2_reciprocal_pta,1.0,0.0,0.0,36.0,32.0,4830527.1274999995,46150748830.01601,1766978.7155000002,16996796837.888,23.0,36.0,0.3657941812272744,0.36828864685362256,33225037.824,0.675,117858525.37,2.397,49253.124,49252.84,101487792.0,1.0,1.0
TZA,2014,True,2.0,2_reciprocal_pta,1.0,0.0,0.0,36.0,32.0,4541619.3525,47358762874.11201,1925014.6860000002,17590487070.72,23.0,36.0,0.42386086032074616,0.3714304598175133,48197218.304,0.923,128324580.896,2.53,52234.867,50855.871,112993544.0,1.0,1.0
TZA,2015,True,2.0,2_reciprocal_pta,1.0,0.0,0.0,36.0,32.0,3708043.6364999996,44849923518.08,1692367.3669999999,15459393649.663998,23.0,36.0,0.4564043827157912,0.3446916390711786,45628248.064,0.847,138731925.533,2.652,53879.955,52420.527,118870928.0,1.0,1.0
TZA,2016,True,2.0,2_reciprocal_pta,1.0,0.0,0.0,36.0,32.0,3721009.8905,45883796063.871994,1603816.5815,15514617285.632002,23.0,36.0,0.43101647904636226,0.338128459642595,47431036.928,0.854,150336018.559,2.787,55572.201,54104.727,126300920.0,1.0,1.0
TZA,2017,True,2.0,2_reciprocal_pta,1.0,0.0,0.0,36.0,32.0,3086080.29,48443791181.825,1356845.5554999998,16468535362.169998,23.0,36.0,0.43966631713914345,0.3399514150401304,53320625.959,0.975,134274523.12,2.531,54660.343,55797.785,134100936.0,1.0,1.0
UGA,1950,False,,,,,,0.0,0.0,71600.0,439149675.856,0.0,0.0,0.0,13.0,0.0,0.0,,,,,5521.758,5353.509,4599623.0,0.0,0.0
UGA,1951,False,,,,,,0.0,0.0,127900.0,508704606.91200006,0.0,0.0,0.0,18.0,0.0,0.0,,,,,5670.97,5498.174,5809113.0,0.0,0.0
UGA,1952,False,,,,,,0.0,0.0,120685.0,564177641.312,0.0,0.0,0.0,22.0,0.0,0.0,,,,,5824.797,5647.314,5378594.5,0.0,0.0
UGA,1953,False,,,,,,0.0,0.0,94510.0,594802213.104,0.0,0.0,0.0,18.0,0.0,0.0,,,,,5983.396,5801.081,4334032.0,0.0,0.0
UGA,1954,False,,,,,,0.0,0.0,112910.0,608996152.944,0.0,0.0,0.0,20.0,0.0,0.0,,,,,6147.541,5960.224,4779379.0,0.0,0.0
UGA,1955,False,,,,,,0.0,0.0,125755.0,707212135.52,0.0,0.0,0.0,21.0,0.0,0.0,,,,,6317.454,6124.959,4747895.0,0.0,0.0
UGA,1956,False,,,,,,0.0,0.0,101465.0,759962809.184,0.0,0.0,0.0,20.0,0.0,0.0,,,,,6493.361,6295.507,4759091.0,0.0,0.0
UGA,1957,False,,,,,,0.0,0.0,132045.0,810041068.576,0.0,0.0,0.0,21.0,0.0,0.0,,,,,6675.501,6472.097,5561465.0,0.0,0.0
UGA,1958,False,,,,,,0.0,0.0,126380.0,830159736.224,0.0,0.0,0.0,22.0,0.0,0.0,,,,,6864.123,6654.972,5352930.5,0.0,0.0
UGA,1959,False,,,,,,0.0,0.0,109260.0,885219863.3280001,0.0,0.0,0.0,21.0,0.0,0.0,,,,,7059.486,6844.382,5586295.5,0.0,0.0
UGA,1960,False,,,,,,0.0,0.0,98760.0,1004764122.1600001,0.0,0.0,0.0,22.0,0.0,0.0,423145.696,0.062,,,6788.211,7040.591,5577020.5,0.0,0.0
UGA,1961,False,,,,,,0.0,0.0,96695.0,1068562561.6,0.0,0.0,0.0,21.0,0.0,0.0,441667.04,0.063,,,7006.629,7243.874,5699155.0,0.0,0.0
UGA,1962,True,1.0,1_nonreciprocal,0.0,0.0,1.0,29.0,1.0,107740.0,1154279277.792,0.0,0.0,0.0,22.0,0.0,0.0,449158.304,0.062,,,7240.155,7454.518,5840066.0,0.0,1.0
UGA,1963,True,1.0,1_nonreciprocal,0.0,0.0,1.0,29.0,1.0,142050.0,1241588382.56,0.0,0.0,0.0,22.0,0.0,0.0,516315.648,0.069,,,7487.412,7672.82,6047151.5,0.0,1.0
UGA,1964,True,1.0,1_nonreciprocal,0.0,0.0,1.0,30.0,1.0,186350.0,1356808025.408,0.0,0.0,0.0,22.0,0.0,0.0,589247.488,0.076,,,7746.181,7899.094,6912273.5,0.0,1.0
UGA,1965,True,1.0,1_nonreciprocal,0.0,0.0,1.0,31.0,1.0,185445.0,1474823991.328,0.0,0.0,0.0,23.0,0.0,0.0,884502.336,0.11,,,8014.376,8133.67,6898611.5,0.0,1.0
UGA,1966,True,1.0,1_nonreciprocal,0.0,0.0,1.0,31.0,1.0,226450.0,1613314560.144,0.0,0.0,0.0,24.0,0.0,0.0,925381.504,0.112,,,8292.751,8376.886,7359860.0,0.0,1.0
UGA,1967,True,1.0,1_nonreciprocal,0.0,0.0,1.0,31.0,1.0,237525.0,1724081100.72,0.0,0.0,0.0,26.0,0.0,0.0,967240.704,0.113,,,8580.647,8629.101,7257572.0,0.0,1.0
UGA,1968,True,1.0,1_nonreciprocal,0.0,0.0,1.0,31.0,1.0,245210.0,1867705725.52,0.0,0.0,0.0,23.0,0.0,0.0,1037379.264,0.117,,,8872.89,8890.686,7610888.0,0.0,1.0
UGA,1969,True,1.0,1_nonreciprocal,0.0,0.0,1.0,31.0,1.0,247516.5,2054570607.7919998,0.0,0.0,0.0,28.0,0.0,0.0,1168556.672,0.128,,,9162.794,9162.034,8141681.5,0.0,1.0
UGA,1970,True,1.0,1_nonreciprocal,0.0,0.0,1.0,31.0,1.0,283079.5,2273816559.2320004,0.0,0.0,0.0,28.0,0.0,0.0,1259554.816,0.133,,,9446.024,9446.064,9650907.0,0.0,1.0
UGA,1971,True,1.0,1_nonreciprocal,0.0,0.0,1.0,31.0,1.0,325518.0,2523239156.608,0.0,0.0,0.0,28.0,0.0,0.0,1417191.68,0.146,,,9720.388,9720.398,9059131.0,0.0,1.0
UGA,1972,True,1.0,1_nonreciprocal,0.0,0.0,1.0,31.0,15.0,282802.5,2927304446.368,0.0,0.0,0.0,27.0,0.0,0.0,1490970.368,0.149,,,9988.441,9988.381,10488133.0,0.0,1.0
UGA,1973,True,1.0,1_nonreciprocal,0.0,0.0,1.0,31.0,16.0,301132.5,3532604577.152,0.0,0.0,0.0,26.0,0.0,0.0,1701817.856,0.166,,,10256.553,10256.429,10909168.0,0.0,1.0
UGA,1974,True,1.0,1_nonreciprocal,0.0,0.0,1.0,31.0,18.0,345892.5,3948556657.12,0.0,0.0,0.0,27.0,0.0,0.0,2098945.024,0.199,,,10533.82,10533.716,10199993.0,0.0,1.0
UGA,1975,True,1.0,1_nonreciprocal,0.0,0.0,1.0,31.0,18.0,304810.5,4429510582.784,0.0,0.0,0.0,24.0,0.0,0.0,2359555.584,0.218,,,10827.097,10827.146,10534710.0,0.0,1.0
UGA,1976,True,1.0,1_nonreciprocal,0.0,0.0,1.0,31.0,19.0,389321.5,4806278232.896,0.0,0.0,0.0,25.0,0.0,0.0,2447300.096,0.22,,,11139.632,11139.833,11312760.0,0.0,1.0
UGA,1977,True,1.0,1_nonreciprocal,0.0,0.0,1.0,31.0,19.0,622053.0,5430826885.312,0.0,0.0,0.0,25.0,0.0,0.0,2936470.528,0.256,,,11470.628,11470.867,11657425.0,0.0,1.0
UGA,1978,True,1.0,1_nonreciprocal,0.0,0.0,1.0,31.0,19.0,393635.0,6534032980.16,0.0,0.0,0.0,26.0,0.0,0.0,2420260.864,0.205,,,11818.135,11818.307,11053212.0,0.0,1.0
UGA,1979,True,1.0,1_nonreciprocal,0.0,0.0,1.0,31.0,19.0,450044.0,7510149364.864,0.0,0.0,0.0,23.0,0.0,0.0,2139025.024,0.176,,,12178.512,12178.544,9538029.0,0.0,1.0
UGA,1980,True,1.0,1_nonreciprocal,0.0,0.0,1.0,31.0,19.0,562284.5,8340612450.304,0.0,0.0,0.0,26.0,0.0,0.0,1244610.048,0.099,,,12549.779,12549.54,9075045.0,0.0,1.0
UGA,1981,True,1.0,1_nonreciprocal,0.0,0.0,1.0,31.0,20.0,399792.77,8455798984.639999,0.0,0.0,0.0,23.0,0.0,0.0,1337299.968,0.103,,,12930.714,12930.209,9138912.0,0.0,1.0
UGA,1982,True,1.0,1_nonreciprocal,0.0,0.0,1.0,31.0,20.0,508090.6865,8413404846.592001,0.0,0.0,0.0,24.0,0.0,0.0,2177499.904,0.163,,,13324.39,13323.332,10690338.0,0.0,1.0
UGA,1983,True,1.0,1_nonreciprocal,0.0,0.0,1.0,31.0,20.0,459499.99749999994,8740008512.064,0.0,0.0,0.0,24.0,0.0,0.0,2240333.312,0.163,,,13738.114,13735.271,11903494.0,0.0,1.0
UGA,1984,True,1.0,1_nonreciprocal,0.0,0.0,1.0,31.0,20.0,518761.9165,9461506897.664,0.0,0.0,0.0,25.0,0.0,0.0,3615647.488,0.255,,,14181.63,14174.47,11649678.0,0.0,1.0
UGA,1985,True,1.0,1_nonreciprocal,0.0,0.0,1.0,31.0,20.0,515614.85599999997,10013658187.84,0.0,0.0,0.0,25.0,0.0,0.0,3519695.104,0.24,,,14661.481,14646.624,11428825.0,0.0,1.0
UGA,1986,True,1.0,1_nonreciprocal,0.0,0.0,1.0,31.0,22.0,579153.6869999999,11908986258.239998,0.0,0.0,0.0,23.0,0.0,0.0,3923244.032,0.258,,,15180.721,15154.521,11516640.0,0.0,1.0
UGA,1987,True,1.0,1_nonreciprocal,0.0,0.0,1.0,31.0,22.0,577709.3254999999,13601061168.384003,0.0,0.0,0.0,25.0,0.0,0.0,6269521.92,0.398,,,15736.176,15695.411,12345647.0,0.0,1.0
UGA,1988,True,1.0,1_nonreciprocal,0.0,0.0,1.0,31.0,22.0,526919.0695,15340574223.36,0.0,0.0,0.0,25.0,0.0,0.0,6508931.584,0.399,,,16320.417,16262.533,13065824.0,0.0,1.0
UGA,1989,True,1.0,1_nonreciprocal,0.0,0.0,1.0,31.0,22.0,526770.745,16164941408.576,0.0,0.0,0.0,26.0,0.0,0.0,5276481.024,0.312,,,16922.647,16846.09,13499183.0,0.0,1.0
UGA,1990,True,1.0,1_nonreciprocal,0.0,0.0,1.0,31.0,22.0,456979.37749999994,18322889058.559998,0.0,0.0,0.0,26.0,0.0,0.0,4304399.36,0.245,8814687.022,0.505,17534.84,17438.908,14001528.0,0.0,1.0
UGA,1991,True,1.0,1_nonreciprocal,0.0,0.0,1.0,34.0,22.0,418324.70399999997,19393791276.544,0.0,0.0,0.0,26.0,0.0,0.0,3321729.28,0.183,9613956.773,0.533,18156.096,18040.438,14187973.0,0.0,1.0
UGA,1992,True,1.0,1_nonreciprocal,0.0,0.0,1.0,34.0,22.0,385317.94200000004,20844117865.92,0.0,0.0,0.0,26.0,0.0,0.0,2857457.664,0.152,10169242.635,0.545,18788.441,18652.889,14858128.0,0.0,1.0
UGA,1993,True,1.0,1_nonreciprocal,0.0,0.0,1.0,36.0,23.0,350568.3435,21072670525.888,0.0,0.0,0.0,29.0,0.0,0.0,3220439.296,0.166,11278062.101,0.585,19430.462,19275.422,15515255.0,0.0,1.0
UGA,1994,True,1.0,1_nonreciprocal,0.0,0.0,1.0,36.0,23.0,589165.0020000001,22587045957.952,0.0,0.0,0.0,32.0,0.0,0.0,3990430.464,0.199,12255649.767,0.616,20081.152,19907.635,20718604.0,0.0,1.0
UGA,1995,True,1.0,1_nonreciprocal,0.0,0.0,1.0,36.0,23.0,845274.2119999999,24960546077.760002,0.0,0.0,0.0,29.0,0.0,0.0,5755819.008,0.278,13952966.33,0.679,20740.726,20550.291,20869158.0,1.0,1.0
UGA,1996,True,1.0,1_nonreciprocal,0.0,0.0,1.0,36.0,23.0,802925.2239999999,25115816761.408,0.0,0.0,0.0,30.0,0.0,0.0,6044585.472,0.282,15496622.665,0.731,21407.694,21202.117,21243436.0,1.0,1.0
UGA,1997,True,1.0,1_nonreciprocal,0.0,0.0,1.0,36.0,23.0,902607.8725,24683023210.688,0.0,0.0,0.0,32.0,0.0,0.0,6269333.504,0.284,16565702.465,0.758,22084.526,21865.93,22135028.0,1.0,1.0
UGA,1998,True,1.0,1_nonreciprocal,0.0,0.0,1.0,36.0,23.0,689507.9139999999,24755038679.936,0.0,0.0,0.0,34.0,0.0,0.0,6584815.616,0.289,17566893.165,0.779,22780.451,22551.789,23940662.0,1.0,1.0
UGA,1999,True,1.0,1_nonreciprocal,0.0,0.0,1.0,36.0,23.0,598062.1165,26015395041.984,0.0,0.0,0.0,34.0,0.0,0.0,5998563.328,0.255,19272203.113,0.828,23507.799,23272.994,25071722.0,1.0,1.0
UGA,2000,True,1.0,1_nonreciprocal,0.0,0.0,1.0,36.0,24.0,610409.2245,26479956300.608,0.0,0.0,0.0,35.0,0.0,0.0,6193246.72,0.255,20330039.284,0.846,24275.64,24039.273,26239194.0,1.0,1.0
UGA,2001,True,1.0,1_nonreciprocal,0.0,0.0,1.0,36.0,24.0,613009.151,26213172625.856,0.0,0.0,0.0,36.0,0.0,0.0,5840503.808,0.233,21871197.05,0.88,25088.034,24854.893,28148100.0,1.0,1.0
UGA,2002,True,1.0,1_nonreciprocal,0.0,0.0,1.0,36.0,24.0,639173.4894999999,27332669775.68,0.0,0.0,0.0,36.0,0.0,0.0,6178563.584,0.238,24146210.089,0.939,25943.441,25718.049,29859420.0,1.0,1.0
UGA,2003,True,1.0,1_nonreciprocal,0.0,0.0,1.0,36.0,25.0,766127.4295,30659992696.192,0.0,0.0,0.0,35.0,0.0,0.0,6336696.32,0.236,26221913.771,0.985,26838.428,26624.82,31061256.0,1.0,1.0
UGA,2004,True,1.0,1_nonreciprocal,0.0,0.0,1.0,36.0,32.0,934308.2695,34051005386.304,0.0,0.0,0.0,35.0,0.0,0.0,7940362.752,0.286,28777012.301,1.044,27766.987,27568.436,32893640.0,1.0,1.0
UGA,2005,True,1.0,1_nonreciprocal,0.0,0.0,1.0,36.0,32.0,1042577.7884999999,35810110801.536,0.0,0.0,0.0,36.0,0.0,0.0,9013834.752,0.314,31583911.262,1.107,28724.869,28543.939,36940684.0,1.0,1.0
UGA,2006,True,1.0,1_nonreciprocal,0.0,0.0,1.0,36.0,32.0,1151949.944,37668340994.816,0.0,0.0,0.0,36.0,0.0,0.0,9942597.632,0.335,36065146.224,1.22,29711.397,29550.66,39716480.0,1.0,1.0
UGA,2007,True,1.0,1_nonreciprocal,0.0,0.0,1.0,36.0,32.0,1573935.1409999996,41090276041.472,0.0,0.0,0.0,36.0,0.0,0.0,12292813.824,0.4,40139658.526,1.312,30728.746,30590.486,42628104.0,1.0,1.0
UGA,2008,True,1.0,1_nonreciprocal,0.0,0.0,1.0,36.0,32.0,2008714.2995,43356354594.304,0.0,0.0,0.0,36.0,0.0,0.0,14239027.2,0.448,44491277.677,1.405,31778.799,31663.896,46018060.0,1.0,1.0
UGA,2009,True,1.0,1_nonreciprocal,0.0,0.0,1.0,36.0,32.0,1728131.5235,40865587641.088,0.0,0.0,0.0,36.0,0.0,0.0,14824492.032,0.451,47849298.364,1.46,32864.326,32771.895,51353840.0,1.0,1.0
UGA,2010,True,2.0,2_reciprocal_pta,1.0,0.0,0.0,36.0,32.0,1743931.1655000001,42666123500.352005,1050851.4409999999,16055404053.504,23.0,35.0,0.6025762150415562,0.37630332301858965,16030996.48,0.472,51177169.722,1.509,33987.213,33915.133,55708408.0,1.0,1.0
UGA,2011,True,2.0,2_reciprocal_pta,1.0,0.0,0.0,36.0,32.0,2051126.0025,45767108476.736,1193184.8909999998,17343868811.263996,23.0,36.0,0.5817218881461671,0.378959243625367,15493319.68,0.441,57164099.632,1.629,35148.064,35093.648,60677240.0,1.0,1.0
UGA,2012,True,2.0,2_reciprocal_pta,1.0,0.0,0.0,36.0,32.0,1772570.8865,45700867909.632,1069313.774,16350456960.0,23.0,36.0,0.6032558596916795,0.35777125704332513,20040544.256,0.551,60460366.311,1.665,36345.86,36306.797,62338996.0,1.0,1.0
UGA,2013,True,2.0,2_reciprocal_pta,1.0,0.0,0.0,36.0,32.0,1961186.8285,46150748830.01601,1118810.3945,16996796837.888,23.0,36.0,0.5704761923960677,0.36828864685362256,21493614.592,0.572,63632692.238,1.694,37578.876,37553.727,65195816.0,1.0,1.0
UGA,2014,True,2.0,2_reciprocal_pta,1.0,0.0,0.0,36.0,32.0,1912756.3424999998,47358762874.11201,1127753.0614999996,17590487070.72,23.0,36.0,0.5895957767553447,0.3714304598175133,27927875.584,0.719,68170407.743,1.755,38833.34,38833.34,68461232.0,1.0,1.0
UGA,2015,True,2.0,2_reciprocal_pta,1.0,0.0,0.0,36.0,32.0,1722262.673,44849923518.08,1023647.8704999998,15459393649.663998,23.0,36.0,0.5943622227595011,0.3446916390711786,27856379.904,0.694,72344516.453,1.802,40144.871,40144.871,72099360.0,1.0,1.0
UGA,2016,True,2.0,2_reciprocal_pta,1.0,0.0,0.0,36.0,32.0,1555431.997,45883796063.871994,974804.6085,15514617285.632002,23.0,36.0,0.6267098853438335,0.338128459642595,25527910.4,0.615,76702400.286,1.849,41487.965,41487.965,71805696.0,1.0,1.0
UGA,2017,True,2.0,2_reciprocal_pta,1.0,0.0,0.0,36.0,32.0,1839357.3554999998,48443791181.825,1071377.415,16468535362.169998,23.0,36.0,0.582473770959403,0.3399514150401304,30744473.912,0.747,85406362.066,2.075,41166.588,42862.957,74577760.0,1.0,1.0
ZAF,1950,True,1.0,1_nonreciprocal,0.0,0.0,1.0,28.0,1.0,1158150.0,439149675.856,0.0,0.0,0.0,22.0,0.0,0.0,3513959.936,0.258,,,13595.84,13655.348,69317896.0,0.0,1.0
ZAF,1951,True,1.0,1_nonreciprocal,0.0,0.0,1.0,28.0,1.0,1501590.0,508704606.91200006,0.0,0.0,0.0,22.0,0.0,0.0,3831000.064,0.275,,,13926.314,13987.268,70897424.0,0.0,1.0
ZAF,1952,True,1.0,1_nonreciprocal,0.0,0.0,1.0,28.0,1.0,1390540.0,564177641.312,0.0,0.0,0.0,21.0,0.0,0.0,4099020.032,0.287,,,14264.935,14327.37,65818752.0,0.0,1.0
ZAF,1953,True,1.0,1_nonreciprocal,0.0,0.0,1.0,28.0,1.0,1496510.0,594802213.104,0.0,0.0,0.0,23.0,0.0,0.0,4712069.632,0.322,,,14623.631,14687.637,73755792.0,0.0,1.0
ZAF,1954,True,1.0,1_nonreciprocal,0.0,0.0,1.0,28.0,1.0,1517250.0,608996152.944,0.0,0.0,0.0,23.0,0.0,0.0,5063109.632,0.338,,,14991.552,15057.169,79818144.0,0.0,1.0
ZAF,1955,True,1.0,1_nonreciprocal,0.0,0.0,1.0,28.0,1.0,1669240.0,707212135.52,0.0,0.0,0.0,24.0,0.0,0.0,5313799.68,0.346,,,15368.551,15435.816,82550384.0,0.0,1.0
ZAF,1956,True,1.0,1_nonreciprocal,0.0,0.0,1.0,28.0,1.0,1763360.0,759962809.184,0.0,0.0,0.0,24.0,0.0,0.0,5724859.904,0.363,,,15755.234,15824.191,87431008.0,0.0,1.0
ZAF,1957,True,1.0,1_nonreciprocal,0.0,0.0,1.0,28.0,1.0,1899750.0,810041068.576,0.0,0.0,0.0,21.0,0.0,0.0,6071130.112,0.376,,,16151.548,16222.242,92384512.0,0.0,1.0
ZAF,1958,True,1.0,1_nonreciprocal,0.0,0.0,1.0,28.0,1.0,2035220.062,830159736.224,0.0,0.0,0.0,23.0,0.0,0.0,6284709.888,0.38,,,16558.044,16630.516,92340888.0,0.0,1.0
ZAF,1959,True,1.0,1_nonreciprocal,0.0,0.0,1.0,28.0,1.0,1958230.0,885219863.3280001,0.0,0.0,0.0,22.0,0.0,0.0,6663390.208,0.393,,,16974.985,17049.279,93673216.0,0.0,1.0
ZAF,1960,True,1.0,1_nonreciprocal,0.0,0.0,1.0,29.0,1.0,2205920.0,1004764122.1600001,0.0,0.0,0.0,24.0,0.0,0.0,7363240.448,0.423,,,17396.0,17492.883,98141744.0,0.0,1.0
ZAF,1961,True,1.0,1_nonreciprocal,0.0,0.0,1.0,29.0,1.0,2207640.0,1068562561.6,0.0,0.0,0.0,24.0,0.0,0.0,7742786.56,0.431,,,17949.963,17948.205,101913552.0,0.0,1.0
ZAF,1962,True,1.0,1_nonreciprocal,0.0,0.0,1.0,29.0,1.0,2367870.0,1154279277.792,0.0,0.0,0.0,25.0,0.0,0.0,8269859.328,0.448,,,18459.442,18437.002,105809136.0,0.0,1.0
ZAF,1963,True,1.0,1_nonreciprocal,0.0,0.0,1.0,29.0,1.0,2746140.062,1241588382.56,0.0,0.0,0.0,25.0,0.0,0.0,9175048.192,0.485,,,18936.138,18939.242,113012136.0,0.0,1.0
ZAF,1964,True,1.0,1_nonreciprocal,0.0,0.0,1.0,30.0,1.0,3274400.124,1356808025.408,0.0,0.0,0.0,25.0,0.0,0.0,10071642.112,0.519,,,19390.554,19455.295,120960928.0,0.0,1.0
ZAF,1965,True,1.0,1_nonreciprocal,0.0,0.0,1.0,31.0,1.0,3474560.0,1474823991.328,0.0,0.0,0.0,26.0,0.0,0.0,11002595.328,0.555,,,19832.001,19985.334,126905088.0,0.0,1.0
ZAF,1966,True,1.0,1_nonreciprocal,0.0,0.0,1.0,31.0,1.0,3567460.0,1613314560.144,0.0,0.0,0.0,25.0,0.0,0.0,11995195.392,0.592,,,20268.595,20529.951,133069832.0,0.0,1.0
ZAF,1967,True,1.0,1_nonreciprocal,0.0,0.0,1.0,31.0,1.0,4029200.0,1724081100.72,0.0,0.0,0.0,25.0,0.0,0.0,13382594.56,0.646,,,20707.258,21089.223,143931808.0,0.0,1.0
ZAF,1968,True,1.0,1_nonreciprocal,0.0,0.0,1.0,31.0,1.0,4239130.0,1867705725.52,0.0,0.0,0.0,26.0,0.0,0.0,14475994.112,0.684,,,21153.723,21663.873,150691280.0,0.0,1.0
ZAF,1969,True,1.0,1_nonreciprocal,0.0,0.0,1.0,31.0,1.0,4691559.0,2054570607.7919998,0.0,0.0,0.0,25.0,0.0,0.0,16315592.704,0.755,,,21612.522,22254.334,161681760.0,0.0,1.0
ZAF,1970,True,1.0,1_nonreciprocal,0.0,0.0,1.0,31.0,1.0,5220932.062,2273816559.2320004,0.0,0.0,0.0,25.0,0.0,0.0,17907392.512,0.811,,,22087.0,22839.451,169784176.0,0.0,1.0
ZAF,1971,True,1.0,1_nonreciprocal,0.0,0.0,1.0,31.0,1.0,5491761.0,2523239156.608,0.0,0.0,0.0,25.0,0.0,0.0,19764631.552,0.874,,,22602.373,23482.812,172453888.0,0.0,1.0
ZAF,1972,True,1.0,1_nonreciprocal,0.0,0.0,1.0,31.0,1.0,5612045.938,2927304446.368,0.0,0.0,0.0,25.0,0.0,0.0,20753098.752,0.897,,,23126.276,24148.137,179654096.0,0.0,1.0
ZAF,1973,True,1.0,1_nonreciprocal,0.0,0.0,1.0,31.0,1.0,7723215.124,3532604577.152,0.0,0.0,0.0,26.0,0.0,0.0,28445480.96,1.202,,,23655.909,24829.693,205292784.0,0.0,1.0
ZAF,1974,True,1.0,1_nonreciprocal,0.0,0.0,1.0,31.0,1.0,11389887.0,3948556657.12,0.0,0.0,0.0,26.0,0.0,0.0,35728949.248,1.477,,,24189.837,25519.604,220368064.0,0.0,1.0
ZAF,1975,True,1.0,1_nonreciprocal,0.0,0.0,1.0,31.0,1.0,12681035.876,4429510582.784,0.0,0.0,0.0,26.0,0.0,0.0,36947550.208,1.494,,,24728.001,26212.404,219222896.0,0.0,1.0
ZAF,1976,True,1.0,1_nonreciprocal,0.0,0.0,1.0,31.0,1.0,11934909.563000001,4806278232.896,0.0,0.0,0.0,26.0,0.0,0.0,35475197.952,1.404,,,25268.093,26904.348,215882016.0,0.0,1.0
ZAF,1977,True,1.0,1_nonreciprocal,0.0,0.0,1.0,31.0,1.0,12957931.061999999,5430826885.312,0.0,0.0,0.0,26.0,0.0,0.0,39400148.992,1.527,,,25805.574,27597.297,215277600.0,0.0,1.0
ZAF,1978,True,1.0,1_nonreciprocal,0.0,0.0,1.0,31.0,1.0,15965033.0,6534032980.16,0.0,0.0,0.0,26.0,0.0,0.0,45328400.384,1.72,,,26355.318,28298.148,225278256.0,0.0,1.0
ZAF,1979,True,1.0,1_nonreciprocal,0.0,0.0,1.0,31.0,1.0,19392734.001000002,7510149364.864,0.0,0.0,0.0,25.0,0.0,0.0,55936737.28,2.076,,,26940.792,29017.049,238018464.0,0.0,1.0
ZAF,1980,True,1.0,1_nonreciprocal,0.0,0.0,1.0,31.0,1.0,25715690.125,8340612450.304,0.0,0.0,0.0,25.0,0.0,0.0,80543506.432,2.921,,,27576.0,29760.471,274383392.0,0.0,1.0
ZAF,1981,True,1.0,1_nonreciprocal,0.0,0.0,1.0,31.0,1.0,25594036.25,8455798984.639999,0.0,0.0,0.0,24.0,0.0,0.0,86830014.464,3.073,,,28254.656,30532.953,273048288.0,0.0,1.0
ZAF,1982,True,1.0,1_nonreciprocal,0.0,0.0,1.0,31.0,1.0,21813338.062,8413404846.592001,0.0,0.0,0.0,24.0,0.0,0.0,80086548.48,2.764,,,28971.84,31330.26,274075520.0,0.0,1.0
ZAF,1983,True,1.0,1_nonreciprocal,0.0,0.0,1.0,31.0,1.0,19244036.938,8740008512.064,0.0,0.0,0.0,24.0,0.0,0.0,86013100.032,2.894,,,29724.005,32139.709,279862688.0,0.0,1.0
ZAF,1984,True,1.0,1_nonreciprocal,0.0,0.0,1.0,31.0,1.0,21202602.063,9461506897.664,0.0,0.0,0.0,25.0,0.0,0.0,85171208.192,2.792,,,30505.362,32943.586,285897120.0,0.0,1.0
ZAF,1985,True,1.0,1_nonreciprocal,0.0,0.0,1.0,31.0,1.0,17803678.937,10013658187.84,0.0,0.0,0.0,25.0,0.0,0.0,67066232.832,2.142,,,31307.88,33730.148,286219520.0,0.0,1.0
ZAF,1986,True,1.0,1_nonreciprocal,0.0,0.0,1.0,31.0,1.0,19294469.094,11908986258.239998,0.0,0.0,0.0,26.0,0.0,0.0,79501623.296,2.475,,,32121.288,34490.418,281114400.0,0.0,1.0
ZAF,1987,True,1.0,1_nonreciprocal,0.0,0.0,1.0,31.0,1.0,20012914.344,13601061168.384003,0.0,0.0,0.0,26.0,0.0,0.0,104022122.496,3.159,,,32933.083,35230.246,292336768.0,0.0,1.0
ZAF,1988,True,1.0,1_nonreciprocal,0.0,0.0,1.0,31.0,1.0,23631600.744,15340574223.36,0.0,0.0,0.0,26.0,0.0,0.0,114631065.6,3.399,,,33728.497,35970.535,299999296.0,0.0,1.0
ZAF,1989,True,1.0,1_nonreciprocal,0.0,0.0,1.0,31.0,1.0,23883172.334,16164941408.576,0.0,0.0,0.0,25.0,0.0,0.0,124908314.624,3.622,,,34490.547,36740.883,306264672.0,0.0,1.0
ZAF,1990,True,1.0,1_nonreciprocal,0.0,0.0,1.0,31.0,1.0,24072223.921,18322889058.559998,0.0,0.0,0.0,23.0,0.0,0.0,112013934.592,3.182,235395245.661,6.398,35200.001,37560.523,306165248.0,0.0,1.0
ZAF,1991,True,1.0,1_nonreciprocal,0.0,0.0,1.0,34.0,1.0,25045079.803999998,19393791276.544,0.0,0.0,0.0,25.0,0.0,0.0,120225333.248,3.346,240753637.822,6.387,35933.109,38437.855,305423616.0,0.0,1.0
ZAF,1992,True,1.0,1_nonreciprocal,0.0,0.0,1.0,34.0,1.0,25355624.169,20844117865.92,0.0,0.0,0.0,26.0,0.0,0.0,130513035.264,3.557,240979561.907,6.235,36690.739,39360.227,303201280.0,0.0,1.0
ZAF,1993,True,1.0,1_nonreciprocal,0.0,0.0,1.0,36.0,1.0,24719466.934,21072670525.888,0.0,0.0,0.0,29.0,0.0,0.0,130405965.824,3.48,249756350.967,6.304,37473.797,40300.16,312478688.0,0.0,1.0
ZAF,1994,True,1.0,1_nonreciprocal,0.0,0.0,1.0,36.0,13.0,27835854.211000003,22587045957.952,0.0,0.0,0.0,33.0,0.0,0.0,135777918.976,3.547,263320874.85,6.492,38283.222,41218.902,323038112.0,0.0,1.0
ZAF,1995,True,1.0,1_nonreciprocal,0.0,0.0,1.0,36.0,17.0,36279676.432,24960546077.760002,0.0,0.0,0.0,33.0,0.0,0.0,151113089.024,3.863,277188121.8,6.691,39119.999,42088.164,339487264.0,1.0,1.0
ZAF,1996,True,1.0,1_nonreciprocal,0.0,0.0,1.0,36.0,17.0,37584426.663,25115816761.408,0.0,0.0,0.0,33.0,0.0,0.0,143731998.72,3.593,294404006.944,6.975,40000.248,42898.52,352995872.0,1.0,1.0
ZAF,1997,True,1.0,1_nonreciprocal,0.0,0.0,1.0,36.0,17.0,39802002.429,24683023210.688,0.0,0.0,0.0,35.0,0.0,0.0,148814168.064,3.636,307368479.879,7.161,40926.064,43657.023,360550912.0,1.0,1.0
ZAF,1998,True,1.0,1_nonreciprocal,0.0,0.0,1.0,36.0,17.0,38796967.674,24755038679.936,0.0,0.0,0.0,36.0,0.0,0.0,134295552.0,3.205,312311675.878,7.166,41899.685,44372.113,362501888.0,1.0,1.0
ZAF,1999,True,1.0,1_nonreciprocal,0.0,0.0,1.0,36.0,18.0,36800777.597,26015395041.984,0.0,0.0,0.0,36.0,0.0,0.0,133183578.112,3.103,324568398.437,7.338,42923.485,45058.777,371582784.0,1.0,1.0
ZAF,2000,True,3.0,3_fta,1.0,1.0,0.0,36.0,19.0,39632866.4285,26479956300.608,21963415.138499998,8368142331.903999,15.0,36.0,0.5541717548520817,0.31601798118193497,132877639.68,3.02,345745194.239,7.701,44000.0,45728.312,390818912.0,1.0,1.0
ZAF,2001,True,3.0,3_fta,1.0,1.0,0.0,36.0,20.0,39280046.3635,26213172625.856,22587239.696500007,8429408583.68,15.0,36.0,0.5750308817733126,0.32157147492194244,118478987.264,2.638,363297762.924,8.018,44909.737,46385.008,406562848.0,1.0,1.0
ZAF,2002,True,3.0,3_fta,1.0,1.0,0.0,36.0,21.0,40013520.43349999,27332669775.68,23521145.4005,9178645106.688002,15.0,36.0,0.587829942121456,0.33581224161479295,111100854.272,2.425,382404415.949,8.339,45808.735,47026.172,425263584.0,1.0,1.0
ZAF,2003,True,3.0,3_fta,1.0,1.0,0.0,36.0,21.0,50709298.578,30659992696.192,29187593.648999996,11200907083.776,15.0,36.0,0.5755866175925158,0.36532647593119494,168219328.512,3.625,401532058.018,8.65,46409.245,47648.727,438638848.0,1.0,1.0
ZAF,2004,True,3.0,3_fta,1.0,1.0,0.0,36.0,28.0,64868169.9,34051005386.304,36806752.0115,13189681691.647999,23.0,36.0,0.5674085158906264,0.3873507270053516,219092942.848,4.66,431363998.923,9.178,47019.451,48247.395,459779584.0,1.0,1.0
ZAF,2005,True,3.0,3_fta,1.0,1.0,0.0,36.0,28.0,73837278.80649999,35810110801.536,40858752.6005,13722456091.647999,23.0,36.0,0.5533621127557474,0.3832006040891502,247051567.104,5.186,468739741.176,9.846,47639.557,48820.586,494829056.0,1.0,1.0
ZAF,2006,True,3.0,3_fta,1.0,1.0,0.0,36.0,28.0,83574057.0035,37668340994.816,45961463.08099999,14609309695.999998,23.0,36.0,0.5499489282789655,0.3878405395663845,261007032.32,5.407,510214259.733,10.578,48269.753,49364.582,531092704.0,1.0,1.0
ZAF,2007,True,3.0,3_fta,1.0,1.0,0.0,36.0,28.0,98579406.7505,41090276041.472,55844949.472,16819504731.136,23.0,36.0,0.5664971144870149,0.40933053635756167,286171824.128,5.851,551870506.755,11.289,48910.248,49887.18,562114880.0,1.0,1.0
ZAF,2008,True,3.0,3_fta,1.0,1.0,0.0,36.0,29.0,104502393.465,43356354594.304,61140960.902499996,19017046462.976,26.0,36.0,0.5850675652034454,0.43862189616546754,273141743.616,5.511,580651989.057,11.717,49561.256,50412.129,574922624.0,1.0,1.0
ZAF,2009,True,3.0,3_fta,1.0,1.0,0.0,36.0,29.0,72544128.571,40865587641.088,44660876.57349999,17090015285.76,26.0,36.0,0.615637370704505,0.4182006493056513,284183101.44,5.658,576062823.643,11.463,50222.996,50970.816,565836032.0,1.0,1.0
ZAF,2010,True,3.0,3_fta,1.0,1.0,0.0,36.0,29.0,90627436.45149998,42666123500.352005,52307250.9825,17070819351.551998,26.0,36.0,0.5771679419674709,0.4001024220400796,365208436.736,7.176,600823459.854,11.786,50895.699,51584.664,592812864.0,1.0,1.0
ZAF,2011,True,3.0,3_fta,1.0,1.0,0.0,36.0,29.0,107746341.8815,45767108476.736,62152672.432000004,18545620219.904,26.0,36.0,0.5768425298406497,0.40521721465822935,403894304.768,7.831,633367849.861,12.244,51579.597,52263.516,625141632.0,1.0,1.0
ZAF,2012,True,3.0,3_fta,1.0,1.0,0.0,36.0,29.0,97197599.06750001,45700867909.632,55373970.008999996,17530770119.679996,26.0,36.0,0.569705121733973,0.38359818798944906,382337646.592,7.314,659311102.614,12.557,52274.944,52998.215,633626048.0,1.0,1.0
ZAF,2013,True,3.0,3_fta,1.0,1.0,0.0,36.0,29.0,92330552.606,46150748830.01601,52686419.442499995,18210141523.968002,26.0,36.0,0.5706282260361585,0.39457954606630996,350630117.376,6.618,686636201.658,12.88,52981.991,53767.395,645224960.0,1.0,1.0
ZAF,2014,True,3.0,3_fta,1.0,1.0,0.0,36.0,29.0,89814198.95099999,47358762874.11201,53151930.8175,18808711341.056004,26.0,36.0,0.5917987516261003,0.39715377259859796,350850580.48,6.48,710808391.881,13.127,54146.736,54539.57,656694208.0,1.0,1.0
ZAF,2015,True,3.0,3_fta,1.0,1.0,0.0,36.0,28.0,81279554.2775,44849923518.08,47999468.493999995,16533545740.288,26.0,36.0,0.5905478803454428,0.36864155930216824,317406609.408,5.77,727787801.42,13.23,55011.978,55291.227,667783360.0,1.0,1.0
ZAF,2016,True,3.0,3_fta,1.0,1.0,0.0,36.0,28.0,75301581.33900002,45883796063.871994,47019593.5345,16565048626.176,26.0,36.0,0.6244170799391663,0.36102175598367714,294840664.064,5.274,739419184.416,13.225,55908.867,56015.473,669013696.0,1.0,1.0
ZAF,2017,True,3.0,3_fta,1.0,1.0,0.0,36.0,28.0,83095441.265,48443791181.825,50651911.21450001,17596136119.579998,26.0,36.0,0.6095630571714012,0.36322789134186645,381448814.653,6.691,790170550.983,13.86,57009.75,56717.156,686413952.0,1.0,1.0
ZMB,1950,False,,,,,,0.0,0.0,143095.0,439149675.856,0.0,0.0,0.0,13.0,0.0,0.0,,,,,2553.0,,,0.0,0.0
ZMB,1951,False,,,,,,0.0,0.0,189680.0,508704606.91200006,0.0,0.0,0.0,15.0,0.0,0.0,,,,,2611.0,,,0.0,0.0
ZMB,1952,False,,,,,,0.0,0.0,248145.0,564177641.312,0.0,0.0,0.0,17.0,0.0,0.0,,,,,2672.0,,,0.0,0.0
ZMB,1953,False,,,,,,0.0,0.0,293060.0,594802213.104,0.0,0.0,0.0,17.0,0.0,0.0,,,,,2734.0,,,0.0,0.0
ZMB,1954,False,,,,,,0.0,0.0,,608996152.944,0.0,0.0,0.0,0.0,,0.0,,,,,2800.0,,,0.0,0.0
ZMB,1955,False,,,,,,0.0,0.0,,707212135.52,0.0,0.0,0.0,0.0,,0.0,,,,,2869.0,2816.578,7241435.0,0.0,0.0
ZMB,1956,False,,,,,,0.0,0.0,,759962809.184,0.0,0.0,0.0,0.0,,0.0,,,,,2941.0,2887.263,7657480.0,0.0,0.0
ZMB,1957,False,,,,,,0.0,0.0,,810041068.576,0.0,0.0,0.0,0.0,,0.0,,,,,3016.0,2960.893,6481233.0,0.0,0.0
ZMB,1958,False,,,,,,0.0,0.0,,830159736.224,0.0,0.0,0.0,0.0,,0.0,,,,,3094.0,3037.468,5865294.5,0.0,0.0
ZMB,1959,False,,,,,,0.0,0.0,,885219863.3280001,0.0,0.0,0.0,0.0,,0.0,,,,,3173.0,3115.024,7488360.5,0.0,0.0
ZMB,1960,False,,,,,,0.0,0.0,,1004764122.1600001,0.0,0.0,0.0,0.0,,0.0,698739.712,0.227,,,3082.627,3194.544,8023326.0,0.0,0.0
ZMB,1961,False,,,,,,0.0,0.0,,1068562561.6,0.0,0.0,0.0,0.0,,0.0,682359.744,0.215,,,3173.662,3276.027,7869604.5,0.0,0.0
ZMB,1962,False,,,,,,0.0,0.0,,1154279277.792,0.0,0.0,0.0,0.0,,0.0,679279.744,0.208,,,3269.151,3358.493,7696265.0,0.0,0.0
ZMB,1963,False,,,,,,0.0,0.0,,1241588382.56,0.0,0.0,0.0,0.0,,0.0,704339.712,0.209,,,3368.961,3443.903,8096272.5,0.0,0.0
ZMB,1964,True,1.0,1_nonreciprocal,0.0,0.0,1.0,30.0,1.0,443266.364,1356808025.408,0.0,0.0,0.0,20.0,0.0,0.0,822639.68,0.237,,,3472.843,3533.24,9422524.0,0.0,0.0
ZMB,1965,True,1.0,1_nonreciprocal,0.0,0.0,1.0,31.0,1.0,568405.0,1474823991.328,0.0,0.0,0.0,22.0,0.0,0.0,1061199.552,0.296,,,3580.708,3626.504,10127161.0,0.0,0.0
ZMB,1966,True,1.0,1_nonreciprocal,0.0,0.0,1.0,31.0,1.0,763660.0,1613314560.144,0.0,0.0,0.0,24.0,0.0,0.0,1238999.552,0.336,,,3692.409,3724.677,12766050.0,0.0,0.0
ZMB,1967,True,1.0,1_nonreciprocal,0.0,0.0,1.0,31.0,1.0,804292.9985,1724081100.72,0.0,0.0,0.0,24.0,0.0,0.0,1340639.488,0.352,,,3808.277,3828.74,14184526.0,0.0,0.0
ZMB,1968,True,1.0,1_nonreciprocal,0.0,0.0,1.0,31.0,1.0,954681.818,1867705725.52,0.0,0.0,0.0,22.0,0.0,0.0,1573739.392,0.401,,,3929.254,3935.749,14953740.0,0.0,0.0
ZMB,1969,True,1.0,1_nonreciprocal,0.0,0.0,1.0,31.0,1.0,1207842.326,2054570607.7919998,0.0,0.0,0.0,27.0,0.0,0.0,1926399.232,0.475,,,4056.584,4047.666,17266662.0,0.0,0.0
ZMB,1970,True,1.0,1_nonreciprocal,0.0,0.0,1.0,31.0,1.0,1198372.009,2273816559.2320004,0.0,0.0,0.0,28.0,0.0,0.0,1788779.264,0.427,,,4191.114,4173.928,14279537.0,0.0,0.0
ZMB,1971,True,1.0,1_nonreciprocal,0.0,0.0,1.0,31.0,1.0,871458.7675,2523239156.608,0.0,0.0,0.0,28.0,0.0,0.0,1653259.392,0.382,,,4333.234,4317.748,11563753.0,0.0,0.0
ZMB,1972,True,1.0,1_nonreciprocal,0.0,0.0,1.0,31.0,14.0,967521.2285,2927304446.368,0.0,0.0,0.0,28.0,0.0,0.0,1872416.64,0.418,,,4482.567,4469.895,12575651.0,0.0,0.0
ZMB,1973,True,1.0,1_nonreciprocal,0.0,0.0,1.0,31.0,15.0,1262278.7265,3532604577.152,0.0,0.0,0.0,28.0,0.0,0.0,2434255.36,0.525,,,4638.227,4629.402,13902429.0,0.0,0.0
ZMB,1974,True,1.0,1_nonreciprocal,0.0,0.0,1.0,31.0,17.0,1690531.7684999998,3948556657.12,0.0,0.0,0.0,28.0,0.0,0.0,2910981.376,0.607,,,4798.913,4794.754,13393889.0,0.0,0.0
ZMB,1975,True,1.0,1_nonreciprocal,0.0,0.0,1.0,31.0,17.0,1299945.9555,4429510582.784,0.0,0.0,0.0,28.0,0.0,0.0,2442672.128,0.492,,,4963.655,4964.831,11432100.0,0.0,0.0
ZMB,1976,True,1.0,1_nonreciprocal,0.0,0.0,1.0,31.0,19.0,1284756.522,4806278232.896,0.0,0.0,0.0,27.0,0.0,0.0,2742859.264,0.534,,,5131.916,5139.03,12310979.0,0.0,0.0
ZMB,1977,True,1.0,1_nonreciprocal,0.0,0.0,1.0,31.0,19.0,1244984.494,5430826885.312,0.0,0.0,0.0,27.0,0.0,0.0,2515297.024,0.474,,,5303.836,5317.631,10076909.0,0.0,0.0
ZMB,1978,True,1.0,1_nonreciprocal,0.0,0.0,1.0,31.0,19.0,1086570.7740000002,6534032980.16,0.0,0.0,0.0,28.0,0.0,0.0,2811032.576,0.513,,,5479.897,5501.445,9005572.0,0.0,0.0
ZMB,1979,True,1.0,1_nonreciprocal,0.0,0.0,1.0,31.0,19.0,1638357.8634999997,7510149364.864,0.0,0.0,0.0,27.0,0.0,0.0,3353445.376,0.592,,,5660.893,5691.749,9704674.0,0.0,0.0
ZMB,1980,True,1.0,1_nonreciprocal,0.0,0.0,1.0,31.0,19.0,1821082.9620000003,8340612450.304,0.0,0.0,0.0,28.0,0.0,0.0,3884530.944,0.664,,,5847.241,5889.23,8901894.0,0.0,0.0
ZMB,1981,True,1.0,1_nonreciprocal,0.0,0.0,1.0,31.0,20.0,1360157.542,8455798984.639999,0.0,0.0,0.0,26.0,0.0,0.0,4008126.464,0.664,,,6038.971,6094.206,9619052.0,0.0,0.0
ZMB,1982,True,1.0,1_nonreciprocal,0.0,0.0,1.0,31.0,20.0,1189961.5045,8413404846.592001,0.0,0.0,0.0,27.0,0.0,0.0,3871117.056,0.621,,,6235.352,6305.709,9602663.0,0.0,1.0
ZMB,1983,True,1.0,1_nonreciprocal,0.0,0.0,1.0,31.0,20.0,923930.876,8740008512.064,0.0,0.0,0.0,28.0,0.0,0.0,3321048.576,0.516,,,6435.11,6521.542,10026677.0,0.0,1.0
ZMB,1984,True,1.0,1_nonreciprocal,0.0,0.0,1.0,31.0,20.0,827291.5215,9461506897.664,0.0,0.0,0.0,28.0,0.0,0.0,2719518.976,0.41,,,6636.56,6738.765,11891359.0,0.0,1.0
ZMB,1985,True,1.0,1_nonreciprocal,0.0,0.0,1.0,31.0,20.0,770084.767,10013658187.84,0.0,0.0,0.0,27.0,0.0,0.0,2252454.4,0.329,,,6838.392,6955.212,13328411.0,0.0,1.0
ZMB,1986,True,1.0,1_nonreciprocal,0.0,0.0,1.0,31.0,22.0,762992.8224999999,11908986258.239998,0.0,0.0,0.0,28.0,0.0,0.0,1664413.568,0.236,,,7040.796,7170.656,11592210.0,0.0,1.0
ZMB,1987,True,1.0,1_nonreciprocal,0.0,0.0,1.0,31.0,22.0,882222.88,13601061168.384003,0.0,0.0,0.0,27.0,0.0,0.0,2265251.072,0.313,,,7243.918,7385.686,12529588.0,0.0,1.0
ZMB,1988,True,1.0,1_nonreciprocal,0.0,0.0,1.0,31.0,22.0,1194011.8835000002,15340574223.36,0.0,0.0,0.0,28.0,0.0,0.0,3728878.08,0.501,,,7446.478,7600.072,12785635.0,0.0,1.0
ZMB,1989,True,1.0,1_nonreciprocal,0.0,0.0,1.0,31.0,22.0,1385927.5565000002,16164941408.576,0.0,0.0,0.0,28.0,0.0,0.0,3994673.152,0.522,,,7646.911,7813.808,10392378.0,0.0,1.0
ZMB,1990,True,1.0,1_nonreciprocal,0.0,0.0,1.0,31.0,22.0,1269950.0095000002,18322889058.559998,0.0,0.0,0.0,28.0,0.0,0.0,3288381.696,0.419,12150601.761,1.514,7844.516,8027.253,10522093.0,0.0,1.0
ZMB,1991,True,1.0,1_nonreciprocal,0.0,0.0,1.0,34.0,22.0,1029749.2115,19393791276.544,0.0,0.0,0.0,28.0,0.0,0.0,3376791.552,0.42,12550499.571,1.523,8038.236,8239.731,10818871.0,0.0,1.0
ZMB,1992,True,1.0,1_nonreciprocal,0.0,0.0,1.0,34.0,22.0,969140.5295000001,20844117865.92,0.0,0.0,0.0,28.0,0.0,0.0,3182810.88,0.387,12614403.095,1.492,8229.48,8452.275,9256055.0,0.0,1.0
ZMB,1993,True,1.0,1_nonreciprocal,0.0,0.0,1.0,36.0,23.0,813985.9565,21072670525.888,0.0,0.0,0.0,30.0,0.0,0.0,3273507.84,0.389,13792368.911,1.591,8423.058,8669.169,8782865.0,0.0,1.0
ZMB,1994,True,1.0,1_nonreciprocal,0.0,0.0,1.0,36.0,23.0,592515.8589999999,22587045957.952,0.0,0.0,0.0,30.0,0.0,0.0,3656808.192,0.424,12870918.682,1.447,8625.477,8896.108,8508117.0,0.0,1.0
ZMB,1995,True,1.0,1_nonreciprocal,0.0,0.0,1.0,36.0,23.0,787663.0785000001,24960546077.760002,0.0,0.0,0.0,32.0,0.0,0.0,3806982.656,0.431,13520099.702,1.48,8841.338,9137.077,8731927.0,1.0,1.0
ZMB,1996,True,1.0,1_nonreciprocal,0.0,0.0,1.0,36.0,23.0,650027.3915,25115816761.408,0.0,0.0,0.0,31.0,0.0,0.0,3597220.864,0.396,14623018.44,1.557,9073.311,9394.305,9724600.0,1.0,1.0
ZMB,1997,True,1.0,1_nonreciprocal,0.0,0.0,1.0,36.0,23.0,797967.9275,24683023210.688,0.0,0.0,0.0,35.0,0.0,0.0,4303290.368,0.462,15440560.403,1.597,9320.089,9666.578,10430517.0,1.0,1.0
ZMB,1998,True,1.0,1_nonreciprocal,0.0,0.0,1.0,36.0,23.0,823432.6044999999,24755038679.936,0.0,0.0,0.0,33.0,0.0,0.0,3537741.568,0.369,15547922.282,1.563,9577.483,9950.224,10049630.0,1.0,1.0
ZMB,1999,True,1.0,1_nonreciprocal,0.0,0.0,1.0,36.0,23.0,506427.2395,26015395041.984,0.0,0.0,0.0,36.0,0.0,0.0,3404284.672,0.346,16519927.775,1.613,9839.179,10239.714,10371616.0,1.0,1.0
ZMB,2000,True,1.0,1_nonreciprocal,0.0,0.0,1.0,36.0,24.0,556015.3985,26479956300.608,0.0,0.0,0.0,34.0,0.0,0.0,3600631.808,0.356,17554327.53,1.667,10100.981,10531.222,12456868.0,1.0,1.0
ZMB,2001,True,1.0,1_nonreciprocal,0.0,0.0,1.0,36.0,24.0,634555.0284999999,26213172625.856,0.0,0.0,0.0,35.0,0.0,0.0,4094441.216,0.395,18908983.631,1.747,10362.137,10824.125,13200019.0,1.0,1.0
ZMB,2002,True,1.0,1_nonreciprocal,0.0,0.0,1.0,36.0,24.0,572123.304,27332669775.68,0.0,0.0,0.0,36.0,0.0,0.0,4193850.368,0.395,20064381.49,1.804,10625.423,11120.409,14027425.0,1.0,1.0
ZMB,2003,True,1.0,1_nonreciprocal,0.0,0.0,1.0,36.0,25.0,633518.0929999999,30659992696.192,0.0,0.0,0.0,35.0,0.0,0.0,4901869.568,0.45,21885729.118,1.916,10894.519,11421.983,15127911.0,1.0,1.0
ZMB,2004,True,1.0,1_nonreciprocal,0.0,0.0,1.0,36.0,32.0,1179079.6895,34051005386.304,0.0,0.0,0.0,34.0,0.0,0.0,6221109.76,0.557,24068937.297,2.052,11174.65,11731.746,16664933.0,1.0,1.0
ZMB,2005,True,1.0,1_nonreciprocal,0.0,0.0,1.0,36.0,32.0,1383420.598,35810110801.536,0.0,0.0,0.0,35.0,0.0,0.0,8331864.064,0.726,26640956.61,2.21,11470.022,12052.156,19037520.0,1.0,1.0
ZMB,2006,True,1.0,1_nonreciprocal,0.0,0.0,1.0,36.0,32.0,2041491.636,37668340994.816,0.0,0.0,0.0,35.0,0.0,0.0,12756958.208,1.083,29629747.891,2.393,11781.612,12383.445,22708310.0,1.0,1.0
ZMB,2007,True,1.0,1_nonreciprocal,0.0,0.0,1.0,36.0,32.0,2665641.0625,41090276041.472,0.0,0.0,0.0,35.0,0.0,0.0,14056878.08,1.161,32958963.865,2.59,12109.62,12725.974,31053280.0,1.0,1.0
ZMB,2008,True,1.0,1_nonreciprocal,0.0,0.0,1.0,36.0,32.0,2814899.4145,43356354594.304,0.0,0.0,0.0,35.0,0.0,0.0,17911046.144,1.438,36217946.838,2.768,12456.527,13082.517,32683802.0,1.0,1.0
ZMB,2009,True,1.0,1_nonreciprocal,0.0,0.0,1.0,36.0,32.0,2195150.9525,40865587641.088,0.0,0.0,0.0,36.0,0.0,0.0,15328314.368,1.195,39857780.125,2.962,12825.031,13456.417,36844244.0,1.0,1.0
ZMB,2010,True,2.0,2_reciprocal_pta,1.0,0.0,0.0,36.0,32.0,3101506.623,42666123500.352005,705034.7574999998,16055404053.504,23.0,36.0,0.22732008768629988,0.37630332301858965,20265396.224,1.533,44499351.077,3.213,13216.985,13850.033,42605244.0,1.0,1.0
ZMB,2011,True,2.0,2_reciprocal_pta,1.0,0.0,0.0,36.0,32.0,4328450.9715,45767108476.736,1224998.909,17343868811.263996,23.0,36.0,0.28301092401549915,0.378959243625367,23731894.272,1.741,47945443.548,3.361,13633.796,14264.756,48036336.0,1.0,1.0
ZMB,2012,True,2.0,2_reciprocal_pta,1.0,0.0,0.0,36.0,32.0,4173223.8074999996,45700867909.632,1235791.8225000002,16350456960.0,23.0,36.0,0.2961240229385901,0.35777125704332513,24939542.528,1.772,52538435.072,3.574,14075.099,14699.937,51373660.0,1.0,1.0
ZMB,2013,True,2.0,2_reciprocal_pta,1.0,0.0,0.0,36.0,32.0,4253870.909,46150748830.01601,1376370.5805000002,16996796837.888,23.0,36.0,0.3235572047068907,0.36828864685362256,26820870.144,1.845,56087980.477,3.701,14538.64,15153.21,53648256.0,1.0,1.0
ZMB,2014,True,2.0,2_reciprocal_pta,1.0,0.0,0.0,36.0,32.0,4576108.600999999,47358762874.11201,1057538.2704999999,17590487070.72,23.0,36.0,0.23109990664751712,0.3714304598175133,27150630.912,1.738,59773100.93,3.826,15620.974,15620.974,56269472.0,1.0,1.0
ZMB,2015,True,2.0,2_reciprocal_pta,1.0,0.0,0.0,36.0,32.0,3729292.442,44849923518.08,964443.0724999999,15459393649.663998,23.0,36.0,0.2586128836768763,0.3446916390711786,21154394.112,1.314,62180293.572,3.862,16100.588,16100.588,57281084.0,1.0,1.0
ZMB,2016,True,2.0,2_reciprocal_pta,1.0,0.0,0.0,36.0,32.0,3032588.4995000004,45883796063.871994,890587.2344999998,15514617285.632002,23.0,36.0,0.29367229831770314,0.338128459642595,19551092.736,1.178,65076994.82,3.922,16591.391,16591.391,59053344.0,1.0,1.0
ZMB,2017,True,2.0,2_reciprocal_pta,1.0,0.0,0.0,36.0,32.0,3686223.0090000005,48443791181.825,846646.5075,16468535362.169998,23.0,36.0,0.22967859118476894,0.3399514150401304,25873601.261,1.535,58735190.956,3.485,16853.607,17094.129,65619968.0,1.0,1.0
